CODI,PATH,PRESENCE,ERROR
B22-129,Data\Annotated\B22-129_0\00659.png,0,8.693330164533108e-05
B22-68,Data\Annotated\B22-68_0\00131.png,0,6.814718653913587e-05
B22-68,Data\Annotated\B22-68_0\00141.png,0,6.01375759288203e-05
B22-68,Data\Annotated\B22-68_0\00290.png,0,9.634860180085525e-05
B22-68,Data\Annotated\B22-68_0\00298.png,0,7.169172022258863e-05
B22-68,Data\Annotated\B22-68_0\00315.png,0,7.343845209106803e-05
B22-68,Data\Annotated\B22-68_0\00352.png,0,7.858149183448404e-05
B22-52,Data\Annotated\B22-52_0\00760.png,0,4.319319486967288e-05
B22-124,Data\Annotated\B22-124_0\00011.png,0,9.748480806592852e-05
B22-124,Data\Annotated\B22-124_0\00759.png,0,0.0001339710725005716
B22-124,Data\Annotated\B22-124_0\00762.png,0,8.812110172584653e-05
B22-124,Data\Annotated\B22-124_0\00902.png,1,0.00012753640476148576
B22-124,Data\Annotated\B22-124_0\01143.png,0,9.436927211936563e-05
B22-124,Data\Annotated\B22-124_0\01419.png,0,0.0001755830307956785
B22-46,Data\Annotated\B22-46_0\00182.png,0,0.00023611233336851
B22-46,Data\Annotated\B22-46_0\00649.png,0,9.013656381284818e-05
B22-46,Data\Annotated\B22-46_0\00943.png,0,0.00020460374071262777
B22-46,Data\Annotated\B22-46_0\01039.png,1,0.00027011765632778406
B22-46,Data\Annotated\B22-46_0\01291.png,1,7.6911790529266e-05
B22-46,Data\Annotated\B22-46_0\01338.png,1,7.915001333458349e-05
B22-46,Data\Annotated\B22-46_0\01340.png,1,8.245358912972733e-05
B22-46,Data\Annotated\B22-46_0\01470.png,0,8.631712989881635e-05
B22-46,Data\Annotated\B22-46_0\01547.png,0,9.553662675898522e-05
B22-46,Data\Annotated\B22-46_0\01852.png,0,0.00023128744214773178
B22-46,Data\Annotated\B22-46_0\02336.png,0,0.0001352198887616396
B22-46,Data\Annotated\B22-46_0\02771.png,0,0.00037657684879377484
B22-46,Data\Annotated\B22-46_0\02831.png,0,0.0003292785841040313
B22-46,Data\Annotated\B22-46_0\02888.png,0,0.0002213749394286424
B22-46,Data\Annotated\B22-46_0\03030.png,0,6.648184353252873e-05
B22-170,Data\Annotated\B22-170_0\00055.png,0,0.00010604727867757902
B22-170,Data\Annotated\B22-170_0\00254.png,0,9.818458784138784e-05
B22-170,Data\Annotated\B22-170_0\00303.png,0,0.0001489862916059792
B22-170,Data\Annotated\B22-170_0\00793.png,0,0.00027100357692688704
B22-170,Data\Annotated\B22-170_0\00949.png,1,0.00014810188440605998
B22-170,Data\Annotated\B22-170_0\01015.png,1,0.0002438817173242569
B22-170,Data\Annotated\B22-170_0\01094.png,1,0.00031301844865083694
B22-170,Data\Annotated\B22-170_0\01095.png,0,0.0002782618976198137
B22-187,Data\Annotated\B22-187_0\00588.png,0,8.690342656336725e-05
B22-187,Data\Annotated\B22-187_0\00591.png,0,8.785293903201818e-05
B22-187,Data\Annotated\B22-187_0\00688.png,0,0.00013761708396486938
B22-187,Data\Annotated\B22-187_0\00692.png,0,0.00011686159996315837
B22-187,Data\Annotated\B22-187_0\00726.png,0,7.328232459258288e-05
B22-187,Data\Annotated\B22-187_0\00731.png,0,6.347901216940954e-05
B22-108,Data\Annotated\B22-108_0\00022.png,0,8.484011050313711e-05
B22-108,Data\Annotated\B22-108_0\00023.png,0,7.56469089537859e-05
B22-108,Data\Annotated\B22-108_0\00080.png,0,0.00011545122833922505
B22-172,Data\Annotated\B22-172_0\00101.png,0,0.0002221602771896869
B22-172,Data\Annotated\B22-172_0\00447.png,0,0.00016246222367044538
B22-172,Data\Annotated\B22-172_0\01205.png,0,0.00010765001934487373
B22-172,Data\Annotated\B22-172_0\01206.png,0,8.743023499846458e-05
B22-172,Data\Annotated\B22-172_0\01207.png,0,7.485739479307085e-05
B22-172,Data\Annotated\B22-172_0\01229.png,0,9.570884139975533e-05
B22-172,Data\Annotated\B22-172_0\01230.png,0,9.295773634221405e-05
B22-172,Data\Annotated\B22-172_0\01400.png,0,0.0003013882669620216
B22-172,Data\Annotated\B22-172_0\01401.png,0,0.00029764065402559936
B22-188,Data\Annotated\B22-188_0\00005.png,0,5.6309560022782534e-05
B22-188,Data\Annotated\B22-188_0\00254.png,0,7.25731224520132e-05
B22-188,Data\Annotated\B22-188_0\00256.png,0,6.972580740693957e-05
B22-37,Data\Annotated\B22-37_0\00045.png,1,7.718212145846337e-05
B22-37,Data\Annotated\B22-37_0\00054.png,0,7.975372864166275e-05
B22-37,Data\Annotated\B22-37_0\00272.png,1,0.00011287454981356859
B22-37,Data\Annotated\B22-37_0\00604.png,0,8.763450023252517e-05
B22-37,Data\Annotated\B22-37_0\00759.png,0,0.00011339659977238625
B22-37,Data\Annotated\B22-37_0\00919.png,1,8.758305921219289e-05
B22-142,Data\Annotated\B22-142_0\00087.png,0,6.769892934244126e-05
B22-304,Data\Annotated\B22-304_0\00283.png,0,0.00012299377704039216
B22-304,Data\Annotated\B22-304_0\00314.png,1,0.00040516917943023145
B22-304,Data\Annotated\B22-304_0\00318.png,1,0.00041218235855922103
B22-304,Data\Annotated\B22-304_0\00381.png,1,0.0003564052749425173
B22-304,Data\Annotated\B22-304_0\00716.png,0,0.00014997203834354877
B22-304,Data\Annotated\B22-304_0\00783.png,1,0.0004655752272810787
B22-304,Data\Annotated\B22-304_0\00799.png,0,7.420733163598925e-05
B22-304,Data\Annotated\B22-304_0\00973.png,1,0.00023195205722004175
B22-304,Data\Annotated\B22-304_0\01044.png,1,0.0006893008830957115
B22-304,Data\Annotated\B22-304_0\01100.png,1,0.0002774210588540882
B22-304,Data\Annotated\B22-304_0\01342.png,0,0.00026426720432937145
B22-304,Data\Annotated\B22-304_0\01658.png,1,0.0002897756057791412
B22-304,Data\Annotated\B22-304_0\01757.png,1,0.00023662918829359114
B22-296,Data\Annotated\B22-296_0\00307.png,1,0.00012451826478354633
B22-155,Data\Annotated\B22-155_0\00065.png,1,7.796981662977487e-05
B22-155,Data\Annotated\B22-155_0\00137.png,1,0.0004351961542852223
B22-155,Data\Annotated\B22-155_0\00317.png,1,0.00018791612819768488
B22-155,Data\Annotated\B22-155_0\00588.png,1,0.00024345828569494188
B22-155,Data\Annotated\B22-155_0\00742.png,0,8.574473758926615e-05
B22-155,Data\Annotated\B22-155_0\00754.png,0,0.00012658604828175157
B22-155,Data\Annotated\B22-155_0\00994.png,1,0.0001793231349438429
B22-155,Data\Annotated\B22-155_0\01228.png,0,9.732291800901294e-05
B22-155,Data\Annotated\B22-155_0\01395.png,0,0.00023908104049041867
B22-155,Data\Annotated\B22-155_0\01424.png,0,0.0002985188039019704
B22-155,Data\Annotated\B22-155_0\01518.png,0,0.00017461818060837686
B22-155,Data\Annotated\B22-155_0\01688.png,1,0.00027202500496059656
B22-155,Data\Annotated\B22-155_0\01760.png,1,0.00015132460976019502
B22-155,Data\Annotated\B22-155_0\01782.png,1,0.0001839510805439204
B22-155,Data\Annotated\B22-155_0\01909.png,1,0.00010572995233815163
B22-155,Data\Annotated\B22-155_0\02106.png,1,0.0002457460213918239
B22-155,Data\Annotated\B22-155_0\02125.png,1,0.00032843355438672006
B22-155,Data\Annotated\B22-155_0\02185.png,1,0.000160107301780954
B22-155,Data\Annotated\B22-155_0\02338.png,1,0.00017730623949319124
B22-155,Data\Annotated\B22-155_0\02445.png,0,0.00011562480358406901
B22-155,Data\Annotated\B22-155_0\02834.png,0,6.827895413152874e-05
B22-155,Data\Annotated\B22-155_0\02987.png,1,0.00011615038238232955
B22-155,Data\Annotated\B22-155_0\02989.png,1,9.6444709924981e-05
B22-155,Data\Annotated\B22-155_0\03236.png,0,0.00013717962428927422
B22-155,Data\Annotated\B22-155_0\03707.png,1,0.00028743845177814364
B22-155,Data\Annotated\B22-155_0\03834.png,0,0.00019292155047878623
B22-155,Data\Annotated\B22-155_0\03998.png,1,8.318122127093375e-05
B22-155,Data\Annotated\B22-155_0\04070.png,1,0.00031253258930519223
B22-155,Data\Annotated\B22-155_0\04382.png,1,0.00017207601922564209
B22-155,Data\Annotated\B22-155_0\04440.png,1,0.00014426343841478229
B22-155,Data\Annotated\B22-155_0\04763.png,1,0.0002779364585876465
B22-193,Data\Annotated\B22-193_0\00549.png,0,8.163924212567508e-05
B22-193,Data\Annotated\B22-193_0\00598.png,0,8.525662997271866e-05
B22-218,Data\Annotated\B22-218_0\00771.png,0,0.0001851970300776884
B22-218,Data\Annotated\B22-218_0\00772.png,0,0.00018014111265074462
B22-218,Data\Annotated\B22-218_0\00777.png,0,0.00010622254194458947
B22-218,Data\Annotated\B22-218_0\00778.png,0,0.00015285819245036691
B22-218,Data\Annotated\B22-218_0\00779.png,0,0.0001414697471773252
B22-218,Data\Annotated\B22-218_0\00782.png,0,0.00011291977716609836
B22-218,Data\Annotated\B22-218_0\00836.png,0,0.00024121784372255206
B22-218,Data\Annotated\B22-218_0\00837.png,0,0.00022154359612613916
B22-218,Data\Annotated\B22-218_0\00838.png,0,0.0002524241281207651
B22-218,Data\Annotated\B22-218_0\00875.png,0,0.0003108089731540531
B22-218,Data\Annotated\B22-218_0\00877.png,0,0.0002557390253059566
B22-218,Data\Annotated\B22-218_0\00882.png,0,0.00024293080787174404
B22-218,Data\Annotated\B22-218_0\00884.png,0,0.00018237873155158013
B22-218,Data\Annotated\B22-218_0\00900.png,0,0.00013563001994043589
B22-218,Data\Annotated\B22-218_0\00901.png,0,0.00018321952666155994
B22-218,Data\Annotated\B22-218_0\00902.png,0,0.00021276417828630656
B22-218,Data\Annotated\B22-218_0\01210.png,0,0.0002940826816484332
B22-218,Data\Annotated\B22-218_0\01400.png,0,0.0003361999988555908
B22-218,Data\Annotated\B22-218_0\01753.png,0,0.000364798674127087
B22-218,Data\Annotated\B22-218_0\01754.png,0,0.00034182838862761855
B22-218,Data\Annotated\B22-218_0\01755.png,0,0.00025818590074777603
B22-45,Data\Annotated\B22-45_0\00741.png,1,0.00010355676931794733
B22-45,Data\Annotated\B22-45_0\01027.png,1,9.97382594505325e-05
B22-45,Data\Annotated\B22-45_0\01050.png,0,0.00010317173291696236
B22-45,Data\Annotated\B22-45_0\01059.png,1,0.0001513255701866001
B22-30,Data\Annotated\B22-30_0\00018.png,0,6.419459532480687e-05
B22-30,Data\Annotated\B22-30_0\00178.png,0,7.483697845600545e-05
B22-30,Data\Annotated\B22-30_0\00535.png,0,7.428125536534935e-05
B22-30,Data\Annotated\B22-30_0\00536.png,0,8.253266423707828e-05
B22-30,Data\Annotated\B22-30_0\00629.png,0,7.000697223702446e-05
B22-264,Data\Annotated\B22-264_0\00267.png,0,0.0001418250030837953
B22-264,Data\Annotated\B22-264_0\01511.png,1,0.00020225471234880388
B22-264,Data\Annotated\B22-264_0\01644.png,0,0.0001162656262749806
B22-284,Data\Annotated\B22-284_0\00686.png,0,0.00013104273239150643
B22-284,Data\Annotated\B22-284_0\00687.png,0,0.00010312059748684987
B22-284,Data\Annotated\B22-284_0\00688.png,0,0.00011684373021125793
B22-284,Data\Annotated\B22-284_0\00689.png,0,0.00011651264503598213
B22-284,Data\Annotated\B22-284_0\00690.png,0,0.00010379283776273951
B22-284,Data\Annotated\B22-284_0\00704.png,0,9.068679355550557e-05
B22-284,Data\Annotated\B22-284_0\00705.png,0,9.59226381382905e-05
B22-284,Data\Annotated\B22-284_0\00706.png,0,9.72365596680902e-05
B22-284,Data\Annotated\B22-284_0\00707.png,0,0.00010607265721773729
B22-284,Data\Annotated\B22-284_0\00833.png,0,7.78445100877434e-05
B22-284,Data\Annotated\B22-284_0\00834.png,0,0.0001003517973003909
B22-284,Data\Annotated\B22-284_0\00835.png,0,8.718136086827144e-05
B22-284,Data\Annotated\B22-284_0\00836.png,0,8.469574095215648e-05
B22-284,Data\Annotated\B22-284_0\00837.png,0,7.708202610956505e-05
B22-284,Data\Annotated\B22-284_0\00838.png,0,7.861520134611055e-05
B22-284,Data\Annotated\B22-284_0\00984.png,0,0.0001228259934578091
B22-284,Data\Annotated\B22-284_0\00985.png,0,0.00011345327220624313
B22-284,Data\Annotated\B22-284_0\00986.png,0,0.0001224688021466136
B22-284,Data\Annotated\B22-284_0\00987.png,0,0.00011678039300022647
B22-284,Data\Annotated\B22-284_0\00988.png,0,0.00010050072887679562
B22-284,Data\Annotated\B22-284_0\00989.png,0,8.758677722653374e-05
B22-284,Data\Annotated\B22-284_0\00990.png,0,0.00011222151078982279
B22-284,Data\Annotated\B22-284_0\01012.png,0,0.00012635602615773678
B22-284,Data\Annotated\B22-284_0\01013.png,0,0.00012749986490234733
B22-284,Data\Annotated\B22-284_0\01014.png,0,0.00010154264600714669
B22-284,Data\Annotated\B22-284_0\01015.png,0,0.0001008081526379101
B22-284,Data\Annotated\B22-284_0\01016.png,0,8.483589044772089e-05
B22-284,Data\Annotated\B22-284_0\01017.png,0,0.00010750557703431696
B22-284,Data\Annotated\B22-284_0\01028.png,0,0.00012095547572243959
B22-284,Data\Annotated\B22-284_0\01029.png,0,0.00013640240649692714
B22-284,Data\Annotated\B22-284_0\01030.png,0,0.0001202999847009778
B22-284,Data\Annotated\B22-284_0\01031.png,0,0.00011798817286035046
B22-284,Data\Annotated\B22-284_0\01032.png,0,0.0001179759856313467
B22-284,Data\Annotated\B22-284_0\01033.png,0,0.00011687666847137734
B22-284,Data\Annotated\B22-284_0\01034.png,0,9.230540308635682e-05
B22-284,Data\Annotated\B22-284_0\01056.png,0,0.000112458823423367
B22-284,Data\Annotated\B22-284_0\01057.png,0,0.00014272959379013628
B22-284,Data\Annotated\B22-284_0\01058.png,0,0.00012314849300310016
B22-284,Data\Annotated\B22-284_0\01059.png,0,0.0001197563688037917
B22-284,Data\Annotated\B22-284_0\01060.png,0,0.00010119116632267833
B22-284,Data\Annotated\B22-284_0\01061.png,0,0.0001139783562393859
B22-284,Data\Annotated\B22-284_0\01062.png,0,0.00010459028271725401
B22-284,Data\Annotated\B22-284_0\01073.png,0,0.0001078849527402781
B22-284,Data\Annotated\B22-284_0\01074.png,0,0.00011902023106813431
B22-284,Data\Annotated\B22-284_0\01075.png,0,0.00010268317419104278
B22-284,Data\Annotated\B22-284_0\01076.png,0,0.00011100100527983159
B22-284,Data\Annotated\B22-284_0\01100.png,0,0.0001080328511307016
B22-284,Data\Annotated\B22-284_0\01101.png,0,0.00010923393710982054
B22-284,Data\Annotated\B22-284_0\01102.png,0,0.0001126149290939793
B22-284,Data\Annotated\B22-284_0\01103.png,0,9.90870175883174e-05
B22-284,Data\Annotated\B22-284_0\01104.png,0,9.908223000820726e-05
B22-284,Data\Annotated\B22-284_0\01105.png,0,9.930450323736295e-05
B22-138,Data\Annotated\B22-138_0\00056.png,0,0.00011847723362734541
B22-138,Data\Annotated\B22-138_0\00116.png,0,6.045970803825185e-05
B22-138,Data\Annotated\B22-138_0\00198.png,0,8.155625982908532e-05
B22-138,Data\Annotated\B22-138_0\00200.png,1,8.798867202131078e-05
B22-138,Data\Annotated\B22-138_0\00221.png,0,0.00010876162559725344
B22-138,Data\Annotated\B22-138_0\00351.png,1,8.793799497652799e-05
B22-138,Data\Annotated\B22-138_0\00361.png,1,8.774119487497956e-05
B22-138,Data\Annotated\B22-138_0\00378.png,0,7.974006439326331e-05
B22-138,Data\Annotated\B22-138_0\00379.png,1,0.0001049914862960577
B22-138,Data\Annotated\B22-138_0\00409.png,0,9.681475785328075e-05
B22-138,Data\Annotated\B22-138_0\00442.png,0,8.080204133875668e-05
B22-138,Data\Annotated\B22-138_0\00497.png,1,0.00012938404688611627
B22-138,Data\Annotated\B22-138_0\00511.png,0,0.00010330774239264429
B22-138,Data\Annotated\B22-138_0\00525.png,0,8.366767724510282e-05
B22-138,Data\Annotated\B22-138_0\00526.png,0,0.00011925460421480238
B22-138,Data\Annotated\B22-138_0\00527.png,0,7.862293568905443e-05
B22-138,Data\Annotated\B22-138_0\00542.png,0,0.00011494645150378346
B22-138,Data\Annotated\B22-138_0\00550.png,0,9.103595220949501e-05
B22-138,Data\Annotated\B22-138_0\00555.png,0,9.263978427043185e-05
B22-138,Data\Annotated\B22-138_0\00561.png,0,9.973543637897819e-05
B22-138,Data\Annotated\B22-138_0\00567.png,0,8.172501111403108e-05
B22-138,Data\Annotated\B22-138_0\00574.png,0,9.81448101811111e-05
B22-138,Data\Annotated\B22-138_0\00607.png,0,7.228639879031107e-05
B22-138,Data\Annotated\B22-138_0\00647.png,0,8.557165710953996e-05
B22-138,Data\Annotated\B22-138_0\00699.png,1,8.498025999870151e-05
B22-138,Data\Annotated\B22-138_0\00733.png,0,9.209254494635388e-05
B22-138,Data\Annotated\B22-138_0\00759.png,0,0.00010242963617201895
B22-138,Data\Annotated\B22-138_0\00879.png,1,0.00012432318180799484
B22-138,Data\Annotated\B22-138_0\00892.png,1,7.850618567317724e-05
B22-138,Data\Annotated\B22-138_0\00958.png,0,5.8611865824786946e-05
B22-138,Data\Annotated\B22-138_0\00959.png,0,6.888459029141814e-05
B22-138,Data\Annotated\B22-138_0\00961.png,0,6.329953612294048e-05
B22-138,Data\Annotated\B22-138_0\00967.png,0,6.102271072450094e-05
B22-138,Data\Annotated\B22-138_0\00978.png,0,7.552203896921128e-05
B22-138,Data\Annotated\B22-138_0\00985.png,0,8.622399036539719e-05
B22-138,Data\Annotated\B22-138_0\01008.png,0,9.396050882060081e-05
B22-138,Data\Annotated\B22-138_0\01011.png,0,5.7805573305813596e-05
B22-138,Data\Annotated\B22-138_0\01017.png,0,9.327224688604474e-05
B22-138,Data\Annotated\B22-138_0\01018.png,0,8.565302414353937e-05
B22-138,Data\Annotated\B22-138_0\01019.png,0,0.00011526362504810095
B22-138,Data\Annotated\B22-138_0\01095.png,0,8.86689085746184e-05
B22-138,Data\Annotated\B22-138_0\01185.png,0,9.748053707880899e-05
B22-138,Data\Annotated\B22-138_0\01192.png,0,9.035920083988458e-05
B22-138,Data\Annotated\B22-138_0\01200.png,0,7.58175301598385e-05
B22-138,Data\Annotated\B22-138_0\01209.png,0,9.126552322413772e-05
B22-138,Data\Annotated\B22-138_0\01210.png,0,8.072841592365876e-05
B22-138,Data\Annotated\B22-138_0\01256.png,0,5.2602437790483236e-05
B22-138,Data\Annotated\B22-138_0\01262.png,0,7.04344201949425e-05
B22-138,Data\Annotated\B22-138_0\01263.png,1,0.00010614718485157937
B22-138,Data\Annotated\B22-138_0\01264.png,0,6.296933861449361e-05
B22-138,Data\Annotated\B22-138_0\01271.png,0,0.00010610370372887701
B22-138,Data\Annotated\B22-138_0\01273.png,0,8.815822366159409e-05
B22-138,Data\Annotated\B22-138_0\01330.png,1,7.976177585078403e-05
B22-138,Data\Annotated\B22-138_0\01355.png,1,0.00014036407810635865
B22-138,Data\Annotated\B22-138_0\01363.png,0,7.454506703652442e-05
B22-138,Data\Annotated\B22-138_0\01365.png,1,6.858137203380466e-05
B22-138,Data\Annotated\B22-138_0\01366.png,1,8.211292151827365e-05
B22-138,Data\Annotated\B22-138_0\01380.png,0,5.738157778978348e-05
B22-138,Data\Annotated\B22-138_0\01388.png,0,7.448162068612874e-05
B22-138,Data\Annotated\B22-138_0\01396.png,0,8.479831740260124e-05
B22-138,Data\Annotated\B22-138_0\01401.png,0,9.558962483424693e-05
B22-138,Data\Annotated\B22-138_0\01416.png,0,6.005543400533497e-05
B22-138,Data\Annotated\B22-138_0\01424.png,0,0.00010034150909632444
B22-138,Data\Annotated\B22-138_0\01430.png,0,6.004163878969848e-05
B22-138,Data\Annotated\B22-138_0\01442.png,0,8.594832615926862e-05
B22-138,Data\Annotated\B22-138_0\01495.png,0,6.360426777973771e-05
B22-138,Data\Annotated\B22-138_0\01500.png,1,9.37637742026709e-05
B22-138,Data\Annotated\B22-138_0\01504.png,0,5.208448783378117e-05
B22-138,Data\Annotated\B22-138_0\01506.png,0,5.906721344217658e-05
B22-138,Data\Annotated\B22-138_0\01508.png,0,5.5839871492935345e-05
B22-138,Data\Annotated\B22-138_0\01538.png,0,6.701808888465166e-05
B22-138,Data\Annotated\B22-138_0\01577.png,0,6.321901310002431e-05
B22-138,Data\Annotated\B22-138_0\01594.png,0,5.39769243914634e-05
B22-138,Data\Annotated\B22-138_0\01598.png,0,6.749966996721923e-05
B22-138,Data\Annotated\B22-138_0\01608.png,0,6.203252996783704e-05
B22-138,Data\Annotated\B22-138_0\01646.png,1,8.864662959240377e-05
B22-138,Data\Annotated\B22-138_0\01648.png,1,8.663612243253738e-05
B22-138,Data\Annotated\B22-138_0\01649.png,1,8.928745228331536e-05
B22-138,Data\Annotated\B22-138_0\01678.png,0,7.705723692197353e-05
B22-138,Data\Annotated\B22-138_0\01679.png,0,6.468783249147236e-05
B22-138,Data\Annotated\B22-138_0\01713.png,0,7.588695734739304e-05
B22-138,Data\Annotated\B22-138_0\01714.png,0,6.191898137331009e-05
B22-138,Data\Annotated\B22-138_0\01727.png,0,7.923688826849684e-05
B22-138,Data\Annotated\B22-138_0\01731.png,0,8.070409239735454e-05
B22-138,Data\Annotated\B22-138_0\01735.png,0,8.267327211797237e-05
B22-138,Data\Annotated\B22-138_0\01799.png,0,7.869073306210339e-05
B22-138,Data\Annotated\B22-138_0\01813.png,0,8.036215876927599e-05
B22-306,Data\Annotated\B22-306_0\01039.png,0,0.0002025493304245174
B22-27,Data\Annotated\B22-27_0\00200.png,0,7.51263287384063e-05
B22-27,Data\Annotated\B22-27_0\01419.png,0,9.077425784198567e-05
B22-27,Data\Annotated\B22-27_0\01861.png,0,9.284216503147036e-05
B22-27,Data\Annotated\B22-27_0\02438.png,0,7.931392610771582e-05
B22-214,Data\Annotated\B22-214_0\00949.png,0,5.794881872134283e-05
B22-214,Data\Annotated\B22-214_0\01101.png,0,0.00010717045370256528
B22-251,Data\Annotated\B22-251_0\00210.png,0,7.742639718344435e-05
B22-251,Data\Annotated\B22-251_0\01286.png,0,9.644094097893685e-05
B22-251,Data\Annotated\B22-251_0\01295.png,0,0.00013119223876856267
B22-154,Data\Annotated\B22-154_0\00166.png,0,8.61104199429974e-05
B22-154,Data\Annotated\B22-154_0\00437.png,0,0.0001884761149995029
B22-55,Data\Annotated\B22-55_0\00314.png,0,0.00015098620497155935
B22-241,Data\Annotated\B22-241_0\00237.png,0,0.0002742633514571935
B22-241,Data\Annotated\B22-241_0\00239.png,0,0.00048661278560757637
B22-241,Data\Annotated\B22-241_0\00495.png,0,0.0001246611645910889
B22-241,Data\Annotated\B22-241_0\00498.png,0,0.00011201731831533834
B22-241,Data\Annotated\B22-241_0\00536.png,1,0.0003103475319221616
B22-241,Data\Annotated\B22-241_0\00876.png,0,9.301630052505061e-05
B22-241,Data\Annotated\B22-241_0\00881.png,0,0.00011552621435839683
B22-241,Data\Annotated\B22-241_0\00883.png,0,0.00010022224159911275
B22-241,Data\Annotated\B22-241_0\00989.png,0,8.562218863517046e-05
B22-241,Data\Annotated\B22-241_0\01010.png,0,9.456538828089833e-05
B22-241,Data\Annotated\B22-241_0\01039.png,0,0.00013579268124885857
B22-241,Data\Annotated\B22-241_0\01106.png,0,0.00031064770882949233
B22-241,Data\Annotated\B22-241_0\01270.png,0,0.00011495491344248876
B22-241,Data\Annotated\B22-241_0\01290.png,0,0.00010076805483549833
B22-241,Data\Annotated\B22-241_0\01342.png,0,0.00021789321908727288
B22-241,Data\Annotated\B22-241_0\01419.png,0,0.00013635677169077098
B22-241,Data\Annotated\B22-241_0\01489.png,0,0.00019366135529708117
B22-241,Data\Annotated\B22-241_0\01516.png,0,0.00030160456662997603
B22-241,Data\Annotated\B22-241_0\01543.png,0,0.00017377719632349908
B22-241,Data\Annotated\B22-241_0\01564.png,0,0.00037442828761413693
B22-241,Data\Annotated\B22-241_0\01567.png,0,0.00012724606494884938
B22-241,Data\Annotated\B22-241_0\01587.png,0,0.00035040159127674997
B22-241,Data\Annotated\B22-241_0\01589.png,0,0.0001841722259996459
B22-126,Data\Annotated\B22-126_0\00664.png,1,0.0003635968023445457
B22-126,Data\Annotated\B22-126_0\00667.png,1,0.0003749848692677915
B22-126,Data\Annotated\B22-126_0\01144.png,1,0.00018802424892783165
B22-126,Data\Annotated\B22-126_0\01176.png,1,0.00011563696170924231
B22-126,Data\Annotated\B22-126_0\01239.png,1,0.00017514359205961227
B22-126,Data\Annotated\B22-126_0\01387.png,1,0.0005990405916236341
B22-126,Data\Annotated\B22-126_0\01483.png,1,0.00025246647419407964
B22-126,Data\Annotated\B22-126_0\01535.png,1,0.00042590126395225525
B22-126,Data\Annotated\B22-126_0\01537.png,1,0.0003837677068077028
B22-126,Data\Annotated\B22-126_0\01562.png,1,0.0002887608134187758
B22-126,Data\Annotated\B22-126_0\01728.png,1,0.0001510162401245907
B22-126,Data\Annotated\B22-126_0\01734.png,1,0.00012947739742230624
B22-126,Data\Annotated\B22-126_0\02490.png,0,0.00025427574291825294
B22-126,Data\Annotated\B22-126_0\03081.png,1,0.00038147810846567154
B22-119,Data\Annotated\B22-119_0\00975.png,0,0.00016086839605122805
B22-119,Data\Annotated\B22-119_0\01137.png,0,8.836390770738944e-05
B22-254,Data\Annotated\B22-254_0\00007.png,0,7.209131581475958e-05
B22-254,Data\Annotated\B22-254_0\00011.png,0,0.0001307576021645218
B22-254,Data\Annotated\B22-254_0\03773.png,0,0.00011671724496409297
B22-35,Data\Annotated\B22-35_0\00332.png,0,9.041248995345086e-05
B22-60,Data\Annotated\B22-60_0\00339.png,0,0.00010649867908796296
B22-60,Data\Annotated\B22-60_0\00636.png,0,7.740112778265029e-05
B22-60,Data\Annotated\B22-60_0\00743.png,0,7.718244887655601e-05
B22-60,Data\Annotated\B22-60_0\00900.png,0,9.69980246736668e-05
B22-60,Data\Annotated\B22-60_0\01473.png,0,9.774509817361832e-05
B22-60,Data\Annotated\B22-60_0\01474.png,0,6.493680120911449e-05
B22-26,Data\Annotated\B22-26_0\00000.png,0,6.383045547408983e-05
B22-26,Data\Annotated\B22-26_0\01044.png,0,9.074052650248632e-05
B22-117,Data\Annotated\B22-117_0\00952.png,0,7.221913983812556e-05
B22-117,Data\Annotated\B22-117_0\01180.png,0,8.766841347096488e-05
B22-117,Data\Annotated\B22-117_0\01202.png,0,7.455248123733327e-05
B22-186,Data\Annotated\B22-186_0\02125.png,0,0.00011623094178503379
B22-114,Data\Annotated\B22-114_0\00012.png,0,8.566182077629492e-05
B22-114,Data\Annotated\B22-114_0\00054.png,1,0.00022922095376998186
B22-114,Data\Annotated\B22-114_0\00080.png,1,0.00036376266507431865
B22-114,Data\Annotated\B22-114_0\00112.png,1,0.00031797890551388264
B22-114,Data\Annotated\B22-114_0\00158.png,0,0.00031237510847859085
B22-114,Data\Annotated\B22-114_0\00238.png,1,0.0004976507043465972
B22-299,Data\Annotated\B22-299_0\00081.png,1,0.00020140805281698704
B22-299,Data\Annotated\B22-299_0\00576.png,1,0.00015364569844678044
B22-299,Data\Annotated\B22-299_0\00773.png,1,0.00023057141515892
B22-299,Data\Annotated\B22-299_0\00880.png,0,8.602939487900585e-05
B22-305,Data\Annotated\B22-305_0\00252.png,0,0.00018463865853846073
B22-305,Data\Annotated\B22-305_0\00365.png,0,8.079635153990239e-05
B22-305,Data\Annotated\B22-305_0\00367.png,0,0.00010274395754095167
B22-305,Data\Annotated\B22-305_0\00561.png,0,6.90864835632965e-05
B22-149,Data\Annotated\B22-149_0\01277.png,0,0.00023969143512658775
B22-149,Data\Annotated\B22-149_0\03025.png,0,0.00016346578195225447
B22-156,Data\Annotated\B22-156_0\00133.png,0,7.796307181706652e-05
B22-156,Data\Annotated\B22-156_0\00139.png,1,0.00010026147356256843
B22-104,Data\Annotated\B22-104_0\00398.png,0,7.994247425813228e-05
B22-104,Data\Annotated\B22-104_0\00438.png,0,8.499213436152786e-05
B22-104,Data\Annotated\B22-104_0\00553.png,0,0.00011668769730022177
B22-104,Data\Annotated\B22-104_0\00555.png,0,0.00011121538409497589
B22-104,Data\Annotated\B22-104_0\00557.png,0,0.00010497800394659862
B22-260,Data\Annotated\B22-260_0\00931.png,0,7.913391891634092e-05
B22-260,Data\Annotated\B22-260_0\01113.png,0,8.829559374134988e-05
B22-150,Data\Annotated\B22-150_0\00360.png,0,0.00010598385415505618
B22-150,Data\Annotated\B22-150_0\00362.png,0,0.0001261343713849783
B22-150,Data\Annotated\B22-150_0\00363.png,0,8.020032692002133e-05
B22-150,Data\Annotated\B22-150_0\00889.png,0,0.00015207368414849043
B22-150,Data\Annotated\B22-150_0\01314.png,0,8.868094300851226e-05
B22-150,Data\Annotated\B22-150_0\01315.png,0,0.00010286994802299887
B22-150,Data\Annotated\B22-150_0\01864.png,0,0.00011161257134517655
B22-70,Data\Annotated\B22-70_0\00038.png,0,8.278386667370796e-05
B22-70,Data\Annotated\B22-70_0\00042.png,0,8.973554940894246e-05
B22-70,Data\Annotated\B22-70_0\00154.png,1,0.00011529764014994726
B22-25,Data\Annotated\B22-25_0\02816.png,0,7.515086326748133e-05
B22-25,Data\Annotated\B22-25_0\02817.png,0,6.832000508438796e-05
B22-312,Data\Annotated\B22-312_0\00000.png,0,6.504562043119222e-05
B22-312,Data\Annotated\B22-312_0\00010.png,0,6.886696064611897e-05
B22-312,Data\Annotated\B22-312_0\00096.png,0,6.914474943187088e-05
B22-312,Data\Annotated\B22-312_0\00097.png,0,8.577660628361627e-05
B22-312,Data\Annotated\B22-312_0\00235.png,0,9.24214837141335e-05
B22-312,Data\Annotated\B22-312_0\00308.png,0,0.00013952370500192046
B22-312,Data\Annotated\B22-312_0\00600.png,0,7.810564420651644e-05
B22-312,Data\Annotated\B22-312_0\00891.png,0,0.00011134249507449567
B22-312,Data\Annotated\B22-312_0\00910.png,0,0.00012230186257511377
B22-312,Data\Annotated\B22-312_0\00957.png,1,0.00017410246073268354
B22-312,Data\Annotated\B22-312_0\01047.png,0,0.00015816092491149902
B22-312,Data\Annotated\B22-312_0\01154.png,1,8.48621639306657e-05
B22-312,Data\Annotated\B22-312_0\01343.png,0,9.594422590453178e-05
B22-312,Data\Annotated\B22-312_0\01347.png,0,7.715441461186856e-05
B22-312,Data\Annotated\B22-312_0\01461.png,1,8.814367174636573e-05
B22-312,Data\Annotated\B22-312_0\01468.png,0,0.0001337240682914853
B22-312,Data\Annotated\B22-312_0\01679.png,0,0.00012055788829457015
B22-312,Data\Annotated\B22-312_0\01739.png,0,0.00010549846774665639
B22-312,Data\Annotated\B22-312_0\01755.png,0,9.321232209913433e-05
B22-312,Data\Annotated\B22-312_0\01758.png,0,0.00015901148435659707
B22-312,Data\Annotated\B22-312_0\01763.png,0,0.00014972552889958024
B22-312,Data\Annotated\B22-312_0\01764.png,0,0.00014536711387336254
B22-312,Data\Annotated\B22-312_0\01780.png,1,0.0001283241726923734
B22-71,Data\Annotated\B22-71_0\00048.png,1,0.00014757653116248548
B22-71,Data\Annotated\B22-71_0\00332.png,0,7.389714301098138e-05
B22-265,Data\Annotated\B22-265_0\01410.png,0,7.936636393424124e-05
B22-265,Data\Annotated\B22-265_0\01411.png,0,7.200268737506121e-05
B22-265,Data\Annotated\B22-265_0\01412.png,0,9.702908573672175e-05
B22-265,Data\Annotated\B22-265_0\01413.png,0,7.974656182341278e-05
B22-265,Data\Annotated\B22-265_0\01414.png,0,8.955865632742643e-05
B22-56,Data\Annotated\B22-56_0\00015.png,0,7.945987454149872e-05
B22-56,Data\Annotated\B22-56_0\00016.png,0,5.6006327213253826e-05
B22-56,Data\Annotated\B22-56_0\00017.png,0,6.211186700966209e-05
B22-56,Data\Annotated\B22-56_0\00021.png,0,5.653010884998366e-05
B22-56,Data\Annotated\B22-56_0\00316.png,0,6.030376971466467e-05
B22-56,Data\Annotated\B22-56_0\00320.png,0,7.139841181924567e-05
B22-56,Data\Annotated\B22-56_0\00519.png,0,6.931034295121208e-05
B22-56,Data\Annotated\B22-56_0\02617.png,0,0.00011270495451753959
B22-171,Data\Annotated\B22-171_0\01566.png,0,0.0002692316775210202
B22-171,Data\Annotated\B22-171_0\01707.png,0,0.0001542389509268105
B22-171,Data\Annotated\B22-171_0\01708.png,0,0.00020318936731200665
B22-171,Data\Annotated\B22-171_0\02819.png,0,0.00013364394544623792
B22-118,Data\Annotated\B22-118_0\00106.png,0,4.2965737520717084e-05
B22-118,Data\Annotated\B22-118_0\00134.png,0,4.4581749534700066e-05
B22-118,Data\Annotated\B22-118_0\00232.png,0,4.266614268999547e-05
B22-118,Data\Annotated\B22-118_0\00254.png,0,6.917132122907788e-05
B22-118,Data\Annotated\B22-118_0\00313.png,0,6.770092295482755e-05
B22-118,Data\Annotated\B22-118_0\00323.png,0,6.16233010077849e-05
B22-118,Data\Annotated\B22-118_0\00405.png,0,6.616806786041707e-05
B22-118,Data\Annotated\B22-118_0\00587.png,0,0.00012524744670372456
B22-118,Data\Annotated\B22-118_0\00613.png,0,0.00015297882782761008
B22-118,Data\Annotated\B22-118_0\00631.png,0,6.472587119787931e-05
B22-118,Data\Annotated\B22-118_0\00650.png,0,0.00011680930037982762
B22-118,Data\Annotated\B22-118_0\00724.png,0,0.00025751368957571685
B22-118,Data\Annotated\B22-118_0\00791.png,0,0.00015948477084748447
B22-118,Data\Annotated\B22-118_0\00890.png,0,0.0001218067918671295
B22-118,Data\Annotated\B22-118_0\03550.png,0,0.00010039773769676685
B22-258,Data\Annotated\B22-258_0\00714.png,0,8.098752005025744e-05
B22-258,Data\Annotated\B22-258_0\00721.png,0,0.00010913380538113415
B22-258,Data\Annotated\B22-258_0\00733.png,0,8.500307740177959e-05
B22-258,Data\Annotated\B22-258_0\00745.png,0,0.0001223668659804389
B22-258,Data\Annotated\B22-258_0\00747.png,0,7.292949157999828e-05
B22-258,Data\Annotated\B22-258_0\01007.png,0,6.354092329274863e-05
B22-297,Data\Annotated\B22-297_0\00124.png,1,0.00011680562602123246
B22-127,Data\Annotated\B22-127_0\00117.png,0,7.717838161624968e-05
B22-127,Data\Annotated\B22-127_0\00624.png,0,9.294036863138899e-05
B22-127,Data\Annotated\B22-127_0\00754.png,0,0.00014202806050889194
B22-77,Data\Annotated\B22-77_0\00442.png,0,0.00011306266242172569
B22-77,Data\Annotated\B22-77_0\01326.png,0,0.000338817568263039
B22-77,Data\Annotated\B22-77_0\01649.png,0,7.944896788103506e-05
B22-77,Data\Annotated\B22-77_0\01657.png,0,9.589805267751217e-05
B22-103,Data\Annotated\B22-103_0\02201.png,1,9.09265800146386e-05
B22-103,Data\Annotated\B22-103_0\02245.png,1,0.00010502244549570605
B22-103,Data\Annotated\B22-103_0\02790.png,0,9.336396760772914e-05
B22-277,Data\Annotated\B22-277_0\00212.png,0,5.757763210567646e-05
B22-277,Data\Annotated\B22-277_0\00601.png,1,0.0001697175030130893
B22-277,Data\Annotated\B22-277_0\00910.png,0,7.349432416958734e-05
B22-277,Data\Annotated\B22-277_0\01139.png,0,6.966638466110453e-05
B22-277,Data\Annotated\B22-277_0\01338.png,0,6.231913721421733e-05
B22-141,Data\Annotated\B22-141_0\00131.png,0,6.814718653913587e-05
B22-141,Data\Annotated\B22-141_0\00141.png,0,6.01375759288203e-05
B22-141,Data\Annotated\B22-141_0\00290.png,0,9.634860180085525e-05
B22-141,Data\Annotated\B22-141_0\00298.png,0,7.169172022258863e-05
B22-141,Data\Annotated\B22-141_0\00315.png,0,7.343845209106803e-05
B22-141,Data\Annotated\B22-141_0\00352.png,0,7.858149183448404e-05
B22-274,Data\Annotated\B22-274_0\00906.png,0,0.0001204411601065658
B22-274,Data\Annotated\B22-274_0\01267.png,0,9.622380457585678e-05
B22-195,Data\Annotated\B22-195_0\01353.png,0,0.0001254910312127322
B22-195,Data\Annotated\B22-195_0\01355.png,0,0.00012588896788656712
B22-248,Data\Annotated\B22-248_0\01332.png,0,0.0001214782168972306
B22-248,Data\Annotated\B22-248_0\01333.png,0,9.322048572357744e-05
B22-248,Data\Annotated\B22-248_0\01334.png,0,0.00014715267752762884
B22-248,Data\Annotated\B22-248_0\01335.png,0,9.790567855816334e-05
B22-248,Data\Annotated\B22-248_0\01336.png,0,7.280826685018837e-05
B22-248,Data\Annotated\B22-248_0\01337.png,0,0.00012570047692861408
B22-248,Data\Annotated\B22-248_0\01338.png,0,0.0001058625930454582
B22-248,Data\Annotated\B22-248_0\01339.png,0,0.00010926439426839352
B22-248,Data\Annotated\B22-248_0\01340.png,0,0.0001428345567546785
B22-275,Data\Annotated\B22-275_0\00119.png,1,0.00012259706272743642
B22-275,Data\Annotated\B22-275_0\00144.png,1,0.00011615503899520263
B22-275,Data\Annotated\B22-275_0\00477.png,0,7.858725439291447e-05
B22-178,Data\Annotated\B22-178_0\01111.png,0,0.00012542420881800354
B22-61,Data\Annotated\B22-61_0\01100.png,0,9.675134788267314e-05
B22-240,Data\Annotated\B22-240_0\00038.png,0,6.788617611164227e-05
B22-240,Data\Annotated\B22-240_0\00039.png,0,8.033605990931392e-05
B22-240,Data\Annotated\B22-240_0\00500.png,1,0.00016346178017556667
B22-240,Data\Annotated\B22-240_0\00629.png,1,0.00020456434867810458
B22-240,Data\Annotated\B22-240_0\00740.png,1,0.00021626206580549479
B22-240,Data\Annotated\B22-240_0\00807.png,0,0.00015222138608805835
B22-240,Data\Annotated\B22-240_0\00814.png,0,0.00016847100050654262
B22-115,Data\Annotated\B22-115_0\00122.png,0,0.00014089691103436053
B22-115,Data\Annotated\B22-115_0\00234.png,0,0.00026356271700933576
B22-102,Data\Annotated\B22-102_0\01468.png,1,0.00015485977928619832
B22-102,Data\Annotated\B22-102_0\03685.png,1,0.00013812389806844294
B22-102,Data\Annotated\B22-102_0\03798.png,0,0.00019058011821471155
B22-102,Data\Annotated\B22-102_0\03838.png,0,0.0001066020195139572
B22-234,Data\Annotated\B22-234_0\00003.png,0,7.193673081928864e-05
B22-234,Data\Annotated\B22-234_0\02275.png,0,0.0001150356765720062
B22-280,Data\Annotated\B22-280_0\00060.png,1,0.00012306378630455583
B22-280,Data\Annotated\B22-280_0\00162.png,1,9.259162470698357e-05
B22-280,Data\Annotated\B22-280_0\00191.png,1,0.00025493293651379645
B22-280,Data\Annotated\B22-280_0\00337.png,1,0.00024096037668641657
B22-280,Data\Annotated\B22-280_0\00354.png,1,0.0002123641752405092
B22-280,Data\Annotated\B22-280_0\00397.png,0,0.0001453998702345416
B22-280,Data\Annotated\B22-280_0\00771.png,1,0.00019055830489378422
B22-280,Data\Annotated\B22-280_0\00806.png,0,9.371327905682847e-05
B22-93,Data\Annotated\B22-93_0\00639.png,0,0.00012731971219182014
B22-93,Data\Annotated\B22-93_0\00641.png,0,0.00012510684609878808
B22-93,Data\Annotated\B22-93_0\00675.png,0,0.000137529888888821
B22-93,Data\Annotated\B22-93_0\00677.png,0,9.690567094366997e-05
B22-93,Data\Annotated\B22-93_0\00678.png,0,8.82118329172954e-05
B22-219,Data\Annotated\B22-219_0\00032.png,1,8.676596189616248e-05
B22-219,Data\Annotated\B22-219_0\00078.png,0,6.179924821481109e-05
B22-219,Data\Annotated\B22-219_0\00079.png,0,7.561380334664136e-05
B22-219,Data\Annotated\B22-219_0\00861.png,0,5.283686186885461e-05
B22-184,Data\Annotated\B22-184_0\01063.png,0,6.01268038735725e-05
B22-184,Data\Annotated\B22-184_0\01066.png,0,5.755932579631917e-05
B22-184,Data\Annotated\B22-184_0\01134.png,0,6.579945329576731e-05
B22-184,Data\Annotated\B22-184_0\01178.png,0,6.54237373964861e-05
B22-184,Data\Annotated\B22-184_0\01179.png,0,8.86969719431363e-05
B22-184,Data\Annotated\B22-184_0\01180.png,0,8.05223171482794e-05
B22-249,Data\Annotated\B22-249_0\00162.png,0,7.490490679629147e-05
B22-249,Data\Annotated\B22-249_0\00183.png,1,0.00011012594040948898
B22-249,Data\Annotated\B22-249_0\00892.png,0,0.00012573976709973067
B22-249,Data\Annotated\B22-249_0\00929.png,0,8.46836919663474e-05
B22-249,Data\Annotated\B22-249_0\01018.png,0,8.961523417383432e-05
B22-249,Data\Annotated\B22-249_0\01050.png,0,0.00010004725481849164
B22-249,Data\Annotated\B22-249_0\01053.png,0,7.456225284840912e-05
B22-249,Data\Annotated\B22-249_0\01200.png,0,0.0002187659847550094
B22-279,Data\Annotated\B22-279_0\00762.png,0,8.447699656244367e-05
B22-279,Data\Annotated\B22-279_0\00876.png,0,0.00010396946163382381
B22-279,Data\Annotated\B22-279_0\01200.png,0,0.00026879494544118643
B22-250,Data\Annotated\B22-250_0\01026.png,0,0.00012509373482316732
B22-250,Data\Annotated\B22-250_0\01027.png,0,0.0001374913117615506
B22-250,Data\Annotated\B22-250_0\01038.png,0,0.00013822788605466485
B22-250,Data\Annotated\B22-250_0\01039.png,0,0.0001411814009770751
B22-250,Data\Annotated\B22-250_0\01040.png,0,0.0001405569346388802
B22-250,Data\Annotated\B22-250_0\01046.png,0,0.00015302366227842867
B22-250,Data\Annotated\B22-250_0\01047.png,0,0.0001789493253454566
B22-250,Data\Annotated\B22-250_0\01048.png,0,0.00016321676957886666
B22-250,Data\Annotated\B22-250_0\01049.png,0,0.00016965816030278802
B22-250,Data\Annotated\B22-250_0\01050.png,0,0.00017342604405712336
B22-250,Data\Annotated\B22-250_0\01051.png,0,0.00016460713231936097
B22-250,Data\Annotated\B22-250_0\01052.png,0,0.00018404368893243372
B22-250,Data\Annotated\B22-250_0\01053.png,0,0.00013819629384670407
B22-250,Data\Annotated\B22-250_0\01054.png,0,0.00016197672812268138
B22-250,Data\Annotated\B22-250_0\01055.png,0,0.00020922019029967487
B22-250,Data\Annotated\B22-250_0\01056.png,0,0.00015867126057855785
B22-250,Data\Annotated\B22-250_0\01057.png,0,0.00016787112690508366
B22-250,Data\Annotated\B22-250_0\01058.png,0,0.00016714274534024298
B22-250,Data\Annotated\B22-250_0\01111.png,0,9.506623609922826e-05
B22-250,Data\Annotated\B22-250_0\01112.png,0,0.00018277190974913538
B22-250,Data\Annotated\B22-250_0\01113.png,0,0.00019312369113322347
B22-250,Data\Annotated\B22-250_0\01114.png,0,0.0001793320116121322
B22-250,Data\Annotated\B22-250_0\01115.png,0,0.00020734063582494855
B22-250,Data\Annotated\B22-250_0\01116.png,0,0.00019126271945424378
B22-250,Data\Annotated\B22-250_0\01117.png,0,0.0002110651694238186
B22-250,Data\Annotated\B22-250_0\01118.png,0,0.0002179855655413121
B22-250,Data\Annotated\B22-250_0\01119.png,0,0.00018554949201643467
B22-250,Data\Annotated\B22-250_0\01120.png,0,0.00020522628619801253
B22-250,Data\Annotated\B22-250_0\01121.png,0,0.00027658429462462664
B22-250,Data\Annotated\B22-250_0\01122.png,0,0.0002258244203403592
B22-250,Data\Annotated\B22-250_0\01123.png,0,0.00022229475143831223
B22-250,Data\Annotated\B22-250_0\01124.png,0,0.0002170131483580917
B22-250,Data\Annotated\B22-250_0\01125.png,0,0.00017464083794038743
B22-250,Data\Annotated\B22-250_0\01126.png,0,0.00013874963042326272
B22-250,Data\Annotated\B22-250_0\01127.png,0,0.00017535404185764492
B22-250,Data\Annotated\B22-250_0\01212.png,0,0.00023599730047862977
B22-250,Data\Annotated\B22-250_0\01231.png,0,0.00018805246509145945
B22-250,Data\Annotated\B22-250_0\01232.png,0,0.00015985580103006214
B22-250,Data\Annotated\B22-250_0\01233.png,0,0.0001281750010093674
B22-250,Data\Annotated\B22-250_0\01234.png,0,0.000161634263349697
B22-250,Data\Annotated\B22-250_0\01235.png,0,0.00016984553076326847
B22-250,Data\Annotated\B22-250_0\01236.png,0,0.0002166836493415758
B22-250,Data\Annotated\B22-250_0\01237.png,0,0.00019591364252846688
B22-250,Data\Annotated\B22-250_0\01238.png,0,0.0002106381580233574
B22-250,Data\Annotated\B22-250_0\01239.png,0,0.00019075893214903772
B22-250,Data\Annotated\B22-250_0\01240.png,0,0.00020681667956523597
B22-250,Data\Annotated\B22-250_0\01241.png,0,0.00023556381347589195
B22-250,Data\Annotated\B22-250_0\01275.png,0,0.0001824796781875193
B22-250,Data\Annotated\B22-250_0\01276.png,0,0.0001811734400689602
B22-250,Data\Annotated\B22-250_0\01277.png,0,0.00018568655650597066
B22-250,Data\Annotated\B22-250_0\01278.png,0,0.00020717385632451624
B22-250,Data\Annotated\B22-250_0\01279.png,0,0.0001812851696740836
B22-250,Data\Annotated\B22-250_0\01280.png,0,0.0001784388441592455
B22-250,Data\Annotated\B22-250_0\01281.png,0,0.00013948428386356682
B22-250,Data\Annotated\B22-250_0\01282.png,0,0.00016744893218856305
B22-250,Data\Annotated\B22-250_0\01283.png,0,0.0001748291979311034
B22-250,Data\Annotated\B22-250_0\01284.png,0,0.0001388459641020745
B22-250,Data\Annotated\B22-250_0\01285.png,0,0.0002045584114966914
B22-250,Data\Annotated\B22-250_0\01286.png,0,0.00014225102495402098
B22-250,Data\Annotated\B22-250_0\01288.png,0,0.0002075835654977709
B22-250,Data\Annotated\B22-250_0\01289.png,0,0.00018762232502922416
B22-250,Data\Annotated\B22-250_0\01398.png,0,7.49263126635924e-05
B22-250,Data\Annotated\B22-250_0\01399.png,0,0.0001606668665772304
B22-250,Data\Annotated\B22-250_0\01400.png,0,0.00013520746142603457
B22-250,Data\Annotated\B22-250_0\01401.png,0,0.00013854820281267166
B22-250,Data\Annotated\B22-250_0\01402.png,0,0.00018313020700588822
B22-250,Data\Annotated\B22-250_0\01405.png,0,0.0001064414027496241
B22-250,Data\Annotated\B22-250_0\01406.png,0,0.0001488675770815462
B22-250,Data\Annotated\B22-250_0\01407.png,0,0.00015899571008048952
B22-250,Data\Annotated\B22-250_0\01424.png,0,7.04847916495055e-05
B22-250,Data\Annotated\B22-250_0\01425.png,0,0.0001182433552457951
B22-250,Data\Annotated\B22-250_0\01426.png,0,0.00016691084601916373
B22-250,Data\Annotated\B22-250_0\01427.png,0,7.160297536756843e-05
B22-250,Data\Annotated\B22-250_0\01428.png,0,0.00011066518345614895
B22-250,Data\Annotated\B22-250_0\01429.png,0,7.507801637984812e-05
B22-250,Data\Annotated\B22-250_0\01446.png,0,8.569285273551941e-05
B22-250,Data\Annotated\B22-250_0\01447.png,0,8.237998554250225e-05
B22-250,Data\Annotated\B22-250_0\01448.png,0,7.334176189033315e-05
B22-250,Data\Annotated\B22-250_0\01449.png,0,0.00010391332762083039
B22-250,Data\Annotated\B22-250_0\01450.png,0,0.00010488789848750457
B22-250,Data\Annotated\B22-250_0\01451.png,0,0.0001241442805621773
B22-250,Data\Annotated\B22-250_0\01452.png,0,7.549556903541088e-05
B22-250,Data\Annotated\B22-250_0\01453.png,0,9.295593918068334e-05
B22-250,Data\Annotated\B22-250_0\01454.png,0,8.913995407056063e-05
B22-250,Data\Annotated\B22-250_0\01455.png,0,0.0001095628467737697
B22-250,Data\Annotated\B22-250_0\01600.png,0,4.3632604501908645e-05
B22-250,Data\Annotated\B22-250_0\01601.png,0,4.322558379499242e-05
B22-250,Data\Annotated\B22-250_0\01602.png,0,4.3084284698124975e-05
B22-250,Data\Annotated\B22-250_0\01603.png,0,4.334122786531225e-05
B22-250,Data\Annotated\B22-250_0\01604.png,0,4.333519609645009e-05
B22-250,Data\Annotated\B22-250_0\01605.png,0,4.347349386080168e-05
B22-250,Data\Annotated\B22-250_0\01606.png,0,0.00011636167619144544
B22-250,Data\Annotated\B22-250_0\01607.png,0,7.837614975869656e-05
B22-250,Data\Annotated\B22-250_0\01608.png,0,6.2876999436412e-05
B22-250,Data\Annotated\B22-250_0\01609.png,0,6.858249253127724e-05
B22-250,Data\Annotated\B22-250_0\01610.png,0,9.300548117607832e-05
B22-250,Data\Annotated\B22-250_0\01611.png,0,6.587553070858121e-05
B22-250,Data\Annotated\B22-250_0\01612.png,0,6.401777500286698e-05
B22-250,Data\Annotated\B22-250_0\01613.png,0,9.449903154745698e-05
B22-250,Data\Annotated\B22-250_0\01614.png,0,0.0001010433625197038
B22-250,Data\Annotated\B22-250_0\01615.png,0,0.0001277600968023762
B22-250,Data\Annotated\B22-250_0\01626.png,0,7.035070302663371e-05
B22-250,Data\Annotated\B22-250_0\01627.png,0,9.49590903474018e-05
B22-250,Data\Annotated\B22-250_0\01628.png,0,0.0001329024089500308
B22-250,Data\Annotated\B22-250_0\01629.png,0,0.00013741069415118545
B22-250,Data\Annotated\B22-250_0\01630.png,0,0.00015055970288813114
B22-250,Data\Annotated\B22-250_0\01631.png,0,0.00012495293049141765
B22-250,Data\Annotated\B22-250_0\01632.png,0,0.00010519855277379975
B22-250,Data\Annotated\B22-250_0\01633.png,0,0.00010054060112452134
B22-250,Data\Annotated\B22-250_0\01634.png,0,9.189989941660315e-05
B22-250,Data\Annotated\B22-250_0\01635.png,0,7.755397382425144e-05
B22-250,Data\Annotated\B22-250_0\01636.png,0,0.00010436053707962856
B22-250,Data\Annotated\B22-250_0\01637.png,0,9.169754048343748e-05
B22-250,Data\Annotated\B22-250_0\01638.png,0,8.440514648100361e-05
B22-250,Data\Annotated\B22-250_0\01639.png,0,8.366803376702592e-05
B22-250,Data\Annotated\B22-250_0\01640.png,0,7.655077206436545e-05
B22-250,Data\Annotated\B22-250_0\01641.png,0,0.00010878307512030005
B22-250,Data\Annotated\B22-250_0\01709.png,0,6.032836245140061e-05
B22-250,Data\Annotated\B22-250_0\01710.png,0,5.777291517006233e-05
B22-250,Data\Annotated\B22-250_0\01711.png,0,6.2555554904975e-05
B22-250,Data\Annotated\B22-250_0\01712.png,0,0.00010190848115598783
B22-250,Data\Annotated\B22-250_0\01713.png,0,0.00015136960428208113
B22-250,Data\Annotated\B22-250_0\01714.png,0,7.187688606791198e-05
B22-250,Data\Annotated\B22-250_0\01715.png,0,9.761036199051887e-05
B22-250,Data\Annotated\B22-250_0\01716.png,0,8.326823444804177e-05
B22-250,Data\Annotated\B22-250_0\01717.png,0,7.730736979283392e-05
B22-250,Data\Annotated\B22-250_0\01718.png,0,0.00013666925951838493
B22-250,Data\Annotated\B22-250_0\01719.png,0,9.62825579335913e-05
B22-250,Data\Annotated\B22-250_0\01720.png,0,0.0001257916446775198
B22-250,Data\Annotated\B22-250_0\01721.png,0,0.00012614978186320513
B22-250,Data\Annotated\B22-250_0\01722.png,0,0.00014492256741505116
B22-250,Data\Annotated\B22-250_0\01723.png,0,0.00013108209532219917
B22-250,Data\Annotated\B22-250_0\01724.png,0,7.199986430350691e-05
B22-250,Data\Annotated\B22-250_0\01742.png,0,0.00016149715520441532
B22-250,Data\Annotated\B22-250_0\01744.png,0,0.00012809070176444948
B22-250,Data\Annotated\B22-250_0\01745.png,0,0.00011560821440070868
B22-250,Data\Annotated\B22-250_0\01747.png,0,7.985354022821411e-05
B22-250,Data\Annotated\B22-250_0\01748.png,0,8.178748976206407e-05
B22-250,Data\Annotated\B22-250_0\01749.png,0,8.98336511454545e-05
B22-250,Data\Annotated\B22-250_0\01750.png,0,8.392487507080659e-05
B22-250,Data\Annotated\B22-250_0\01751.png,0,8.50815195008181e-05
B22-250,Data\Annotated\B22-250_0\01752.png,0,8.12272191978991e-05
B22-250,Data\Annotated\B22-250_0\01754.png,0,9.122271876549348e-05
B22-250,Data\Annotated\B22-250_0\01755.png,0,7.35117428121157e-05
B22-250,Data\Annotated\B22-250_0\01756.png,0,8.009372686501592e-05
B22-250,Data\Annotated\B22-250_0\01757.png,0,0.00014994115917943418
B22-250,Data\Annotated\B22-250_0\01759.png,0,0.00010207681043539196
B22-250,Data\Annotated\B22-250_0\01760.png,0,0.00010003808711189777
B22-250,Data\Annotated\B22-250_0\01761.png,0,7.636105874553323e-05
B22-250,Data\Annotated\B22-250_0\01762.png,0,8.156926196534187e-05
B22-250,Data\Annotated\B22-250_0\01765.png,0,7.178049418143928e-05
B22-250,Data\Annotated\B22-250_0\01766.png,0,9.733266051625833e-05
B22-250,Data\Annotated\B22-250_0\01767.png,0,0.0001408175303367898
B22-250,Data\Annotated\B22-250_0\01768.png,0,9.400592534802854e-05
B22-250,Data\Annotated\B22-250_0\01769.png,0,0.00014999684935901314
B22-250,Data\Annotated\B22-250_0\01770.png,0,0.00012323024566285312
B22-250,Data\Annotated\B22-250_0\01771.png,0,0.00011794352030847222
B22-250,Data\Annotated\B22-250_0\01772.png,0,8.883119880920276e-05
B22-250,Data\Annotated\B22-250_0\01773.png,0,7.733486563665792e-05
B22-250,Data\Annotated\B22-250_0\01774.png,0,7.434745202772319e-05
B22-250,Data\Annotated\B22-250_0\01775.png,0,7.83966897870414e-05
B22-250,Data\Annotated\B22-250_0\01776.png,0,7.612790068378672e-05
B22-250,Data\Annotated\B22-250_0\01777.png,0,7.296847616089508e-05
B22-250,Data\Annotated\B22-250_0\01778.png,0,7.456882303813472e-05
B22-250,Data\Annotated\B22-250_0\01779.png,0,0.00011692191765177995
B22-250,Data\Annotated\B22-250_0\01797.png,0,0.00011446290591266006
B22-250,Data\Annotated\B22-250_0\01798.png,0,9.882952872430906e-05
B22-250,Data\Annotated\B22-250_0\01799.png,0,0.0001262042496819049
B22-250,Data\Annotated\B22-250_0\01800.png,0,0.00014313869178295135
B22-250,Data\Annotated\B22-250_0\01801.png,0,0.0001340239541605115
B22-250,Data\Annotated\B22-250_0\01802.png,0,0.00015357389929704368
B22-250,Data\Annotated\B22-250_0\01803.png,0,0.00018166103109251708
B22-250,Data\Annotated\B22-250_0\01804.png,0,0.0001678186672506854
B22-250,Data\Annotated\B22-250_0\01805.png,0,0.00013035896699875593
B22-250,Data\Annotated\B22-250_0\01806.png,0,0.00011168848141096532
B22-250,Data\Annotated\B22-250_0\01807.png,0,0.00010603779082885012
B22-250,Data\Annotated\B22-250_0\01808.png,0,8.676369907334447e-05
B22-250,Data\Annotated\B22-250_0\01809.png,0,7.588557491544634e-05
B22-250,Data\Annotated\B22-250_0\01810.png,0,7.655212539248168e-05
B22-250,Data\Annotated\B22-250_0\02253.png,0,0.00012366163718979806
B22-250,Data\Annotated\B22-250_0\02254.png,0,0.00011844970140373334
B22-250,Data\Annotated\B22-250_0\02255.png,0,0.00012109933595638722
B22-250,Data\Annotated\B22-250_0\02256.png,0,0.00010869000107049942
B22-250,Data\Annotated\B22-250_0\02257.png,0,0.00010466757521498948
B22-250,Data\Annotated\B22-250_0\02258.png,0,0.000146423903061077
B22-250,Data\Annotated\B22-250_0\02259.png,0,0.00010790858505060896
B22-250,Data\Annotated\B22-250_0\02260.png,0,0.00011598451237659901
B22-250,Data\Annotated\B22-250_0\02261.png,0,0.0001274863025173545
B22-250,Data\Annotated\B22-250_0\02262.png,0,0.00015181119670160115
B22-250,Data\Annotated\B22-250_0\02263.png,0,0.00013324993778951466
B22-250,Data\Annotated\B22-250_0\02264.png,0,0.00010373734403401613
B22-250,Data\Annotated\B22-250_0\02265.png,0,0.0001135156344389543
B22-250,Data\Annotated\B22-250_0\02277.png,0,0.00011832560267066583
B22-250,Data\Annotated\B22-250_0\02278.png,0,0.0001099360451917164
B22-250,Data\Annotated\B22-250_0\02279.png,0,9.817299724090844e-05
B22-250,Data\Annotated\B22-250_0\02280.png,0,0.00010366897186031565
B22-250,Data\Annotated\B22-250_0\02281.png,0,9.928795043379068e-05
B22-250,Data\Annotated\B22-250_0\02282.png,0,0.00010491519060451537
B22-250,Data\Annotated\B22-250_0\02283.png,0,0.0001370781974401325
B22-250,Data\Annotated\B22-250_0\02284.png,0,0.0001231580099556595
B22-250,Data\Annotated\B22-250_0\02285.png,0,8.766671817284077e-05
B22-250,Data\Annotated\B22-250_0\02286.png,0,0.00010224743164144456
B22-250,Data\Annotated\B22-250_0\02287.png,0,0.0001439873594790697
B22-250,Data\Annotated\B22-250_0\02288.png,0,0.00011128492042189464
B22-250,Data\Annotated\B22-250_0\02289.png,0,9.691047307569534e-05
B22-250,Data\Annotated\B22-250_0\02290.png,0,0.0001023531294777058
B22-250,Data\Annotated\B22-250_0\02291.png,0,0.00012969065573997796
B22-250,Data\Annotated\B22-250_0\02292.png,0,0.00012824554869439453
B22-250,Data\Annotated\B22-250_0\02293.png,0,0.00010803928307723254
B22-250,Data\Annotated\B22-250_0\02294.png,0,9.289054287364706e-05
B22-250,Data\Annotated\B22-250_0\02295.png,0,0.00010758768621599302
B22-250,Data\Annotated\B22-250_0\02296.png,0,0.0001259563723579049
B22-250,Data\Annotated\B22-250_0\02297.png,0,0.00011790543067036197
B22-250,Data\Annotated\B22-250_0\02298.png,0,0.00012159206380601972
B22-250,Data\Annotated\B22-250_0\02299.png,0,0.00015638128388673067
B22-250,Data\Annotated\B22-250_0\02303.png,0,0.00015150221588555723
B22-250,Data\Annotated\B22-250_0\02304.png,0,0.00012066694762324914
B22-250,Data\Annotated\B22-250_0\02305.png,0,9.539490565657616e-05
B22-250,Data\Annotated\B22-250_0\02306.png,0,0.00011004783300450072
B22-250,Data\Annotated\B22-250_0\02307.png,0,0.00010450409899931401
B22-250,Data\Annotated\B22-250_0\02308.png,0,0.00013530446449294686
B22-250,Data\Annotated\B22-250_0\02309.png,0,0.00016730946663301438
B22-250,Data\Annotated\B22-250_0\02758.png,0,8.069568139035255e-05
B22-250,Data\Annotated\B22-250_0\02774.png,0,6.209775165189058e-05
B22-250,Data\Annotated\B22-250_0\02828.png,0,0.00012582671479322016
B22-250,Data\Annotated\B22-250_0\02829.png,0,0.00013436726294457912
B22-250,Data\Annotated\B22-250_0\02830.png,0,0.00014228990767151117
B22-250,Data\Annotated\B22-250_0\02831.png,0,0.00012659620551858097
B22-250,Data\Annotated\B22-250_0\02835.png,0,0.00014583615120500326
B22-250,Data\Annotated\B22-250_0\02836.png,0,0.00014885488781146705
B22-250,Data\Annotated\B22-250_0\02837.png,0,0.00011760379129555076
B22-250,Data\Annotated\B22-250_0\02838.png,0,0.00014134122466202825
B22-250,Data\Annotated\B22-250_0\02839.png,0,0.00012329962919466197
B22-250,Data\Annotated\B22-250_0\02840.png,0,6.64663384668529e-05
B22-250,Data\Annotated\B22-250_0\02841.png,0,6.580163608305156e-05
B22-250,Data\Annotated\B22-250_0\02842.png,0,0.00010257551912218332
B22-250,Data\Annotated\B22-250_0\02843.png,0,0.00020492356270551682
B22-250,Data\Annotated\B22-250_0\02844.png,0,0.00012565543875098228
B22-250,Data\Annotated\B22-250_0\02845.png,0,0.00010150624439120293
B22-250,Data\Annotated\B22-250_0\02846.png,0,0.00013762508751824498
B22-250,Data\Annotated\B22-250_0\02847.png,0,0.0001234642113558948
B22-250,Data\Annotated\B22-250_0\02848.png,0,0.00012221193173900247
B22-250,Data\Annotated\B22-250_0\02849.png,0,0.00016161301755346358
B22-250,Data\Annotated\B22-250_0\02850.png,0,0.00010944777022814378
B22-250,Data\Annotated\B22-250_0\02851.png,0,0.00011683348566293716
B22-250,Data\Annotated\B22-250_0\02852.png,0,0.00012324230920057744
B22-250,Data\Annotated\B22-250_0\02853.png,0,0.00014609438949264586
B22-250,Data\Annotated\B22-250_0\02854.png,0,0.00010052157449536026
B22-250,Data\Annotated\B22-250_0\02855.png,0,9.428619523532689e-05
B22-250,Data\Annotated\B22-250_0\02856.png,0,9.659392526373267e-05
B22-250,Data\Annotated\B22-250_0\02869.png,0,9.82888595899567e-05
B22-250,Data\Annotated\B22-250_0\02870.png,0,0.00012143836647737771
B22-250,Data\Annotated\B22-250_0\02871.png,0,0.00010862590715987608
B22-250,Data\Annotated\B22-250_0\02872.png,0,0.00014446297427639365
B22-250,Data\Annotated\B22-250_0\02873.png,0,0.000115341623313725
B22-250,Data\Annotated\B22-250_0\02874.png,0,8.757819887250662e-05
B22-250,Data\Annotated\B22-250_0\02875.png,0,0.00010234484216198325
B22-250,Data\Annotated\B22-250_0\02876.png,0,0.00010408242815174162
B22-250,Data\Annotated\B22-250_0\02877.png,0,0.00010146086424356326
B22-250,Data\Annotated\B22-250_0\02878.png,0,0.00015264487592503428
B22-250,Data\Annotated\B22-250_0\02879.png,0,0.00011779069609474391
B22-250,Data\Annotated\B22-250_0\02880.png,0,9.578451135894284e-05
B22-250,Data\Annotated\B22-250_0\02881.png,0,0.00013199818204157054
B22-250,Data\Annotated\B22-250_0\02883.png,0,0.00022438190353568643
B22-250,Data\Annotated\B22-250_0\02884.png,0,0.00012273548054508865
B22-250,Data\Annotated\B22-250_0\02885.png,0,0.00017341527563985437
B22-250,Data\Annotated\B22-250_0\02887.png,0,0.00030503340531140566
B22-250,Data\Annotated\B22-250_0\02888.png,0,0.00025463930796831846
B22-250,Data\Annotated\B22-250_0\02889.png,0,0.0001571936154505238
B22-250,Data\Annotated\B22-250_0\02890.png,0,0.00020296515140216798
B22-250,Data\Annotated\B22-250_0\02891.png,0,0.00017671188106760383
B22-250,Data\Annotated\B22-250_0\02892.png,0,0.00014024767733644694
B22-250,Data\Annotated\B22-250_0\02894.png,0,0.0001381453184876591
B22-250,Data\Annotated\B22-250_0\02895.png,0,0.0001256915129488334
B22-250,Data\Annotated\B22-250_0\02896.png,0,0.00018194768927060068
B22-250,Data\Annotated\B22-250_0\02897.png,0,9.819387923926115e-05
B22-250,Data\Annotated\B22-250_0\02898.png,0,0.00018392699712421745
B22-250,Data\Annotated\B22-250_0\02899.png,0,0.00019430971588008106
B22-250,Data\Annotated\B22-250_0\02900.png,0,0.0001856594462879002
B22-250,Data\Annotated\B22-250_0\02901.png,0,0.00022683790302835405
B22-250,Data\Annotated\B22-250_0\02902.png,0,0.00019014114513993263
B22-250,Data\Annotated\B22-250_0\02904.png,0,0.00014813465531915426
B22-250,Data\Annotated\B22-250_0\02905.png,0,0.00016676029190421104
B22-250,Data\Annotated\B22-250_0\02906.png,0,0.00015014447853900492
B22-250,Data\Annotated\B22-250_0\02907.png,0,0.00018973342957906425
B22-250,Data\Annotated\B22-250_0\02908.png,0,0.0001638742833165452
B22-250,Data\Annotated\B22-250_0\02909.png,0,0.00016432665870524943
B22-250,Data\Annotated\B22-250_0\02910.png,0,0.00017742087948136032
B22-250,Data\Annotated\B22-250_0\02911.png,0,0.00017125761951319873
B22-250,Data\Annotated\B22-250_0\02912.png,0,0.00015369128959719092
B22-250,Data\Annotated\B22-250_0\02913.png,0,0.00019514997256919742
B22-250,Data\Annotated\B22-250_0\02914.png,0,0.000236095191212371
B22-250,Data\Annotated\B22-250_0\02915.png,0,0.00013191974721848965
B22-250,Data\Annotated\B22-250_0\02916.png,0,0.0002150043728761375
B22-250,Data\Annotated\B22-250_0\02917.png,0,0.00011558720143511891
B22-250,Data\Annotated\B22-250_0\02918.png,0,0.00023023963149171323
B22-250,Data\Annotated\B22-250_0\02919.png,0,0.00023798400070518255
B22-250,Data\Annotated\B22-250_0\02920.png,0,0.00029780081240460277
B22-250,Data\Annotated\B22-250_0\02921.png,0,0.00020967586897313595
B22-250,Data\Annotated\B22-250_0\02922.png,0,0.00021322251996025443
B22-250,Data\Annotated\B22-250_0\02923.png,0,0.00023065356072038412
B22-250,Data\Annotated\B22-250_0\02924.png,0,0.00014442420797422528
B22-250,Data\Annotated\B22-250_0\02925.png,0,0.00015867613547015935
B22-250,Data\Annotated\B22-250_0\02926.png,0,0.00014518122770823538
B22-250,Data\Annotated\B22-250_0\02927.png,0,0.00014882159302942455
B22-250,Data\Annotated\B22-250_0\02928.png,0,0.0001626230514375493
B22-250,Data\Annotated\B22-250_0\02941.png,0,0.00022312920191325247
B22-250,Data\Annotated\B22-250_0\02942.png,0,0.0002099437842844054
B22-250,Data\Annotated\B22-250_0\02943.png,0,0.0002318011102033779
B22-250,Data\Annotated\B22-250_0\02944.png,0,0.00020897574722766876
B22-250,Data\Annotated\B22-250_0\02945.png,0,0.00022142851958051324
B22-250,Data\Annotated\B22-250_0\02946.png,0,0.00016257233801297843
B22-250,Data\Annotated\B22-250_0\02947.png,0,0.0002747185353655368
B22-250,Data\Annotated\B22-250_0\02948.png,0,0.00016378406144212931
B22-250,Data\Annotated\B22-250_0\02949.png,0,0.00013408329687081277
B22-250,Data\Annotated\B22-250_0\02950.png,0,0.00018708512652665377
B22-250,Data\Annotated\B22-250_0\02951.png,0,0.0002197783614974469
B22-250,Data\Annotated\B22-250_0\02952.png,0,0.00020029701408930123
B22-250,Data\Annotated\B22-250_0\02953.png,0,0.00017926345753949136
B22-250,Data\Annotated\B22-250_0\02954.png,0,0.00016343826428055763
B22-250,Data\Annotated\B22-250_0\02955.png,0,0.00017698676674626768
B22-250,Data\Annotated\B22-250_0\02956.png,0,0.0001612662454135716
B22-250,Data\Annotated\B22-250_0\02957.png,0,0.00020260531164240092
B22-250,Data\Annotated\B22-250_0\02958.png,0,0.00020931461767759174
B22-250,Data\Annotated\B22-250_0\02959.png,0,0.00021352418116293848
B22-250,Data\Annotated\B22-250_0\02960.png,0,0.00022185745183378458
B22-250,Data\Annotated\B22-250_0\02961.png,0,0.0002440628013573587
B22-250,Data\Annotated\B22-250_0\02964.png,0,0.00016518618213012815
B22-250,Data\Annotated\B22-250_0\02965.png,0,0.00018598597671370953
B22-250,Data\Annotated\B22-250_0\02966.png,0,0.00014656822895631194
B22-278,Data\Annotated\B22-278_0\00022.png,1,0.00012181868078187108
B22-278,Data\Annotated\B22-278_0\00155.png,0,8.571257785661146e-05
B22-278,Data\Annotated\B22-278_0\00234.png,1,6.818940164521337e-05
B22-278,Data\Annotated\B22-278_0\00240.png,1,7.907293911557645e-05
B22-278,Data\Annotated\B22-278_0\00701.png,0,4.5159627916291356e-05
B22-300,Data\Annotated\B22-300_0\00148.png,0,0.00016485578089486808
B22-300,Data\Annotated\B22-300_0\00842.png,0,0.00012077343853889033
B22-300,Data\Annotated\B22-300_0\01062.png,0,0.0002591501397546381
B22-300,Data\Annotated\B22-300_0\01116.png,0,0.00012640746717806906
B22-38,Data\Annotated\B22-38_0\00283.png,1,0.0001150082316598855
B22-38,Data\Annotated\B22-38_0\00341.png,1,0.00014071141777094454
B22-38,Data\Annotated\B22-38_0\00703.png,0,8.910788892535493e-05
B22-38,Data\Annotated\B22-38_0\01284.png,1,0.00017091259360313416
B22-38,Data\Annotated\B22-38_0\01409.png,0,0.00012611427519004792
B22-38,Data\Annotated\B22-38_0\01525.png,1,0.00014717690646648407
B22-38,Data\Annotated\B22-38_0\01855.png,0,9.601439523976296e-05
B22-122,Data\Annotated\B22-122_0\00366.png,0,8.777463517617434e-05
B22-122,Data\Annotated\B22-122_0\00368.png,0,8.299745968542993e-05
B22-313,Data\Annotated\B22-313_0\00105.png,1,0.00024226527602877468
B22-313,Data\Annotated\B22-313_0\00178.png,0,0.00012048349890392274
B22-313,Data\Annotated\B22-313_0\00200.png,0,0.0001027538237394765
B22-313,Data\Annotated\B22-313_0\00210.png,0,0.00010009697871282697
B22-313,Data\Annotated\B22-313_0\00245.png,0,9.682776726549491e-05
B22-313,Data\Annotated\B22-313_0\00619.png,0,0.00010344452311983332
B22-313,Data\Annotated\B22-313_0\01310.png,1,0.000213899853406474
B22-313,Data\Annotated\B22-313_0\01364.png,0,0.00010636838123900816
B22-313,Data\Annotated\B22-313_0\01474.png,0,0.00014058696979191154
B22-313,Data\Annotated\B22-313_0\01552.png,1,0.00016740259889047593
B22-313,Data\Annotated\B22-313_0\01647.png,0,0.00010585178097244352
B22-313,Data\Annotated\B22-313_0\01713.png,0,0.00012148440873716027
B22-151,Data\Annotated\B22-151_0\00002.png,0,6.358796235872433e-05
B22-151,Data\Annotated\B22-151_0\00092.png,0,8.360476203961298e-05
B22-151,Data\Annotated\B22-151_0\00093.png,0,8.442094986094162e-05
B22-151,Data\Annotated\B22-151_0\00093.png,0,8.442094986094162e-05
B22-151,Data\Annotated\B22-151_0\00095.png,0,0.00013626232976093888
B22-151,Data\Annotated\B22-151_0\00100.png,0,0.00014294756692834198
B22-151,Data\Annotated\B22-151_0\00140.png,0,0.00018707267008721828
B22-151,Data\Annotated\B22-151_0\00142.png,0,0.00012066106864949688
B22-151,Data\Annotated\B22-151_0\00146.png,0,0.00011187062773387879
B22-151,Data\Annotated\B22-151_0\00146.png,0,0.0001118706350098364
B22-151,Data\Annotated\B22-151_0\00147.png,0,0.00013636835501529276
B22-151,Data\Annotated\B22-151_0\00147.png,0,0.00013636835501529276
B22-151,Data\Annotated\B22-151_0\00148.png,0,8.92689567990601e-05
B22-151,Data\Annotated\B22-151_0\00148.png,0,8.92689567990601e-05
B22-151,Data\Annotated\B22-151_0\00186.png,0,7.377320434898138e-05
B22-151,Data\Annotated\B22-151_0\00458.png,0,0.0001830868422985077
B22-151,Data\Annotated\B22-151_0\00676.png,0,0.0001738466089591384
B22-151,Data\Annotated\B22-151_0\00677.png,0,0.00020472668984439224
B22-151,Data\Annotated\B22-151_0\00678.png,0,0.00016651165788061917
B22-151,Data\Annotated\B22-151_0\03310.png,0,0.00013793398102279752
B22-151,Data\Annotated\B22-151_0\03312.png,0,0.0001350619422737509
B22-151,Data\Annotated\B22-151_0\04353.png,0,0.00010975825716741383
B22-151,Data\Annotated\B22-151_0\04625.png,0,8.916090882848948e-05
B22-151,Data\Annotated\B22-151_0\05153.png,0,0.00012680822692345828
B22-151,Data\Annotated\B22-151_0\06042.png,0,0.00011612298840191215
B22-151,Data\Annotated\B22-151_0\06132.png,0,0.00030783575493842363
B22-151,Data\Annotated\B22-151_0\06558.png,0,0.0002773765882011503
B22-151,Data\Annotated\B22-151_0\07330.png,0,0.000248597061727196
B22-151,Data\Annotated\B22-151_0\07374.png,0,0.0002500522823538631
B22-151,Data\Annotated\B22-151_0\07681.png,0,0.00012251744919922203
B22-165,Data\Annotated\B22-165_0\00060.png,0,0.0002002463734243065
B22-165,Data\Annotated\B22-165_0\00061.png,0,6.653460150118917e-05
B22-83,Data\Annotated\B22-83_0\01018.png,1,0.00028510449919849634
B22-83,Data\Annotated\B22-83_0\01061.png,0,0.0002284323563799262
B22-83,Data\Annotated\B22-83_0\01063.png,0,0.00033237843308597803
B22-83,Data\Annotated\B22-83_0\01076.png,0,0.0003966391086578369
B22-245,Data\Annotated\B22-245_0\00266.png,0,0.00019835634157061577
B22-245,Data\Annotated\B22-245_0\00267.png,0,0.0002062011626549065
B22-51,Data\Annotated\B22-51_0\00226.png,0,7.066157559165731e-05
B22-51,Data\Annotated\B22-51_0\00242.png,0,7.92916544014588e-05
B22-51,Data\Annotated\B22-51_0\00317.png,0,5.92453834542539e-05
B22-51,Data\Annotated\B22-51_0\00392.png,1,8.82308668224141e-05
B22-51,Data\Annotated\B22-51_0\00652.png,0,7.942620140966028e-05
B22-74,Data\Annotated\B22-74_0\00011.png,0,9.748480806592852e-05
B22-74,Data\Annotated\B22-74_0\00415.png,0,0.0001556350471219048
B22-74,Data\Annotated\B22-74_0\00420.png,0,0.00012702475942205638
B22-74,Data\Annotated\B22-74_0\00759.png,0,0.0001339710725005716
B22-74,Data\Annotated\B22-74_0\00762.png,0,8.812110172584653e-05
B22-74,Data\Annotated\B22-74_0\00890.png,1,0.00016475829761475325
B22-223,Data\Annotated\B22-223_0\00107.png,0,0.0001683028240222484
B22-223,Data\Annotated\B22-223_0\00405.png,0,0.0005823869723826647
B22-223,Data\Annotated\B22-223_0\00453.png,0,0.0001611956540727988
B22-223,Data\Annotated\B22-223_0\00592.png,0,0.0004076220793649554
B22-86,Data\Annotated\B22-86_0\00266.png,0,0.00019013648852705956
B22-167,Data\Annotated\B22-167_0\00004.png,0,5.9269092162139714e-05
B22-167,Data\Annotated\B22-167_0\00005.png,0,0.00010018570901593193
B22-167,Data\Annotated\B22-167_0\00006.png,0,0.00011351493594702333
B22-167,Data\Annotated\B22-167_0\00159.png,0,9.836525714490563e-05
B22-167,Data\Annotated\B22-167_0\02942.png,0,0.00013417004083748907
B22-210,Data\Annotated\B22-210_0\00025.png,0,6.515214045066386e-05
B22-244,Data\Annotated\B22-244_0\01288.png,0,7.365443161688745e-05
B22-244,Data\Annotated\B22-244_0\01327.png,0,7.551569433417171e-05
B22-244,Data\Annotated\B22-244_0\01708.png,0,0.00014789242413826287
B22-244,Data\Annotated\B22-244_0\01711.png,0,0.0002089758636429906
B22-276,Data\Annotated\B22-276_0\00162.png,0,0.00010565635602688417
B22-276,Data\Annotated\B22-276_0\00776.png,0,0.00019348056230228394
B22-276,Data\Annotated\B22-276_0\01019.png,0,8.834082836983725e-05
B22-276,Data\Annotated\B22-276_0\01263.png,0,7.030076812952757e-05
B22-256,Data\Annotated\B22-256_0\00216.png,0,0.00015639705816283822
B22-256,Data\Annotated\B22-256_0\00258.png,0,0.0003074643900617957
B22-256,Data\Annotated\B22-256_0\00678.png,0,0.00013122297241352499
B22-163,Data\Annotated\B22-163_0\00196.png,0,6.666417175438255e-05
B22-163,Data\Annotated\B22-163_0\00298.png,1,0.00010168256994802505
B22-163,Data\Annotated\B22-163_0\00357.png,0,8.052350312937051e-05
B22-163,Data\Annotated\B22-163_0\00387.png,1,0.00017154628585558385
B22-163,Data\Annotated\B22-163_0\00390.png,0,0.00015653794980607927
B22-163,Data\Annotated\B22-163_0\00413.png,0,8.226517820730805e-05
B22-163,Data\Annotated\B22-163_0\00417.png,0,9.77103118202649e-05
B22-163,Data\Annotated\B22-163_0\00444.png,1,0.000150053616380319
B22-163,Data\Annotated\B22-163_0\00452.png,1,0.00041978590888902545
B22-163,Data\Annotated\B22-163_0\00491.png,1,0.0004031299031339586
B22-163,Data\Annotated\B22-163_0\00643.png,1,0.00011480880493763834
B22-163,Data\Annotated\B22-163_0\00657.png,1,0.0001441208878532052
B22-253,Data\Annotated\B22-253_0\00999.png,0,0.00023618903651367873
B22-253,Data\Annotated\B22-253_0\01016.png,0,0.00027345767011865973
B22-253,Data\Annotated\B22-253_0\01036.png,0,0.0001531247398816049
B22-253,Data\Annotated\B22-253_0\01039.png,0,0.00013358799333218485
B22-253,Data\Annotated\B22-253_0\01044.png,0,0.00015894844545982778
B22-253,Data\Annotated\B22-253_0\01115.png,0,8.207814244087785e-05
B22-253,Data\Annotated\B22-253_0\01119.png,0,0.00011928490130230784
B22-253,Data\Annotated\B22-253_0\01143.png,0,0.00010939183994196355
B22-253,Data\Annotated\B22-253_0\01144.png,0,0.00016887618403416127
B22-253,Data\Annotated\B22-253_0\01219.png,0,0.00025327244657091796
B22-253,Data\Annotated\B22-253_0\01723.png,0,0.00018231928697787225
B22-253,Data\Annotated\B22-253_0\01933.png,0,0.00013130123261362314
B22-253,Data\Annotated\B22-253_0\01937.png,0,0.00018426834139972925
B22-253,Data\Annotated\B22-253_0\02317.png,0,0.00021957144781481475
B22-253,Data\Annotated\B22-253_0\02398.png,0,0.00022727127361577004
B22-253,Data\Annotated\B22-253_0\02437.png,0,0.000228300312301144
B22-253,Data\Annotated\B22-253_0\02440.png,0,0.0002208102960139513
B22-253,Data\Annotated\B22-253_0\02465.png,0,0.0002318747283425182
B22-253,Data\Annotated\B22-253_0\02478.png,0,0.00023313243582379073
B22-158,Data\Annotated\B22-158_0\00091.png,0,5.516852979781106e-05
B22-158,Data\Annotated\B22-158_0\00244.png,1,0.00011531076597748324
B22-158,Data\Annotated\B22-158_0\00764.png,1,9.090795356314629e-05
B22-158,Data\Annotated\B22-158_0\00969.png,0,9.773221972864121e-05
B22-158,Data\Annotated\B22-158_0\01108.png,1,8.014297782210633e-05
B22-164,Data\Annotated\B22-164_0\00290.png,0,8.24432063382119e-05
B22-197,Data\Annotated\B22-197_0\00006.png,0,9.745136776473373e-05
B22-174,Data\Annotated\B22-174_0\00152.png,0,7.905883103376254e-05
B22-174,Data\Annotated\B22-174_0\00154.png,0,0.00011363724479451776
B22-174,Data\Annotated\B22-174_0\00155.png,0,9.497522842139006e-05
B22-174,Data\Annotated\B22-174_0\00156.png,0,8.238881127908826e-05
B22-174,Data\Annotated\B22-174_0\00157.png,0,7.557218486908823e-05
B22-174,Data\Annotated\B22-174_0\00158.png,0,9.55086579779163e-05
B22-174,Data\Annotated\B22-174_0\00159.png,0,7.92981154518202e-05
B22-174,Data\Annotated\B22-174_0\00161.png,0,7.795087731210515e-05
B22-174,Data\Annotated\B22-174_0\00162.png,0,9.17629076866433e-05
B22-174,Data\Annotated\B22-174_0\00165.png,0,8.433268521912396e-05
B22-174,Data\Annotated\B22-174_0\00166.png,0,7.816036668373272e-05
B22-174,Data\Annotated\B22-174_0\00167.png,0,0.00010137430217582732
B22-174,Data\Annotated\B22-174_0\00168.png,0,7.832314440747723e-05
B22-174,Data\Annotated\B22-174_0\00170.png,0,8.316375897265971e-05
B22-174,Data\Annotated\B22-174_0\00172.png,0,7.864597864681855e-05
B22-174,Data\Annotated\B22-174_0\00173.png,0,8.246985089499503e-05
B22-174,Data\Annotated\B22-174_0\00174.png,0,8.76644262461923e-05
B22-174,Data\Annotated\B22-174_0\00175.png,0,9.114489512285218e-05
B22-174,Data\Annotated\B22-174_0\00177.png,0,0.00010094896424561739
B22-174,Data\Annotated\B22-174_0\00178.png,0,9.171798592433333e-05
B22-174,Data\Annotated\B22-174_0\00180.png,0,9.992887498810887e-05
B22-174,Data\Annotated\B22-174_0\00181.png,0,0.00010060468775918707
B22-174,Data\Annotated\B22-174_0\00182.png,0,9.925808990374207e-05
B22-174,Data\Annotated\B22-174_0\00183.png,0,0.00011743397044483572
B22-174,Data\Annotated\B22-174_0\00184.png,0,0.00010079162893816829
B22-174,Data\Annotated\B22-174_0\00186.png,0,9.6472620498389e-05
B22-174,Data\Annotated\B22-174_0\00187.png,0,9.820092236623168e-05
B22-174,Data\Annotated\B22-174_0\00188.png,0,6.084378037485294e-05
B22-174,Data\Annotated\B22-174_0\00189.png,0,7.223499414976686e-05
B22-174,Data\Annotated\B22-174_0\00190.png,0,9.100001625483856e-05
B22-174,Data\Annotated\B22-174_0\00191.png,0,0.0001519445504527539
B22-174,Data\Annotated\B22-174_0\00192.png,0,0.00010273615771438926
B22-174,Data\Annotated\B22-174_0\00193.png,0,0.0001244141603820026
B22-174,Data\Annotated\B22-174_0\00194.png,0,0.00013424287317320704
B22-174,Data\Annotated\B22-174_0\00195.png,0,0.00010799248411785811
B22-174,Data\Annotated\B22-174_0\00196.png,0,0.00015629330300725996
B22-174,Data\Annotated\B22-174_0\00197.png,0,0.00010569098230917007
B22-174,Data\Annotated\B22-174_0\00198.png,0,0.00013356003910303116
B22-174,Data\Annotated\B22-174_0\00199.png,0,9.153622522717342e-05
B22-174,Data\Annotated\B22-174_0\00201.png,0,0.00011219566658837721
B22-174,Data\Annotated\B22-174_0\00202.png,0,9.325101564172655e-05
B22-174,Data\Annotated\B22-174_0\00204.png,0,0.00014642473252024502
B22-174,Data\Annotated\B22-174_0\00205.png,0,9.615518501959741e-05
B22-174,Data\Annotated\B22-174_0\00207.png,0,0.0001240044366568327
B22-174,Data\Annotated\B22-174_0\00208.png,0,0.00013704619777854532
B22-174,Data\Annotated\B22-174_0\00210.png,0,0.00011774634185712785
B22-174,Data\Annotated\B22-174_0\00211.png,0,0.00013924684026278555
B22-174,Data\Annotated\B22-174_0\00214.png,0,0.00010163176921196282
B22-174,Data\Annotated\B22-174_0\00215.png,0,0.00012749014422297478
B22-174,Data\Annotated\B22-174_0\00216.png,0,0.00014750310219824314
B22-174,Data\Annotated\B22-174_0\00217.png,0,0.00010507077968213707
B22-174,Data\Annotated\B22-174_0\00219.png,0,0.00014910717436578125
B22-174,Data\Annotated\B22-174_0\00222.png,0,7.751153316348791e-05
B22-174,Data\Annotated\B22-174_0\00224.png,1,0.0002704773214645684
B22-174,Data\Annotated\B22-174_0\00225.png,1,0.00027849452453665435
B22-174,Data\Annotated\B22-174_0\00226.png,0,0.0001678027183515951
B22-174,Data\Annotated\B22-174_0\00227.png,0,0.00027331977616995573
B22-174,Data\Annotated\B22-174_0\00228.png,0,0.00018238872871734202
B22-174,Data\Annotated\B22-174_0\00229.png,0,0.00024676136672496796
B22-174,Data\Annotated\B22-174_0\00232.png,0,0.0002466786536388099
B22-174,Data\Annotated\B22-174_0\00233.png,0,0.00016597198555245996
B22-174,Data\Annotated\B22-174_0\00234.png,0,0.00026286233332939446
B22-174,Data\Annotated\B22-174_0\00235.png,0,0.00026902370154857635
B22-174,Data\Annotated\B22-174_0\00236.png,0,0.00027295079780742526
B22-174,Data\Annotated\B22-174_0\00237.png,0,0.0002753064618445933
B22-174,Data\Annotated\B22-174_0\00238.png,0,0.00026575426454655826
B22-174,Data\Annotated\B22-174_0\00239.png,1,0.00027687783585861325
B22-174,Data\Annotated\B22-174_0\00240.png,0,0.00015654211165383458
B22-174,Data\Annotated\B22-174_0\00241.png,0,0.00027953911921940744
B22-174,Data\Annotated\B22-174_0\00242.png,0,0.00025594988255761564
B22-174,Data\Annotated\B22-174_0\00243.png,0,0.0002247733937110752
B22-174,Data\Annotated\B22-174_0\00244.png,0,0.0002816428313963115
B22-174,Data\Annotated\B22-174_0\00245.png,0,6.684408435830846e-05
B22-174,Data\Annotated\B22-174_0\00246.png,0,0.00014930282486602664
B22-174,Data\Annotated\B22-174_0\00249.png,1,0.00011201717279618606
B22-174,Data\Annotated\B22-174_0\00252.png,0,0.00023646662884857506
B22-174,Data\Annotated\B22-174_0\00255.png,0,0.00019435430294834077
B22-174,Data\Annotated\B22-174_0\00256.png,0,0.00020448646682780236
B22-174,Data\Annotated\B22-174_0\00257.png,0,0.00021846301387995481
B22-174,Data\Annotated\B22-174_0\00258.png,0,0.00020492018666118383
B22-174,Data\Annotated\B22-174_0\00261.png,0,0.00022146284754853696
B22-174,Data\Annotated\B22-174_0\00262.png,0,0.0001647069293539971
B22-174,Data\Annotated\B22-174_0\00267.png,0,0.00013303931336849928
B22-174,Data\Annotated\B22-174_0\00268.png,0,0.00012090693780919537
B22-174,Data\Annotated\B22-174_0\00270.png,0,0.00013517693150788546
B22-174,Data\Annotated\B22-174_0\00272.png,0,0.00015588771202601492
B22-174,Data\Annotated\B22-174_0\00275.png,0,0.00020978022075723857
B22-174,Data\Annotated\B22-174_0\00283.png,0,8.483778219670057e-05
B22-174,Data\Annotated\B22-174_0\00284.png,0,0.00012469853390939534
B22-174,Data\Annotated\B22-174_0\00286.png,0,0.0001475086755817756
B22-174,Data\Annotated\B22-174_0\00288.png,0,0.00010175591887673363
B22-174,Data\Annotated\B22-174_0\00289.png,0,0.00011821147927548736
B22-174,Data\Annotated\B22-174_0\00290.png,0,0.00012358181993477046
B22-174,Data\Annotated\B22-174_0\00631.png,0,0.00016407044313382357
B22-174,Data\Annotated\B22-174_0\00768.png,0,0.00020604950259439647
B22-235,Data\Annotated\B22-235_0\00014.png,0,5.09739329572767e-05
B22-235,Data\Annotated\B22-235_0\01242.png,0,9.652647713664919e-05
B22-235,Data\Annotated\B22-235_0\01246.png,0,8.040975808398798e-05
B22-235,Data\Annotated\B22-235_0\01248.png,0,0.00011586352775339037
B22-270,Data\Annotated\B22-270_0\01133.png,0,9.990202670451254e-05
B22-270,Data\Annotated\B22-270_0\01134.png,0,7.535885379184037e-05
B22-57,Data\Annotated\B22-57_0\00001.png,0,5.011266330257058e-05
B22-57,Data\Annotated\B22-57_0\01142.png,0,9.89253749139607e-05
B22-57,Data\Annotated\B22-57_0\01144.png,0,9.40619720495306e-05
B22-57,Data\Annotated\B22-57_0\01145.png,0,9.810096526052803e-05
B22-157,Data\Annotated\B22-157_0\00111.png,0,0.00012045003677485511
B22-123,Data\Annotated\B22-123_0\00047.png,0,9.740058885654435e-05
B22-123,Data\Annotated\B22-123_0\00308.png,0,7.005828956607729e-05
B22-123,Data\Annotated\B22-123_0\00687.png,1,0.00020043400581926107
B22-123,Data\Annotated\B22-123_0\00696.png,1,0.00020243405015207827
B22-123,Data\Annotated\B22-123_0\00839.png,0,5.924054130446166e-05
B22-123,Data\Annotated\B22-123_0\00993.png,0,6.687796849291772e-05
B22-123,Data\Annotated\B22-123_0\00994.png,0,6.77071075187996e-05
B22-123,Data\Annotated\B22-123_0\01063.png,1,0.00011853061005240306
B22-298,Data\Annotated\B22-298_0\00338.png,0,8.215576963266358e-05
B22-298,Data\Annotated\B22-298_0\01280.png,0,9.351901826448739e-05
B22-47,Data\Annotated\B22-47_0\00285.png,0,0.0001704780152067542
B22-47,Data\Annotated\B22-47_0\00390.png,0,0.000173800130141899
B22-47,Data\Annotated\B22-47_0\00435.png,0,0.00011476198415039107
B22-47,Data\Annotated\B22-47_0\01092.png,0,0.0001235302333952859
B22-47,Data\Annotated\B22-47_0\01236.png,0,0.0002530342899262905
B22-47,Data\Annotated\B22-47_0\01239.png,0,0.00013405211211647838
B22-47,Data\Annotated\B22-47_0\01371.png,0,0.00015646201791241765
B22-47,Data\Annotated\B22-47_0\01539.png,0,0.00014911370817571878
B22-47,Data\Annotated\B22-47_0\01549.png,0,0.00018605873628985137
B22-47,Data\Annotated\B22-47_0\01650.png,0,9.017631236929446e-05
B22-47,Data\Annotated\B22-47_0\01653.png,1,0.00015558520681224763
B22-47,Data\Annotated\B22-47_0\01729.png,0,6.671414303127676e-05
B22-166,Data\Annotated\B22-166_0\00118.png,0,5.789924398413859e-05
B22-116,Data\Annotated\B22-116_0\00217.png,0,6.82741156197153e-05
B22-116,Data\Annotated\B22-116_0\00252.png,1,9.535711433272809e-05
B22-116,Data\Annotated\B22-116_0\00256.png,1,0.0001067629418685101
B22-116,Data\Annotated\B22-116_0\00437.png,1,0.0001423721550963819
B22-116,Data\Annotated\B22-116_0\00493.png,0,0.00010897035826928914
B22-230,Data\Annotated\B22-230_0\03934.png,0,8.98842336027883e-05
B22-101,Data\Annotated\B22-101_0\00180.png,0,0.00013112240412738174
B22-101,Data\Annotated\B22-101_0\00201.png,1,0.00019622691615950316
B22-101,Data\Annotated\B22-101_0\00280.png,0,0.0001999889500439167
B22-101,Data\Annotated\B22-101_0\00415.png,0,0.00015247368719428778
B22-303,Data\Annotated\B22-303_0\00093.png,1,0.0001289808569708839
B22-303,Data\Annotated\B22-303_0\00106.png,1,0.00011164580791955814
B22-303,Data\Annotated\B22-303_0\00123.png,1,0.00016190385213121772
B22-303,Data\Annotated\B22-303_0\00602.png,1,0.0001731696247588843
B22-302,Data\Annotated\B22-302_0\00154.png,1,0.00031080105691216886
B22-302,Data\Annotated\B22-302_0\00168.png,1,0.00034793675877153873
B22-302,Data\Annotated\B22-302_0\00175.png,1,0.0002179981383960694
B22-302,Data\Annotated\B22-302_0\00231.png,1,0.00027945387409999967
B22-302,Data\Annotated\B22-302_0\00436.png,0,0.0001227970642503351
B22-302,Data\Annotated\B22-302_0\00485.png,0,0.00024354194465558976
B22-302,Data\Annotated\B22-302_0\00583.png,0,7.668426405871287e-05
B22-302,Data\Annotated\B22-302_0\00731.png,0,0.0002456819056533277
B22-302,Data\Annotated\B22-302_0\00776.png,0,0.0002252527920063585
B22-302,Data\Annotated\B22-302_0\00783.png,0,0.0009123477502726018
B22-302,Data\Annotated\B22-302_0\00835.png,0,0.0005382740055210888
B22-302,Data\Annotated\B22-302_0\00846.png,1,0.00023065342975314707
B22-302,Data\Annotated\B22-302_0\00946.png,0,0.0008796029724180698
B22-302,Data\Annotated\B22-302_0\00957.png,0,0.02044305019080639
B22-302,Data\Annotated\B22-302_0\01020.png,0,0.0008498963434249163
B22-302,Data\Annotated\B22-302_0\01034.png,0,0.0011261184699833393
B22-302,Data\Annotated\B22-302_0\01043.png,0,0.0009932490065693855
B22-302,Data\Annotated\B22-302_0\01085.png,0,0.0007644265424460173
B22-302,Data\Annotated\B22-302_0\01140.png,0,0.0007235502125695348
B22-302,Data\Annotated\B22-302_0\01292.png,0,0.0008196788839995861
B22-302,Data\Annotated\B22-302_0\01449.png,0,0.0005342861404642463
B22-311,Data\Annotated\B22-311_0\00002.png,0,7.266814645845443e-05
B22-311,Data\Annotated\B22-311_0\00529.png,0,7.694690430071205e-05
B22-99,Data\Annotated\B22-99_0\00521.png,0,0.00010194518108619377
B22-307,Data\Annotated\B22-307_0\00261.png,0,6.94554255460389e-05
B22-307,Data\Annotated\B22-307_0\00284.png,0,8.082768908934668e-05
B22-307,Data\Annotated\B22-307_0\00300.png,0,6.918465805938467e-05
B22-301,Data\Annotated\B22-301_0\00225.png,0,8.447245636489242e-05
B22-301,Data\Annotated\B22-301_0\00254.png,0,9.901424346026033e-05
B22-185,Data\Annotated\B22-185_0\00821.png,0,7.626404840266332e-05
B22-50,Data\Annotated\B22-50_0\00429.png,0,7.728347554802895e-05
B22-50,Data\Annotated\B22-50_0\00709.png,0,7.524266402469948e-05
B22-50,Data\Annotated\B22-50_0\00865.png,1,7.1849295636639e-05
B22-50,Data\Annotated\B22-50_0\00990.png,0,0.0001908841950353235
B22-50,Data\Annotated\B22-50_0\00992.png,0,0.00014355231542140245
B22-50,Data\Annotated\B22-50_0\01000.png,0,8.657749276608229e-05
B22-50,Data\Annotated\B22-50_0\01090.png,1,9.635220339987427e-05
B22-50,Data\Annotated\B22-50_0\01342.png,1,8.210748637793586e-05
B22-84,Data\Annotated\B22-84_0\00099.png,1,9.020437573781237e-05
B22-84,Data\Annotated\B22-84_0\00220.png,0,9.69068132690154e-05
B22-84,Data\Annotated\B22-84_0\00582.png,1,9.721457900013775e-05
B22-84,Data\Annotated\B22-84_0\00627.png,1,0.00018777894729282707
B22-84,Data\Annotated\B22-84_0\00739.png,1,0.0001251115172635764
B22-84,Data\Annotated\B22-84_0\00959.png,0,0.00019618248916231096
B22-84,Data\Annotated\B22-84_0\01006.png,0,0.00014570281200576574
B22-84,Data\Annotated\B22-84_0\01013.png,0,0.00017496552027296275
B22-84,Data\Annotated\B22-84_0\01016.png,0,9.690946899354458e-05
B22-84,Data\Annotated\B22-84_0\01214.png,0,9.07243083929643e-05
B22-84,Data\Annotated\B22-84_0\01522.png,0,0.0002206910721724853
B22-84,Data\Annotated\B22-84_0\01534.png,0,0.00024656622554175556
B22-84,Data\Annotated\B22-84_0\01978.png,1,0.000194401916814968
B22-84,Data\Annotated\B22-84_0\01982.png,1,0.0002053834032267332
B22-84,Data\Annotated\B22-84_0\02890.png,0,0.00015788314340170473
B22-84,Data\Annotated\B22-84_0\02891.png,0,0.0001445725210942328
B22-84,Data\Annotated\B22-84_0\03675.png,0,0.00012263876851648092
B22-84,Data\Annotated\B22-84_0\03689.png,0,0.00012413600052241236
B22-109,Data\Annotated\B22-109_0\00017.png,0,9.063158358912915e-05
B22-109,Data\Annotated\B22-109_0\00320.png,0,0.00011256321158725768
B22-109,Data\Annotated\B22-109_0\00322.png,0,0.00016029916878324002
B22-109,Data\Annotated\B22-109_0\00323.png,0,9.512754331808537e-05
B22-125,Data\Annotated\B22-125_0\03028.png,0,0.00022301961143966764
B22-125,Data\Annotated\B22-125_0\03857.png,0,0.0002651343238539994
B22-124,Data\Annotated\B22-124_0\00902_Aug1.png,1,0.00012876243272330612
B22-124,Data\Annotated\B22-124_0\00902_Aug2.png,1,0.00012967767543159425
B22-124,Data\Annotated\B22-124_0\00902_Aug3.png,1,0.00012657890329137444
B22-124,Data\Annotated\B22-124_0\00902_Aug4.png,1,0.00013534756726585329
B22-124,Data\Annotated\B22-124_0\00902_Aug5.png,1,0.00012577977031469345
B22-124,Data\Annotated\B22-124_0\00902_Aug6.png,1,0.0001377999724354595
B22-124,Data\Annotated\B22-124_0\00902_Aug7.png,1,0.00012758570665027946
B22-124,Data\Annotated\B22-124_0\00902_Aug8.png,1,0.0001434669829905033
B22-46,Data\Annotated\B22-46_0\01039_Aug1.png,1,0.0002817570639308542
B22-46,Data\Annotated\B22-46_0\01039_Aug2.png,1,0.00028094492154195905
B22-46,Data\Annotated\B22-46_0\01039_Aug3.png,1,0.00029193528462201357
B22-46,Data\Annotated\B22-46_0\01039_Aug4.png,1,0.0002915464574471116
B22-46,Data\Annotated\B22-46_0\01039_Aug5.png,1,0.00029142986750230193
B22-46,Data\Annotated\B22-46_0\01039_Aug6.png,1,0.0002955714880954474
B22-46,Data\Annotated\B22-46_0\01039_Aug7.png,1,0.00029496231582015753
B22-46,Data\Annotated\B22-46_0\01039_Aug8.png,1,0.00030994496773928404
B22-46,Data\Annotated\B22-46_0\01291_Aug1.png,1,7.728807395324111e-05
B22-46,Data\Annotated\B22-46_0\01291_Aug2.png,1,8.317964966408908e-05
B22-46,Data\Annotated\B22-46_0\01291_Aug3.png,1,8.454865019302815e-05
B22-46,Data\Annotated\B22-46_0\01291_Aug4.png,1,7.445439405273646e-05
B22-46,Data\Annotated\B22-46_0\01291_Aug5.png,1,8.576994150644168e-05
B22-46,Data\Annotated\B22-46_0\01291_Aug6.png,1,7.30167594156228e-05
B22-46,Data\Annotated\B22-46_0\01291_Aug7.png,1,8.431506284978241e-05
B22-46,Data\Annotated\B22-46_0\01291_Aug8.png,1,7.521272345911711e-05
B22-46,Data\Annotated\B22-46_0\01338_Aug1.png,1,8.227924990933388e-05
B22-46,Data\Annotated\B22-46_0\01338_Aug2.png,1,7.48624952393584e-05
B22-46,Data\Annotated\B22-46_0\01338_Aug3.png,1,8.165194594766945e-05
B22-46,Data\Annotated\B22-46_0\01338_Aug4.png,1,7.200053369160742e-05
B22-46,Data\Annotated\B22-46_0\01338_Aug5.png,1,8.769568376010284e-05
B22-46,Data\Annotated\B22-46_0\01338_Aug6.png,1,7.032342546153814e-05
B22-46,Data\Annotated\B22-46_0\01338_Aug7.png,1,8.634493860881776e-05
B22-46,Data\Annotated\B22-46_0\01338_Aug8.png,1,7.405332871712744e-05
B22-46,Data\Annotated\B22-46_0\01340_Aug1.png,1,8.067250018939376e-05
B22-46,Data\Annotated\B22-46_0\01340_Aug2.png,1,8.132742368616164e-05
B22-46,Data\Annotated\B22-46_0\01340_Aug3.png,1,8.238625014200807e-05
B22-46,Data\Annotated\B22-46_0\01340_Aug4.png,1,7.992203609319404e-05
B22-46,Data\Annotated\B22-46_0\01340_Aug5.png,1,8.512663043802604e-05
B22-46,Data\Annotated\B22-46_0\01340_Aug6.png,1,8.015741332201287e-05
B22-46,Data\Annotated\B22-46_0\01340_Aug7.png,1,8.476554648950696e-05
B22-46,Data\Annotated\B22-46_0\01340_Aug8.png,1,7.876424206187949e-05
B22-170,Data\Annotated\B22-170_0\00949_Aug1.png,1,0.00014319641923066229
B22-170,Data\Annotated\B22-170_0\00949_Aug2.png,1,0.0001451340358471498
B22-170,Data\Annotated\B22-170_0\00949_Aug3.png,1,0.00013613683404400945
B22-170,Data\Annotated\B22-170_0\00949_Aug4.png,1,0.0001471672294428572
B22-170,Data\Annotated\B22-170_0\00949_Aug5.png,1,0.00012987220543436706
B22-170,Data\Annotated\B22-170_0\00949_Aug6.png,1,0.00014843755343463272
B22-170,Data\Annotated\B22-170_0\00949_Aug7.png,1,0.00012445065658539534
B22-170,Data\Annotated\B22-170_0\00949_Aug8.png,1,0.0001461796200601384
B22-170,Data\Annotated\B22-170_0\01015_Aug1.png,1,0.0002328551490791142
B22-170,Data\Annotated\B22-170_0\01015_Aug2.png,1,0.00023386631801258773
B22-170,Data\Annotated\B22-170_0\01015_Aug3.png,1,0.0002271829725941643
B22-170,Data\Annotated\B22-170_0\01015_Aug4.png,1,0.00022034000721760094
B22-170,Data\Annotated\B22-170_0\01015_Aug5.png,1,0.00021409835608210415
B22-170,Data\Annotated\B22-170_0\01015_Aug6.png,1,0.00020857730123680085
B22-170,Data\Annotated\B22-170_0\01015_Aug7.png,1,0.00020735140424221754
B22-170,Data\Annotated\B22-170_0\01015_Aug8.png,1,0.00019327722839079797
B22-170,Data\Annotated\B22-170_0\01094_Aug1.png,1,0.0003115098224952817
B22-170,Data\Annotated\B22-170_0\01094_Aug2.png,1,0.0003112246922682971
B22-170,Data\Annotated\B22-170_0\01094_Aug3.png,1,0.00031283567659556866
B22-170,Data\Annotated\B22-170_0\01094_Aug4.png,1,0.0003104790230281651
B22-170,Data\Annotated\B22-170_0\01094_Aug5.png,1,0.0003133200225420296
B22-170,Data\Annotated\B22-170_0\01094_Aug6.png,1,0.00032291279057972133
B22-170,Data\Annotated\B22-170_0\01094_Aug7.png,1,0.0003126618976239115
B22-170,Data\Annotated\B22-170_0\01094_Aug8.png,1,0.00031234751804731786
B22-37,Data\Annotated\B22-37_0\00045_Aug1.png,1,7.580954115837812e-05
B22-37,Data\Annotated\B22-37_0\00045_Aug2.png,1,7.917580660432577e-05
B22-37,Data\Annotated\B22-37_0\00045_Aug3.png,1,7.591032044729218e-05
B22-37,Data\Annotated\B22-37_0\00045_Aug4.png,1,7.629874744452536e-05
B22-37,Data\Annotated\B22-37_0\00045_Aug5.png,1,7.600824756082147e-05
B22-37,Data\Annotated\B22-37_0\00045_Aug6.png,1,7.643977005500346e-05
B22-37,Data\Annotated\B22-37_0\00045_Aug7.png,1,7.456507591996342e-05
B22-37,Data\Annotated\B22-37_0\00045_Aug8.png,1,7.548718713223934e-05
B22-37,Data\Annotated\B22-37_0\00272_Aug1.png,1,0.00011418880603741854
B22-37,Data\Annotated\B22-37_0\00272_Aug2.png,1,0.00011418880603741854
B22-37,Data\Annotated\B22-37_0\00272_Aug3.png,1,0.000117237534141168
B22-37,Data\Annotated\B22-37_0\00272_Aug4.png,1,0.00011655385605990887
B22-37,Data\Annotated\B22-37_0\00272_Aug5.png,1,0.00012341749970801175
B22-37,Data\Annotated\B22-37_0\00272_Aug6.png,1,0.00012341749970801175
B22-37,Data\Annotated\B22-37_0\00272_Aug7.png,1,0.00012742137187160552
B22-37,Data\Annotated\B22-37_0\00272_Aug8.png,1,0.00012909421639051288
B22-37,Data\Annotated\B22-37_0\00919_Aug1.png,1,8.641759632155299e-05
B22-37,Data\Annotated\B22-37_0\00919_Aug2.png,1,8.500546391587704e-05
B22-37,Data\Annotated\B22-37_0\00919_Aug3.png,1,8.633422839920968e-05
B22-37,Data\Annotated\B22-37_0\00919_Aug4.png,1,8.724589133635163e-05
B22-37,Data\Annotated\B22-37_0\00919_Aug5.png,1,8.647626964375377e-05
B22-37,Data\Annotated\B22-37_0\00919_Aug6.png,1,8.80813313415274e-05
B22-37,Data\Annotated\B22-37_0\00919_Aug7.png,1,8.797842019703239e-05
B22-37,Data\Annotated\B22-37_0\00919_Aug8.png,1,8.907220762921497e-05
B22-304,Data\Annotated\B22-304_0\00314_Aug1.png,1,0.0003771079354919493
B22-304,Data\Annotated\B22-304_0\00314_Aug2.png,1,0.00039450626354664564
B22-304,Data\Annotated\B22-304_0\00314_Aug3.png,1,0.00036243812064640224
B22-304,Data\Annotated\B22-304_0\00314_Aug4.png,1,0.0003797370591200888
B22-304,Data\Annotated\B22-304_0\00314_Aug5.png,1,0.0003639240167103708
B22-304,Data\Annotated\B22-304_0\00314_Aug6.png,1,0.0003678955545183271
B22-304,Data\Annotated\B22-304_0\00314_Aug7.png,1,0.0003754033241420984
B22-304,Data\Annotated\B22-304_0\00314_Aug8.png,1,0.0003529294044710696
B22-304,Data\Annotated\B22-304_0\00318_Aug1.png,1,0.00037105841329321265
B22-304,Data\Annotated\B22-304_0\00318_Aug2.png,1,0.00037105841329321265
B22-304,Data\Annotated\B22-304_0\00318_Aug3.png,1,0.00034111033892259
B22-304,Data\Annotated\B22-304_0\00318_Aug4.png,1,0.00034111033892259
B22-304,Data\Annotated\B22-304_0\00318_Aug5.png,1,0.0003223496023565531
B22-304,Data\Annotated\B22-304_0\00318_Aug6.png,1,0.0003223496023565531
B22-304,Data\Annotated\B22-304_0\00318_Aug7.png,1,0.0003021528827957809
B22-304,Data\Annotated\B22-304_0\00318_Aug8.png,1,0.0003021528827957809
B22-304,Data\Annotated\B22-304_0\00381_Aug1.png,1,0.00037977565079927444
B22-304,Data\Annotated\B22-304_0\00381_Aug2.png,1,0.00034411170054227114
B22-304,Data\Annotated\B22-304_0\00381_Aug3.png,1,0.00042936086538247764
B22-304,Data\Annotated\B22-304_0\00381_Aug4.png,1,0.0003309258900117129
B22-304,Data\Annotated\B22-304_0\00381_Aug5.png,1,0.0004880416381638497
B22-304,Data\Annotated\B22-304_0\00381_Aug6.png,1,0.00032177206594496965
B22-304,Data\Annotated\B22-304_0\00381_Aug7.png,1,0.0005402099923230708
B22-304,Data\Annotated\B22-304_0\00381_Aug8.png,1,0.00029411492869257927
B22-304,Data\Annotated\B22-304_0\00783_Aug1.png,1,0.0004400104226078838
B22-304,Data\Annotated\B22-304_0\00783_Aug2.png,1,0.00046231094165705144
B22-304,Data\Annotated\B22-304_0\00783_Aug3.png,1,0.00046203751116991043
B22-304,Data\Annotated\B22-304_0\00783_Aug4.png,1,0.0004759846196975559
B22-304,Data\Annotated\B22-304_0\00783_Aug5.png,1,0.0004557975917123258
B22-304,Data\Annotated\B22-304_0\00783_Aug6.png,1,0.0004840529873035848
B22-304,Data\Annotated\B22-304_0\00783_Aug7.png,1,0.000448339938884601
B22-304,Data\Annotated\B22-304_0\00783_Aug8.png,1,0.0005072833737358451
B22-304,Data\Annotated\B22-304_0\00973_Aug1.png,1,0.0002253815473522991
B22-304,Data\Annotated\B22-304_0\00973_Aug2.png,1,0.000231984507991001
B22-304,Data\Annotated\B22-304_0\00973_Aug3.png,1,0.00023370946291834116
B22-304,Data\Annotated\B22-304_0\00973_Aug4.png,1,0.00023000151850283146
B22-304,Data\Annotated\B22-304_0\00973_Aug5.png,1,0.00023928795417305082
B22-304,Data\Annotated\B22-304_0\00973_Aug6.png,1,0.0002252299163956195
B22-304,Data\Annotated\B22-304_0\00973_Aug7.png,1,0.00024076449335552752
B22-304,Data\Annotated\B22-304_0\00973_Aug8.png,1,0.00021883366571273655
B22-304,Data\Annotated\B22-304_0\01044_Aug1.png,1,0.0006218921625986695
B22-304,Data\Annotated\B22-304_0\01044_Aug2.png,1,0.0006879044231027365
B22-304,Data\Annotated\B22-304_0\01044_Aug3.png,1,0.0005650598322972655
B22-304,Data\Annotated\B22-304_0\01044_Aug4.png,1,0.0007003661012277007
B22-304,Data\Annotated\B22-304_0\01044_Aug5.png,1,0.0005123505252413452
B22-304,Data\Annotated\B22-304_0\01044_Aug6.png,1,0.0006449945503845811
B22-304,Data\Annotated\B22-304_0\01044_Aug7.png,1,0.00045561965089291334
B22-304,Data\Annotated\B22-304_0\01044_Aug8.png,1,0.0006106900400482118
B22-304,Data\Annotated\B22-304_0\01100_Aug1.png,1,0.00026794461882673204
B22-304,Data\Annotated\B22-304_0\01100_Aug2.png,1,0.00029585795709863305
B22-304,Data\Annotated\B22-304_0\01100_Aug3.png,1,0.0002538437838666141
B22-304,Data\Annotated\B22-304_0\01100_Aug4.png,1,0.00030390650499612093
B22-304,Data\Annotated\B22-304_0\01100_Aug5.png,1,0.0002488868485670537
B22-304,Data\Annotated\B22-304_0\01100_Aug6.png,1,0.0003163964138366282
B22-304,Data\Annotated\B22-304_0\01100_Aug7.png,1,0.0002439779054839164
B22-304,Data\Annotated\B22-304_0\01100_Aug8.png,1,0.0003368982579559088
B22-304,Data\Annotated\B22-304_0\01658_Aug1.png,1,0.0002797614724840969
B22-304,Data\Annotated\B22-304_0\01658_Aug2.png,1,0.00028622517129406333
B22-304,Data\Annotated\B22-304_0\01658_Aug3.png,1,0.000270825024927035
B22-304,Data\Annotated\B22-304_0\01658_Aug4.png,1,0.0002824672556016594
B22-304,Data\Annotated\B22-304_0\01658_Aug5.png,1,0.0002752198197413236
B22-304,Data\Annotated\B22-304_0\01658_Aug6.png,1,0.00028163177194073796
B22-304,Data\Annotated\B22-304_0\01658_Aug7.png,1,0.0002674677816685289
B22-304,Data\Annotated\B22-304_0\01658_Aug8.png,1,0.0002844856062438339
B22-304,Data\Annotated\B22-304_0\01757_Aug1.png,1,0.0002636875433381647
B22-304,Data\Annotated\B22-304_0\01757_Aug2.png,1,0.00025243478012271225
B22-304,Data\Annotated\B22-304_0\01757_Aug3.png,1,0.0002869269228540361
B22-304,Data\Annotated\B22-304_0\01757_Aug4.png,1,0.0002524456649553031
B22-304,Data\Annotated\B22-304_0\01757_Aug5.png,1,0.00029790200642310083
B22-304,Data\Annotated\B22-304_0\01757_Aug6.png,1,0.00026244783657602966
B22-304,Data\Annotated\B22-304_0\01757_Aug7.png,1,0.00030950247310101986
B22-304,Data\Annotated\B22-304_0\01757_Aug8.png,1,0.0002661000471562147
B22-296,Data\Annotated\B22-296_0\00307_Aug1.png,1,0.00012451500515453517
B22-296,Data\Annotated\B22-296_0\00307_Aug2.png,1,0.00012427788169588894
B22-296,Data\Annotated\B22-296_0\00307_Aug3.png,1,0.00012297811917960644
B22-296,Data\Annotated\B22-296_0\00307_Aug4.png,1,0.00012389299809001386
B22-296,Data\Annotated\B22-296_0\00307_Aug5.png,1,0.00012079723819624633
B22-296,Data\Annotated\B22-296_0\00307_Aug6.png,1,0.00012416549725458026
B22-296,Data\Annotated\B22-296_0\00307_Aug7.png,1,0.00011887926666531712
B22-296,Data\Annotated\B22-296_0\00307_Aug8.png,1,0.00012745981803163886
B22-155,Data\Annotated\B22-155_0\00065_Aug1.png,1,7.827056106179953e-05
B22-155,Data\Annotated\B22-155_0\00065_Aug2.png,1,7.578697841381654e-05
B22-155,Data\Annotated\B22-155_0\00065_Aug3.png,1,7.527614798163995e-05
B22-155,Data\Annotated\B22-155_0\00065_Aug4.png,1,7.265313615789637e-05
B22-155,Data\Annotated\B22-155_0\00065_Aug5.png,1,7.245704182423651e-05
B22-155,Data\Annotated\B22-155_0\00065_Aug6.png,1,7.309805369004607e-05
B22-155,Data\Annotated\B22-155_0\00065_Aug7.png,1,7.105650729499757e-05
B22-155,Data\Annotated\B22-155_0\00065_Aug8.png,1,7.01443204889074e-05
B22-155,Data\Annotated\B22-155_0\00137_Aug1.png,1,0.0004319082945585251
B22-155,Data\Annotated\B22-155_0\00137_Aug2.png,1,0.00046386662870645523
B22-155,Data\Annotated\B22-155_0\00137_Aug3.png,1,0.00042243473581038415
B22-155,Data\Annotated\B22-155_0\00137_Aug4.png,1,0.00045618927106261253
B22-155,Data\Annotated\B22-155_0\00137_Aug5.png,1,0.00040163155063055456
B22-155,Data\Annotated\B22-155_0\00137_Aug6.png,1,0.0004793662519659847
B22-155,Data\Annotated\B22-155_0\00137_Aug7.png,1,0.0003969079989474267
B22-155,Data\Annotated\B22-155_0\00137_Aug8.png,1,0.0004765986232087016
B22-155,Data\Annotated\B22-155_0\00317_Aug1.png,1,0.000192119725397788
B22-155,Data\Annotated\B22-155_0\00317_Aug2.png,1,0.00019285219605080783
B22-155,Data\Annotated\B22-155_0\00317_Aug3.png,1,0.0001986233692150563
B22-155,Data\Annotated\B22-155_0\00317_Aug4.png,1,0.0001885335659608245
B22-155,Data\Annotated\B22-155_0\00317_Aug5.png,1,0.000201739021576941
B22-155,Data\Annotated\B22-155_0\00317_Aug6.png,1,0.00018658084445632994
B22-155,Data\Annotated\B22-155_0\00317_Aug7.png,1,0.00020386333926580846
B22-155,Data\Annotated\B22-155_0\00317_Aug8.png,1,0.00018616908346302807
B22-155,Data\Annotated\B22-155_0\00588_Aug1.png,1,0.00023782718926668167
B22-155,Data\Annotated\B22-155_0\00588_Aug2.png,1,0.0002396050695097074
B22-155,Data\Annotated\B22-155_0\00588_Aug3.png,1,0.00023749048705212772
B22-155,Data\Annotated\B22-155_0\00588_Aug4.png,1,0.0002587046183180064
B22-155,Data\Annotated\B22-155_0\00588_Aug5.png,1,0.0002505838347133249
B22-155,Data\Annotated\B22-155_0\00588_Aug6.png,1,0.0002630157396197319
B22-155,Data\Annotated\B22-155_0\00588_Aug7.png,1,0.0002430428721709177
B22-155,Data\Annotated\B22-155_0\00588_Aug8.png,1,0.00026142282877117395
B22-155,Data\Annotated\B22-155_0\00994_Aug1.png,1,0.00015848895418457687
B22-155,Data\Annotated\B22-155_0\00994_Aug2.png,1,0.00016668472380843014
B22-155,Data\Annotated\B22-155_0\00994_Aug3.png,1,0.0001574567286297679
B22-155,Data\Annotated\B22-155_0\00994_Aug4.png,1,0.00016550044529139996
B22-155,Data\Annotated\B22-155_0\00994_Aug5.png,1,0.00015597887977492064
B22-155,Data\Annotated\B22-155_0\00994_Aug6.png,1,0.00015807233285158873
B22-155,Data\Annotated\B22-155_0\00994_Aug7.png,1,0.0001550573797430843
B22-155,Data\Annotated\B22-155_0\00994_Aug8.png,1,0.00015666524996049702
B22-155,Data\Annotated\B22-155_0\01688_Aug1.png,1,0.000271637924015522
B22-155,Data\Annotated\B22-155_0\01688_Aug2.png,1,0.0002655810094438493
B22-155,Data\Annotated\B22-155_0\01688_Aug3.png,1,0.00027259328635409474
B22-155,Data\Annotated\B22-155_0\01688_Aug4.png,1,0.00025859184097498655
B22-155,Data\Annotated\B22-155_0\01688_Aug5.png,1,0.0002747602411545813
B22-155,Data\Annotated\B22-155_0\01688_Aug6.png,1,0.00024397402012255043
B22-155,Data\Annotated\B22-155_0\01688_Aug7.png,1,0.0002842045796569437
B22-155,Data\Annotated\B22-155_0\01688_Aug8.png,1,0.0002508951583877206
B22-155,Data\Annotated\B22-155_0\01760_Aug1.png,1,0.00013861387560609728
B22-155,Data\Annotated\B22-155_0\01760_Aug2.png,1,0.00014705362264066935
B22-155,Data\Annotated\B22-155_0\01760_Aug3.png,1,0.0001358299341518432
B22-155,Data\Annotated\B22-155_0\01760_Aug4.png,1,0.00015696647460572422
B22-155,Data\Annotated\B22-155_0\01760_Aug5.png,1,0.00013595129712484777
B22-155,Data\Annotated\B22-155_0\01760_Aug6.png,1,0.00015813871868886054
B22-155,Data\Annotated\B22-155_0\01760_Aug7.png,1,0.00013472832506522536
B22-155,Data\Annotated\B22-155_0\01760_Aug8.png,1,0.00015687406994402409
B22-155,Data\Annotated\B22-155_0\01782_Aug1.png,1,0.00018752556934487075
B22-155,Data\Annotated\B22-155_0\01782_Aug2.png,1,0.0001757718127919361
B22-155,Data\Annotated\B22-155_0\01782_Aug3.png,1,0.00017708083032630384
B22-155,Data\Annotated\B22-155_0\01782_Aug4.png,1,0.0001632060157135129
B22-155,Data\Annotated\B22-155_0\01782_Aug5.png,1,0.00017759675392881036
B22-155,Data\Annotated\B22-155_0\01782_Aug6.png,1,0.00016328474157489836
B22-155,Data\Annotated\B22-155_0\01782_Aug7.png,1,0.00017785180534701794
B22-155,Data\Annotated\B22-155_0\01782_Aug8.png,1,0.00016083171067293733
B22-155,Data\Annotated\B22-155_0\01909_Aug1.png,1,0.00010347135685151443
B22-155,Data\Annotated\B22-155_0\01909_Aug2.png,1,0.00010504400415811688
B22-155,Data\Annotated\B22-155_0\01909_Aug3.png,1,0.00010428187670186162
B22-155,Data\Annotated\B22-155_0\01909_Aug4.png,1,0.00010520056821405888
B22-155,Data\Annotated\B22-155_0\01909_Aug5.png,1,0.00010155170457437634
B22-155,Data\Annotated\B22-155_0\01909_Aug6.png,1,0.00010147066495846957
B22-155,Data\Annotated\B22-155_0\01909_Aug7.png,1,9.952955588232726e-05
B22-155,Data\Annotated\B22-155_0\01909_Aug8.png,1,9.933293040376157e-05
B22-155,Data\Annotated\B22-155_0\02106_Aug1.png,1,0.0002417874347884208
B22-155,Data\Annotated\B22-155_0\02106_Aug2.png,1,0.00023974859504960477
B22-155,Data\Annotated\B22-155_0\02106_Aug3.png,1,0.00023479652008973062
B22-155,Data\Annotated\B22-155_0\02106_Aug4.png,1,0.00024300100631080568
B22-155,Data\Annotated\B22-155_0\02106_Aug5.png,1,0.00023923143453430384
B22-155,Data\Annotated\B22-155_0\02106_Aug6.png,1,0.0002451969194225967
B22-155,Data\Annotated\B22-155_0\02106_Aug7.png,1,0.00024452502839267254
B22-155,Data\Annotated\B22-155_0\02106_Aug8.png,1,0.0002411895402474329
B22-155,Data\Annotated\B22-155_0\02125_Aug1.png,1,0.00031471651163883507
B22-155,Data\Annotated\B22-155_0\02125_Aug2.png,1,0.00032170064514502883
B22-155,Data\Annotated\B22-155_0\02125_Aug3.png,1,0.0003049029619432986
B22-155,Data\Annotated\B22-155_0\02125_Aug4.png,1,0.00032644899329170585
B22-155,Data\Annotated\B22-155_0\02125_Aug5.png,1,0.00029612507205456495
B22-155,Data\Annotated\B22-155_0\02125_Aug6.png,1,0.0003181909560225904
B22-155,Data\Annotated\B22-155_0\02125_Aug7.png,1,0.00028641422977671027
B22-155,Data\Annotated\B22-155_0\02125_Aug8.png,1,0.0003100829489994794
B22-155,Data\Annotated\B22-155_0\02185_Aug1.png,1,0.00017798529006540775
B22-155,Data\Annotated\B22-155_0\02185_Aug2.png,1,0.00015587516827508807
B22-155,Data\Annotated\B22-155_0\02185_Aug3.png,1,0.00018053842359222472
B22-155,Data\Annotated\B22-155_0\02185_Aug4.png,1,0.00015412837092299014
B22-155,Data\Annotated\B22-155_0\02185_Aug5.png,1,0.00017911579925566912
B22-155,Data\Annotated\B22-155_0\02185_Aug6.png,1,0.0001568855659570545
B22-155,Data\Annotated\B22-155_0\02185_Aug7.png,1,0.00018016269314102829
B22-155,Data\Annotated\B22-155_0\02185_Aug8.png,1,0.00015736708883196115
B22-155,Data\Annotated\B22-155_0\02338_Aug1.png,1,0.0001830976689234376
B22-155,Data\Annotated\B22-155_0\02338_Aug2.png,1,0.00016134846373461187
B22-155,Data\Annotated\B22-155_0\02338_Aug3.png,1,0.0001927019766299054
B22-155,Data\Annotated\B22-155_0\02338_Aug4.png,1,0.0001521764206700027
B22-155,Data\Annotated\B22-155_0\02338_Aug5.png,1,0.0002040452091023326
B22-155,Data\Annotated\B22-155_0\02338_Aug6.png,1,0.0001437103928765282
B22-155,Data\Annotated\B22-155_0\02338_Aug7.png,1,0.00019655036157928407
B22-155,Data\Annotated\B22-155_0\02338_Aug8.png,1,0.00013885521912015975
B22-155,Data\Annotated\B22-155_0\02987_Aug1.png,1,0.00011732435086742043
B22-155,Data\Annotated\B22-155_0\02987_Aug2.png,1,0.00012406532187014818
B22-155,Data\Annotated\B22-155_0\02987_Aug3.png,1,0.00011647000792436302
B22-155,Data\Annotated\B22-155_0\02987_Aug4.png,1,0.00013173482147976756
B22-155,Data\Annotated\B22-155_0\02987_Aug5.png,1,0.00011738011380657554
B22-155,Data\Annotated\B22-155_0\02987_Aug6.png,1,0.00014168057532515377
B22-155,Data\Annotated\B22-155_0\02987_Aug7.png,1,0.00011890626046806574
B22-155,Data\Annotated\B22-155_0\02987_Aug8.png,1,0.00015097280265763402
B22-155,Data\Annotated\B22-155_0\02989_Aug1.png,1,9.579585457686335e-05
B22-155,Data\Annotated\B22-155_0\02989_Aug2.png,1,9.752386540640146e-05
B22-155,Data\Annotated\B22-155_0\02989_Aug3.png,1,9.604557271813974e-05
B22-155,Data\Annotated\B22-155_0\02989_Aug4.png,1,0.00010006625961977988
B22-155,Data\Annotated\B22-155_0\02989_Aug5.png,1,9.538334415992722e-05
B22-155,Data\Annotated\B22-155_0\02989_Aug6.png,1,0.00010124986147275195
B22-155,Data\Annotated\B22-155_0\02989_Aug7.png,1,9.400366980116814e-05
B22-155,Data\Annotated\B22-155_0\02989_Aug8.png,1,0.00010140221274923533
B22-155,Data\Annotated\B22-155_0\03707_Aug1.png,1,0.00029926677234470844
B22-155,Data\Annotated\B22-155_0\03707_Aug2.png,1,0.00026858749333769083
B22-155,Data\Annotated\B22-155_0\03707_Aug3.png,1,0.00030519411666318774
B22-155,Data\Annotated\B22-155_0\03707_Aug4.png,1,0.0002699842443689704
B22-155,Data\Annotated\B22-155_0\03707_Aug5.png,1,0.00029990653274580836
B22-155,Data\Annotated\B22-155_0\03707_Aug6.png,1,0.0002869347808882594
B22-155,Data\Annotated\B22-155_0\03707_Aug7.png,1,0.00030568003421649337
B22-155,Data\Annotated\B22-155_0\03707_Aug8.png,1,0.000282354187220335
B22-155,Data\Annotated\B22-155_0\03998_Aug1.png,1,8.318474283441901e-05
B22-155,Data\Annotated\B22-155_0\03998_Aug2.png,1,7.883740909164771e-05
B22-155,Data\Annotated\B22-155_0\03998_Aug3.png,1,8.333558071171865e-05
B22-155,Data\Annotated\B22-155_0\03998_Aug4.png,1,7.65424920246005e-05
B22-155,Data\Annotated\B22-155_0\03998_Aug5.png,1,8.328627154696733e-05
B22-155,Data\Annotated\B22-155_0\03998_Aug6.png,1,7.603917765663937e-05
B22-155,Data\Annotated\B22-155_0\03998_Aug7.png,1,8.385447290493175e-05
B22-155,Data\Annotated\B22-155_0\03998_Aug8.png,1,7.476245082216337e-05
B22-155,Data\Annotated\B22-155_0\04070_Aug1.png,1,0.0002973389346152544
B22-155,Data\Annotated\B22-155_0\04070_Aug2.png,1,0.00032618208206258714
B22-155,Data\Annotated\B22-155_0\04070_Aug3.png,1,0.0002906816662289202
B22-155,Data\Annotated\B22-155_0\04070_Aug4.png,1,0.00032865485991351306
B22-155,Data\Annotated\B22-155_0\04070_Aug5.png,1,0.00026145236915908754
B22-155,Data\Annotated\B22-155_0\04070_Aug6.png,1,0.00033408263698220253
B22-155,Data\Annotated\B22-155_0\04070_Aug7.png,1,0.0002448461018502712
B22-155,Data\Annotated\B22-155_0\04070_Aug8.png,1,0.00034970787237398326
B22-155,Data\Annotated\B22-155_0\04382_Aug1.png,1,0.00017109086911659688
B22-155,Data\Annotated\B22-155_0\04382_Aug2.png,1,0.00017046451102942228
B22-155,Data\Annotated\B22-155_0\04382_Aug3.png,1,0.0001665821619099006
B22-155,Data\Annotated\B22-155_0\04382_Aug4.png,1,0.0001652990176808089
B22-155,Data\Annotated\B22-155_0\04382_Aug5.png,1,0.0001649493060540408
B22-155,Data\Annotated\B22-155_0\04382_Aug6.png,1,0.00016579218208789825
B22-155,Data\Annotated\B22-155_0\04382_Aug7.png,1,0.00016150872397702187
B22-155,Data\Annotated\B22-155_0\04382_Aug8.png,1,0.00016042189963627607
B22-155,Data\Annotated\B22-155_0\04440_Aug1.png,1,0.00014964751608204097
B22-155,Data\Annotated\B22-155_0\04440_Aug2.png,1,0.00015075216651894152
B22-155,Data\Annotated\B22-155_0\04440_Aug3.png,1,0.0001515272306278348
B22-155,Data\Annotated\B22-155_0\04440_Aug4.png,1,0.00015684435493312776
B22-155,Data\Annotated\B22-155_0\04440_Aug5.png,1,0.0001531303714727983
B22-155,Data\Annotated\B22-155_0\04440_Aug6.png,1,0.00016090052668005228
B22-155,Data\Annotated\B22-155_0\04440_Aug7.png,1,0.0001467796100769192
B22-155,Data\Annotated\B22-155_0\04440_Aug8.png,1,0.0001610706385690719
B22-155,Data\Annotated\B22-155_0\04763_Aug1.png,1,0.00027115404373034835
B22-155,Data\Annotated\B22-155_0\04763_Aug2.png,1,0.0002835111226886511
B22-155,Data\Annotated\B22-155_0\04763_Aug3.png,1,0.0002836707863025367
B22-155,Data\Annotated\B22-155_0\04763_Aug4.png,1,0.0002789471473079175
B22-155,Data\Annotated\B22-155_0\04763_Aug5.png,1,0.0002958538825623691
B22-155,Data\Annotated\B22-155_0\04763_Aug6.png,1,0.00027729777502827346
B22-155,Data\Annotated\B22-155_0\04763_Aug7.png,1,0.0003238231875002384
B22-155,Data\Annotated\B22-155_0\04763_Aug8.png,1,0.0002749921113718301
B22-45,Data\Annotated\B22-45_0\00741_Aug1.png,1,0.00010054444283014163
B22-45,Data\Annotated\B22-45_0\00741_Aug2.png,1,0.00010530393774388358
B22-45,Data\Annotated\B22-45_0\00741_Aug3.png,1,9.834634693106636e-05
B22-45,Data\Annotated\B22-45_0\00741_Aug4.png,1,0.0001049984639394097
B22-45,Data\Annotated\B22-45_0\00741_Aug5.png,1,0.00010043045040220022
B22-45,Data\Annotated\B22-45_0\00741_Aug6.png,1,0.00010433704301249236
B22-45,Data\Annotated\B22-45_0\00741_Aug7.png,1,0.00010346014460083097
B22-45,Data\Annotated\B22-45_0\00741_Aug8.png,1,0.00010380214371252805
B22-45,Data\Annotated\B22-45_0\01027_Aug1.png,1,0.0001024614175548777
B22-45,Data\Annotated\B22-45_0\01027_Aug2.png,1,0.00010114517499459907
B22-45,Data\Annotated\B22-45_0\01027_Aug3.png,1,0.00010029036639025435
B22-45,Data\Annotated\B22-45_0\01027_Aug4.png,1,0.00010028356336988509
B22-45,Data\Annotated\B22-45_0\01027_Aug5.png,1,0.0001025084056891501
B22-45,Data\Annotated\B22-45_0\01027_Aug6.png,1,0.00010118100180989131
B22-45,Data\Annotated\B22-45_0\01027_Aug7.png,1,0.00010299533460056409
B22-45,Data\Annotated\B22-45_0\01027_Aug8.png,1,0.00010340715380152687
B22-45,Data\Annotated\B22-45_0\01059_Aug1.png,1,0.00014968229515943676
B22-45,Data\Annotated\B22-45_0\01059_Aug2.png,1,0.00015239202184602618
B22-45,Data\Annotated\B22-45_0\01059_Aug3.png,1,0.00014636365813203156
B22-45,Data\Annotated\B22-45_0\01059_Aug4.png,1,0.00014662006287835538
B22-45,Data\Annotated\B22-45_0\01059_Aug5.png,1,0.00014926840958651155
B22-45,Data\Annotated\B22-45_0\01059_Aug6.png,1,0.00014585512690246105
B22-45,Data\Annotated\B22-45_0\01059_Aug7.png,1,0.00014824839308857918
B22-45,Data\Annotated\B22-45_0\01059_Aug8.png,1,0.0001467960246372968
B22-264,Data\Annotated\B22-264_0\01511_Aug1.png,1,0.0002034034114331007
B22-264,Data\Annotated\B22-264_0\01511_Aug2.png,1,0.0002034034114331007
B22-264,Data\Annotated\B22-264_0\01511_Aug3.png,1,0.00020279057207517326
B22-264,Data\Annotated\B22-264_0\01511_Aug4.png,1,0.00020279057207517326
B22-264,Data\Annotated\B22-264_0\01511_Aug5.png,1,0.00020136240345891565
B22-264,Data\Annotated\B22-264_0\01511_Aug6.png,1,0.00020136238890700042
B22-264,Data\Annotated\B22-264_0\01511_Aug7.png,1,0.00020706604118458927
B22-264,Data\Annotated\B22-264_0\01511_Aug8.png,1,0.00020706604118458927
B22-138,Data\Annotated\B22-138_0\00200_Aug1.png,1,7.403736526612192e-05
B22-138,Data\Annotated\B22-138_0\00200_Aug2.png,1,7.655036461073905e-05
B22-138,Data\Annotated\B22-138_0\00200_Aug3.png,1,7.510479190386832e-05
B22-138,Data\Annotated\B22-138_0\00200_Aug4.png,1,7.587337313452736e-05
B22-138,Data\Annotated\B22-138_0\00200_Aug5.png,1,7.48406964703463e-05
B22-138,Data\Annotated\B22-138_0\00200_Aug6.png,1,7.800685125403106e-05
B22-138,Data\Annotated\B22-138_0\00200_Aug7.png,1,7.702482253080234e-05
B22-138,Data\Annotated\B22-138_0\00200_Aug8.png,1,7.831862603779882e-05
B22-138,Data\Annotated\B22-138_0\00351_Aug1.png,1,8.6961779743433e-05
B22-138,Data\Annotated\B22-138_0\00351_Aug2.png,1,8.132234506774694e-05
B22-138,Data\Annotated\B22-138_0\00351_Aug3.png,1,8.689273818163201e-05
B22-138,Data\Annotated\B22-138_0\00351_Aug4.png,1,7.960422954056412e-05
B22-138,Data\Annotated\B22-138_0\00351_Aug5.png,1,9.065406629815698e-05
B22-138,Data\Annotated\B22-138_0\00351_Aug6.png,1,7.983651448739693e-05
B22-138,Data\Annotated\B22-138_0\00351_Aug7.png,1,8.84017426869832e-05
B22-138,Data\Annotated\B22-138_0\00351_Aug8.png,1,7.933162851259112e-05
B22-138,Data\Annotated\B22-138_0\00361_Aug1.png,1,9.102297917706892e-05
B22-138,Data\Annotated\B22-138_0\00361_Aug2.png,1,9.1026202426292e-05
B22-138,Data\Annotated\B22-138_0\00361_Aug3.png,1,9.703917748993263e-05
B22-138,Data\Annotated\B22-138_0\00361_Aug4.png,1,9.05334236449562e-05
B22-138,Data\Annotated\B22-138_0\00361_Aug5.png,1,9.948558727046475e-05
B22-138,Data\Annotated\B22-138_0\00361_Aug6.png,1,9.384524310007691e-05
B22-138,Data\Annotated\B22-138_0\00361_Aug7.png,1,9.513496479485184e-05
B22-138,Data\Annotated\B22-138_0\00361_Aug8.png,1,0.0001035581371979788
B22-138,Data\Annotated\B22-138_0\00379_Aug1.png,1,0.00010387145448476076
B22-138,Data\Annotated\B22-138_0\00379_Aug2.png,1,0.00010493062291061506
B22-138,Data\Annotated\B22-138_0\00379_Aug3.png,1,0.00010176319483434781
B22-138,Data\Annotated\B22-138_0\00379_Aug4.png,1,0.00010490803106222302
B22-138,Data\Annotated\B22-138_0\00379_Aug5.png,1,9.963572665583342e-05
B22-138,Data\Annotated\B22-138_0\00379_Aug6.png,1,0.00010755383118521422
B22-138,Data\Annotated\B22-138_0\00379_Aug7.png,1,9.758980013430119e-05
B22-138,Data\Annotated\B22-138_0\00379_Aug8.png,1,0.00010745591134764254
B22-138,Data\Annotated\B22-138_0\00497_Aug1.png,1,0.00012943302863277495
B22-138,Data\Annotated\B22-138_0\00497_Aug2.png,1,0.00012745140702463686
B22-138,Data\Annotated\B22-138_0\00497_Aug3.png,1,0.00012605100346263498
B22-138,Data\Annotated\B22-138_0\00497_Aug4.png,1,0.00012590555706992745
B22-138,Data\Annotated\B22-138_0\00497_Aug5.png,1,0.00012575356231536716
B22-138,Data\Annotated\B22-138_0\00497_Aug6.png,1,0.00012929950025863945
B22-138,Data\Annotated\B22-138_0\00497_Aug7.png,1,0.00012720974336843938
B22-138,Data\Annotated\B22-138_0\00497_Aug8.png,1,0.0001269721833523363
B22-138,Data\Annotated\B22-138_0\00699_Aug1.png,1,8.751320274313912e-05
B22-138,Data\Annotated\B22-138_0\00699_Aug2.png,1,8.436286589130759e-05
B22-138,Data\Annotated\B22-138_0\00699_Aug3.png,1,8.728999819140881e-05
B22-138,Data\Annotated\B22-138_0\00699_Aug4.png,1,8.29502969281748e-05
B22-138,Data\Annotated\B22-138_0\00699_Aug5.png,1,8.708317182026803e-05
B22-138,Data\Annotated\B22-138_0\00699_Aug6.png,1,8.232089749071747e-05
B22-138,Data\Annotated\B22-138_0\00699_Aug7.png,1,9.031692752614617e-05
B22-138,Data\Annotated\B22-138_0\00699_Aug8.png,1,8.111852366710082e-05
B22-138,Data\Annotated\B22-138_0\00879_Aug1.png,1,0.0001257989788427949
B22-138,Data\Annotated\B22-138_0\00879_Aug2.png,1,0.00012864606105722487
B22-138,Data\Annotated\B22-138_0\00879_Aug3.png,1,0.00012033394887112081
B22-138,Data\Annotated\B22-138_0\00879_Aug4.png,1,0.0001265897590201348
B22-138,Data\Annotated\B22-138_0\00879_Aug5.png,1,0.00011440976231824607
B22-138,Data\Annotated\B22-138_0\00879_Aug6.png,1,0.00012285697448533028
B22-138,Data\Annotated\B22-138_0\00879_Aug7.png,1,0.00010602342081256211
B22-138,Data\Annotated\B22-138_0\00879_Aug8.png,1,0.0001204454165417701
B22-138,Data\Annotated\B22-138_0\00892_Aug1.png,1,8.010113378986716e-05
B22-138,Data\Annotated\B22-138_0\00892_Aug2.png,1,7.814724813215435e-05
B22-138,Data\Annotated\B22-138_0\00892_Aug3.png,1,8.185869955923408e-05
B22-138,Data\Annotated\B22-138_0\00892_Aug4.png,1,7.651187479496002e-05
B22-138,Data\Annotated\B22-138_0\00892_Aug5.png,1,8.508475730195642e-05
B22-138,Data\Annotated\B22-138_0\00892_Aug6.png,1,7.651455234736204e-05
B22-138,Data\Annotated\B22-138_0\00892_Aug7.png,1,8.579691348131746e-05
B22-138,Data\Annotated\B22-138_0\00892_Aug8.png,1,7.55699657020159e-05
B22-138,Data\Annotated\B22-138_0\01263_Aug1.png,1,0.00010304580064257607
B22-138,Data\Annotated\B22-138_0\01263_Aug2.png,1,0.00010850734543055296
B22-138,Data\Annotated\B22-138_0\01263_Aug3.png,1,0.00010003818169934675
B22-138,Data\Annotated\B22-138_0\01263_Aug4.png,1,0.00011032163456548005
B22-138,Data\Annotated\B22-138_0\01263_Aug5.png,1,0.00010025937808677554
B22-138,Data\Annotated\B22-138_0\01263_Aug6.png,1,0.0001069479767465964
B22-138,Data\Annotated\B22-138_0\01263_Aug7.png,1,9.359430987387896e-05
B22-138,Data\Annotated\B22-138_0\01263_Aug8.png,1,0.00011259758321102709
B22-138,Data\Annotated\B22-138_0\01330_Aug1.png,1,6.831192877143621e-05
B22-138,Data\Annotated\B22-138_0\01330_Aug2.png,1,8.313214493682608e-05
B22-138,Data\Annotated\B22-138_0\01330_Aug3.png,1,5.8495206758379936e-05
B22-138,Data\Annotated\B22-138_0\01330_Aug4.png,1,8.785339741734788e-05
B22-138,Data\Annotated\B22-138_0\01330_Aug5.png,1,5.4339539929060265e-05
B22-138,Data\Annotated\B22-138_0\01330_Aug6.png,1,9.260680963052437e-05
B22-138,Data\Annotated\B22-138_0\01330_Aug7.png,1,5.173839599592611e-05
B22-138,Data\Annotated\B22-138_0\01330_Aug8.png,1,9.661082731327042e-05
B22-138,Data\Annotated\B22-138_0\01355_Aug1.png,1,0.00014058899250812829
B22-138,Data\Annotated\B22-138_0\01355_Aug2.png,1,0.00012983269698452204
B22-138,Data\Annotated\B22-138_0\01355_Aug3.png,1,0.00014211455709300935
B22-138,Data\Annotated\B22-138_0\01355_Aug4.png,1,0.00011928711319342256
B22-138,Data\Annotated\B22-138_0\01355_Aug5.png,1,0.0001421890192432329
B22-138,Data\Annotated\B22-138_0\01355_Aug6.png,1,0.00012270500883460045
B22-138,Data\Annotated\B22-138_0\01355_Aug7.png,1,0.00014473107876256108
B22-138,Data\Annotated\B22-138_0\01355_Aug8.png,1,0.00012214352318551391
B22-138,Data\Annotated\B22-138_0\01365_Aug1.png,1,6.752993795089424e-05
B22-138,Data\Annotated\B22-138_0\01365_Aug2.png,1,7.0033929659985e-05
B22-138,Data\Annotated\B22-138_0\01365_Aug3.png,1,6.587199459318072e-05
B22-138,Data\Annotated\B22-138_0\01365_Aug4.png,1,7.173602352850139e-05
B22-138,Data\Annotated\B22-138_0\01365_Aug5.png,1,6.67114436510019e-05
B22-138,Data\Annotated\B22-138_0\01365_Aug6.png,1,7.433920109178871e-05
B22-138,Data\Annotated\B22-138_0\01365_Aug7.png,1,6.646085967076942e-05
B22-138,Data\Annotated\B22-138_0\01365_Aug8.png,1,7.694897067267448e-05
B22-138,Data\Annotated\B22-138_0\01366_Aug1.png,1,7.959525100886822e-05
B22-138,Data\Annotated\B22-138_0\01366_Aug2.png,1,8.071999036474153e-05
B22-138,Data\Annotated\B22-138_0\01366_Aug3.png,1,7.712320802966133e-05
B22-138,Data\Annotated\B22-138_0\01366_Aug4.png,1,8.11068166512996e-05
B22-138,Data\Annotated\B22-138_0\01366_Aug5.png,1,7.377399742836133e-05
B22-138,Data\Annotated\B22-138_0\01366_Aug6.png,1,8.055192301981151e-05
B22-138,Data\Annotated\B22-138_0\01366_Aug7.png,1,7.29463790776208e-05
B22-138,Data\Annotated\B22-138_0\01366_Aug8.png,1,7.87081298767589e-05
B22-138,Data\Annotated\B22-138_0\01500_Aug1.png,1,9.088823571801186e-05
B22-138,Data\Annotated\B22-138_0\01500_Aug2.png,1,9.36477372306399e-05
B22-138,Data\Annotated\B22-138_0\01500_Aug3.png,1,8.941417036112398e-05
B22-138,Data\Annotated\B22-138_0\01500_Aug4.png,1,9.373647480970249e-05
B22-138,Data\Annotated\B22-138_0\01500_Aug5.png,1,8.749071275815368e-05
B22-138,Data\Annotated\B22-138_0\01500_Aug6.png,1,9.134053107118234e-05
B22-138,Data\Annotated\B22-138_0\01500_Aug7.png,1,7.948283746372908e-05
B22-138,Data\Annotated\B22-138_0\01500_Aug8.png,1,9.135986329056323e-05
B22-138,Data\Annotated\B22-138_0\01646_Aug1.png,1,9.034698450705037e-05
B22-138,Data\Annotated\B22-138_0\01646_Aug2.png,1,8.721846097614616e-05
B22-138,Data\Annotated\B22-138_0\01646_Aug3.png,1,9.092420805245638e-05
B22-138,Data\Annotated\B22-138_0\01646_Aug4.png,1,8.687851368449628e-05
B22-138,Data\Annotated\B22-138_0\01646_Aug5.png,1,9.228547423845157e-05
B22-138,Data\Annotated\B22-138_0\01646_Aug6.png,1,8.603173773735762e-05
B22-138,Data\Annotated\B22-138_0\01646_Aug7.png,1,8.702451304998249e-05
B22-138,Data\Annotated\B22-138_0\01646_Aug8.png,1,8.579136192565784e-05
B22-138,Data\Annotated\B22-138_0\01648_Aug1.png,1,8.716273441677913e-05
B22-138,Data\Annotated\B22-138_0\01648_Aug2.png,1,8.05600720923394e-05
B22-138,Data\Annotated\B22-138_0\01648_Aug3.png,1,8.975836681202054e-05
B22-138,Data\Annotated\B22-138_0\01648_Aug4.png,1,8.019363303901628e-05
B22-138,Data\Annotated\B22-138_0\01648_Aug5.png,1,8.806468395050615e-05
B22-138,Data\Annotated\B22-138_0\01648_Aug6.png,1,7.85728043410927e-05
B22-138,Data\Annotated\B22-138_0\01648_Aug7.png,1,9.224560199072585e-05
B22-138,Data\Annotated\B22-138_0\01648_Aug8.png,1,7.754100806778297e-05
B22-138,Data\Annotated\B22-138_0\01649_Aug1.png,1,8.998629346024245e-05
B22-138,Data\Annotated\B22-138_0\01649_Aug2.png,1,8.803509263088927e-05
B22-138,Data\Annotated\B22-138_0\01649_Aug3.png,1,8.805261313682422e-05
B22-138,Data\Annotated\B22-138_0\01649_Aug4.png,1,9.057749412022531e-05
B22-138,Data\Annotated\B22-138_0\01649_Aug5.png,1,8.714308205526322e-05
B22-138,Data\Annotated\B22-138_0\01649_Aug6.png,1,9.23408952075988e-05
B22-138,Data\Annotated\B22-138_0\01649_Aug7.png,1,8.70024086907506e-05
B22-138,Data\Annotated\B22-138_0\01649_Aug8.png,1,9.051677625393495e-05
B22-241,Data\Annotated\B22-241_0\00536_Aug1.png,1,0.000309452589135617
B22-241,Data\Annotated\B22-241_0\00536_Aug2.png,1,0.0003063653130084276
B22-241,Data\Annotated\B22-241_0\00536_Aug3.png,1,0.00030388726736418903
B22-241,Data\Annotated\B22-241_0\00536_Aug4.png,1,0.00030490203062072396
B22-241,Data\Annotated\B22-241_0\00536_Aug5.png,1,0.00030201091431081295
B22-241,Data\Annotated\B22-241_0\00536_Aug6.png,1,0.0002929151523858309
B22-241,Data\Annotated\B22-241_0\00536_Aug7.png,1,0.00029752805130556226
B22-241,Data\Annotated\B22-241_0\00536_Aug8.png,1,0.0002733801957219839
B22-126,Data\Annotated\B22-126_0\00664_Aug1.png,1,0.000371554255252704
B22-126,Data\Annotated\B22-126_0\00664_Aug2.png,1,0.00037143981899134815
B22-126,Data\Annotated\B22-126_0\00664_Aug3.png,1,0.00038433968438766897
B22-126,Data\Annotated\B22-126_0\00664_Aug4.png,1,0.0003880198346450925
B22-126,Data\Annotated\B22-126_0\00664_Aug5.png,1,0.00038205640157684684
B22-126,Data\Annotated\B22-126_0\00664_Aug6.png,1,0.00038501815288327634
B22-126,Data\Annotated\B22-126_0\00664_Aug7.png,1,0.0003882015298586339
B22-126,Data\Annotated\B22-126_0\00664_Aug8.png,1,0.00039422474219463766
B22-126,Data\Annotated\B22-126_0\00667_Aug1.png,1,0.00037528667598962784
B22-126,Data\Annotated\B22-126_0\00667_Aug2.png,1,0.00037360668648034334
B22-126,Data\Annotated\B22-126_0\00667_Aug3.png,1,0.00037531525595113635
B22-126,Data\Annotated\B22-126_0\00667_Aug4.png,1,0.00037937978049740195
B22-126,Data\Annotated\B22-126_0\00667_Aug5.png,1,0.0003750189207494259
B22-126,Data\Annotated\B22-126_0\00667_Aug6.png,1,0.0003763135464396328
B22-126,Data\Annotated\B22-126_0\00667_Aug7.png,1,0.0003710288438014686
B22-126,Data\Annotated\B22-126_0\00667_Aug8.png,1,0.0003801838029175997
B22-126,Data\Annotated\B22-126_0\01144_Aug1.png,1,0.00019522120419424027
B22-126,Data\Annotated\B22-126_0\01144_Aug2.png,1,0.00019297962717246264
B22-126,Data\Annotated\B22-126_0\01144_Aug3.png,1,0.0002032573102042079
B22-126,Data\Annotated\B22-126_0\01144_Aug4.png,1,0.00019499531481415033
B22-126,Data\Annotated\B22-126_0\01144_Aug5.png,1,0.00020834198221564293
B22-126,Data\Annotated\B22-126_0\01144_Aug6.png,1,0.00018073162937071174
B22-126,Data\Annotated\B22-126_0\01144_Aug7.png,1,0.00021274728351272643
B22-126,Data\Annotated\B22-126_0\01144_Aug8.png,1,0.00017349158588331193
B22-126,Data\Annotated\B22-126_0\01176_Aug1.png,1,0.0001232322829309851
B22-126,Data\Annotated\B22-126_0\01176_Aug2.png,1,0.00011111976346001029
B22-126,Data\Annotated\B22-126_0\01176_Aug3.png,1,0.000125255057355389
B22-126,Data\Annotated\B22-126_0\01176_Aug4.png,1,0.00010655520600266755
B22-126,Data\Annotated\B22-126_0\01176_Aug5.png,1,0.00013105488324072212
B22-126,Data\Annotated\B22-126_0\01176_Aug6.png,1,0.00010699975973693654
B22-126,Data\Annotated\B22-126_0\01176_Aug7.png,1,0.00013595563359558582
B22-126,Data\Annotated\B22-126_0\01176_Aug8.png,1,0.0001040600473061204
B22-126,Data\Annotated\B22-126_0\01239_Aug1.png,1,0.0001759503793437034
B22-126,Data\Annotated\B22-126_0\01239_Aug2.png,1,0.0001737640704959631
B22-126,Data\Annotated\B22-126_0\01239_Aug3.png,1,0.00017794249288272113
B22-126,Data\Annotated\B22-126_0\01239_Aug4.png,1,0.00017630259389989078
B22-126,Data\Annotated\B22-126_0\01239_Aug5.png,1,0.0001790374517440796
B22-126,Data\Annotated\B22-126_0\01239_Aug6.png,1,0.00017562763241585344
B22-126,Data\Annotated\B22-126_0\01239_Aug7.png,1,0.00018073208048008382
B22-126,Data\Annotated\B22-126_0\01239_Aug8.png,1,0.00017728455713950098
B22-126,Data\Annotated\B22-126_0\01387_Aug1.png,1,0.0005852760514244437
B22-126,Data\Annotated\B22-126_0\01387_Aug2.png,1,0.0005696058506146073
B22-126,Data\Annotated\B22-126_0\01387_Aug3.png,1,0.0005574842216446996
B22-126,Data\Annotated\B22-126_0\01387_Aug4.png,1,0.000562206725589931
B22-126,Data\Annotated\B22-126_0\01387_Aug5.png,1,0.0005214166012592614
B22-126,Data\Annotated\B22-126_0\01387_Aug6.png,1,0.0005624241894111037
B22-126,Data\Annotated\B22-126_0\01387_Aug7.png,1,0.0005119530251249671
B22-126,Data\Annotated\B22-126_0\01387_Aug8.png,1,0.0005490905605256557
B22-126,Data\Annotated\B22-126_0\01483_Aug1.png,1,0.0002553495578467846
B22-126,Data\Annotated\B22-126_0\01483_Aug2.png,1,0.00025035691214725375
B22-126,Data\Annotated\B22-126_0\01483_Aug3.png,1,0.00026187318144366145
B22-126,Data\Annotated\B22-126_0\01483_Aug4.png,1,0.00024765756097622216
B22-126,Data\Annotated\B22-126_0\01483_Aug5.png,1,0.00025644683046266437
B22-126,Data\Annotated\B22-126_0\01483_Aug6.png,1,0.00024061804288066924
B22-126,Data\Annotated\B22-126_0\01483_Aug7.png,1,0.0002572950324974954
B22-126,Data\Annotated\B22-126_0\01483_Aug8.png,1,0.0002359490899834782
B22-126,Data\Annotated\B22-126_0\01535_Aug1.png,1,0.00043074670247733593
B22-126,Data\Annotated\B22-126_0\01535_Aug2.png,1,0.0003864966274704784
B22-126,Data\Annotated\B22-126_0\01535_Aug3.png,1,0.00042848364682868123
B22-126,Data\Annotated\B22-126_0\01535_Aug4.png,1,0.00036011915653944016
B22-126,Data\Annotated\B22-126_0\01535_Aug5.png,1,0.0004334792902227491
B22-126,Data\Annotated\B22-126_0\01535_Aug6.png,1,0.0003303609264548868
B22-126,Data\Annotated\B22-126_0\01535_Aug7.png,1,0.00042933563236147165
B22-126,Data\Annotated\B22-126_0\01535_Aug8.png,1,0.0003190528368577361
B22-126,Data\Annotated\B22-126_0\01537_Aug1.png,1,0.0004110736772418022
B22-126,Data\Annotated\B22-126_0\01537_Aug2.png,1,0.00036735538742505014
B22-126,Data\Annotated\B22-126_0\01537_Aug3.png,1,0.00043705926509574056
B22-126,Data\Annotated\B22-126_0\01537_Aug4.png,1,0.00035636298707686365
B22-126,Data\Annotated\B22-126_0\01537_Aug5.png,1,0.0004538006614893675
B22-126,Data\Annotated\B22-126_0\01537_Aug6.png,1,0.0003244499093852937
B22-126,Data\Annotated\B22-126_0\01537_Aug7.png,1,0.0004509339341893792
B22-126,Data\Annotated\B22-126_0\01537_Aug8.png,1,0.00030493404483422637
B22-126,Data\Annotated\B22-126_0\01562_Aug1.png,1,0.010780188255012035
B22-126,Data\Annotated\B22-126_0\01562_Aug2.png,1,0.0002875557984225452
B22-126,Data\Annotated\B22-126_0\01562_Aug3.png,1,0.010780188255012035
B22-126,Data\Annotated\B22-126_0\01562_Aug4.png,1,0.00028388312784954906
B22-126,Data\Annotated\B22-126_0\01562_Aug5.png,1,0.010780188255012035
B22-126,Data\Annotated\B22-126_0\01562_Aug6.png,1,0.0002854896883945912
B22-126,Data\Annotated\B22-126_0\01562_Aug7.png,1,0.010780188255012035
B22-126,Data\Annotated\B22-126_0\01562_Aug8.png,1,0.00029241872834973037
B22-126,Data\Annotated\B22-126_0\01728_Aug1.png,1,0.00014964542060624808
B22-126,Data\Annotated\B22-126_0\01728_Aug2.png,1,0.00014700638712383807
B22-126,Data\Annotated\B22-126_0\01728_Aug3.png,1,0.00014955573715269566
B22-126,Data\Annotated\B22-126_0\01728_Aug4.png,1,0.0001433621800970286
B22-126,Data\Annotated\B22-126_0\01728_Aug5.png,1,0.00015740765957161784
B22-126,Data\Annotated\B22-126_0\01728_Aug6.png,1,0.0001379778259433806
B22-126,Data\Annotated\B22-126_0\01728_Aug7.png,1,0.00015238068590406328
B22-126,Data\Annotated\B22-126_0\01728_Aug8.png,1,0.0001332122483290732
B22-126,Data\Annotated\B22-126_0\01734_Aug1.png,1,0.0001343479671049863
B22-126,Data\Annotated\B22-126_0\01734_Aug2.png,1,0.00012498116120696068
B22-126,Data\Annotated\B22-126_0\01734_Aug3.png,1,0.0001349307713098824
B22-126,Data\Annotated\B22-126_0\01734_Aug4.png,1,0.0001266604522243142
B22-126,Data\Annotated\B22-126_0\01734_Aug5.png,1,0.00013772955571766943
B22-126,Data\Annotated\B22-126_0\01734_Aug6.png,1,0.0001204243308166042
B22-126,Data\Annotated\B22-126_0\01734_Aug7.png,1,0.0001426567032467574
B22-126,Data\Annotated\B22-126_0\01734_Aug8.png,1,0.00011829011782538146
B22-126,Data\Annotated\B22-126_0\03081_Aug1.png,1,0.0004086604749318212
B22-126,Data\Annotated\B22-126_0\03081_Aug2.png,1,0.0004086604749318212
B22-126,Data\Annotated\B22-126_0\03081_Aug3.png,1,0.00041691033402457833
B22-126,Data\Annotated\B22-126_0\03081_Aug4.png,1,0.00041691033402457833
B22-126,Data\Annotated\B22-126_0\03081_Aug5.png,1,0.0004143452679272741
B22-126,Data\Annotated\B22-126_0\03081_Aug6.png,1,0.0004143452679272741
B22-126,Data\Annotated\B22-126_0\03081_Aug7.png,1,0.00042623779154382646
B22-126,Data\Annotated\B22-126_0\03081_Aug8.png,1,0.00042623779154382646
B22-114,Data\Annotated\B22-114_0\00054_Aug1.png,1,0.0002412151952739805
B22-114,Data\Annotated\B22-114_0\00054_Aug2.png,1,0.00022079874179325998
B22-114,Data\Annotated\B22-114_0\00054_Aug3.png,1,0.0002510370686650276
B22-114,Data\Annotated\B22-114_0\00054_Aug4.png,1,0.00020931327890139073
B22-114,Data\Annotated\B22-114_0\00054_Aug5.png,1,0.00025477606686763465
B22-114,Data\Annotated\B22-114_0\00054_Aug6.png,1,0.0002020596293732524
B22-114,Data\Annotated\B22-114_0\00054_Aug7.png,1,0.00026059086667373776
B22-114,Data\Annotated\B22-114_0\00054_Aug8.png,1,0.0001903582306113094
B22-114,Data\Annotated\B22-114_0\00080_Aug1.png,1,0.00037481595063582063
B22-114,Data\Annotated\B22-114_0\00080_Aug2.png,1,0.00032586371526122093
B22-114,Data\Annotated\B22-114_0\00080_Aug3.png,1,0.00041074404725804925
B22-114,Data\Annotated\B22-114_0\00080_Aug4.png,1,0.00029299320885911584
B22-114,Data\Annotated\B22-114_0\00080_Aug5.png,1,0.00042221974581480026
B22-114,Data\Annotated\B22-114_0\00080_Aug6.png,1,0.0002700076438486576
B22-114,Data\Annotated\B22-114_0\00080_Aug7.png,1,0.0004151588655076921
B22-114,Data\Annotated\B22-114_0\00080_Aug8.png,1,0.00025887787342071533
B22-114,Data\Annotated\B22-114_0\00112_Aug1.png,1,0.00034240222885273397
B22-114,Data\Annotated\B22-114_0\00112_Aug2.png,1,0.000324447697494179
B22-114,Data\Annotated\B22-114_0\00112_Aug3.png,1,0.0003615802270360291
B22-114,Data\Annotated\B22-114_0\00112_Aug4.png,1,0.00031610281439498067
B22-114,Data\Annotated\B22-114_0\00112_Aug5.png,1,0.00038037225021980703
B22-114,Data\Annotated\B22-114_0\00112_Aug6.png,1,0.00031983607914298773
B22-114,Data\Annotated\B22-114_0\00112_Aug7.png,1,0.0003759560058824718
B22-114,Data\Annotated\B22-114_0\00112_Aug8.png,1,0.00031991288415156305
B22-114,Data\Annotated\B22-114_0\00238_Aug1.png,1,0.0005024359561502934
B22-114,Data\Annotated\B22-114_0\00238_Aug2.png,1,0.00049472542013973
B22-114,Data\Annotated\B22-114_0\00238_Aug3.png,1,0.000508463999722153
B22-114,Data\Annotated\B22-114_0\00238_Aug4.png,1,0.0005030771717429161
B22-114,Data\Annotated\B22-114_0\00238_Aug5.png,1,0.0004970512236468494
B22-114,Data\Annotated\B22-114_0\00238_Aug6.png,1,0.0004924332606606185
B22-114,Data\Annotated\B22-114_0\00238_Aug7.png,1,0.0004910611314699054
B22-114,Data\Annotated\B22-114_0\00238_Aug8.png,1,0.0005067093297839165
B22-299,Data\Annotated\B22-299_0\00081_Aug1.png,1,0.00020092265913262963
B22-299,Data\Annotated\B22-299_0\00081_Aug2.png,1,0.00019349655485711992
B22-299,Data\Annotated\B22-299_0\00081_Aug3.png,1,0.00019484839867800474
B22-299,Data\Annotated\B22-299_0\00081_Aug4.png,1,0.00018943542090710253
B22-299,Data\Annotated\B22-299_0\00081_Aug5.png,1,0.00019823333423119038
B22-299,Data\Annotated\B22-299_0\00081_Aug6.png,1,0.00018658109183888882
B22-299,Data\Annotated\B22-299_0\00081_Aug7.png,1,0.0001996821811189875
B22-299,Data\Annotated\B22-299_0\00081_Aug8.png,1,0.00017416159971617162
B22-299,Data\Annotated\B22-299_0\00576_Aug1.png,1,0.00015067894128151238
B22-299,Data\Annotated\B22-299_0\00576_Aug2.png,1,0.00016018051246646792
B22-299,Data\Annotated\B22-299_0\00576_Aug3.png,1,0.00014260788157116622
B22-299,Data\Annotated\B22-299_0\00576_Aug4.png,1,0.00015613276627846062
B22-299,Data\Annotated\B22-299_0\00576_Aug5.png,1,0.00014599425776395947
B22-299,Data\Annotated\B22-299_0\00576_Aug6.png,1,0.00015678582713007927
B22-299,Data\Annotated\B22-299_0\00576_Aug7.png,1,0.0001512390881543979
B22-299,Data\Annotated\B22-299_0\00576_Aug8.png,1,0.00015343482664320618
B22-299,Data\Annotated\B22-299_0\00773_Aug1.png,1,0.00022326961334329098
B22-299,Data\Annotated\B22-299_0\00773_Aug2.png,1,0.00024245688109658659
B22-299,Data\Annotated\B22-299_0\00773_Aug3.png,1,0.00021347682923078537
B22-299,Data\Annotated\B22-299_0\00773_Aug4.png,1,0.0002453459601383656
B22-299,Data\Annotated\B22-299_0\00773_Aug5.png,1,0.0002164777833968401
B22-299,Data\Annotated\B22-299_0\00773_Aug6.png,1,0.00025356776313856244
B22-299,Data\Annotated\B22-299_0\00773_Aug7.png,1,0.00019923140644095838
B22-299,Data\Annotated\B22-299_0\00773_Aug8.png,1,0.0002477926609572023
B22-156,Data\Annotated\B22-156_0\00139_Aug1.png,1,9.88952670013532e-05
B22-156,Data\Annotated\B22-156_0\00139_Aug2.png,1,9.794849756872281e-05
B22-156,Data\Annotated\B22-156_0\00139_Aug3.png,1,9.63008715189062e-05
B22-156,Data\Annotated\B22-156_0\00139_Aug4.png,1,9.647346450947225e-05
B22-156,Data\Annotated\B22-156_0\00139_Aug5.png,1,9.438411507289857e-05
B22-156,Data\Annotated\B22-156_0\00139_Aug6.png,1,9.336284711025655e-05
B22-156,Data\Annotated\B22-156_0\00139_Aug7.png,1,9.270949522033334e-05
B22-156,Data\Annotated\B22-156_0\00139_Aug8.png,1,9.135100845014676e-05
B22-70,Data\Annotated\B22-70_0\00154_Aug1.png,1,0.00012101203901693225
B22-70,Data\Annotated\B22-70_0\00154_Aug2.png,1,0.00012362623238004744
B22-70,Data\Annotated\B22-70_0\00154_Aug3.png,1,0.00012786066508851945
B22-70,Data\Annotated\B22-70_0\00154_Aug4.png,1,0.0001296435802942142
B22-70,Data\Annotated\B22-70_0\00154_Aug5.png,1,0.00013477515312843025
B22-70,Data\Annotated\B22-70_0\00154_Aug6.png,1,0.00012172172137070447
B22-70,Data\Annotated\B22-70_0\00154_Aug7.png,1,0.00014016756904311478
B22-70,Data\Annotated\B22-70_0\00154_Aug8.png,1,0.00012081421300536022
B22-312,Data\Annotated\B22-312_0\00957_Aug1.png,1,0.00018196331802755594
B22-312,Data\Annotated\B22-312_0\00957_Aug2.png,1,0.00017493320046924055
B22-312,Data\Annotated\B22-312_0\00957_Aug3.png,1,0.00019095638708677143
B22-312,Data\Annotated\B22-312_0\00957_Aug4.png,1,0.00017611337534617633
B22-312,Data\Annotated\B22-312_0\00957_Aug5.png,1,0.00018608741811476648
B22-312,Data\Annotated\B22-312_0\00957_Aug6.png,1,0.00017960455443244427
B22-312,Data\Annotated\B22-312_0\00957_Aug7.png,1,0.00019245983276050538
B22-312,Data\Annotated\B22-312_0\00957_Aug8.png,1,0.0001813542767195031
B22-312,Data\Annotated\B22-312_0\01154_Aug1.png,1,8.400709339184687e-05
B22-312,Data\Annotated\B22-312_0\01154_Aug2.png,1,8.383985550608486e-05
B22-312,Data\Annotated\B22-312_0\01154_Aug3.png,1,8.336076280102134e-05
B22-312,Data\Annotated\B22-312_0\01154_Aug4.png,1,8.259186142822728e-05
B22-312,Data\Annotated\B22-312_0\01154_Aug5.png,1,8.393951429752633e-05
B22-312,Data\Annotated\B22-312_0\01154_Aug6.png,1,8.097637328319252e-05
B22-312,Data\Annotated\B22-312_0\01154_Aug7.png,1,8.302550850203261e-05
B22-312,Data\Annotated\B22-312_0\01154_Aug8.png,1,7.975042535690591e-05
B22-312,Data\Annotated\B22-312_0\01461_Aug1.png,1,9.003885497804731e-05
B22-312,Data\Annotated\B22-312_0\01461_Aug2.png,1,8.992206130642444e-05
B22-312,Data\Annotated\B22-312_0\01461_Aug3.png,1,8.71576921781525e-05
B22-312,Data\Annotated\B22-312_0\01461_Aug4.png,1,8.872547186911106e-05
B22-312,Data\Annotated\B22-312_0\01461_Aug5.png,1,9.022201265906915e-05
B22-312,Data\Annotated\B22-312_0\01461_Aug6.png,1,8.900335524231195e-05
B22-312,Data\Annotated\B22-312_0\01461_Aug7.png,1,9.540404425933957e-05
B22-312,Data\Annotated\B22-312_0\01461_Aug8.png,1,9.422830044059083e-05
B22-312,Data\Annotated\B22-312_0\01780_Aug1.png,1,0.00013171455066185445
B22-312,Data\Annotated\B22-312_0\01780_Aug2.png,1,0.0001305945625063032
B22-312,Data\Annotated\B22-312_0\01780_Aug3.png,1,0.00013641471741721034
B22-312,Data\Annotated\B22-312_0\01780_Aug4.png,1,0.00013444104115478694
B22-312,Data\Annotated\B22-312_0\01780_Aug5.png,1,0.00014200409350451082
B22-312,Data\Annotated\B22-312_0\01780_Aug6.png,1,0.00013974223111290485
B22-312,Data\Annotated\B22-312_0\01780_Aug7.png,1,0.000148344537592493
B22-312,Data\Annotated\B22-312_0\01780_Aug8.png,1,0.00014372033183462918
B22-71,Data\Annotated\B22-71_0\00048_Aug1.png,1,0.00014760310295969248
B22-71,Data\Annotated\B22-71_0\00048_Aug2.png,1,0.0001474186428822577
B22-71,Data\Annotated\B22-71_0\00048_Aug3.png,1,0.00014642505266238004
B22-71,Data\Annotated\B22-71_0\00048_Aug4.png,1,0.00015156783047132194
B22-71,Data\Annotated\B22-71_0\00048_Aug5.png,1,0.00015663699014112353
B22-71,Data\Annotated\B22-71_0\00048_Aug6.png,1,0.0001405551884090528
B22-71,Data\Annotated\B22-71_0\00048_Aug7.png,1,0.00018265795370098203
B22-71,Data\Annotated\B22-71_0\00048_Aug8.png,1,0.0001280747092096135
B22-297,Data\Annotated\B22-297_0\00124_Aug1.png,1,0.00012113493721699342
B22-297,Data\Annotated\B22-297_0\00124_Aug2.png,1,0.00012219249038025737
B22-297,Data\Annotated\B22-297_0\00124_Aug3.png,1,0.00012050516670569777
B22-297,Data\Annotated\B22-297_0\00124_Aug4.png,1,0.00012450868962332606
B22-297,Data\Annotated\B22-297_0\00124_Aug5.png,1,0.00012176422023912892
B22-297,Data\Annotated\B22-297_0\00124_Aug6.png,1,0.00013308521010912955
B22-297,Data\Annotated\B22-297_0\00124_Aug7.png,1,0.00011955354420933872
B22-297,Data\Annotated\B22-297_0\00124_Aug8.png,1,0.00013944630336482078
B22-103,Data\Annotated\B22-103_0\02201_Aug1.png,1,9.229911665897816e-05
B22-103,Data\Annotated\B22-103_0\02201_Aug2.png,1,9.02130122995004e-05
B22-103,Data\Annotated\B22-103_0\02201_Aug3.png,1,9.219399362336844e-05
B22-103,Data\Annotated\B22-103_0\02201_Aug4.png,1,8.813974272925407e-05
B22-103,Data\Annotated\B22-103_0\02201_Aug5.png,1,9.21836617635563e-05
B22-103,Data\Annotated\B22-103_0\02201_Aug6.png,1,8.80937441252172e-05
B22-103,Data\Annotated\B22-103_0\02201_Aug7.png,1,9.17370998649858e-05
B22-103,Data\Annotated\B22-103_0\02201_Aug8.png,1,8.937113307183608e-05
B22-103,Data\Annotated\B22-103_0\02245_Aug1.png,1,0.00010581019887467846
B22-103,Data\Annotated\B22-103_0\02245_Aug2.png,1,0.00010817572911037132
B22-103,Data\Annotated\B22-103_0\02245_Aug3.png,1,0.00010511951404623687
B22-103,Data\Annotated\B22-103_0\02245_Aug4.png,1,0.0001065129617927596
B22-103,Data\Annotated\B22-103_0\02245_Aug5.png,1,0.00010308169294148684
B22-103,Data\Annotated\B22-103_0\02245_Aug6.png,1,0.00010576450586086139
B22-103,Data\Annotated\B22-103_0\02245_Aug7.png,1,0.00010191246110480279
B22-103,Data\Annotated\B22-103_0\02245_Aug8.png,1,0.00010381533502368256
B22-277,Data\Annotated\B22-277_0\00601_Aug1.png,1,0.00018748833099380136
B22-277,Data\Annotated\B22-277_0\00601_Aug2.png,1,0.00019349709327798337
B22-277,Data\Annotated\B22-277_0\00601_Aug3.png,1,0.00019658252131193876
B22-277,Data\Annotated\B22-277_0\00601_Aug4.png,1,0.0001919996866490692
B22-277,Data\Annotated\B22-277_0\00601_Aug5.png,1,0.0001980272209038958
B22-277,Data\Annotated\B22-277_0\00601_Aug6.png,1,0.00019889870600309223
B22-277,Data\Annotated\B22-277_0\00601_Aug7.png,1,0.00022087455727159977
B22-277,Data\Annotated\B22-277_0\00601_Aug8.png,1,0.00022147511481307447
B22-275,Data\Annotated\B22-275_0\00119_Aug1.png,1,0.00012086000060662627
B22-275,Data\Annotated\B22-275_0\00119_Aug2.png,1,0.00011637465649982914
B22-275,Data\Annotated\B22-275_0\00119_Aug3.png,1,0.00012715902994386852
B22-275,Data\Annotated\B22-275_0\00119_Aug4.png,1,0.00011401377560105175
B22-275,Data\Annotated\B22-275_0\00119_Aug5.png,1,0.00012162702478235587
B22-275,Data\Annotated\B22-275_0\00119_Aug6.png,1,0.00011523065040819347
B22-275,Data\Annotated\B22-275_0\00119_Aug7.png,1,0.00012223876547068357
B22-275,Data\Annotated\B22-275_0\00119_Aug8.png,1,0.00012007039913441986
B22-275,Data\Annotated\B22-275_0\00144_Aug1.png,1,0.0001226376334670931
B22-275,Data\Annotated\B22-275_0\00144_Aug2.png,1,0.00011402374366298318
B22-275,Data\Annotated\B22-275_0\00144_Aug3.png,1,0.0001296534901484847
B22-275,Data\Annotated\B22-275_0\00144_Aug4.png,1,0.00010788937652250752
B22-275,Data\Annotated\B22-275_0\00144_Aug5.png,1,0.00013363912876229733
B22-275,Data\Annotated\B22-275_0\00144_Aug6.png,1,0.00010675931116566062
B22-275,Data\Annotated\B22-275_0\00144_Aug7.png,1,0.00012980640167370439
B22-275,Data\Annotated\B22-275_0\00144_Aug8.png,1,0.00011363709199940786
B22-240,Data\Annotated\B22-240_0\00500_Aug1.png,1,0.00017051954637281597
B22-240,Data\Annotated\B22-240_0\00500_Aug2.png,1,0.00015758618246763945
B22-240,Data\Annotated\B22-240_0\00500_Aug3.png,1,0.0001680681307334453
B22-240,Data\Annotated\B22-240_0\00500_Aug4.png,1,0.00015523479669354856
B22-240,Data\Annotated\B22-240_0\00500_Aug5.png,1,0.0001628706813789904
B22-240,Data\Annotated\B22-240_0\00500_Aug6.png,1,0.00015482667367905378
B22-240,Data\Annotated\B22-240_0\00500_Aug7.png,1,0.0001638515095692128
B22-240,Data\Annotated\B22-240_0\00500_Aug8.png,1,0.00015146040823310614
B22-240,Data\Annotated\B22-240_0\00629_Aug1.png,1,0.00020278699230402708
B22-240,Data\Annotated\B22-240_0\00629_Aug2.png,1,0.00020022026728838682
B22-240,Data\Annotated\B22-240_0\00629_Aug3.png,1,0.00020350594422779977
B22-240,Data\Annotated\B22-240_0\00629_Aug4.png,1,0.0001918967900564894
B22-240,Data\Annotated\B22-240_0\00629_Aug5.png,1,0.00020181038416922092
B22-240,Data\Annotated\B22-240_0\00629_Aug6.png,1,0.00019109819550067186
B22-240,Data\Annotated\B22-240_0\00629_Aug7.png,1,0.00020359222253318876
B22-240,Data\Annotated\B22-240_0\00629_Aug8.png,1,0.00019536708714440465
B22-240,Data\Annotated\B22-240_0\00740_Aug1.png,1,0.00022497016470879316
B22-240,Data\Annotated\B22-240_0\00740_Aug2.png,1,0.00022603687830269337
B22-240,Data\Annotated\B22-240_0\00740_Aug3.png,1,0.00022841067402623594
B22-240,Data\Annotated\B22-240_0\00740_Aug4.png,1,0.00022820364392828196
B22-240,Data\Annotated\B22-240_0\00740_Aug5.png,1,0.00023213107488118112
B22-240,Data\Annotated\B22-240_0\00740_Aug6.png,1,0.0002277495077578351
B22-240,Data\Annotated\B22-240_0\00740_Aug7.png,1,0.00023364191292785108
B22-240,Data\Annotated\B22-240_0\00740_Aug8.png,1,0.00022782455198466778
B22-102,Data\Annotated\B22-102_0\01468_Aug1.png,1,0.00014877782086841762
B22-102,Data\Annotated\B22-102_0\01468_Aug2.png,1,0.00015031348448246717
B22-102,Data\Annotated\B22-102_0\01468_Aug3.png,1,0.00015219865599647164
B22-102,Data\Annotated\B22-102_0\01468_Aug4.png,1,0.0001499034115113318
B22-102,Data\Annotated\B22-102_0\01468_Aug5.png,1,0.0001472684962209314
B22-102,Data\Annotated\B22-102_0\01468_Aug6.png,1,0.00014796566392760724
B22-102,Data\Annotated\B22-102_0\01468_Aug7.png,1,0.00014802213991060853
B22-102,Data\Annotated\B22-102_0\01468_Aug8.png,1,0.00014848464343231171
B22-102,Data\Annotated\B22-102_0\03685_Aug1.png,1,0.00014218062278814614
B22-102,Data\Annotated\B22-102_0\03685_Aug2.png,1,0.0001270139473490417
B22-102,Data\Annotated\B22-102_0\03685_Aug3.png,1,0.00015004132001195103
B22-102,Data\Annotated\B22-102_0\03685_Aug4.png,1,0.00011674521374516189
B22-102,Data\Annotated\B22-102_0\03685_Aug5.png,1,0.00015730997256468982
B22-102,Data\Annotated\B22-102_0\03685_Aug6.png,1,0.00011280782928224653
B22-102,Data\Annotated\B22-102_0\03685_Aug7.png,1,0.00016301147115882486
B22-102,Data\Annotated\B22-102_0\03685_Aug8.png,1,0.00010268710320815444
B22-280,Data\Annotated\B22-280_0\00060_Aug1.png,1,0.00012411581701599061
B22-280,Data\Annotated\B22-280_0\00060_Aug2.png,1,0.00012517135473899543
B22-280,Data\Annotated\B22-280_0\00060_Aug3.png,1,0.00012722497922368348
B22-280,Data\Annotated\B22-280_0\00060_Aug4.png,1,0.00012779326061718166
B22-280,Data\Annotated\B22-280_0\00060_Aug5.png,1,0.00012680119834840298
B22-280,Data\Annotated\B22-280_0\00060_Aug6.png,1,0.00012887838238384575
B22-280,Data\Annotated\B22-280_0\00060_Aug7.png,1,0.00013135092740412802
B22-280,Data\Annotated\B22-280_0\00060_Aug8.png,1,0.00012255828187335283
B22-280,Data\Annotated\B22-280_0\00162_Aug1.png,1,9.239226346835494e-05
B22-280,Data\Annotated\B22-280_0\00162_Aug2.png,1,8.876592619344592e-05
B22-280,Data\Annotated\B22-280_0\00162_Aug3.png,1,9.300335659645498e-05
B22-280,Data\Annotated\B22-280_0\00162_Aug4.png,1,8.754133887123317e-05
B22-280,Data\Annotated\B22-280_0\00162_Aug5.png,1,9.814098302740604e-05
B22-280,Data\Annotated\B22-280_0\00162_Aug6.png,1,8.450526365777478e-05
B22-280,Data\Annotated\B22-280_0\00162_Aug7.png,1,9.971253894036636e-05
B22-280,Data\Annotated\B22-280_0\00162_Aug8.png,1,8.402741514146328e-05
B22-280,Data\Annotated\B22-280_0\00191_Aug1.png,1,0.0002458453527651727
B22-280,Data\Annotated\B22-280_0\00191_Aug2.png,1,0.0002776389301288873
B22-280,Data\Annotated\B22-280_0\00191_Aug3.png,1,0.00021924503380432725
B22-280,Data\Annotated\B22-280_0\00191_Aug4.png,1,0.00029397281468845904
B22-280,Data\Annotated\B22-280_0\00191_Aug5.png,1,0.00020774790027644485
B22-280,Data\Annotated\B22-280_0\00191_Aug6.png,1,0.0003036707057617605
B22-280,Data\Annotated\B22-280_0\00191_Aug7.png,1,0.00019894637807738036
B22-280,Data\Annotated\B22-280_0\00191_Aug8.png,1,0.0003170551499351859
B22-280,Data\Annotated\B22-280_0\00337_Aug1.png,1,0.00021418299002107233
B22-280,Data\Annotated\B22-280_0\00337_Aug2.png,1,0.00026922416873276234
B22-280,Data\Annotated\B22-280_0\00337_Aug3.png,1,0.00018864839512389153
B22-280,Data\Annotated\B22-280_0\00337_Aug4.png,1,0.00029880524380132556
B22-280,Data\Annotated\B22-280_0\00337_Aug5.png,1,0.00016344155301339924
B22-280,Data\Annotated\B22-280_0\00337_Aug6.png,1,0.0003249894070904702
B22-280,Data\Annotated\B22-280_0\00337_Aug7.png,1,0.00015627298853360116
B22-280,Data\Annotated\B22-280_0\00337_Aug8.png,1,0.0003394475788809359
B22-280,Data\Annotated\B22-280_0\00354_Aug1.png,1,0.00021979742450639606
B22-280,Data\Annotated\B22-280_0\00354_Aug2.png,1,0.00020856478658970445
B22-280,Data\Annotated\B22-280_0\00354_Aug3.png,1,0.00022610160522162914
B22-280,Data\Annotated\B22-280_0\00354_Aug4.png,1,0.00021193109569139779
B22-280,Data\Annotated\B22-280_0\00354_Aug5.png,1,0.00021449840278364718
B22-280,Data\Annotated\B22-280_0\00354_Aug6.png,1,0.00021145619393792003
B22-280,Data\Annotated\B22-280_0\00354_Aug7.png,1,0.00020313565619289875
B22-280,Data\Annotated\B22-280_0\00354_Aug8.png,1,0.00020780977501999587
B22-280,Data\Annotated\B22-280_0\00771_Aug1.png,1,0.0001861208293121308
B22-280,Data\Annotated\B22-280_0\00771_Aug2.png,1,0.00017863590619526803
B22-280,Data\Annotated\B22-280_0\00771_Aug3.png,1,0.0001819575991248712
B22-280,Data\Annotated\B22-280_0\00771_Aug4.png,1,0.00017047235451173037
B22-280,Data\Annotated\B22-280_0\00771_Aug5.png,1,0.0001778471632860601
B22-280,Data\Annotated\B22-280_0\00771_Aug6.png,1,0.00015856919344514608
B22-280,Data\Annotated\B22-280_0\00771_Aug7.png,1,0.00016711599892005324
B22-280,Data\Annotated\B22-280_0\00771_Aug8.png,1,0.00015016434190329164
B22-219,Data\Annotated\B22-219_0\00032_Aug1.png,1,8.804277604212984e-05
B22-219,Data\Annotated\B22-219_0\00032_Aug2.png,1,8.708991663297638e-05
B22-219,Data\Annotated\B22-219_0\00032_Aug3.png,1,9.051471715793014e-05
B22-219,Data\Annotated\B22-219_0\00032_Aug4.png,1,8.715761214261875e-05
B22-219,Data\Annotated\B22-219_0\00032_Aug5.png,1,0.0001317561836913228
B22-219,Data\Annotated\B22-219_0\00032_Aug6.png,1,0.00011877914948854595
B22-219,Data\Annotated\B22-219_0\00032_Aug7.png,1,0.00017374579329043627
B22-219,Data\Annotated\B22-219_0\00032_Aug8.png,1,0.0001547830761410296
B22-249,Data\Annotated\B22-249_0\00183_Aug1.png,1,0.00011362093209754676
B22-249,Data\Annotated\B22-249_0\00183_Aug2.png,1,0.00011105232988484204
B22-249,Data\Annotated\B22-249_0\00183_Aug3.png,1,0.0001116873900173232
B22-249,Data\Annotated\B22-249_0\00183_Aug4.png,1,0.00011222462489968166
B22-249,Data\Annotated\B22-249_0\00183_Aug5.png,1,0.00011101817653980106
B22-249,Data\Annotated\B22-249_0\00183_Aug6.png,1,0.0001075204781955108
B22-249,Data\Annotated\B22-249_0\00183_Aug7.png,1,0.00011060979159083217
B22-249,Data\Annotated\B22-249_0\00183_Aug8.png,1,0.00013790433877147734
B22-278,Data\Annotated\B22-278_0\00022_Aug1.png,1,0.00013248168397694826
B22-278,Data\Annotated\B22-278_0\00022_Aug2.png,1,0.00013506077812053263
B22-278,Data\Annotated\B22-278_0\00022_Aug3.png,1,0.0001075553591363132
B22-278,Data\Annotated\B22-278_0\00022_Aug4.png,1,0.00010833134729182348
B22-278,Data\Annotated\B22-278_0\00022_Aug5.png,1,0.00010760343866422772
B22-278,Data\Annotated\B22-278_0\00022_Aug6.png,1,0.00011139464913867414
B22-278,Data\Annotated\B22-278_0\00022_Aug7.png,1,0.00010726443724706769
B22-278,Data\Annotated\B22-278_0\00022_Aug8.png,1,0.00010809808009071276
B22-278,Data\Annotated\B22-278_0\00234_Aug1.png,1,6.5320884459652e-05
B22-278,Data\Annotated\B22-278_0\00234_Aug2.png,1,6.555647269124165e-05
B22-278,Data\Annotated\B22-278_0\00234_Aug3.png,1,6.228263373486698e-05
B22-278,Data\Annotated\B22-278_0\00234_Aug4.png,1,6.365649460349232e-05
B22-278,Data\Annotated\B22-278_0\00234_Aug5.png,1,5.934660293860361e-05
B22-278,Data\Annotated\B22-278_0\00234_Aug6.png,1,6.15126482443884e-05
B22-278,Data\Annotated\B22-278_0\00234_Aug7.png,1,5.7064426073338836e-05
B22-278,Data\Annotated\B22-278_0\00234_Aug8.png,1,5.884347774554044e-05
B22-278,Data\Annotated\B22-278_0\00240_Aug1.png,1,7.72395433159545e-05
B22-278,Data\Annotated\B22-278_0\00240_Aug2.png,1,8.117104152915999e-05
B22-278,Data\Annotated\B22-278_0\00240_Aug3.png,1,7.56510635255836e-05
B22-278,Data\Annotated\B22-278_0\00240_Aug4.png,1,8.078380778897554e-05
B22-278,Data\Annotated\B22-278_0\00240_Aug5.png,1,7.23204793757759e-05
B22-278,Data\Annotated\B22-278_0\00240_Aug6.png,1,8.162188896676525e-05
B22-278,Data\Annotated\B22-278_0\00240_Aug7.png,1,6.90299057168886e-05
B22-278,Data\Annotated\B22-278_0\00240_Aug8.png,1,7.957927300594747e-05
B22-38,Data\Annotated\B22-38_0\00283_Aug1.png,1,0.00011406640987843275
B22-38,Data\Annotated\B22-38_0\00283_Aug2.png,1,0.0001152838667621836
B22-38,Data\Annotated\B22-38_0\00283_Aug3.png,1,0.00011072278721258044
B22-38,Data\Annotated\B22-38_0\00283_Aug4.png,1,0.0001128124276874587
B22-38,Data\Annotated\B22-38_0\00283_Aug5.png,1,0.0001069996360456571
B22-38,Data\Annotated\B22-38_0\00283_Aug6.png,1,0.00011641884339042008
B22-38,Data\Annotated\B22-38_0\00283_Aug7.png,1,0.00010445376392453909
B22-38,Data\Annotated\B22-38_0\00283_Aug8.png,1,0.0001173104319605045
B22-38,Data\Annotated\B22-38_0\00341_Aug1.png,1,0.00013804284390062094
B22-38,Data\Annotated\B22-38_0\00341_Aug2.png,1,0.00014229702355805784
B22-38,Data\Annotated\B22-38_0\00341_Aug3.png,1,0.00014946979354135692
B22-38,Data\Annotated\B22-38_0\00341_Aug4.png,1,0.00014042013208381832
B22-38,Data\Annotated\B22-38_0\00341_Aug5.png,1,0.00016085212701000273
B22-38,Data\Annotated\B22-38_0\00341_Aug6.png,1,0.0001410046243108809
B22-38,Data\Annotated\B22-38_0\00341_Aug7.png,1,0.00015944660117384046
B22-38,Data\Annotated\B22-38_0\00341_Aug8.png,1,0.00014397213817574084
B22-38,Data\Annotated\B22-38_0\01284_Aug1.png,1,0.0001703115995042026
B22-38,Data\Annotated\B22-38_0\01284_Aug2.png,1,0.00017191891674883664
B22-38,Data\Annotated\B22-38_0\01284_Aug3.png,1,0.00017124073929153383
B22-38,Data\Annotated\B22-38_0\01284_Aug4.png,1,0.00017420240328647196
B22-38,Data\Annotated\B22-38_0\01284_Aug5.png,1,0.00017153966473415494
B22-38,Data\Annotated\B22-38_0\01284_Aug6.png,1,0.00017669587396085262
B22-38,Data\Annotated\B22-38_0\01284_Aug7.png,1,0.0001764519838616252
B22-38,Data\Annotated\B22-38_0\01284_Aug8.png,1,0.00018472758529242128
B22-38,Data\Annotated\B22-38_0\01525_Aug1.png,1,0.00014258100418373942
B22-38,Data\Annotated\B22-38_0\01525_Aug2.png,1,0.00015064420585986227
B22-38,Data\Annotated\B22-38_0\01525_Aug3.png,1,0.00014075820217840374
B22-38,Data\Annotated\B22-38_0\01525_Aug4.png,1,0.00015188896213658154
B22-38,Data\Annotated\B22-38_0\01525_Aug5.png,1,0.0001443410146748647
B22-38,Data\Annotated\B22-38_0\01525_Aug6.png,1,0.00015169467951636761
B22-38,Data\Annotated\B22-38_0\01525_Aug7.png,1,0.0001467169786337763
B22-38,Data\Annotated\B22-38_0\01525_Aug8.png,1,0.0001556112983962521
B22-313,Data\Annotated\B22-313_0\00105_Aug1.png,1,0.00024901400320231915
B22-313,Data\Annotated\B22-313_0\00105_Aug2.png,1,0.00024946086341515183
B22-313,Data\Annotated\B22-313_0\00105_Aug3.png,1,0.00025424029445275664
B22-313,Data\Annotated\B22-313_0\00105_Aug4.png,1,0.00021785571880172938
B22-313,Data\Annotated\B22-313_0\00105_Aug5.png,1,0.0002454692730680108
B22-313,Data\Annotated\B22-313_0\00105_Aug6.png,1,0.00021466825273819268
B22-313,Data\Annotated\B22-313_0\00105_Aug7.png,1,0.00018474040552973747
B22-313,Data\Annotated\B22-313_0\00105_Aug8.png,1,0.0002154781250283122
B22-313,Data\Annotated\B22-313_0\01310_Aug1.png,1,0.00022592551249545068
B22-313,Data\Annotated\B22-313_0\01310_Aug2.png,1,0.00020593211229424924
B22-313,Data\Annotated\B22-313_0\01310_Aug3.png,1,0.00022146814444568008
B22-313,Data\Annotated\B22-313_0\01310_Aug4.png,1,0.00020223375759087503
B22-313,Data\Annotated\B22-313_0\01310_Aug5.png,1,0.00023267271171789616
B22-313,Data\Annotated\B22-313_0\01310_Aug6.png,1,0.0002061276463791728
B22-313,Data\Annotated\B22-313_0\01310_Aug7.png,1,0.00023928777955006808
B22-313,Data\Annotated\B22-313_0\01310_Aug8.png,1,0.00019614610937424004
B22-313,Data\Annotated\B22-313_0\01552_Aug1.png,1,0.00015344007988460362
B22-313,Data\Annotated\B22-313_0\01552_Aug2.png,1,0.0001819948520278558
B22-313,Data\Annotated\B22-313_0\01552_Aug3.png,1,0.00014752495917491615
B22-313,Data\Annotated\B22-313_0\01552_Aug4.png,1,0.0001831067493185401
B22-313,Data\Annotated\B22-313_0\01552_Aug5.png,1,0.00014012686733622104
B22-313,Data\Annotated\B22-313_0\01552_Aug6.png,1,0.00019311116193421185
B22-313,Data\Annotated\B22-313_0\01552_Aug7.png,1,0.00013762811431661248
B22-313,Data\Annotated\B22-313_0\01552_Aug8.png,1,0.0001998725056182593
B22-313,Data\Annotated\B22-313_0\01780_Aug1.png,1,0.010780188255012035
B22-313,Data\Annotated\B22-313_0\01780_Aug2.png,1,0.010780188255012035
B22-313,Data\Annotated\B22-313_0\01780_Aug3.png,1,0.010780188255012035
B22-313,Data\Annotated\B22-313_0\01780_Aug4.png,1,0.010780188255012035
B22-313,Data\Annotated\B22-313_0\01780_Aug5.png,1,0.010780188255012035
B22-313,Data\Annotated\B22-313_0\01780_Aug6.png,1,0.010780188255012035
B22-313,Data\Annotated\B22-313_0\01780_Aug7.png,1,0.010780188255012035
B22-313,Data\Annotated\B22-313_0\01780_Aug8.png,1,0.010780188255012035
B22-83,Data\Annotated\B22-83_0\01018_Aug1.png,1,0.00029142203857190907
B22-83,Data\Annotated\B22-83_0\01018_Aug2.png,1,0.0003053372784052044
B22-83,Data\Annotated\B22-83_0\01018_Aug3.png,1,0.0002952217764686793
B22-83,Data\Annotated\B22-83_0\01018_Aug4.png,1,0.00031065833172760904
B22-83,Data\Annotated\B22-83_0\01018_Aug5.png,1,0.00028196285711601377
B22-83,Data\Annotated\B22-83_0\01018_Aug6.png,1,0.0003116126754321158
B22-83,Data\Annotated\B22-83_0\01018_Aug7.png,1,0.0002831451129168272
B22-83,Data\Annotated\B22-83_0\01018_Aug8.png,1,0.000309539056615904
B22-51,Data\Annotated\B22-51_0\00392_Aug1.png,1,8.864109986461699e-05
B22-51,Data\Annotated\B22-51_0\00392_Aug2.png,1,8.859478839440271e-05
B22-51,Data\Annotated\B22-51_0\00392_Aug3.png,1,8.504860306857154e-05
B22-51,Data\Annotated\B22-51_0\00392_Aug4.png,1,9.03843465493992e-05
B22-51,Data\Annotated\B22-51_0\00392_Aug5.png,1,8.405405969824642e-05
B22-51,Data\Annotated\B22-51_0\00392_Aug6.png,1,9.817362297326326e-05
B22-51,Data\Annotated\B22-51_0\00392_Aug7.png,1,8.12451689853333e-05
B22-51,Data\Annotated\B22-51_0\00392_Aug8.png,1,0.00010484845552127808
B22-74,Data\Annotated\B22-74_0\00890_Aug1.png,1,0.0001545858394820243
B22-74,Data\Annotated\B22-74_0\00890_Aug2.png,1,0.00015328990411944687
B22-74,Data\Annotated\B22-74_0\00890_Aug3.png,1,0.00016268352919723839
B22-74,Data\Annotated\B22-74_0\00890_Aug4.png,1,0.00015239999629557133
B22-74,Data\Annotated\B22-74_0\00890_Aug5.png,1,0.0001501517544966191
B22-74,Data\Annotated\B22-74_0\00890_Aug6.png,1,0.00015336420619860291
B22-74,Data\Annotated\B22-74_0\00890_Aug7.png,1,0.00014689686940982938
B22-74,Data\Annotated\B22-74_0\00890_Aug8.png,1,0.00015432812506332994
B22-163,Data\Annotated\B22-163_0\00298_Aug1.png,1,0.00012938212603330612
B22-163,Data\Annotated\B22-163_0\00298_Aug2.png,1,0.00011146736505907029
B22-163,Data\Annotated\B22-163_0\00298_Aug3.png,1,0.0001501844817539677
B22-163,Data\Annotated\B22-163_0\00298_Aug4.png,1,0.00011380374053260311
B22-163,Data\Annotated\B22-163_0\00298_Aug5.png,1,0.00016387284267693758
B22-163,Data\Annotated\B22-163_0\00298_Aug6.png,1,0.0001150423486251384
B22-163,Data\Annotated\B22-163_0\00298_Aug7.png,1,0.00016713555669412017
B22-163,Data\Annotated\B22-163_0\00298_Aug8.png,1,0.00011212023673579097
B22-163,Data\Annotated\B22-163_0\00387_Aug1.png,1,0.00019477400928735733
B22-163,Data\Annotated\B22-163_0\00387_Aug2.png,1,0.00010956189362332225
B22-163,Data\Annotated\B22-163_0\00387_Aug3.png,1,0.00019275012891739607
B22-163,Data\Annotated\B22-163_0\00387_Aug4.png,1,0.00011573293886613101
B22-163,Data\Annotated\B22-163_0\00387_Aug5.png,1,0.00020098229288123548
B22-163,Data\Annotated\B22-163_0\00387_Aug6.png,1,0.00014260676107369363
B22-163,Data\Annotated\B22-163_0\00387_Aug7.png,1,0.00022841512691229582
B22-163,Data\Annotated\B22-163_0\00387_Aug8.png,1,0.00019504790543578565
B22-163,Data\Annotated\B22-163_0\00444_Aug1.png,1,0.0001739693689160049
B22-163,Data\Annotated\B22-163_0\00444_Aug2.png,1,0.0001721711305435747
B22-163,Data\Annotated\B22-163_0\00444_Aug3.png,1,0.00018920761067420244
B22-163,Data\Annotated\B22-163_0\00444_Aug4.png,1,0.0001964145340025425
B22-163,Data\Annotated\B22-163_0\00444_Aug5.png,1,0.00020483610569499433
B22-163,Data\Annotated\B22-163_0\00444_Aug6.png,1,0.00020838819909840822
B22-163,Data\Annotated\B22-163_0\00444_Aug7.png,1,0.0002156901464331895
B22-163,Data\Annotated\B22-163_0\00444_Aug8.png,1,0.0002151692460756749
B22-163,Data\Annotated\B22-163_0\00452_Aug1.png,1,0.00037041847826913
B22-163,Data\Annotated\B22-163_0\00452_Aug2.png,1,0.00044103129766881466
B22-163,Data\Annotated\B22-163_0\00452_Aug3.png,1,0.00033904690644703805
B22-163,Data\Annotated\B22-163_0\00452_Aug4.png,1,0.00048261956544592977
B22-163,Data\Annotated\B22-163_0\00452_Aug5.png,1,0.0003226049884688109
B22-163,Data\Annotated\B22-163_0\00452_Aug6.png,1,0.00047367409570142627
B22-163,Data\Annotated\B22-163_0\00452_Aug7.png,1,0.00028441252652555704
B22-163,Data\Annotated\B22-163_0\00452_Aug8.png,1,0.0004946284461766481
B22-163,Data\Annotated\B22-163_0\00491_Aug1.png,1,0.00043126236414536834
B22-163,Data\Annotated\B22-163_0\00491_Aug2.png,1,0.0003957728040404618
B22-163,Data\Annotated\B22-163_0\00491_Aug3.png,1,0.0004442207864485681
B22-163,Data\Annotated\B22-163_0\00491_Aug4.png,1,0.0003980181645601988
B22-163,Data\Annotated\B22-163_0\00491_Aug5.png,1,0.0004655650118365884
B22-163,Data\Annotated\B22-163_0\00491_Aug6.png,1,0.00039567562635056674
B22-163,Data\Annotated\B22-163_0\00491_Aug7.png,1,0.0005262570921331644
B22-163,Data\Annotated\B22-163_0\00491_Aug8.png,1,0.00039444793947041035
B22-163,Data\Annotated\B22-163_0\00643_Aug1.png,1,0.00011354818707332015
B22-163,Data\Annotated\B22-163_0\00643_Aug2.png,1,0.00011558306869119406
B22-163,Data\Annotated\B22-163_0\00643_Aug3.png,1,0.00010772563837235793
B22-163,Data\Annotated\B22-163_0\00643_Aug4.png,1,0.00011651584645733237
B22-163,Data\Annotated\B22-163_0\00643_Aug5.png,1,0.00010013848077505827
B22-163,Data\Annotated\B22-163_0\00643_Aug6.png,1,0.0001130116215790622
B22-163,Data\Annotated\B22-163_0\00643_Aug7.png,1,9.845195745583624e-05
B22-163,Data\Annotated\B22-163_0\00643_Aug8.png,1,0.00011263172928011045
B22-163,Data\Annotated\B22-163_0\00657_Aug1.png,1,0.00014263087359722704
B22-163,Data\Annotated\B22-163_0\00657_Aug2.png,1,0.00014194656978361309
B22-163,Data\Annotated\B22-163_0\00657_Aug3.png,1,0.00014414789620786905
B22-163,Data\Annotated\B22-163_0\00657_Aug4.png,1,0.0001424478687113151
B22-163,Data\Annotated\B22-163_0\00657_Aug5.png,1,0.0001465185487177223
B22-163,Data\Annotated\B22-163_0\00657_Aug6.png,1,0.0001427123643225059
B22-163,Data\Annotated\B22-163_0\00657_Aug7.png,1,0.00014888249279465526
B22-163,Data\Annotated\B22-163_0\00657_Aug8.png,1,0.00014112904318608344
B22-158,Data\Annotated\B22-158_0\00244_Aug1.png,1,0.00010903393558692187
B22-158,Data\Annotated\B22-158_0\00244_Aug2.png,1,0.00011225027265027165
B22-158,Data\Annotated\B22-158_0\00244_Aug3.png,1,0.00010343486064812168
B22-158,Data\Annotated\B22-158_0\00244_Aug4.png,1,0.00011436943896114826
B22-158,Data\Annotated\B22-158_0\00244_Aug5.png,1,0.00010555061453487724
B22-158,Data\Annotated\B22-158_0\00244_Aug6.png,1,0.00011168899800395593
B22-158,Data\Annotated\B22-158_0\00244_Aug7.png,1,0.000101360899861902
B22-158,Data\Annotated\B22-158_0\00244_Aug8.png,1,0.00011561274732230231
B22-158,Data\Annotated\B22-158_0\00764_Aug1.png,1,9.142533963313326e-05
B22-158,Data\Annotated\B22-158_0\00764_Aug2.png,1,9.02637984836474e-05
B22-158,Data\Annotated\B22-158_0\00764_Aug3.png,1,9.392875654157251e-05
B22-158,Data\Annotated\B22-158_0\00764_Aug4.png,1,9.054172551259398e-05
B22-158,Data\Annotated\B22-158_0\00764_Aug5.png,1,9.408522601006553e-05
B22-158,Data\Annotated\B22-158_0\00764_Aug6.png,1,9.175179002340883e-05
B22-158,Data\Annotated\B22-158_0\00764_Aug7.png,1,9.338682139059529e-05
B22-158,Data\Annotated\B22-158_0\00764_Aug8.png,1,9.3107097200118e-05
B22-158,Data\Annotated\B22-158_0\01108_Aug1.png,1,8.563091978430748e-05
B22-158,Data\Annotated\B22-158_0\01108_Aug2.png,1,7.996773638296872e-05
B22-158,Data\Annotated\B22-158_0\01108_Aug3.png,1,9.318874072050676e-05
B22-158,Data\Annotated\B22-158_0\01108_Aug4.png,1,7.799977902323008e-05
B22-158,Data\Annotated\B22-158_0\01108_Aug5.png,1,9.844338637776673e-05
B22-158,Data\Annotated\B22-158_0\01108_Aug6.png,1,7.927529804874212e-05
B22-158,Data\Annotated\B22-158_0\01108_Aug7.png,1,0.00010658393148332834
B22-158,Data\Annotated\B22-158_0\01108_Aug8.png,1,7.966606062836945e-05
B22-174,Data\Annotated\B22-174_0\00224_Aug1.png,1,0.0002733197179622948
B22-174,Data\Annotated\B22-174_0\00224_Aug2.png,1,0.0002789015416055918
B22-174,Data\Annotated\B22-174_0\00224_Aug3.png,1,0.0002763007942121476
B22-174,Data\Annotated\B22-174_0\00224_Aug4.png,1,0.00028347817715257406
B22-174,Data\Annotated\B22-174_0\00224_Aug5.png,1,0.0002624664339236915
B22-174,Data\Annotated\B22-174_0\00224_Aug6.png,1,0.0002723033248912543
B22-174,Data\Annotated\B22-174_0\00224_Aug7.png,1,0.00025924979127012193
B22-174,Data\Annotated\B22-174_0\00224_Aug8.png,1,0.0002669908571988344
B22-174,Data\Annotated\B22-174_0\00225_Aug1.png,1,0.00027660265914164484
B22-174,Data\Annotated\B22-174_0\00225_Aug2.png,1,0.0002772290026769042
B22-174,Data\Annotated\B22-174_0\00225_Aug3.png,1,0.00027146117645315826
B22-174,Data\Annotated\B22-174_0\00225_Aug4.png,1,0.0002746949321590364
B22-174,Data\Annotated\B22-174_0\00225_Aug5.png,1,0.00027223880169913173
B22-174,Data\Annotated\B22-174_0\00225_Aug6.png,1,0.0002716793096624315
B22-174,Data\Annotated\B22-174_0\00225_Aug7.png,1,0.00028126934194006026
B22-174,Data\Annotated\B22-174_0\00225_Aug8.png,1,0.00027031093486584723
B22-174,Data\Annotated\B22-174_0\00239_Aug1.png,1,0.0002792355662677437
B22-174,Data\Annotated\B22-174_0\00239_Aug2.png,1,0.0002828890283126384
B22-174,Data\Annotated\B22-174_0\00239_Aug3.png,1,0.00027560535818338394
B22-174,Data\Annotated\B22-174_0\00239_Aug4.png,1,0.0002768966951407492
B22-174,Data\Annotated\B22-174_0\00239_Aug5.png,1,0.00027428532484918833
B22-174,Data\Annotated\B22-174_0\00239_Aug6.png,1,0.00027590859099291265
B22-174,Data\Annotated\B22-174_0\00239_Aug7.png,1,0.0002648902591317892
B22-174,Data\Annotated\B22-174_0\00239_Aug8.png,1,0.0002723201469052583
B22-174,Data\Annotated\B22-174_0\00249_Aug1.png,1,0.0001145965070463717
B22-174,Data\Annotated\B22-174_0\00249_Aug2.png,1,0.0001189910908578895
B22-174,Data\Annotated\B22-174_0\00249_Aug3.png,1,0.000115595044917427
B22-174,Data\Annotated\B22-174_0\00249_Aug4.png,1,0.00012371010961942375
B22-174,Data\Annotated\B22-174_0\00249_Aug5.png,1,0.00011897605145350099
B22-174,Data\Annotated\B22-174_0\00249_Aug6.png,1,0.00013200646208133548
B22-174,Data\Annotated\B22-174_0\00249_Aug7.png,1,0.00012476452684495598
B22-174,Data\Annotated\B22-174_0\00249_Aug8.png,1,0.00014064391143620014
B22-123,Data\Annotated\B22-123_0\00687_Aug1.png,1,0.00020810216665267944
B22-123,Data\Annotated\B22-123_0\00687_Aug2.png,1,0.0002076753880828619
B22-123,Data\Annotated\B22-123_0\00687_Aug3.png,1,0.00022419227752834558
B22-123,Data\Annotated\B22-123_0\00687_Aug4.png,1,0.00021030791685916483
B22-123,Data\Annotated\B22-123_0\00687_Aug5.png,1,0.00024041844881139696
B22-123,Data\Annotated\B22-123_0\00687_Aug6.png,1,0.00020625407341867685
B22-123,Data\Annotated\B22-123_0\00687_Aug7.png,1,0.0002490004408173263
B22-123,Data\Annotated\B22-123_0\00687_Aug8.png,1,0.00017843875684775412
B22-123,Data\Annotated\B22-123_0\00696_Aug1.png,1,0.00022744240413885564
B22-123,Data\Annotated\B22-123_0\00696_Aug2.png,1,0.00023031316231936216
B22-123,Data\Annotated\B22-123_0\00696_Aug3.png,1,0.00025026194634847343
B22-123,Data\Annotated\B22-123_0\00696_Aug4.png,1,0.0002494602231308818
B22-123,Data\Annotated\B22-123_0\00696_Aug5.png,1,0.00028108953847549856
B22-123,Data\Annotated\B22-123_0\00696_Aug6.png,1,0.0002918214304372668
B22-123,Data\Annotated\B22-123_0\00696_Aug7.png,1,0.0003215724718756974
B22-123,Data\Annotated\B22-123_0\00696_Aug8.png,1,0.00032548909075558186
B22-123,Data\Annotated\B22-123_0\01063_Aug1.png,1,0.00011410548177082092
B22-123,Data\Annotated\B22-123_0\01063_Aug2.png,1,0.00011983659351244569
B22-123,Data\Annotated\B22-123_0\01063_Aug3.png,1,0.00010581238166196272
B22-123,Data\Annotated\B22-123_0\01063_Aug4.png,1,0.00012347757001407444
B22-123,Data\Annotated\B22-123_0\01063_Aug5.png,1,0.00010039162589237094
B22-123,Data\Annotated\B22-123_0\01063_Aug6.png,1,0.00012455732212401927
B22-123,Data\Annotated\B22-123_0\01063_Aug7.png,1,9.837790275923908e-05
B22-123,Data\Annotated\B22-123_0\01063_Aug8.png,1,0.00012197173782624304
B22-47,Data\Annotated\B22-47_0\01653_Aug1.png,1,0.00015544613415841013
B22-47,Data\Annotated\B22-47_0\01653_Aug2.png,1,0.00014532012573909014
B22-47,Data\Annotated\B22-47_0\01653_Aug3.png,1,0.0001617239322513342
B22-47,Data\Annotated\B22-47_0\01653_Aug4.png,1,0.00013703471631743014
B22-47,Data\Annotated\B22-47_0\01653_Aug5.png,1,0.00016653863713145256
B22-47,Data\Annotated\B22-47_0\01653_Aug6.png,1,0.00012706317647825927
B22-47,Data\Annotated\B22-47_0\01653_Aug7.png,1,0.00016816469724290073
B22-47,Data\Annotated\B22-47_0\01653_Aug8.png,1,0.00012635283928830177
B22-116,Data\Annotated\B22-116_0\00252_Aug1.png,1,9.417239925824106e-05
B22-116,Data\Annotated\B22-116_0\00252_Aug2.png,1,9.224463428836316e-05
B22-116,Data\Annotated\B22-116_0\00252_Aug3.png,1,9.512608812656254e-05
B22-116,Data\Annotated\B22-116_0\00252_Aug4.png,1,9.0588720922824e-05
B22-116,Data\Annotated\B22-116_0\00252_Aug5.png,1,9.813999349717051e-05
B22-116,Data\Annotated\B22-116_0\00252_Aug6.png,1,8.972818613983691e-05
B22-116,Data\Annotated\B22-116_0\00252_Aug7.png,1,0.00010153734911000356
B22-116,Data\Annotated\B22-116_0\00252_Aug8.png,1,9.115756256505847e-05
B22-116,Data\Annotated\B22-116_0\00256_Aug1.png,1,9.834952652454376e-05
B22-116,Data\Annotated\B22-116_0\00256_Aug2.png,1,0.00010516033944441006
B22-116,Data\Annotated\B22-116_0\00256_Aug3.png,1,9.622060315450653e-05
B22-116,Data\Annotated\B22-116_0\00256_Aug4.png,1,0.00010729185305535793
B22-116,Data\Annotated\B22-116_0\00256_Aug5.png,1,9.677515481598675e-05
B22-116,Data\Annotated\B22-116_0\00256_Aug6.png,1,0.0001040762581396848
B22-116,Data\Annotated\B22-116_0\00256_Aug7.png,1,0.00010091740841744468
B22-116,Data\Annotated\B22-116_0\00256_Aug8.png,1,0.00011800878564827144
B22-116,Data\Annotated\B22-116_0\00437_Aug1.png,1,0.00012160083133494481
B22-116,Data\Annotated\B22-116_0\00437_Aug2.png,1,0.00013566082634497434
B22-116,Data\Annotated\B22-116_0\00437_Aug3.png,1,0.010780188255012035
B22-116,Data\Annotated\B22-116_0\00437_Aug4.png,1,0.00013561644300352782
B22-116,Data\Annotated\B22-116_0\00437_Aug5.png,1,0.010780188255012035
B22-116,Data\Annotated\B22-116_0\00437_Aug6.png,1,0.0001410742843290791
B22-116,Data\Annotated\B22-116_0\00437_Aug7.png,1,0.010780188255012035
B22-116,Data\Annotated\B22-116_0\00437_Aug8.png,1,0.00013712808140553534
B22-101,Data\Annotated\B22-101_0\00201_Aug1.png,1,0.00020261788449715823
B22-101,Data\Annotated\B22-101_0\00201_Aug2.png,1,0.00020293841953389347
B22-101,Data\Annotated\B22-101_0\00201_Aug3.png,1,0.00020087076700292528
B22-101,Data\Annotated\B22-101_0\00201_Aug4.png,1,0.0002022392291110009
B22-101,Data\Annotated\B22-101_0\00201_Aug5.png,1,0.00020274582493584603
B22-101,Data\Annotated\B22-101_0\00201_Aug6.png,1,0.00020443115499801934
B22-101,Data\Annotated\B22-101_0\00201_Aug7.png,1,0.00020353533909656107
B22-101,Data\Annotated\B22-101_0\00201_Aug8.png,1,0.00021130195818841457
B22-303,Data\Annotated\B22-303_0\00093_Aug1.png,1,0.00012859731214120984
B22-303,Data\Annotated\B22-303_0\00093_Aug2.png,1,0.0001275989634450525
B22-303,Data\Annotated\B22-303_0\00093_Aug3.png,1,0.00012975037680007517
B22-303,Data\Annotated\B22-303_0\00093_Aug4.png,1,0.0001281538134207949
B22-303,Data\Annotated\B22-303_0\00093_Aug5.png,1,0.00013277491962071508
B22-303,Data\Annotated\B22-303_0\00093_Aug6.png,1,0.00013150005543138832
B22-303,Data\Annotated\B22-303_0\00093_Aug7.png,1,0.00013430704711936414
B22-303,Data\Annotated\B22-303_0\00093_Aug8.png,1,0.0001339889713563025
B22-303,Data\Annotated\B22-303_0\00106_Aug1.png,1,0.0001159925595857203
B22-303,Data\Annotated\B22-303_0\00106_Aug2.png,1,0.00011163658928126097
B22-303,Data\Annotated\B22-303_0\00106_Aug3.png,1,0.00011911445471923798
B22-303,Data\Annotated\B22-303_0\00106_Aug4.png,1,0.00011157953849760816
B22-303,Data\Annotated\B22-303_0\00106_Aug5.png,1,0.00012493102985899895
B22-303,Data\Annotated\B22-303_0\00106_Aug6.png,1,0.000111020912299864
B22-303,Data\Annotated\B22-303_0\00106_Aug7.png,1,0.0001276662078453228
B22-303,Data\Annotated\B22-303_0\00106_Aug8.png,1,0.00010672726057237014
B22-303,Data\Annotated\B22-303_0\00123_Aug1.png,1,0.00016266321472357959
B22-303,Data\Annotated\B22-303_0\00123_Aug2.png,1,0.00016554506146349013
B22-303,Data\Annotated\B22-303_0\00123_Aug3.png,1,0.00015655375318601727
B22-303,Data\Annotated\B22-303_0\00123_Aug4.png,1,0.00016887925448827446
B22-303,Data\Annotated\B22-303_0\00123_Aug5.png,1,0.00015575351426377892
B22-303,Data\Annotated\B22-303_0\00123_Aug6.png,1,0.00017237276188097894
B22-303,Data\Annotated\B22-303_0\00123_Aug7.png,1,0.00015457585686817765
B22-303,Data\Annotated\B22-303_0\00123_Aug8.png,1,0.00017874312470667064
B22-303,Data\Annotated\B22-303_0\00602_Aug1.png,1,0.00018183467909693718
B22-303,Data\Annotated\B22-303_0\00602_Aug2.png,1,0.0001825634972192347
B22-303,Data\Annotated\B22-303_0\00602_Aug3.png,1,0.00017951379413716495
B22-303,Data\Annotated\B22-303_0\00602_Aug4.png,1,0.0001826602383516729
B22-303,Data\Annotated\B22-303_0\00602_Aug5.png,1,0.00018527060456108302
B22-303,Data\Annotated\B22-303_0\00602_Aug6.png,1,0.0001807158550946042
B22-303,Data\Annotated\B22-303_0\00602_Aug7.png,1,0.00019813698600046337
B22-303,Data\Annotated\B22-303_0\00602_Aug8.png,1,0.0001901381037896499
B22-302,Data\Annotated\B22-302_0\00154_Aug1.png,1,0.0003439986612647772
B22-302,Data\Annotated\B22-302_0\00154_Aug2.png,1,0.0003378856345079839
B22-302,Data\Annotated\B22-302_0\00154_Aug3.png,1,0.00037672510370612144
B22-302,Data\Annotated\B22-302_0\00154_Aug4.png,1,0.00037201319355517626
B22-302,Data\Annotated\B22-302_0\00154_Aug5.png,1,0.0004024985246360302
B22-302,Data\Annotated\B22-302_0\00154_Aug6.png,1,0.0003939615562558174
B22-302,Data\Annotated\B22-302_0\00154_Aug7.png,1,0.00043363607255741954
B22-302,Data\Annotated\B22-302_0\00154_Aug8.png,1,0.00039954454405233264
B22-302,Data\Annotated\B22-302_0\00168_Aug1.png,1,0.0003624233359005302
B22-302,Data\Annotated\B22-302_0\00168_Aug2.png,1,0.0002802685194183141
B22-302,Data\Annotated\B22-302_0\00168_Aug3.png,1,0.0003780307015404105
B22-302,Data\Annotated\B22-302_0\00168_Aug4.png,1,0.0003222927334718406
B22-302,Data\Annotated\B22-302_0\00168_Aug5.png,1,0.000390006200177595
B22-302,Data\Annotated\B22-302_0\00168_Aug6.png,1,0.0002985225000884384
B22-302,Data\Annotated\B22-302_0\00168_Aug7.png,1,0.00042928880429826677
B22-302,Data\Annotated\B22-302_0\00168_Aug8.png,1,0.0002927612222265452
B22-302,Data\Annotated\B22-302_0\00175_Aug1.png,1,0.00020722774206660688
B22-302,Data\Annotated\B22-302_0\00175_Aug2.png,1,0.00020722774206660688
B22-302,Data\Annotated\B22-302_0\00175_Aug3.png,1,0.0001866838283604011
B22-302,Data\Annotated\B22-302_0\00175_Aug4.png,1,0.0001866838283604011
B22-302,Data\Annotated\B22-302_0\00175_Aug5.png,1,0.00016775709809735417
B22-302,Data\Annotated\B22-302_0\00175_Aug6.png,1,0.00016548970597796142
B22-302,Data\Annotated\B22-302_0\00175_Aug7.png,1,0.00014311321137938648
B22-302,Data\Annotated\B22-302_0\00175_Aug8.png,1,0.00014311321137938648
B22-302,Data\Annotated\B22-302_0\00231_Aug1.png,1,0.00027508390485309064
B22-302,Data\Annotated\B22-302_0\00231_Aug2.png,1,0.00022939254995435476
B22-302,Data\Annotated\B22-302_0\00231_Aug3.png,1,0.0003150456177536398
B22-302,Data\Annotated\B22-302_0\00231_Aug4.png,1,0.00021023393492214382
B22-302,Data\Annotated\B22-302_0\00231_Aug5.png,1,0.0003213222371414304
B22-302,Data\Annotated\B22-302_0\00231_Aug6.png,1,0.0002114678791258484
B22-302,Data\Annotated\B22-302_0\00231_Aug7.png,1,0.000329920876538381
B22-302,Data\Annotated\B22-302_0\00231_Aug8.png,1,0.000215703941648826
B22-302,Data\Annotated\B22-302_0\00846_Aug1.png,1,0.00023763923672959208
B22-302,Data\Annotated\B22-302_0\00846_Aug2.png,1,0.00027320420485921204
B22-302,Data\Annotated\B22-302_0\00846_Aug3.png,1,0.00024631916312500834
B22-302,Data\Annotated\B22-302_0\00846_Aug4.png,1,0.0003026067861355841
B22-302,Data\Annotated\B22-302_0\00846_Aug5.png,1,0.00026173246442340314
B22-302,Data\Annotated\B22-302_0\00846_Aug6.png,1,0.0003288999432697892
B22-302,Data\Annotated\B22-302_0\00846_Aug7.png,1,0.0002600450534373522
B22-302,Data\Annotated\B22-302_0\00846_Aug8.png,1,0.00035198923433199525
B22-50,Data\Annotated\B22-50_0\00865_Aug1.png,1,7.181974069681019e-05
B22-50,Data\Annotated\B22-50_0\00865_Aug2.png,1,7.152756734285504e-05
B22-50,Data\Annotated\B22-50_0\00865_Aug3.png,1,7.151140016503632e-05
B22-50,Data\Annotated\B22-50_0\00865_Aug4.png,1,7.071674190228805e-05
B22-50,Data\Annotated\B22-50_0\00865_Aug5.png,1,6.948140799067914e-05
B22-50,Data\Annotated\B22-50_0\00865_Aug6.png,1,7.086325786076486e-05
B22-50,Data\Annotated\B22-50_0\00865_Aug7.png,1,6.895450496813282e-05
B22-50,Data\Annotated\B22-50_0\00865_Aug8.png,1,7.005425140960142e-05
B22-50,Data\Annotated\B22-50_0\01090_Aug1.png,1,9.575678268447518e-05
B22-50,Data\Annotated\B22-50_0\01090_Aug2.png,1,9.227586997440085e-05
B22-50,Data\Annotated\B22-50_0\01090_Aug3.png,1,9.838592086452991e-05
B22-50,Data\Annotated\B22-50_0\01090_Aug4.png,1,9.180062625091523e-05
B22-50,Data\Annotated\B22-50_0\01090_Aug5.png,1,9.742569818627089e-05
B22-50,Data\Annotated\B22-50_0\01090_Aug6.png,1,9.292225877288729e-05
B22-50,Data\Annotated\B22-50_0\01090_Aug7.png,1,9.78872922132723e-05
B22-50,Data\Annotated\B22-50_0\01090_Aug8.png,1,9.222228254657239e-05
B22-50,Data\Annotated\B22-50_0\01342_Aug1.png,1,8.209589577745646e-05
B22-50,Data\Annotated\B22-50_0\01342_Aug2.png,1,8.009750308701769e-05
B22-50,Data\Annotated\B22-50_0\01342_Aug3.png,1,8.203333709388971e-05
B22-50,Data\Annotated\B22-50_0\01342_Aug4.png,1,8.185188926290721e-05
B22-50,Data\Annotated\B22-50_0\01342_Aug5.png,1,8.195611735573038e-05
B22-50,Data\Annotated\B22-50_0\01342_Aug6.png,1,8.223778422689065e-05
B22-50,Data\Annotated\B22-50_0\01342_Aug7.png,1,8.738158794585615e-05
B22-50,Data\Annotated\B22-50_0\01342_Aug8.png,1,8.367333066416904e-05
B22-84,Data\Annotated\B22-84_0\00099_Aug1.png,1,8.985699969343841e-05
B22-84,Data\Annotated\B22-84_0\00099_Aug2.png,1,9.350691107101738e-05
B22-84,Data\Annotated\B22-84_0\00099_Aug3.png,1,8.983251609606668e-05
B22-84,Data\Annotated\B22-84_0\00099_Aug4.png,1,9.569088433636352e-05
B22-84,Data\Annotated\B22-84_0\00099_Aug5.png,1,0.00016444495122414082
B22-84,Data\Annotated\B22-84_0\00099_Aug6.png,1,9.892585512716323e-05
B22-84,Data\Annotated\B22-84_0\00099_Aug7.png,1,0.0001616027730051428
B22-84,Data\Annotated\B22-84_0\00099_Aug8.png,1,0.00010065075184684247
B22-84,Data\Annotated\B22-84_0\00582_Aug1.png,1,0.00010019560431828722
B22-84,Data\Annotated\B22-84_0\00582_Aug2.png,1,9.658053022576496e-05
B22-84,Data\Annotated\B22-84_0\00582_Aug3.png,1,0.00010497419134480879
B22-84,Data\Annotated\B22-84_0\00582_Aug4.png,1,9.627441613702103e-05
B22-84,Data\Annotated\B22-84_0\00582_Aug5.png,1,0.00010629789903759956
B22-84,Data\Annotated\B22-84_0\00582_Aug6.png,1,0.00010341474262531847
B22-84,Data\Annotated\B22-84_0\00582_Aug7.png,1,0.00010892804129980505
B22-84,Data\Annotated\B22-84_0\00582_Aug8.png,1,0.0001058029301930219
B22-84,Data\Annotated\B22-84_0\00627_Aug1.png,1,0.00017050543101504445
B22-84,Data\Annotated\B22-84_0\00627_Aug2.png,1,0.0002049746981356293
B22-84,Data\Annotated\B22-84_0\00627_Aug3.png,1,0.00015367759624496102
B22-84,Data\Annotated\B22-84_0\00627_Aug4.png,1,0.00021484342869371176
B22-84,Data\Annotated\B22-84_0\00627_Aug5.png,1,0.00012871796207036823
B22-84,Data\Annotated\B22-84_0\00627_Aug6.png,1,0.0002047105663223192
B22-84,Data\Annotated\B22-84_0\00627_Aug7.png,1,0.00012143453932367265
B22-84,Data\Annotated\B22-84_0\00627_Aug8.png,1,0.00019411812536418438
B22-84,Data\Annotated\B22-84_0\00739_Aug1.png,1,0.00012110496027162299
B22-84,Data\Annotated\B22-84_0\00739_Aug2.png,1,0.00012435791722964495
B22-84,Data\Annotated\B22-84_0\00739_Aug3.png,1,0.0001240280398633331
B22-84,Data\Annotated\B22-84_0\00739_Aug4.png,1,0.00012131896801292896
B22-84,Data\Annotated\B22-84_0\00739_Aug5.png,1,0.00012126916408305988
B22-84,Data\Annotated\B22-84_0\00739_Aug6.png,1,0.00012366332521196455
B22-84,Data\Annotated\B22-84_0\00739_Aug7.png,1,0.00011967817408731207
B22-84,Data\Annotated\B22-84_0\00739_Aug8.png,1,0.00011994440865237266
B22-84,Data\Annotated\B22-84_0\01978_Aug1.png,1,0.00019526947289705276
B22-84,Data\Annotated\B22-84_0\01978_Aug2.png,1,0.0001971646852325648
B22-84,Data\Annotated\B22-84_0\01978_Aug3.png,1,0.00019672978669404984
B22-84,Data\Annotated\B22-84_0\01978_Aug4.png,1,0.0001973053440451622
B22-84,Data\Annotated\B22-84_0\01978_Aug5.png,1,0.0001964876428246498
B22-84,Data\Annotated\B22-84_0\01978_Aug6.png,1,0.0001997002400457859
B22-84,Data\Annotated\B22-84_0\01978_Aug7.png,1,0.00019536637410055846
B22-84,Data\Annotated\B22-84_0\01978_Aug8.png,1,0.000193553845747374
B22-84,Data\Annotated\B22-84_0\01982_Aug1.png,1,0.0002023989800363779
B22-84,Data\Annotated\B22-84_0\01982_Aug2.png,1,0.0001985591370612383
B22-84,Data\Annotated\B22-84_0\01982_Aug3.png,1,0.00020046466670464724
B22-84,Data\Annotated\B22-84_0\01982_Aug4.png,1,0.00019081814389210194
B22-84,Data\Annotated\B22-84_0\01982_Aug5.png,1,0.00019918788166251034
B22-84,Data\Annotated\B22-84_0\01982_Aug6.png,1,0.0001881801726995036
B22-84,Data\Annotated\B22-84_0\01982_Aug7.png,1,0.0001983791298698634
B22-84,Data\Annotated\B22-84_0\01982_Aug8.png,1,0.0001890787825686857
B22-106,Data\Annotated\B22-106_1\00071.png,0,9.097943984670565e-05
B22-106,Data\Annotated\B22-106_1\00079.png,0,9.127573866862804e-05
B22-106,Data\Annotated\B22-106_1\00125.png,0,0.0001321322051808238
B22-106,Data\Annotated\B22-106_1\00128.png,0,0.00010850874241441488
B22-106,Data\Annotated\B22-106_1\00166.png,0,0.0001113841644837521
B22-106,Data\Annotated\B22-106_1\00269.png,0,0.00012695888290181756
B22-106,Data\Annotated\B22-106_1\00281.png,0,0.00010351280070608482
B22-106,Data\Annotated\B22-106_1\00319.png,0,0.00013246230082586408
B22-106,Data\Annotated\B22-106_1\00344.png,0,0.00016204746498260647
B22-106,Data\Annotated\B22-106_1\00389.png,0,9.34774725465104e-05
B22-106,Data\Annotated\B22-106_1\00469.png,0,5.766056710854173e-05
B22-107,Data\Annotated\B22-107_1\00016.png,0,0.00012949678057339042
B22-107,Data\Annotated\B22-107_1\00174.png,0,9.83968420769088e-05
B22-107,Data\Annotated\B22-107_1\00238.png,0,9.332527406513691e-05
B22-107,Data\Annotated\B22-107_1\00290.png,0,0.00015889618953224272
B22-107,Data\Annotated\B22-107_1\00320.png,0,0.00016582373064011335
B22-110,Data\Annotated\B22-110_1\00006.png,0,0.00010887107055168599
B22-110,Data\Annotated\B22-110_1\00045.png,0,0.00010029001714428887
B22-110,Data\Annotated\B22-110_1\00614.png,0,0.0001112451427616179
B22-111,Data\Annotated\B22-111_1\00000.png,0,6.586794916074723e-05
B22-111,Data\Annotated\B22-111_1\00005.png,0,8.878212975105271e-05
B22-111,Data\Annotated\B22-111_1\00129.png,0,0.00010134190961252898
B22-111,Data\Annotated\B22-111_1\00138.png,0,0.00015477002307306975
B22-111,Data\Annotated\B22-111_1\00207.png,0,8.186863124137744e-05
B22-112,Data\Annotated\B22-112_1\00038.png,0,9.302468242822215e-05
B22-112,Data\Annotated\B22-112_1\00050.png,0,7.096636545611545e-05
B22-112,Data\Annotated\B22-112_1\00061.png,0,6.955873686820269e-05
B22-112,Data\Annotated\B22-112_1\00109.png,0,9.565569780534133e-05
B22-112,Data\Annotated\B22-112_1\00237.png,0,7.594929775223136e-05
B22-112,Data\Annotated\B22-112_1\00245.png,0,8.914150384953246e-05
B22-112,Data\Annotated\B22-112_1\00279.png,0,6.75138653605245e-05
B22-112,Data\Annotated\B22-112_1\00341.png,0,8.646988135296851e-05
B22-143,Data\Annotated\B22-143_1\00001.png,0,7.117185305105522e-05
B22-143,Data\Annotated\B22-143_1\00064.png,0,8.2908954937011e-05
B22-143,Data\Annotated\B22-143_1\00116.png,0,0.00011106526653748006
B22-143,Data\Annotated\B22-143_1\00300.png,0,8.885838906280696e-05
B22-143,Data\Annotated\B22-143_1\00346.png,0,7.767087663523853e-05
B22-143,Data\Annotated\B22-143_1\00412.png,0,8.390337461605668e-05
B22-143,Data\Annotated\B22-143_1\00430.png,0,9.215782483806834e-05
B22-143,Data\Annotated\B22-143_1\00448.png,0,8.743169018998742e-05
B22-143,Data\Annotated\B22-143_1\00494.png,0,0.00011537007230799645
B22-143,Data\Annotated\B22-143_1\00549.png,0,0.00010499788186280057
B22-143,Data\Annotated\B22-143_1\00585.png,0,8.094650547718629e-05
B22-143,Data\Annotated\B22-143_1\00656.png,0,0.00011413462925702333
B22-148,Data\Annotated\B22-148_1\00035.png,0,9.138814493780956e-05
B22-148,Data\Annotated\B22-148_1\00193.png,0,0.00010545598343014717
B22-152,Data\Annotated\B22-152_0\00102.png,0,0.010780188255012035
B22-152,Data\Annotated\B22-152_0\00214.png,0,0.010780188255012035
B22-152,Data\Annotated\B22-152_0\00416.png,0,0.010780188255012035
B22-152,Data\Annotated\B22-152_0\00556.png,0,0.010780188255012035
B22-168,Data\Annotated\B22-168_1\00156.png,0,0.00016122768283821642
B22-168,Data\Annotated\B22-168_1\00343.png,0,0.00020738705643452704
B22-168,Data\Annotated\B22-168_1\00379.png,0,0.00029784737853333354
B22-168,Data\Annotated\B22-168_1\00389.png,0,0.0003478489234112203
B22-168,Data\Annotated\B22-168_1\00407.png,0,0.00032200454734265804
B22-168,Data\Annotated\B22-168_1\00828.png,0,0.00010092125739902258
B22-173,Data\Annotated\B22-173_1\00207.png,0,0.0001221766578964889
B22-173,Data\Annotated\B22-173_1\00260.png,0,0.00019490774138830602
B22-173,Data\Annotated\B22-173_1\00316.png,0,0.00017870430019684136
B22-173,Data\Annotated\B22-173_1\00375.png,0,0.0001501910446677357
B22-175,Data\Annotated\B22-175_0\00325.png,0,0.010780188255012035
B22-175,Data\Annotated\B22-175_0\00467.png,0,0.010780188255012035
B22-175,Data\Annotated\B22-175_0\00500.png,0,0.010780188255012035
B22-175,Data\Annotated\B22-175_0\00538.png,0,0.010780188255012035
B22-175,Data\Annotated\B22-175_0\00551.png,0,0.010780188255012035
B22-175,Data\Annotated\B22-175_0\00569.png,0,0.010780188255012035
B22-175,Data\Annotated\B22-175_0\00609.png,0,0.010780188255012035
B22-175,Data\Annotated\B22-175_0\00624.png,0,0.010780188255012035
B22-175,Data\Annotated\B22-175_0\00683.png,0,0.010780188255012035
B22-177,Data\Annotated\B22-177_0\00298.png,0,0.010780188255012035
B22-177,Data\Annotated\B22-177_0\00469.png,0,0.010780188255012035
B22-177,Data\Annotated\B22-177_0\00862.png,0,0.010780188255012035
B22-177,Data\Annotated\B22-177_0\00962.png,0,0.010780188255012035
B22-177,Data\Annotated\B22-177_0\01193.png,0,0.010780188255012035
B22-177,Data\Annotated\B22-177_0\01386.png,0,0.010780188255012035
B22-177,Data\Annotated\B22-177_0\01836.png,0,0.010780188255012035
B22-179,Data\Annotated\B22-179_0\00315.png,0,0.010780188255012035
B22-180,Data\Annotated\B22-180_0\00294.png,0,0.010780188255012035
B22-180,Data\Annotated\B22-180_0\00615.png,0,0.010780188255012035
B22-180,Data\Annotated\B22-180_0\00629.png,0,0.010780188255012035
B22-180,Data\Annotated\B22-180_0\00658.png,0,0.010780188255012035
B22-181,Data\Annotated\B22-181_1\01289.png,0,9.379314724355936e-05
B22-183,Data\Annotated\B22-183_1\00472.png,0,7.623939745826647e-05
B22-183,Data\Annotated\B22-183_1\00704.png,0,6.634862802457064e-05
B22-183,Data\Annotated\B22-183_1\00788.png,0,7.186685979831964e-05
B22-183,Data\Annotated\B22-183_1\00801.png,0,7.47513840906322e-05
B22-183,Data\Annotated\B22-183_1\00817.png,0,7.96634703874588e-05
B22-189,Data\Annotated\B22-189_0\00093.png,0,0.010780188255012035
B22-189,Data\Annotated\B22-189_0\00355.png,0,0.010780188255012035
B22-189,Data\Annotated\B22-189_0\00358.png,0,0.010780188255012035
B22-189,Data\Annotated\B22-189_0\00472.png,0,0.010780188255012035
B22-190,Data\Annotated\B22-190_1\00027.png,0,0.00013573950855061412
B22-190,Data\Annotated\B22-190_1\00180.png,0,8.034612255869433e-05
B22-190,Data\Annotated\B22-190_1\00737.png,0,9.86412342172116e-05
B22-190,Data\Annotated\B22-190_1\00802.png,0,0.00011627613275777549
B22-190,Data\Annotated\B22-190_1\01059.png,0,0.0001102784153772518
B22-192,Data\Annotated\B22-192_1\00203.png,0,8.617046842118725e-05
B22-192,Data\Annotated\B22-192_1\00245.png,0,0.00011662238830467686
B22-192,Data\Annotated\B22-192_1\00373.png,0,7.399584137601778e-05
B22-192,Data\Annotated\B22-192_1\00520.png,0,7.675978122279048e-05
B22-192,Data\Annotated\B22-192_1\00524.png,0,7.160446693887934e-05
B22-28,Data\Annotated\B22-28_1\00025.png,0,0.00010611645120661706
B22-28,Data\Annotated\B22-28_1\00029.png,0,9.62171470746398e-05
B22-28,Data\Annotated\B22-28_1\00095.png,0,0.00010735160321928561
B22-28,Data\Annotated\B22-28_1\00131.png,0,8.80717343534343e-05
B22-28,Data\Annotated\B22-28_1\00249.png,0,0.00020796437456738204
B22-28,Data\Annotated\B22-28_1\00272.png,0,0.00010663550347089767
B22-28,Data\Annotated\B22-28_1\00349.png,0,6.40864745946601e-05
B22-29,Data\Annotated\B22-29_1\00000.png,0,7.54226857679896e-05
B22-29,Data\Annotated\B22-29_1\00004.png,0,7.255613309098408e-05
B22-29,Data\Annotated\B22-29_1\00012.png,0,7.731729419901967e-05
B22-29,Data\Annotated\B22-29_1\00024.png,0,5.898464223719202e-05
B22-29,Data\Annotated\B22-29_1\00084.png,0,6.436598778236657e-05
B22-29,Data\Annotated\B22-29_1\00129.png,0,6.85761115164496e-05
B22-29,Data\Annotated\B22-29_1\00154.png,0,6.583378126379102e-05
B22-29,Data\Annotated\B22-29_1\00180.png,0,5.75157864659559e-05
B22-29,Data\Annotated\B22-29_1\00187.png,0,6.666140689048916e-05
B22-29,Data\Annotated\B22-29_1\00195.png,0,6.784097058698535e-05
B22-29,Data\Annotated\B22-29_1\00203.png,0,7.157082291087136e-05
B22-29,Data\Annotated\B22-29_1\00242.png,0,6.656603363808244e-05
B22-29,Data\Annotated\B22-29_1\00245.png,0,6.975122960284352e-05
B22-308,Data\Annotated\B22-308_1\00086.png,0,0.010780188255012035
B22-34,Data\Annotated\B22-34_0\00592.png,0,0.010780188255012035
B22-34,Data\Annotated\B22-34_0\00629.png,0,0.010780188255012035
B22-34,Data\Annotated\B22-34_0\00767.png,0,0.010780188255012035
B22-53,Data\Annotated\B22-53_1\00047.png,0,9.804178262129426e-05
B22-53,Data\Annotated\B22-53_1\00074.png,0,9.441189467906952e-05
B22-53,Data\Annotated\B22-53_1\00100.png,0,0.0001011586282402277
B22-53,Data\Annotated\B22-53_1\00141.png,0,0.00011096334492322057
B22-54,Data\Annotated\B22-54_0\00118.png,0,0.010780188255012035
B22-54,Data\Annotated\B22-54_0\00194.png,0,0.010780188255012035
B22-54,Data\Annotated\B22-54_0\00266.png,0,0.010780188255012035
B22-54,Data\Annotated\B22-54_0\00486.png,0,0.010780188255012035
B22-59,Data\Annotated\B22-59_1\00137.png,0,0.00010323247988708317
B22-59,Data\Annotated\B22-59_1\00198.png,0,0.00019435223657637835
B22-59,Data\Annotated\B22-59_1\00254.png,0,0.00015033353702165186
B22-59,Data\Annotated\B22-59_1\00355.png,0,0.00012123333726776764
B22-87,Data\Annotated\B22-87_1\00152.png,0,0.0001134060657932423
B22-87,Data\Annotated\B22-87_1\00372.png,0,0.00016762319137342274
B22-87,Data\Annotated\B22-87_1\00624.png,0,0.00025880683097057045
B22-91,Data\Annotated\B22-91_1\00087.png,0,0.0001646133605390787
B22-91,Data\Annotated\B22-91_1\00165.png,0,0.00011841101513709873
B22-91,Data\Annotated\B22-91_1\00275.png,0,0.0002343888336326927
B22-91,Data\Annotated\B22-91_1\00360.png,0,0.00015154466382227838
B22-92,Data\Annotated\B22-92_0\00235.png,0,0.010780188255012035
B22-92,Data\Annotated\B22-92_0\00305.png,0,0.010780188255012035
B22-92,Data\Annotated\B22-92_0\00307.png,0,0.010780188255012035
B22-92,Data\Annotated\B22-92_0\00341.png,0,0.010780188255012035
B22-92,Data\Annotated\B22-92_0\00346.png,0,0.010780188255012035
B22-92,Data\Annotated\B22-92_0\00395.png,0,0.010780188255012035
B22-92,Data\Annotated\B22-92_0\00485.png,0,0.010780188255012035
B22-92,Data\Annotated\B22-92_0\00517.png,0,0.010780188255012035
B22-92,Data\Annotated\B22-92_0\00558.png,0,0.010780188255012035
B22-92,Data\Annotated\B22-92_0\00586.png,0,0.010780188255012035
B22-92,Data\Annotated\B22-92_0\00619.png,0,0.010780188255012035
B22-92,Data\Annotated\B22-92_0\00676.png,0,0.010780188255012035
B22-92,Data\Annotated\B22-92_0\00678.png,0,0.010780188255012035
B22-94,Data\Annotated\B22-94_1\00068.png,0,9.294493065681309e-05
B22-94,Data\Annotated\B22-94_1\00159.png,0,7.131487654987723e-05
B22-94,Data\Annotated\B22-94_1\00164.png,0,0.00010262211435474455
B22-94,Data\Annotated\B22-94_1\00171.png,0,7.67992896726355e-05
B22-95,Data\Annotated\B22-95_0\00178.png,0,0.010773221962153912
B22-95,Data\Annotated\B22-95_0\00255.png,0,0.010773221962153912
B22-95,Data\Annotated\B22-95_0\00361.png,0,0.010773221962153912
B22-95,Data\Annotated\B22-95_0\00766.png,0,0.010773221962153912
B22-95,Data\Annotated\B22-95_0\00781.png,0,0.010773221962153912
B22-95,Data\Annotated\B22-95_0\00908.png,0,0.010773221962153912
B22-95,Data\Annotated\B22-95_0\01131.png,0,0.010773221962153912
