CODI,PATH,PRESENCE,ERROR
B22-270,/fhome/maed/HelicoDataSet/CrossValidation/Annotated/B22-270_0/01134.png,0,0.00015821469423826784
B22-270,/fhome/maed/HelicoDataSet/CrossValidation/Annotated/B22-270_0/01133.png,0,0.00025664642453193665
B22-47,/fhome/maed/HelicoDataSet/CrossValidation/Annotated/B22-47_0/01236.png,0,0.000699698633980006
B22-47,/fhome/maed/HelicoDataSet/CrossValidation/Annotated/B22-47_0/00285.png,0,0.0008847372373566031
B22-47,/fhome/maed/HelicoDataSet/CrossValidation/Annotated/B22-47_0/01549.png,0,0.0006813641521148384
B22-47,/fhome/maed/HelicoDataSet/CrossValidation/Annotated/B22-47_0/01092.png,0,0.0025136906187981367
B22-47,/fhome/maed/HelicoDataSet/CrossValidation/Annotated/B22-47_0/01653_Aug8.png,1,0.009059958159923553
B22-47,/fhome/maed/HelicoDataSet/CrossValidation/Annotated/B22-47_0/01653_Aug6.png,1,0.009299180470407009
B22-47,/fhome/maed/HelicoDataSet/CrossValidation/Annotated/B22-47_0/01371.png,0,0.0005092123756185174
B22-47,/fhome/maed/HelicoDataSet/CrossValidation/Annotated/B22-47_0/01653.png,1,0.010721898637712002
B22-47,/fhome/maed/HelicoDataSet/CrossValidation/Annotated/B22-47_0/01539.png,0,0.0011765246745198965
B22-47,/fhome/maed/HelicoDataSet/CrossValidation/Annotated/B22-47_0/00435.png,0,0.0006660885992459953
B22-47,/fhome/maed/HelicoDataSet/CrossValidation/Annotated/B22-47_0/01653_Aug3.png,1,0.01001188438385725
B22-47,/fhome/maed/HelicoDataSet/CrossValidation/Annotated/B22-47_0/01653_Aug5.png,1,0.009022010490298271
B22-47,/fhome/maed/HelicoDataSet/CrossValidation/Annotated/B22-47_0/01653_Aug4.png,1,0.00977299828082323
B22-47,/fhome/maed/HelicoDataSet/CrossValidation/Annotated/B22-47_0/01729.png,0,0.00046074786223471165
B22-47,/fhome/maed/HelicoDataSet/CrossValidation/Annotated/B22-47_0/01653_Aug2.png,1,0.010157993994653225
B22-47,/fhome/maed/HelicoDataSet/CrossValidation/Annotated/B22-47_0/01239.png,0,0.0009616056340746582
B22-47,/fhome/maed/HelicoDataSet/CrossValidation/Annotated/B22-47_0/00390.png,0,0.0007636139634996653
B22-47,/fhome/maed/HelicoDataSet/CrossValidation/Annotated/B22-47_0/01650.png,0,0.00047209960757754743
B22-47,/fhome/maed/HelicoDataSet/CrossValidation/Annotated/B22-47_0/01653_Aug1.png,1,0.009935659356415272
B22-47,/fhome/maed/HelicoDataSet/CrossValidation/Annotated/B22-47_0/01653_Aug7.png,1,0.009516645222902298
B22-84,/fhome/maed/HelicoDataSet/CrossValidation/Annotated/B22-84_0/00582_Aug7.png,1,0.00042390008457005024
B22-84,/fhome/maed/HelicoDataSet/CrossValidation/Annotated/B22-84_0/01978_Aug8.png,1,0.00031354092061519623
B22-84,/fhome/maed/HelicoDataSet/CrossValidation/Annotated/B22-84_0/00099.png,1,0.0002710082335397601
B22-84,/fhome/maed/HelicoDataSet/CrossValidation/Annotated/B22-84_0/01978_Aug4.png,1,0.0006102079642005265
B22-84,/fhome/maed/HelicoDataSet/CrossValidation/Annotated/B22-84_0/00627_Aug1.png,1,0.002502175746485591
B22-84,/fhome/maed/HelicoDataSet/CrossValidation/Annotated/B22-84_0/00627_Aug7.png,1,0.0005945072043687105
B22-84,/fhome/maed/HelicoDataSet/CrossValidation/Annotated/B22-84_0/01522.png,0,0.0004368001827970147
B22-84,/fhome/maed/HelicoDataSet/CrossValidation/Annotated/B22-84_0/00582_Aug4.png,1,0.00020172714721411467
B22-84,/fhome/maed/HelicoDataSet/CrossValidation/Annotated/B22-84_0/00739_Aug6.png,1,0.002526524243876338
B22-84,/fhome/maed/HelicoDataSet/CrossValidation/Annotated/B22-84_0/03689.png,0,0.00022612523753196
B22-84,/fhome/maed/HelicoDataSet/CrossValidation/Annotated/B22-84_0/00099_Aug3.png,1,0.00026374863227829337
B22-84,/fhome/maed/HelicoDataSet/CrossValidation/Annotated/B22-84_0/01982_Aug5.png,1,0.0006035114638507366
B22-84,/fhome/maed/HelicoDataSet/CrossValidation/Annotated/B22-84_0/01006.png,0,0.0004150726308580488
B22-84,/fhome/maed/HelicoDataSet/CrossValidation/Annotated/B22-84_0/01982.png,1,0.0005285095539875329
B22-84,/fhome/maed/HelicoDataSet/CrossValidation/Annotated/B22-84_0/00739_Aug4.png,1,0.002410472836345434
B22-84,/fhome/maed/HelicoDataSet/CrossValidation/Annotated/B22-84_0/02891.png,0,0.0002718754985835403
B22-84,/fhome/maed/HelicoDataSet/CrossValidation/Annotated/B22-84_0/01978_Aug5.png,1,0.0005817998899146914
B22-84,/fhome/maed/HelicoDataSet/CrossValidation/Annotated/B22-84_0/00582_Aug2.png,1,0.0002823054965119809
B22-84,/fhome/maed/HelicoDataSet/CrossValidation/Annotated/B22-84_0/01534.png,0,0.0006840890273451805
B22-84,/fhome/maed/HelicoDataSet/CrossValidation/Annotated/B22-84_0/00739.png,1,0.002178485970944166
B22-84,/fhome/maed/HelicoDataSet/CrossValidation/Annotated/B22-84_0/00582.png,1,0.00023313953715842217
B22-84,/fhome/maed/HelicoDataSet/CrossValidation/Annotated/B22-84_0/00099_Aug4.png,1,0.0002931990020442754
B22-84,/fhome/maed/HelicoDataSet/CrossValidation/Annotated/B22-84_0/01978_Aug1.png,1,0.0005579732242040336
B22-84,/fhome/maed/HelicoDataSet/CrossValidation/Annotated/B22-84_0/00739_Aug7.png,1,0.0022044964134693146
B22-84,/fhome/maed/HelicoDataSet/CrossValidation/Annotated/B22-84_0/01982_Aug3.png,1,0.0005505381850525737
B22-84,/fhome/maed/HelicoDataSet/CrossValidation/Annotated/B22-84_0/01978_Aug7.png,1,0.0005701332120224833
B22-84,/fhome/maed/HelicoDataSet/CrossValidation/Annotated/B22-84_0/01982_Aug7.png,1,0.0005980574060231447
B22-84,/fhome/maed/HelicoDataSet/CrossValidation/Annotated/B22-84_0/03675.png,0,0.00027106411289423704
B22-84,/fhome/maed/HelicoDataSet/CrossValidation/Annotated/B22-84_0/01978_Aug3.png,1,0.0005974676460027695
B22-84,/fhome/maed/HelicoDataSet/CrossValidation/Annotated/B22-84_0/00099_Aug1.png,1,0.0002669290697667748
B22-84,/fhome/maed/HelicoDataSet/CrossValidation/Annotated/B22-84_0/01982_Aug8.png,1,0.00023788066755514592
B22-84,/fhome/maed/HelicoDataSet/CrossValidation/Annotated/B22-84_0/00627.png,1,0.00303359841927886
B22-84,/fhome/maed/HelicoDataSet/CrossValidation/Annotated/B22-84_0/00627_Aug8.png,1,0.004024185240268707
B22-84,/fhome/maed/HelicoDataSet/CrossValidation/Annotated/B22-84_0/00739_Aug1.png,1,0.0024996576830744743
B22-84,/fhome/maed/HelicoDataSet/CrossValidation/Annotated/B22-84_0/00099_Aug2.png,1,0.0002878456434700638
B22-84,/fhome/maed/HelicoDataSet/CrossValidation/Annotated/B22-84_0/00627_Aug5.png,1,0.0007030293345451355
B22-84,/fhome/maed/HelicoDataSet/CrossValidation/Annotated/B22-84_0/00627_Aug2.png,1,0.003997350111603737
B22-84,/fhome/maed/HelicoDataSet/CrossValidation/Annotated/B22-84_0/00582_Aug8.png,1,0.0002577798441052437
B22-84,/fhome/maed/HelicoDataSet/CrossValidation/Annotated/B22-84_0/01214.png,0,0.00028164079412817955
B22-84,/fhome/maed/HelicoDataSet/CrossValidation/Annotated/B22-84_0/01978_Aug6.png,1,0.0006099214660935104
B22-84,/fhome/maed/HelicoDataSet/CrossValidation/Annotated/B22-84_0/00627_Aug6.png,1,0.0037941066548228264
B22-84,/fhome/maed/HelicoDataSet/CrossValidation/Annotated/B22-84_0/00627_Aug3.png,1,0.001640646136365831
B22-84,/fhome/maed/HelicoDataSet/CrossValidation/Annotated/B22-84_0/00099_Aug5.png,1,0.00035163230495527387
B22-84,/fhome/maed/HelicoDataSet/CrossValidation/Annotated/B22-84_0/00099_Aug6.png,1,0.00028686647419817746
B22-84,/fhome/maed/HelicoDataSet/CrossValidation/Annotated/B22-84_0/00582_Aug1.png,1,0.00030114114633761346
B22-84,/fhome/maed/HelicoDataSet/CrossValidation/Annotated/B22-84_0/02890.png,0,0.00031328981276601553
B22-84,/fhome/maed/HelicoDataSet/CrossValidation/Annotated/B22-84_0/00739_Aug5.png,1,0.00242455187253654
B22-84,/fhome/maed/HelicoDataSet/CrossValidation/Annotated/B22-84_0/01982_Aug6.png,1,0.0002308611001353711
B22-84,/fhome/maed/HelicoDataSet/CrossValidation/Annotated/B22-84_0/00739_Aug3.png,1,0.0025095122400671244
B22-84,/fhome/maed/HelicoDataSet/CrossValidation/Annotated/B22-84_0/01982_Aug4.png,1,0.00025532959261909127
B22-84,/fhome/maed/HelicoDataSet/CrossValidation/Annotated/B22-84_0/00582_Aug5.png,1,0.00033575668931007385
B22-84,/fhome/maed/HelicoDataSet/CrossValidation/Annotated/B22-84_0/01016.png,0,0.00022446902585215867
B22-84,/fhome/maed/HelicoDataSet/CrossValidation/Annotated/B22-84_0/01978_Aug2.png,1,0.0006042260210961103
B22-84,/fhome/maed/HelicoDataSet/CrossValidation/Annotated/B22-84_0/00627_Aug4.png,1,0.003915104083716869
B22-84,/fhome/maed/HelicoDataSet/CrossValidation/Annotated/B22-84_0/00739_Aug8.png,1,0.0021724519319832325
B22-84,/fhome/maed/HelicoDataSet/CrossValidation/Annotated/B22-84_0/00582_Aug6.png,1,0.0002607462229207158
B22-84,/fhome/maed/HelicoDataSet/CrossValidation/Annotated/B22-84_0/01982_Aug1.png,1,0.0005599274882115424
B22-84,/fhome/maed/HelicoDataSet/CrossValidation/Annotated/B22-84_0/00220.png,0,0.00027200955082662404
B22-84,/fhome/maed/HelicoDataSet/CrossValidation/Annotated/B22-84_0/00739_Aug2.png,1,0.0024011225905269384
B22-84,/fhome/maed/HelicoDataSet/CrossValidation/Annotated/B22-84_0/00959.png,0,0.0006249629659578204
B22-84,/fhome/maed/HelicoDataSet/CrossValidation/Annotated/B22-84_0/00099_Aug8.png,1,0.0002503716095816344
B22-84,/fhome/maed/HelicoDataSet/CrossValidation/Annotated/B22-84_0/01982_Aug2.png,1,0.00046436768025159836
B22-84,/fhome/maed/HelicoDataSet/CrossValidation/Annotated/B22-84_0/01013.png,0,0.0005252693081274629
B22-84,/fhome/maed/HelicoDataSet/CrossValidation/Annotated/B22-84_0/00582_Aug3.png,1,0.00035552456392906606
B22-84,/fhome/maed/HelicoDataSet/CrossValidation/Annotated/B22-84_0/01978.png,1,0.0005934045184403658
B22-84,/fhome/maed/HelicoDataSet/CrossValidation/Annotated/B22-84_0/00099_Aug7.png,1,0.0003282650141045451
B22-45,/fhome/maed/HelicoDataSet/CrossValidation/Annotated/B22-45_0/01059_Aug3.png,1,0.0016874795546755195
B22-45,/fhome/maed/HelicoDataSet/CrossValidation/Annotated/B22-45_0/01027_Aug5.png,1,0.00031987132388167083
B22-45,/fhome/maed/HelicoDataSet/CrossValidation/Annotated/B22-45_0/01059_Aug8.png,1,0.001699514570645988
B22-45,/fhome/maed/HelicoDataSet/CrossValidation/Annotated/B22-45_0/01050.png,0,0.0002493142965249717
B22-45,/fhome/maed/HelicoDataSet/CrossValidation/Annotated/B22-45_0/00741_Aug3.png,1,0.00025775632821023464
B22-45,/fhome/maed/HelicoDataSet/CrossValidation/Annotated/B22-45_0/01027_Aug2.png,1,0.00031166902044788003
B22-45,/fhome/maed/HelicoDataSet/CrossValidation/Annotated/B22-45_0/01027.png,1,0.00032691704109311104
B22-45,/fhome/maed/HelicoDataSet/CrossValidation/Annotated/B22-45_0/00741_Aug5.png,1,0.0002865437127184123
B22-45,/fhome/maed/HelicoDataSet/CrossValidation/Annotated/B22-45_0/01059_Aug7.png,1,0.0016495417803525925
B22-45,/fhome/maed/HelicoDataSet/CrossValidation/Annotated/B22-45_0/01059_Aug4.png,1,0.001607327489182353
B22-45,/fhome/maed/HelicoDataSet/CrossValidation/Annotated/B22-45_0/01059_Aug1.png,1,0.0016830114182084799
B22-45,/fhome/maed/HelicoDataSet/CrossValidation/Annotated/B22-45_0/01027_Aug6.png,1,0.0003283292753621936
B22-45,/fhome/maed/HelicoDataSet/CrossValidation/Annotated/B22-45_0/01027_Aug8.png,1,0.00033782515674829483
B22-45,/fhome/maed/HelicoDataSet/CrossValidation/Annotated/B22-45_0/00741.png,1,0.00030502452864311635
B22-45,/fhome/maed/HelicoDataSet/CrossValidation/Annotated/B22-45_0/01027_Aug4.png,1,0.0003303266712464392
B22-45,/fhome/maed/HelicoDataSet/CrossValidation/Annotated/B22-45_0/01059.png,1,0.0016429222887381911
B22-45,/fhome/maed/HelicoDataSet/CrossValidation/Annotated/B22-45_0/01027_Aug1.png,1,0.0003252991591580212
B22-45,/fhome/maed/HelicoDataSet/CrossValidation/Annotated/B22-45_0/01027_Aug3.png,1,0.00031503764330409467
B22-45,/fhome/maed/HelicoDataSet/CrossValidation/Annotated/B22-45_0/00741_Aug2.png,1,0.00032968350569717586
B22-45,/fhome/maed/HelicoDataSet/CrossValidation/Annotated/B22-45_0/00741_Aug8.png,1,0.00032520771492272615
B22-45,/fhome/maed/HelicoDataSet/CrossValidation/Annotated/B22-45_0/01059_Aug5.png,1,0.0018076838459819555
B22-45,/fhome/maed/HelicoDataSet/CrossValidation/Annotated/B22-45_0/00741_Aug7.png,1,0.00036146509228274226
B22-45,/fhome/maed/HelicoDataSet/CrossValidation/Annotated/B22-45_0/00741_Aug4.png,1,0.0003383465518709272
B22-45,/fhome/maed/HelicoDataSet/CrossValidation/Annotated/B22-45_0/01027_Aug7.png,1,0.0003262804530095309
B22-45,/fhome/maed/HelicoDataSet/CrossValidation/Annotated/B22-45_0/01059_Aug2.png,1,0.0017168456688523293
B22-45,/fhome/maed/HelicoDataSet/CrossValidation/Annotated/B22-45_0/01059_Aug6.png,1,0.0017416494665667415
B22-45,/fhome/maed/HelicoDataSet/CrossValidation/Annotated/B22-45_0/00741_Aug6.png,1,0.00032982774428091943
B22-45,/fhome/maed/HelicoDataSet/CrossValidation/Annotated/B22-45_0/00741_Aug1.png,1,0.00024805075372569263
B22-54,/fhome/maed/HelicoDataSet/CrossValidation/Annotated/B22-54_1/00266.png,0,0.00022702626301907003
B22-54,/fhome/maed/HelicoDataSet/CrossValidation/Annotated/B22-54_1/00486.png,0,0.00014935762737877667
B22-54,/fhome/maed/HelicoDataSet/CrossValidation/Annotated/B22-54_1/00118.png,0,0.00023915103520266712
B22-54,/fhome/maed/HelicoDataSet/CrossValidation/Annotated/B22-54_1/00194.png,0,0.0002836023923009634
B22-34,/fhome/maed/HelicoDataSet/CrossValidation/Annotated/B22-34_1/00629.png,0,0.0002893807250075042
B22-34,/fhome/maed/HelicoDataSet/CrossValidation/Annotated/B22-34_1/00592.png,0,0.0003675815532915294
B22-34,/fhome/maed/HelicoDataSet/CrossValidation/Annotated/B22-34_1/00767.png,0,0.00016429995594080538
B22-311,/fhome/maed/HelicoDataSet/CrossValidation/Annotated/B22-311_0/00529.png,0,0.00043389559141360223
B22-311,/fhome/maed/HelicoDataSet/CrossValidation/Annotated/B22-311_0/00002.png,0,0.001666094409301877
B22-167,/fhome/maed/HelicoDataSet/CrossValidation/Annotated/B22-167_0/00005.png,0,0.00018407641618978232
B22-167,/fhome/maed/HelicoDataSet/CrossValidation/Annotated/B22-167_0/02942.png,0,0.0003539680619724095
B22-167,/fhome/maed/HelicoDataSet/CrossValidation/Annotated/B22-167_0/00159.png,0,0.0001905081735458225
B22-167,/fhome/maed/HelicoDataSet/CrossValidation/Annotated/B22-167_0/00004.png,0,0.00014328150427900255
B22-167,/fhome/maed/HelicoDataSet/CrossValidation/Annotated/B22-167_0/00006.png,0,0.0002265052607981488
B22-284,/fhome/maed/HelicoDataSet/CrossValidation/Annotated/B22-284_0/01017.png,0,0.00019646057626232505
B22-284,/fhome/maed/HelicoDataSet/CrossValidation/Annotated/B22-284_0/00707.png,0,0.00023398836492560804
B22-284,/fhome/maed/HelicoDataSet/CrossValidation/Annotated/B22-284_0/01101.png,0,0.00023940698883961886
B22-284,/fhome/maed/HelicoDataSet/CrossValidation/Annotated/B22-284_0/01058.png,0,0.00025961833307519555
B22-284,/fhome/maed/HelicoDataSet/CrossValidation/Annotated/B22-284_0/01060.png,0,0.00031508662505075336
B22-284,/fhome/maed/HelicoDataSet/CrossValidation/Annotated/B22-284_0/00833.png,0,0.00015757638902869076
B22-284,/fhome/maed/HelicoDataSet/CrossValidation/Annotated/B22-284_0/01057.png,0,0.0004018337931483984
B22-284,/fhome/maed/HelicoDataSet/CrossValidation/Annotated/B22-284_0/00706.png,0,0.00023936640354804695
B22-284,/fhome/maed/HelicoDataSet/CrossValidation/Annotated/B22-284_0/01074.png,0,0.0002868185692932457
B22-284,/fhome/maed/HelicoDataSet/CrossValidation/Annotated/B22-284_0/00989.png,0,0.00020021872478537261
B22-284,/fhome/maed/HelicoDataSet/CrossValidation/Annotated/B22-284_0/01033.png,0,0.00033947054180316627
B22-284,/fhome/maed/HelicoDataSet/CrossValidation/Annotated/B22-284_0/00687.png,0,0.0002120222634403035
B22-284,/fhome/maed/HelicoDataSet/CrossValidation/Annotated/B22-284_0/01100.png,0,0.0002770738210529089
B22-284,/fhome/maed/HelicoDataSet/CrossValidation/Annotated/B22-284_0/00838.png,0,0.00020596494141500443
B22-284,/fhome/maed/HelicoDataSet/CrossValidation/Annotated/B22-284_0/01062.png,0,0.0002979683340527117
B22-284,/fhome/maed/HelicoDataSet/CrossValidation/Annotated/B22-284_0/01012.png,0,0.0003298829251434654
B22-284,/fhome/maed/HelicoDataSet/CrossValidation/Annotated/B22-284_0/01103.png,0,0.0003316532529424876
B22-284,/fhome/maed/HelicoDataSet/CrossValidation/Annotated/B22-284_0/01032.png,0,0.0002813829341903329
B22-284,/fhome/maed/HelicoDataSet/CrossValidation/Annotated/B22-284_0/00984.png,0,0.0003217216581106186
B22-284,/fhome/maed/HelicoDataSet/CrossValidation/Annotated/B22-284_0/00686.png,0,0.0003133454592898488
B22-284,/fhome/maed/HelicoDataSet/CrossValidation/Annotated/B22-284_0/00705.png,0,0.00020338522153906524
B22-284,/fhome/maed/HelicoDataSet/CrossValidation/Annotated/B22-284_0/01061.png,0,0.0004123416147194803
B22-284,/fhome/maed/HelicoDataSet/CrossValidation/Annotated/B22-284_0/00986.png,0,0.00031216873321682215
B22-284,/fhome/maed/HelicoDataSet/CrossValidation/Annotated/B22-284_0/01059.png,0,0.00026759383035823703
B22-284,/fhome/maed/HelicoDataSet/CrossValidation/Annotated/B22-284_0/01073.png,0,0.000323079148074612
B22-284,/fhome/maed/HelicoDataSet/CrossValidation/Annotated/B22-284_0/01029.png,0,0.00033098901621997356
B22-284,/fhome/maed/HelicoDataSet/CrossValidation/Annotated/B22-284_0/00835.png,0,0.00020630445214919746
B22-284,/fhome/maed/HelicoDataSet/CrossValidation/Annotated/B22-284_0/01102.png,0,0.00029295124113559723
B22-284,/fhome/maed/HelicoDataSet/CrossValidation/Annotated/B22-284_0/01034.png,0,0.00022753904340788722
B22-284,/fhome/maed/HelicoDataSet/CrossValidation/Annotated/B22-284_0/01075.png,0,0.00021300328080542386
B22-284,/fhome/maed/HelicoDataSet/CrossValidation/Annotated/B22-284_0/00688.png,0,0.0002662261249497533
B22-284,/fhome/maed/HelicoDataSet/CrossValidation/Annotated/B22-284_0/00987.png,0,0.0002816699561662972
B22-284,/fhome/maed/HelicoDataSet/CrossValidation/Annotated/B22-284_0/01076.png,0,0.000238840002566576
B22-284,/fhome/maed/HelicoDataSet/CrossValidation/Annotated/B22-284_0/01014.png,0,0.0002478213864378631
B22-284,/fhome/maed/HelicoDataSet/CrossValidation/Annotated/B22-284_0/00985.png,0,0.0003191481519024819
B22-284,/fhome/maed/HelicoDataSet/CrossValidation/Annotated/B22-284_0/01031.png,0,0.0003496962017379701
B22-284,/fhome/maed/HelicoDataSet/CrossValidation/Annotated/B22-284_0/00990.png,0,0.0002846204151865095
B22-284,/fhome/maed/HelicoDataSet/CrossValidation/Annotated/B22-284_0/00704.png,0,0.0002001061220653355
B22-284,/fhome/maed/HelicoDataSet/CrossValidation/Annotated/B22-284_0/01056.png,0,0.0002959523117169738
B22-284,/fhome/maed/HelicoDataSet/CrossValidation/Annotated/B22-284_0/01105.png,0,0.0003432792145758867
B22-284,/fhome/maed/HelicoDataSet/CrossValidation/Annotated/B22-284_0/00837.png,0,0.00014646301860921085
B22-284,/fhome/maed/HelicoDataSet/CrossValidation/Annotated/B22-284_0/00988.png,0,0.0001745304325595498
B22-284,/fhome/maed/HelicoDataSet/CrossValidation/Annotated/B22-284_0/01028.png,0,0.0002859273226931691
B22-284,/fhome/maed/HelicoDataSet/CrossValidation/Annotated/B22-284_0/01016.png,0,0.00020787009270861745
B22-284,/fhome/maed/HelicoDataSet/CrossValidation/Annotated/B22-284_0/01104.png,0,0.0003060524177271873
B22-284,/fhome/maed/HelicoDataSet/CrossValidation/Annotated/B22-284_0/00690.png,0,0.0002433653426123783
B22-284,/fhome/maed/HelicoDataSet/CrossValidation/Annotated/B22-284_0/00689.png,0,0.0002552785153966397
B22-284,/fhome/maed/HelicoDataSet/CrossValidation/Annotated/B22-284_0/01013.png,0,0.0002709395776037127
B22-284,/fhome/maed/HelicoDataSet/CrossValidation/Annotated/B22-284_0/01030.png,0,0.00029884345713071525
B22-284,/fhome/maed/HelicoDataSet/CrossValidation/Annotated/B22-284_0/01015.png,0,0.0002718066389206797
B22-284,/fhome/maed/HelicoDataSet/CrossValidation/Annotated/B22-284_0/00834.png,0,0.0002373166789766401
B22-284,/fhome/maed/HelicoDataSet/CrossValidation/Annotated/B22-284_0/00836.png,0,0.00017954857321456075
B22-190,/fhome/maed/HelicoDataSet/CrossValidation/Annotated/B22-190_1/00737.png,0,0.00019077907199971378
B22-190,/fhome/maed/HelicoDataSet/CrossValidation/Annotated/B22-190_1/01059.png,0,0.0001828450185712427
B22-190,/fhome/maed/HelicoDataSet/CrossValidation/Annotated/B22-190_1/00027.png,0,0.00022576561605092138
B22-190,/fhome/maed/HelicoDataSet/CrossValidation/Annotated/B22-190_1/00802.png,0,0.00031361874425783753
B22-190,/fhome/maed/HelicoDataSet/CrossValidation/Annotated/B22-190_1/00180.png,0,0.00019463860371615738
B22-307,/fhome/maed/HelicoDataSet/CrossValidation/Annotated/B22-307_0/00284.png,0,0.0005427668802440166
B22-307,/fhome/maed/HelicoDataSet/CrossValidation/Annotated/B22-307_0/00261.png,0,0.0003467072965577245
B22-307,/fhome/maed/HelicoDataSet/CrossValidation/Annotated/B22-307_0/00300.png,0,0.00032476417254656553
B22-123,/fhome/maed/HelicoDataSet/CrossValidation/Annotated/B22-123_0/01063_Aug2.png,1,0.00244014710187912
B22-123,/fhome/maed/HelicoDataSet/CrossValidation/Annotated/B22-123_0/01063_Aug7.png,1,0.0010360366431996226
B22-123,/fhome/maed/HelicoDataSet/CrossValidation/Annotated/B22-123_0/00687_Aug2.png,1,0.01309266872704029
B22-123,/fhome/maed/HelicoDataSet/CrossValidation/Annotated/B22-123_0/01063_Aug8.png,1,0.002256858628243208
B22-123,/fhome/maed/HelicoDataSet/CrossValidation/Annotated/B22-123_0/00696_Aug3.png,1,0.048491112887859344
B22-123,/fhome/maed/HelicoDataSet/CrossValidation/Annotated/B22-123_0/00696_Aug2.png,1,0.04368272423744202
B22-123,/fhome/maed/HelicoDataSet/CrossValidation/Annotated/B22-123_0/00994.png,0,0.0005289959954097867
B22-123,/fhome/maed/HelicoDataSet/CrossValidation/Annotated/B22-123_0/00839.png,0,0.00042254128493368626
B22-123,/fhome/maed/HelicoDataSet/CrossValidation/Annotated/B22-123_0/00687_Aug6.png,1,0.012711657211184502
B22-123,/fhome/maed/HelicoDataSet/CrossValidation/Annotated/B22-123_0/00696_Aug4.png,1,0.048022858798503876
B22-123,/fhome/maed/HelicoDataSet/CrossValidation/Annotated/B22-123_0/00308.png,0,0.0004668287583626807
B22-123,/fhome/maed/HelicoDataSet/CrossValidation/Annotated/B22-123_0/00687.png,1,0.014000266790390015
B22-123,/fhome/maed/HelicoDataSet/CrossValidation/Annotated/B22-123_0/00993.png,0,0.0004533291794359684
B22-123,/fhome/maed/HelicoDataSet/CrossValidation/Annotated/B22-123_0/00696_Aug1.png,1,0.043534766882658005
B22-123,/fhome/maed/HelicoDataSet/CrossValidation/Annotated/B22-123_0/00047.png,0,0.0010068948613479733
B22-123,/fhome/maed/HelicoDataSet/CrossValidation/Annotated/B22-123_0/01063_Aug6.png,1,0.00256597762927413
B22-123,/fhome/maed/HelicoDataSet/CrossValidation/Annotated/B22-123_0/00687_Aug8.png,1,0.009930125437676907
B22-123,/fhome/maed/HelicoDataSet/CrossValidation/Annotated/B22-123_0/00696_Aug7.png,1,0.05322035402059555
B22-123,/fhome/maed/HelicoDataSet/CrossValidation/Annotated/B22-123_0/01063_Aug5.png,1,0.0011631776578724384
B22-123,/fhome/maed/HelicoDataSet/CrossValidation/Annotated/B22-123_0/00696_Aug5.png,1,0.052378322929143906
B22-123,/fhome/maed/HelicoDataSet/CrossValidation/Annotated/B22-123_0/00696.png,1,0.03938136622309685
B22-123,/fhome/maed/HelicoDataSet/CrossValidation/Annotated/B22-123_0/01063_Aug3.png,1,0.0013050669804215431
B22-123,/fhome/maed/HelicoDataSet/CrossValidation/Annotated/B22-123_0/00696_Aug8.png,1,0.05496453493833542
B22-123,/fhome/maed/HelicoDataSet/CrossValidation/Annotated/B22-123_0/00687_Aug4.png,1,0.01304982416331768
B22-123,/fhome/maed/HelicoDataSet/CrossValidation/Annotated/B22-123_0/00687_Aug7.png,1,0.020645074546337128
B22-123,/fhome/maed/HelicoDataSet/CrossValidation/Annotated/B22-123_0/01063_Aug1.png,1,0.0018482640152797103
B22-123,/fhome/maed/HelicoDataSet/CrossValidation/Annotated/B22-123_0/00687_Aug5.png,1,0.020763514563441277
B22-123,/fhome/maed/HelicoDataSet/CrossValidation/Annotated/B22-123_0/00696_Aug6.png,1,0.0517549142241478
B22-123,/fhome/maed/HelicoDataSet/CrossValidation/Annotated/B22-123_0/00687_Aug3.png,1,0.01826898381114006
B22-123,/fhome/maed/HelicoDataSet/CrossValidation/Annotated/B22-123_0/00687_Aug1.png,1,0.015090125612914562
B22-123,/fhome/maed/HelicoDataSet/CrossValidation/Annotated/B22-123_0/01063.png,1,0.002458970993757248
B22-123,/fhome/maed/HelicoDataSet/CrossValidation/Annotated/B22-123_0/01063_Aug4.png,1,0.0029217847622931004
B22-244,/fhome/maed/HelicoDataSet/CrossValidation/Annotated/B22-244_0/01327.png,0,0.00016180930833797902
B22-244,/fhome/maed/HelicoDataSet/CrossValidation/Annotated/B22-244_0/01708.png,0,0.0003364276490174234
B22-244,/fhome/maed/HelicoDataSet/CrossValidation/Annotated/B22-244_0/01288.png,0,0.00013681796554010361
B22-244,/fhome/maed/HelicoDataSet/CrossValidation/Annotated/B22-244_0/01711.png,0,0.00044787986553274095
B22-214,/fhome/maed/HelicoDataSet/CrossValidation/Annotated/B22-214_0/01101.png,0,0.0002510381455067545
B22-214,/fhome/maed/HelicoDataSet/CrossValidation/Annotated/B22-214_0/00949.png,0,0.00010521677177166566
B22-188,/fhome/maed/HelicoDataSet/CrossValidation/Annotated/B22-188_0/00005.png,0,0.000580604886636138
B22-188,/fhome/maed/HelicoDataSet/CrossValidation/Annotated/B22-188_0/00254.png,0,0.00031300843693315983
B22-188,/fhome/maed/HelicoDataSet/CrossValidation/Annotated/B22-188_0/00256.png,0,0.00039568054489791393
B22-185,/fhome/maed/HelicoDataSet/CrossValidation/Annotated/B22-185_0/00821.png,0,0.00043053095578216016
B22-175,/fhome/maed/HelicoDataSet/CrossValidation/Annotated/B22-175_1/00551.png,0,0.00026027829153463244
B22-175,/fhome/maed/HelicoDataSet/CrossValidation/Annotated/B22-175_1/00683.png,0,0.00015518200234510005
B22-175,/fhome/maed/HelicoDataSet/CrossValidation/Annotated/B22-175_1/00609.png,0,0.00018437746621202677
B22-175,/fhome/maed/HelicoDataSet/CrossValidation/Annotated/B22-175_1/00467.png,0,0.00020301726181060076
B22-175,/fhome/maed/HelicoDataSet/CrossValidation/Annotated/B22-175_1/00325.png,0,0.00011916518997168168
B22-175,/fhome/maed/HelicoDataSet/CrossValidation/Annotated/B22-175_1/00624.png,0,0.00013775726256426424
B22-175,/fhome/maed/HelicoDataSet/CrossValidation/Annotated/B22-175_1/00538.png,0,0.00024386534641962498
B22-175,/fhome/maed/HelicoDataSet/CrossValidation/Annotated/B22-175_1/00569.png,0,0.00016837955627124757
B22-175,/fhome/maed/HelicoDataSet/CrossValidation/Annotated/B22-175_1/00500.png,0,0.0001685184397501871
B22-152,/fhome/maed/HelicoDataSet/CrossValidation/Annotated/B22-152_1/00214.png,0,0.00022308036568574607
B22-152,/fhome/maed/HelicoDataSet/CrossValidation/Annotated/B22-152_1/00556.png,0,0.00028149745776318014
B22-152,/fhome/maed/HelicoDataSet/CrossValidation/Annotated/B22-152_1/00102.png,0,0.00014354624727275223
B22-152,/fhome/maed/HelicoDataSet/CrossValidation/Annotated/B22-152_1/00416.png,0,0.000254686048720032
B22-157,/fhome/maed/HelicoDataSet/CrossValidation/Annotated/B22-157_0/00111.png,0,0.001046696212142706
B22-275,/fhome/maed/HelicoDataSet/CrossValidation/Annotated/B22-275_0/00119.png,1,0.002306978218257427
B22-275,/fhome/maed/HelicoDataSet/CrossValidation/Annotated/B22-275_0/00119_Aug5.png,1,0.0014474119525402784
B22-275,/fhome/maed/HelicoDataSet/CrossValidation/Annotated/B22-275_0/00119_Aug6.png,1,0.0028233788907527924
B22-275,/fhome/maed/HelicoDataSet/CrossValidation/Annotated/B22-275_0/00119_Aug8.png,1,0.003125440329313278
B22-275,/fhome/maed/HelicoDataSet/CrossValidation/Annotated/B22-275_0/00119_Aug2.png,1,0.0027253120206296444
B22-275,/fhome/maed/HelicoDataSet/CrossValidation/Annotated/B22-275_0/00144_Aug6.png,1,0.001723464927636087
B22-275,/fhome/maed/HelicoDataSet/CrossValidation/Annotated/B22-275_0/00144_Aug8.png,1,0.00211514625698328
B22-275,/fhome/maed/HelicoDataSet/CrossValidation/Annotated/B22-275_0/00144_Aug5.png,1,0.0016346692573279142
B22-275,/fhome/maed/HelicoDataSet/CrossValidation/Annotated/B22-275_0/00144_Aug3.png,1,0.002002820372581482
B22-275,/fhome/maed/HelicoDataSet/CrossValidation/Annotated/B22-275_0/00119_Aug7.png,1,0.0015223526861518621
B22-275,/fhome/maed/HelicoDataSet/CrossValidation/Annotated/B22-275_0/00119_Aug4.png,1,0.003075138432905078
B22-275,/fhome/maed/HelicoDataSet/CrossValidation/Annotated/B22-275_0/00119_Aug1.png,1,0.0019161440432071686
B22-275,/fhome/maed/HelicoDataSet/CrossValidation/Annotated/B22-275_0/00144_Aug1.png,1,0.002422829158604145
B22-275,/fhome/maed/HelicoDataSet/CrossValidation/Annotated/B22-275_0/00119_Aug3.png,1,0.001496817683801055
B22-275,/fhome/maed/HelicoDataSet/CrossValidation/Annotated/B22-275_0/00477.png,0,0.0005512619391083717
B22-275,/fhome/maed/HelicoDataSet/CrossValidation/Annotated/B22-275_0/00144_Aug4.png,1,0.00186834461055696
B22-275,/fhome/maed/HelicoDataSet/CrossValidation/Annotated/B22-275_0/00144_Aug7.png,1,0.001439650310203433
B22-275,/fhome/maed/HelicoDataSet/CrossValidation/Annotated/B22-275_0/00144.png,1,0.0018646896351128817
B22-275,/fhome/maed/HelicoDataSet/CrossValidation/Annotated/B22-275_0/00144_Aug2.png,1,0.0016360441222786903
B22-298,/fhome/maed/HelicoDataSet/CrossValidation/Annotated/B22-298_0/01280.png,0,0.0004742019809782505
B22-298,/fhome/maed/HelicoDataSet/CrossValidation/Annotated/B22-298_0/00338.png,0,0.0005114880623295903
B22-35,/fhome/maed/HelicoDataSet/CrossValidation/Annotated/B22-35_0/00332.png,0,0.00015510868979617953
B22-148,/fhome/maed/HelicoDataSet/CrossValidation/Annotated/B22-148_1/00035.png,0,0.00030090019572526217
B22-148,/fhome/maed/HelicoDataSet/CrossValidation/Annotated/B22-148_1/00193.png,0,0.00027725225663743913
B22-56,/fhome/maed/HelicoDataSet/CrossValidation/Annotated/B22-56_0/02617.png,0,0.0004088493005838245
B22-56,/fhome/maed/HelicoDataSet/CrossValidation/Annotated/B22-56_0/00015.png,0,0.00045843012048862875
B22-56,/fhome/maed/HelicoDataSet/CrossValidation/Annotated/B22-56_0/00021.png,0,0.000394260510802269
B22-56,/fhome/maed/HelicoDataSet/CrossValidation/Annotated/B22-56_0/00017.png,0,0.0004262849688529968
B22-56,/fhome/maed/HelicoDataSet/CrossValidation/Annotated/B22-56_0/00519.png,0,0.00029236459522508085
B22-56,/fhome/maed/HelicoDataSet/CrossValidation/Annotated/B22-56_0/00320.png,0,0.00035132639459334314
B22-56,/fhome/maed/HelicoDataSet/CrossValidation/Annotated/B22-56_0/00316.png,0,0.00037344510201364756
B22-56,/fhome/maed/HelicoDataSet/CrossValidation/Annotated/B22-56_0/00016.png,0,0.0003154922742396593
B22-101,/fhome/maed/HelicoDataSet/CrossValidation/Annotated/B22-101_0/00201_Aug1.png,1,0.0005292792338877916
B22-101,/fhome/maed/HelicoDataSet/CrossValidation/Annotated/B22-101_0/00201_Aug7.png,1,0.0005346920806914568
B22-101,/fhome/maed/HelicoDataSet/CrossValidation/Annotated/B22-101_0/00201.png,1,0.0007822263869456947
B22-101,/fhome/maed/HelicoDataSet/CrossValidation/Annotated/B22-101_0/00201_Aug6.png,1,0.000940007041208446
B22-101,/fhome/maed/HelicoDataSet/CrossValidation/Annotated/B22-101_0/00280.png,0,0.0003936959838028997
B22-101,/fhome/maed/HelicoDataSet/CrossValidation/Annotated/B22-101_0/00415.png,0,0.00023548651370219886
B22-101,/fhome/maed/HelicoDataSet/CrossValidation/Annotated/B22-101_0/00201_Aug3.png,1,0.0004372420662548393
B22-101,/fhome/maed/HelicoDataSet/CrossValidation/Annotated/B22-101_0/00201_Aug5.png,1,0.0005197369027882814
B22-101,/fhome/maed/HelicoDataSet/CrossValidation/Annotated/B22-101_0/00180.png,0,0.000353118492057547
B22-101,/fhome/maed/HelicoDataSet/CrossValidation/Annotated/B22-101_0/00201_Aug2.png,1,0.0009801869746297598
B22-101,/fhome/maed/HelicoDataSet/CrossValidation/Annotated/B22-101_0/00201_Aug8.png,1,0.0010460178600624204
B22-101,/fhome/maed/HelicoDataSet/CrossValidation/Annotated/B22-101_0/00201_Aug4.png,1,0.0009397295070812106
B22-193,/fhome/maed/HelicoDataSet/CrossValidation/Annotated/B22-193_0/00549.png,0,0.00031060006585903466
B22-193,/fhome/maed/HelicoDataSet/CrossValidation/Annotated/B22-193_0/00598.png,0,0.0003914157277904451
B22-104,/fhome/maed/HelicoDataSet/CrossValidation/Annotated/B22-104_0/00555.png,0,0.00024803803535178304
B22-104,/fhome/maed/HelicoDataSet/CrossValidation/Annotated/B22-104_0/00557.png,0,0.0002894254866987467
B22-104,/fhome/maed/HelicoDataSet/CrossValidation/Annotated/B22-104_0/00398.png,0,0.00015775080828461796
B22-104,/fhome/maed/HelicoDataSet/CrossValidation/Annotated/B22-104_0/00553.png,0,0.0003255691844969988
B22-104,/fhome/maed/HelicoDataSet/CrossValidation/Annotated/B22-104_0/00438.png,0,0.00020333372231107205
B22-112,/fhome/maed/HelicoDataSet/CrossValidation/Annotated/B22-112_1/00279.png,0,0.00012359375250525773
B22-112,/fhome/maed/HelicoDataSet/CrossValidation/Annotated/B22-112_1/00061.png,0,0.00012091011012671515
B22-112,/fhome/maed/HelicoDataSet/CrossValidation/Annotated/B22-112_1/00341.png,0,0.0002091948117595166
B22-112,/fhome/maed/HelicoDataSet/CrossValidation/Annotated/B22-112_1/00050.png,0,0.00026327092200517654
B22-112,/fhome/maed/HelicoDataSet/CrossValidation/Annotated/B22-112_1/00237.png,0,0.00012549408711493015
B22-112,/fhome/maed/HelicoDataSet/CrossValidation/Annotated/B22-112_1/00038.png,0,0.0001865013618953526
B22-112,/fhome/maed/HelicoDataSet/CrossValidation/Annotated/B22-112_1/00109.png,0,0.0001479403581470251
B22-112,/fhome/maed/HelicoDataSet/CrossValidation/Annotated/B22-112_1/00245.png,0,0.00016622063412796706
B22-300,/fhome/maed/HelicoDataSet/CrossValidation/Annotated/B22-300_0/01116.png,0,0.00024624750949442387
B22-300,/fhome/maed/HelicoDataSet/CrossValidation/Annotated/B22-300_0/01062.png,0,0.0004723684396594763
B22-300,/fhome/maed/HelicoDataSet/CrossValidation/Annotated/B22-300_0/00842.png,0,0.0002769882557913661
B22-300,/fhome/maed/HelicoDataSet/CrossValidation/Annotated/B22-300_0/00148.png,0,0.00037435151170939207
B22-165,/fhome/maed/HelicoDataSet/CrossValidation/Annotated/B22-165_0/00060.png,0,0.00043616461334750056
B22-165,/fhome/maed/HelicoDataSet/CrossValidation/Annotated/B22-165_0/00061.png,0,9.749232413014397e-05
B22-51,/fhome/maed/HelicoDataSet/CrossValidation/Annotated/B22-51_0/00392_Aug8.png,1,0.012823713943362236
B22-51,/fhome/maed/HelicoDataSet/CrossValidation/Annotated/B22-51_0/00392_Aug5.png,1,0.004263598937541246
B22-51,/fhome/maed/HelicoDataSet/CrossValidation/Annotated/B22-51_0/00392_Aug1.png,1,0.005791346542537212
B22-51,/fhome/maed/HelicoDataSet/CrossValidation/Annotated/B22-51_0/00392_Aug6.png,1,0.010531513020396233
B22-51,/fhome/maed/HelicoDataSet/CrossValidation/Annotated/B22-51_0/00652.png,0,0.00030961644370108843
B22-51,/fhome/maed/HelicoDataSet/CrossValidation/Annotated/B22-51_0/00226.png,0,0.0004817612934857607
B22-51,/fhome/maed/HelicoDataSet/CrossValidation/Annotated/B22-51_0/00392.png,1,0.0064178090542554855
B22-51,/fhome/maed/HelicoDataSet/CrossValidation/Annotated/B22-51_0/00392_Aug7.png,1,0.003802198451012373
B22-51,/fhome/maed/HelicoDataSet/CrossValidation/Annotated/B22-51_0/00392_Aug4.png,1,0.009854314848780632
B22-51,/fhome/maed/HelicoDataSet/CrossValidation/Annotated/B22-51_0/00392_Aug2.png,1,0.008131109178066254
B22-51,/fhome/maed/HelicoDataSet/CrossValidation/Annotated/B22-51_0/00392_Aug3.png,1,0.004939178004860878
B22-51,/fhome/maed/HelicoDataSet/CrossValidation/Annotated/B22-51_0/00242.png,0,0.0022596807684749365
B22-51,/fhome/maed/HelicoDataSet/CrossValidation/Annotated/B22-51_0/00317.png,0,0.00070918258279562
B22-174,/fhome/maed/HelicoDataSet/CrossValidation/Annotated/B22-174_0/00249_Aug1.png,1,0.0007495465688407421
B22-174,/fhome/maed/HelicoDataSet/CrossValidation/Annotated/B22-174_0/00249_Aug2.png,1,0.0009041547309607267
B22-174,/fhome/maed/HelicoDataSet/CrossValidation/Annotated/B22-174_0/00249_Aug8.png,1,0.0011534391669556499
B22-174,/fhome/maed/HelicoDataSet/CrossValidation/Annotated/B22-174_0/00167.png,0,0.00023526806035079062
B22-174,/fhome/maed/HelicoDataSet/CrossValidation/Annotated/B22-174_0/00234.png,0,0.0005340540665201843
B22-174,/fhome/maed/HelicoDataSet/CrossValidation/Annotated/B22-174_0/00249_Aug3.png,1,0.0007020683260634542
B22-174,/fhome/maed/HelicoDataSet/CrossValidation/Annotated/B22-174_0/00159.png,0,0.00014838123752269894
B22-174,/fhome/maed/HelicoDataSet/CrossValidation/Annotated/B22-174_0/00224_Aug4.png,1,0.0010670698247849941
B22-174,/fhome/maed/HelicoDataSet/CrossValidation/Annotated/B22-174_0/00166.png,0,0.00012576118751894683
B22-174,/fhome/maed/HelicoDataSet/CrossValidation/Annotated/B22-174_0/00288.png,0,0.0002103414008161053
B22-174,/fhome/maed/HelicoDataSet/CrossValidation/Annotated/B22-174_0/00235.png,0,0.0008507109014317393
B22-174,/fhome/maed/HelicoDataSet/CrossValidation/Annotated/B22-174_0/00155.png,0,0.0002132848312612623
B22-174,/fhome/maed/HelicoDataSet/CrossValidation/Annotated/B22-174_0/00191.png,0,0.00042907948954962194
B22-174,/fhome/maed/HelicoDataSet/CrossValidation/Annotated/B22-174_0/00224_Aug1.png,1,0.001736703678034246
B22-174,/fhome/maed/HelicoDataSet/CrossValidation/Annotated/B22-174_0/00201.png,0,0.00023758439056109637
B22-174,/fhome/maed/HelicoDataSet/CrossValidation/Annotated/B22-174_0/00225_Aug6.png,1,0.0023521326947957277
B22-174,/fhome/maed/HelicoDataSet/CrossValidation/Annotated/B22-174_0/00168.png,0,0.00012477142445277423
B22-174,/fhome/maed/HelicoDataSet/CrossValidation/Annotated/B22-174_0/00216.png,0,0.00035137630766257644
B22-174,/fhome/maed/HelicoDataSet/CrossValidation/Annotated/B22-174_0/00239.png,1,0.0056162807159125805
B22-174,/fhome/maed/HelicoDataSet/CrossValidation/Annotated/B22-174_0/00170.png,0,0.000145423982758075
B22-174,/fhome/maed/HelicoDataSet/CrossValidation/Annotated/B22-174_0/00270.png,0,0.0003451131924521178
B22-174,/fhome/maed/HelicoDataSet/CrossValidation/Annotated/B22-174_0/00224_Aug2.png,1,0.0016163805266842246
B22-174,/fhome/maed/HelicoDataSet/CrossValidation/Annotated/B22-174_0/00215.png,0,0.00040594706661067903
B22-174,/fhome/maed/HelicoDataSet/CrossValidation/Annotated/B22-174_0/00249_Aug6.png,1,0.000962362508289516
B22-174,/fhome/maed/HelicoDataSet/CrossValidation/Annotated/B22-174_0/00239_Aug4.png,1,0.0062607089057564735
B22-174,/fhome/maed/HelicoDataSet/CrossValidation/Annotated/B22-174_0/00198.png,0,0.0002948874025605619
B22-174,/fhome/maed/HelicoDataSet/CrossValidation/Annotated/B22-174_0/00183.png,0,0.0003063102485612035
B22-174,/fhome/maed/HelicoDataSet/CrossValidation/Annotated/B22-174_0/00224_Aug6.png,1,0.000705926853697747
B22-174,/fhome/maed/HelicoDataSet/CrossValidation/Annotated/B22-174_0/00239_Aug1.png,1,0.005958504509180784
B22-174,/fhome/maed/HelicoDataSet/CrossValidation/Annotated/B22-174_0/00228.png,0,0.0007115098414942622
B22-174,/fhome/maed/HelicoDataSet/CrossValidation/Annotated/B22-174_0/00272.png,0,0.00040148053085431457
B22-174,/fhome/maed/HelicoDataSet/CrossValidation/Annotated/B22-174_0/00188.png,0,0.0001615657820366323
B22-174,/fhome/maed/HelicoDataSet/CrossValidation/Annotated/B22-174_0/00243.png,0,0.0006910159718245268
B22-174,/fhome/maed/HelicoDataSet/CrossValidation/Annotated/B22-174_0/00249_Aug5.png,1,0.0005887084407731891
B22-174,/fhome/maed/HelicoDataSet/CrossValidation/Annotated/B22-174_0/00238.png,0,0.0008971555507741868
B22-174,/fhome/maed/HelicoDataSet/CrossValidation/Annotated/B22-174_0/00222.png,0,0.0001504654937889427
B22-174,/fhome/maed/HelicoDataSet/CrossValidation/Annotated/B22-174_0/00239_Aug7.png,1,0.005524913780391216
B22-174,/fhome/maed/HelicoDataSet/CrossValidation/Annotated/B22-174_0/00214.png,0,0.00023486802820116282
B22-174,/fhome/maed/HelicoDataSet/CrossValidation/Annotated/B22-174_0/00210.png,0,0.0005136079853400588
B22-174,/fhome/maed/HelicoDataSet/CrossValidation/Annotated/B22-174_0/00249_Aug4.png,1,0.0009013763628900051
B22-174,/fhome/maed/HelicoDataSet/CrossValidation/Annotated/B22-174_0/00224_Aug5.png,1,0.0007167382864281535
B22-174,/fhome/maed/HelicoDataSet/CrossValidation/Annotated/B22-174_0/00267.png,0,0.00030763924587517977
B22-174,/fhome/maed/HelicoDataSet/CrossValidation/Annotated/B22-174_0/00256.png,0,0.0005734962760470808
B22-174,/fhome/maed/HelicoDataSet/CrossValidation/Annotated/B22-174_0/00768.png,0,0.0005851370515301824
B22-174,/fhome/maed/HelicoDataSet/CrossValidation/Annotated/B22-174_0/00195.png,0,0.00023478704679291695
B22-174,/fhome/maed/HelicoDataSet/CrossValidation/Annotated/B22-174_0/00226.png,0,0.0005351380677893758
B22-174,/fhome/maed/HelicoDataSet/CrossValidation/Annotated/B22-174_0/00204.png,0,0.00033260005875490606
B22-174,/fhome/maed/HelicoDataSet/CrossValidation/Annotated/B22-174_0/00239_Aug2.png,1,0.005896688438951969
B22-174,/fhome/maed/HelicoDataSet/CrossValidation/Annotated/B22-174_0/00232.png,0,0.0004778984875883907
B22-174,/fhome/maed/HelicoDataSet/CrossValidation/Annotated/B22-174_0/00187.png,0,0.0001818907039705664
B22-174,/fhome/maed/HelicoDataSet/CrossValidation/Annotated/B22-174_0/00190.png,0,0.0001901382056530565
B22-174,/fhome/maed/HelicoDataSet/CrossValidation/Annotated/B22-174_0/00225_Aug1.png,1,0.0019422501791268587
B22-174,/fhome/maed/HelicoDataSet/CrossValidation/Annotated/B22-174_0/00289.png,0,0.00028186547569930553
B22-174,/fhome/maed/HelicoDataSet/CrossValidation/Annotated/B22-174_0/00172.png,0,0.00013672096247319132
B22-174,/fhome/maed/HelicoDataSet/CrossValidation/Annotated/B22-174_0/00225_Aug5.png,1,0.0017211735248565674
B22-174,/fhome/maed/HelicoDataSet/CrossValidation/Annotated/B22-174_0/00284.png,0,0.00034309327020309865
B22-174,/fhome/maed/HelicoDataSet/CrossValidation/Annotated/B22-174_0/00241.png,0,0.0009679368231445551
B22-174,/fhome/maed/HelicoDataSet/CrossValidation/Annotated/B22-174_0/00161.png,0,0.000144945050124079
B22-174,/fhome/maed/HelicoDataSet/CrossValidation/Annotated/B22-174_0/00237.png,0,0.0008094427175819874
B22-174,/fhome/maed/HelicoDataSet/CrossValidation/Annotated/B22-174_0/00224_Aug3.png,1,0.001116074388846755
B22-174,/fhome/maed/HelicoDataSet/CrossValidation/Annotated/B22-174_0/00225_Aug3.png,1,0.0017682088073343039
B22-174,/fhome/maed/HelicoDataSet/CrossValidation/Annotated/B22-174_0/00182.png,0,0.0001978928776225075
B22-174,/fhome/maed/HelicoDataSet/CrossValidation/Annotated/B22-174_0/00199.png,0,0.0001698860723990947
B22-174,/fhome/maed/HelicoDataSet/CrossValidation/Annotated/B22-174_0/00196.png,0,0.0003969657700508833
B22-174,/fhome/maed/HelicoDataSet/CrossValidation/Annotated/B22-174_0/00211.png,0,0.00043538620229810476
B22-174,/fhome/maed/HelicoDataSet/CrossValidation/Annotated/B22-174_0/00205.png,0,0.0003253975883126259
B22-174,/fhome/maed/HelicoDataSet/CrossValidation/Annotated/B22-174_0/00225.png,1,0.0020044397097080946
B22-174,/fhome/maed/HelicoDataSet/CrossValidation/Annotated/B22-174_0/00162.png,0,0.000226306015974842
B22-174,/fhome/maed/HelicoDataSet/CrossValidation/Annotated/B22-174_0/00180.png,0,0.00020150290220044553
B22-174,/fhome/maed/HelicoDataSet/CrossValidation/Annotated/B22-174_0/00225_Aug2.png,1,0.0021756438072770834
B22-174,/fhome/maed/HelicoDataSet/CrossValidation/Annotated/B22-174_0/00244.png,0,0.0008340281783603132
B22-174,/fhome/maed/HelicoDataSet/CrossValidation/Annotated/B22-174_0/00224_Aug8.png,1,0.0007211338961496949
B22-174,/fhome/maed/HelicoDataSet/CrossValidation/Annotated/B22-174_0/00197.png,0,0.00025942426873371005
B22-174,/fhome/maed/HelicoDataSet/CrossValidation/Annotated/B22-174_0/00268.png,0,0.0002874786441680044
B22-174,/fhome/maed/HelicoDataSet/CrossValidation/Annotated/B22-174_0/00192.png,0,0.00023207449703477323
B22-174,/fhome/maed/HelicoDataSet/CrossValidation/Annotated/B22-174_0/00236.png,0,0.000884228153154254
B22-174,/fhome/maed/HelicoDataSet/CrossValidation/Annotated/B22-174_0/00156.png,0,0.00016467277600895613
B22-174,/fhome/maed/HelicoDataSet/CrossValidation/Annotated/B22-174_0/00178.png,0,0.0001940082584042102
B22-174,/fhome/maed/HelicoDataSet/CrossValidation/Annotated/B22-174_0/00175.png,0,0.00017670280067250133
B22-174,/fhome/maed/HelicoDataSet/CrossValidation/Annotated/B22-174_0/00255.png,0,0.0005210048984736204
B22-174,/fhome/maed/HelicoDataSet/CrossValidation/Annotated/B22-174_0/00240.png,0,0.000398766016587615
B22-174,/fhome/maed/HelicoDataSet/CrossValidation/Annotated/B22-174_0/00290.png,0,0.00029145932057872415
B22-174,/fhome/maed/HelicoDataSet/CrossValidation/Annotated/B22-174_0/00246.png,0,0.0003814204246737063
B22-174,/fhome/maed/HelicoDataSet/CrossValidation/Annotated/B22-174_0/00181.png,0,0.00018299993826076388
B22-174,/fhome/maed/HelicoDataSet/CrossValidation/Annotated/B22-174_0/00208.png,0,0.0002993209636770189
B22-174,/fhome/maed/HelicoDataSet/CrossValidation/Annotated/B22-174_0/00173.png,0,0.0001471186988055706
B22-174,/fhome/maed/HelicoDataSet/CrossValidation/Annotated/B22-174_0/00174.png,0,0.00018470321083441377
B22-174,/fhome/maed/HelicoDataSet/CrossValidation/Annotated/B22-174_0/00152.png,0,0.0001577901712153107
B22-174,/fhome/maed/HelicoDataSet/CrossValidation/Annotated/B22-174_0/00262.png,0,0.0003946495126001537
B22-174,/fhome/maed/HelicoDataSet/CrossValidation/Annotated/B22-174_0/00261.png,0,0.0005347798578441143
B22-174,/fhome/maed/HelicoDataSet/CrossValidation/Annotated/B22-174_0/00242.png,0,0.0009162420756183565
B22-174,/fhome/maed/HelicoDataSet/CrossValidation/Annotated/B22-174_0/00189.png,0,0.00013278235564939678
B22-174,/fhome/maed/HelicoDataSet/CrossValidation/Annotated/B22-174_0/00283.png,0,0.0001810373942134902
B22-174,/fhome/maed/HelicoDataSet/CrossValidation/Annotated/B22-174_0/00193.png,0,0.00035820668563246727
B22-174,/fhome/maed/HelicoDataSet/CrossValidation/Annotated/B22-174_0/00186.png,0,0.00017914996715262532
B22-174,/fhome/maed/HelicoDataSet/CrossValidation/Annotated/B22-174_0/00225_Aug4.png,1,0.002123457146808505
B22-174,/fhome/maed/HelicoDataSet/CrossValidation/Annotated/B22-174_0/00225_Aug8.png,1,0.002261245623230934
B22-174,/fhome/maed/HelicoDataSet/CrossValidation/Annotated/B22-174_0/00207.png,0,0.0002728317922446877
B22-174,/fhome/maed/HelicoDataSet/CrossValidation/Annotated/B22-174_0/00258.png,0,0.0005533184739761055
B22-174,/fhome/maed/HelicoDataSet/CrossValidation/Annotated/B22-174_0/00249.png,1,0.0009038508869707584
B22-174,/fhome/maed/HelicoDataSet/CrossValidation/Annotated/B22-174_0/00219.png,0,0.00046786232269369066
B22-174,/fhome/maed/HelicoDataSet/CrossValidation/Annotated/B22-174_0/00224_Aug7.png,1,0.0007240640698000789
B22-174,/fhome/maed/HelicoDataSet/CrossValidation/Annotated/B22-174_0/00239_Aug8.png,1,0.0059866770170629025
B22-174,/fhome/maed/HelicoDataSet/CrossValidation/Annotated/B22-174_0/00154.png,0,0.0002671636175364256
B22-174,/fhome/maed/HelicoDataSet/CrossValidation/Annotated/B22-174_0/00239_Aug6.png,1,0.005668711848556995
B22-174,/fhome/maed/HelicoDataSet/CrossValidation/Annotated/B22-174_0/00202.png,0,0.00015736818022560328
B22-174,/fhome/maed/HelicoDataSet/CrossValidation/Annotated/B22-174_0/00227.png,0,0.0008259551832452416
B22-174,/fhome/maed/HelicoDataSet/CrossValidation/Annotated/B22-174_0/00229.png,0,0.000912916730158031
B22-174,/fhome/maed/HelicoDataSet/CrossValidation/Annotated/B22-174_0/00217.png,0,0.0002542202128097415
B22-174,/fhome/maed/HelicoDataSet/CrossValidation/Annotated/B22-174_0/00286.png,0,0.0003974257851950824
B22-174,/fhome/maed/HelicoDataSet/CrossValidation/Annotated/B22-174_0/00194.png,0,0.00034907934605143964
B22-174,/fhome/maed/HelicoDataSet/CrossValidation/Annotated/B22-174_0/00165.png,0,0.0001365092466585338
B22-174,/fhome/maed/HelicoDataSet/CrossValidation/Annotated/B22-174_0/00184.png,0,0.00022952037397772074
B22-174,/fhome/maed/HelicoDataSet/CrossValidation/Annotated/B22-174_0/00158.png,0,0.0001913641463033855
B22-174,/fhome/maed/HelicoDataSet/CrossValidation/Annotated/B22-174_0/00239_Aug3.png,1,0.005991214420646429
B22-174,/fhome/maed/HelicoDataSet/CrossValidation/Annotated/B22-174_0/00177.png,0,0.00017808382108341902
B22-174,/fhome/maed/HelicoDataSet/CrossValidation/Annotated/B22-174_0/00252.png,0,0.000556610175408423
B22-174,/fhome/maed/HelicoDataSet/CrossValidation/Annotated/B22-174_0/00233.png,0,0.0005583458114415407
B22-174,/fhome/maed/HelicoDataSet/CrossValidation/Annotated/B22-174_0/00257.png,0,0.0006488976068794727
B22-174,/fhome/maed/HelicoDataSet/CrossValidation/Annotated/B22-174_0/00275.png,0,0.0005684797069989145
B22-174,/fhome/maed/HelicoDataSet/CrossValidation/Annotated/B22-174_0/00249_Aug7.png,1,0.0005722231580875814
B22-174,/fhome/maed/HelicoDataSet/CrossValidation/Annotated/B22-174_0/00225_Aug7.png,1,0.0014935791259631515
B22-174,/fhome/maed/HelicoDataSet/CrossValidation/Annotated/B22-174_0/00245.png,0,0.00019615094061009586
B22-174,/fhome/maed/HelicoDataSet/CrossValidation/Annotated/B22-174_0/00631.png,0,0.0005088995094411075
B22-174,/fhome/maed/HelicoDataSet/CrossValidation/Annotated/B22-174_0/00239_Aug5.png,1,0.006263385526835918
B22-174,/fhome/maed/HelicoDataSet/CrossValidation/Annotated/B22-174_0/00224.png,1,0.0019179226364940405
B22-174,/fhome/maed/HelicoDataSet/CrossValidation/Annotated/B22-174_0/00157.png,0,0.00016883466742001474
B22-308,/fhome/maed/HelicoDataSet/CrossValidation/Annotated/B22-308_0/00086.png,0,0.00027779003721661866
B22-183,/fhome/maed/HelicoDataSet/CrossValidation/Annotated/B22-183_1/00817.png,0,0.00040994654409587383
B22-183,/fhome/maed/HelicoDataSet/CrossValidation/Annotated/B22-183_1/00788.png,0,0.0004232229548506439
B22-183,/fhome/maed/HelicoDataSet/CrossValidation/Annotated/B22-183_1/00704.png,0,0.000522609509062022
B22-183,/fhome/maed/HelicoDataSet/CrossValidation/Annotated/B22-183_1/00801.png,0,0.0003687000134959817
B22-183,/fhome/maed/HelicoDataSet/CrossValidation/Annotated/B22-183_1/00472.png,0,0.0004943868843838573
B22-59,/fhome/maed/HelicoDataSet/CrossValidation/Annotated/B22-59_1/00254.png,0,0.00038867336115799844
B22-59,/fhome/maed/HelicoDataSet/CrossValidation/Annotated/B22-59_1/00198.png,0,0.0004683338920585811
B22-59,/fhome/maed/HelicoDataSet/CrossValidation/Annotated/B22-59_1/00355.png,0,0.00026381792849861085
B22-59,/fhome/maed/HelicoDataSet/CrossValidation/Annotated/B22-59_1/00137.png,0,0.00024657929316163063
B22-158,/fhome/maed/HelicoDataSet/CrossValidation/Annotated/B22-158_0/01108_Aug4.png,1,0.0025493393186479807
B22-158,/fhome/maed/HelicoDataSet/CrossValidation/Annotated/B22-158_0/00764_Aug6.png,1,0.001344882184639573
B22-158,/fhome/maed/HelicoDataSet/CrossValidation/Annotated/B22-158_0/00764_Aug5.png,1,0.0022240185644477606
B22-158,/fhome/maed/HelicoDataSet/CrossValidation/Annotated/B22-158_0/00764_Aug1.png,1,0.001788009307347238
B22-158,/fhome/maed/HelicoDataSet/CrossValidation/Annotated/B22-158_0/00244_Aug3.png,1,0.0038907385896891356
B22-158,/fhome/maed/HelicoDataSet/CrossValidation/Annotated/B22-158_0/00244_Aug2.png,1,0.003930797800421715
B22-158,/fhome/maed/HelicoDataSet/CrossValidation/Annotated/B22-158_0/00244_Aug5.png,1,0.0036429266911000013
B22-158,/fhome/maed/HelicoDataSet/CrossValidation/Annotated/B22-158_0/01108_Aug8.png,1,0.0025270527694374323
B22-158,/fhome/maed/HelicoDataSet/CrossValidation/Annotated/B22-158_0/01108_Aug2.png,1,0.0024511083029210567
B22-158,/fhome/maed/HelicoDataSet/CrossValidation/Annotated/B22-158_0/01108_Aug5.png,1,0.002887133276090026
B22-158,/fhome/maed/HelicoDataSet/CrossValidation/Annotated/B22-158_0/00244_Aug1.png,1,0.004056139383465052
B22-158,/fhome/maed/HelicoDataSet/CrossValidation/Annotated/B22-158_0/00764.png,1,0.002205955097451806
B22-158,/fhome/maed/HelicoDataSet/CrossValidation/Annotated/B22-158_0/01108.png,1,0.002556492341682315
B22-158,/fhome/maed/HelicoDataSet/CrossValidation/Annotated/B22-158_0/00764_Aug4.png,1,0.0015475433319807053
B22-158,/fhome/maed/HelicoDataSet/CrossValidation/Annotated/B22-158_0/00764_Aug7.png,1,0.001842785975895822
B22-158,/fhome/maed/HelicoDataSet/CrossValidation/Annotated/B22-158_0/00764_Aug2.png,1,0.001419633044861257
B22-158,/fhome/maed/HelicoDataSet/CrossValidation/Annotated/B22-158_0/00244.png,1,0.0042929816991090775
B22-158,/fhome/maed/HelicoDataSet/CrossValidation/Annotated/B22-158_0/00244_Aug8.png,1,0.004150948952883482
B22-158,/fhome/maed/HelicoDataSet/CrossValidation/Annotated/B22-158_0/01108_Aug1.png,1,0.002569859614595771
B22-158,/fhome/maed/HelicoDataSet/CrossValidation/Annotated/B22-158_0/01108_Aug3.png,1,0.002584494184702635
B22-158,/fhome/maed/HelicoDataSet/CrossValidation/Annotated/B22-158_0/00764_Aug3.png,1,0.0021034618839621544
B22-158,/fhome/maed/HelicoDataSet/CrossValidation/Annotated/B22-158_0/01108_Aug6.png,1,0.002717353170737624
B22-158,/fhome/maed/HelicoDataSet/CrossValidation/Annotated/B22-158_0/00244_Aug6.png,1,0.0037970959674566984
B22-158,/fhome/maed/HelicoDataSet/CrossValidation/Annotated/B22-158_0/00244_Aug7.png,1,0.003152731340378523
B22-158,/fhome/maed/HelicoDataSet/CrossValidation/Annotated/B22-158_0/00244_Aug4.png,1,0.004108137916773558
B22-158,/fhome/maed/HelicoDataSet/CrossValidation/Annotated/B22-158_0/00764_Aug8.png,1,0.0012059570290148258
B22-158,/fhome/maed/HelicoDataSet/CrossValidation/Annotated/B22-158_0/00091.png,0,0.002762898337095976
B22-158,/fhome/maed/HelicoDataSet/CrossValidation/Annotated/B22-158_0/01108_Aug7.png,1,0.0028789425268769264
B22-158,/fhome/maed/HelicoDataSet/CrossValidation/Annotated/B22-158_0/00969.png,0,0.0004468914703465998
B22-251,/fhome/maed/HelicoDataSet/CrossValidation/Annotated/B22-251_0/01295.png,0,0.0006391406059265137
B22-251,/fhome/maed/HelicoDataSet/CrossValidation/Annotated/B22-251_0/00210.png,0,0.0006163333891890943
B22-251,/fhome/maed/HelicoDataSet/CrossValidation/Annotated/B22-251_0/01286.png,0,0.00034139907802455127
B22-151,/fhome/maed/HelicoDataSet/CrossValidation/Annotated/B22-151_0/04625.png,0,0.0002233698614872992
B22-151,/fhome/maed/HelicoDataSet/CrossValidation/Annotated/B22-151_0/00142.png,0,0.00029839505441486835
B22-151,/fhome/maed/HelicoDataSet/CrossValidation/Annotated/B22-151_0/00678.png,0,0.0006156363524496555
B22-151,/fhome/maed/HelicoDataSet/CrossValidation/Annotated/B22-151_0/07681.png,0,0.0004224563017487526
B22-151,/fhome/maed/HelicoDataSet/CrossValidation/Annotated/B22-151_0/00458.png,0,0.0006268216529861093
B22-151,/fhome/maed/HelicoDataSet/CrossValidation/Annotated/B22-151_0/00002.png,0,0.003213450312614441
B22-151,/fhome/maed/HelicoDataSet/CrossValidation/Annotated/B22-151_0/04353.png,0,0.000432332482887432
B22-151,/fhome/maed/HelicoDataSet/CrossValidation/Annotated/B22-151_0/00147.png,0,0.0003538608434610069
B22-151,/fhome/maed/HelicoDataSet/CrossValidation/Annotated/B22-151_0/00146.png,0,0.0002845700946636498
B22-151,/fhome/maed/HelicoDataSet/CrossValidation/Annotated/B22-151_0/07330.png,0,0.0007032199646346271
B22-151,/fhome/maed/HelicoDataSet/CrossValidation/Annotated/B22-151_0/03310.png,0,0.00032833762816153467
B22-151,/fhome/maed/HelicoDataSet/CrossValidation/Annotated/B22-151_0/00092.png,0,0.00033234647708013654
B22-151,/fhome/maed/HelicoDataSet/CrossValidation/Annotated/B22-151_0/00100.png,0,0.00045162541209720075
B22-151,/fhome/maed/HelicoDataSet/CrossValidation/Annotated/B22-151_0/00095.png,0,0.0003566910745576024
B22-151,/fhome/maed/HelicoDataSet/CrossValidation/Annotated/B22-151_0/03312.png,0,0.00037894281558692455
B22-151,/fhome/maed/HelicoDataSet/CrossValidation/Annotated/B22-151_0/05153.png,0,0.0005382829112932086
B22-151,/fhome/maed/HelicoDataSet/CrossValidation/Annotated/B22-151_0/00677.png,0,0.0006147961248643696
B22-151,/fhome/maed/HelicoDataSet/CrossValidation/Annotated/B22-151_0/00140.png,0,0.00048671552212908864
B22-151,/fhome/maed/HelicoDataSet/CrossValidation/Annotated/B22-151_0/00676.png,0,0.0005806669360026717
B22-151,/fhome/maed/HelicoDataSet/CrossValidation/Annotated/B22-151_0/00186.png,0,0.0002756105677690357
B22-151,/fhome/maed/HelicoDataSet/CrossValidation/Annotated/B22-151_0/00148.png,0,0.00026935184723697603
B22-151,/fhome/maed/HelicoDataSet/CrossValidation/Annotated/B22-151_0/07374.png,0,0.00035264863981865346
B22-151,/fhome/maed/HelicoDataSet/CrossValidation/Annotated/B22-151_0/00093.png,0,0.00037021911703050137
B22-151,/fhome/maed/HelicoDataSet/CrossValidation/Annotated/B22-151_0/06042.png,0,0.00040825712494552135
B22-151,/fhome/maed/HelicoDataSet/CrossValidation/Annotated/B22-151_0/06132.png,0,0.000557389110326767
B22-151,/fhome/maed/HelicoDataSet/CrossValidation/Annotated/B22-151_0/06558.png,0,0.00040479478775523603
B22-92,/fhome/maed/HelicoDataSet/CrossValidation/Annotated/B22-92_1/00586.png,0,0.000141892145620659
B22-92,/fhome/maed/HelicoDataSet/CrossValidation/Annotated/B22-92_1/00235.png,0,0.00027424897416494787
B22-92,/fhome/maed/HelicoDataSet/CrossValidation/Annotated/B22-92_1/00678.png,0,0.00015310586604755372
B22-92,/fhome/maed/HelicoDataSet/CrossValidation/Annotated/B22-92_1/00346.png,0,0.00013663570280186832
B22-92,/fhome/maed/HelicoDataSet/CrossValidation/Annotated/B22-92_1/00341.png,0,0.0001323336036875844
B22-92,/fhome/maed/HelicoDataSet/CrossValidation/Annotated/B22-92_1/00485.png,0,0.00026771152624860406
B22-92,/fhome/maed/HelicoDataSet/CrossValidation/Annotated/B22-92_1/00307.png,0,0.0001405950024491176
B22-92,/fhome/maed/HelicoDataSet/CrossValidation/Annotated/B22-92_1/00517.png,0,0.00039698969339951873
B22-92,/fhome/maed/HelicoDataSet/CrossValidation/Annotated/B22-92_1/00395.png,0,0.0003500977181829512
B22-92,/fhome/maed/HelicoDataSet/CrossValidation/Annotated/B22-92_1/00676.png,0,0.00012330045865383
B22-92,/fhome/maed/HelicoDataSet/CrossValidation/Annotated/B22-92_1/00558.png,0,0.00034751463681459427
B22-92,/fhome/maed/HelicoDataSet/CrossValidation/Annotated/B22-92_1/00619.png,0,0.00016303469601552933
B22-92,/fhome/maed/HelicoDataSet/CrossValidation/Annotated/B22-92_1/00305.png,0,0.00016222050180658698
B22-276,/fhome/maed/HelicoDataSet/CrossValidation/Annotated/B22-276_0/00776.png,0,0.0014138673432171345
B22-276,/fhome/maed/HelicoDataSet/CrossValidation/Annotated/B22-276_0/01019.png,0,0.0023201066069304943
B22-276,/fhome/maed/HelicoDataSet/CrossValidation/Annotated/B22-276_0/00162.png,0,0.0005836751079186797
B22-276,/fhome/maed/HelicoDataSet/CrossValidation/Annotated/B22-276_0/01263.png,0,0.0004472915316000581
B22-77,/fhome/maed/HelicoDataSet/CrossValidation/Annotated/B22-77_0/00442.png,0,0.00023458186478819698
B22-77,/fhome/maed/HelicoDataSet/CrossValidation/Annotated/B22-77_0/01326.png,0,0.0004973035538569093
B22-77,/fhome/maed/HelicoDataSet/CrossValidation/Annotated/B22-77_0/01657.png,0,0.000179525202838704
B22-77,/fhome/maed/HelicoDataSet/CrossValidation/Annotated/B22-77_0/01649.png,0,0.0001702032022876665
B22-277,/fhome/maed/HelicoDataSet/CrossValidation/Annotated/B22-277_0/00601_Aug5.png,1,0.04584120959043503
B22-277,/fhome/maed/HelicoDataSet/CrossValidation/Annotated/B22-277_0/01139.png,0,0.0002844999253284186
B22-277,/fhome/maed/HelicoDataSet/CrossValidation/Annotated/B22-277_0/00601_Aug4.png,1,0.042725350707769394
B22-277,/fhome/maed/HelicoDataSet/CrossValidation/Annotated/B22-277_0/00910.png,0,0.0004470309941098094
B22-277,/fhome/maed/HelicoDataSet/CrossValidation/Annotated/B22-277_0/00601_Aug6.png,1,0.04454997926950455
B22-277,/fhome/maed/HelicoDataSet/CrossValidation/Annotated/B22-277_0/00212.png,0,0.00037560833152383566
B22-277,/fhome/maed/HelicoDataSet/CrossValidation/Annotated/B22-277_0/00601_Aug2.png,1,0.0404990091919899
B22-277,/fhome/maed/HelicoDataSet/CrossValidation/Annotated/B22-277_0/01338.png,0,0.00037766023888252676
B22-277,/fhome/maed/HelicoDataSet/CrossValidation/Annotated/B22-277_0/00601_Aug7.png,1,0.0489078089594841
B22-277,/fhome/maed/HelicoDataSet/CrossValidation/Annotated/B22-277_0/00601.png,1,0.038319408893585205
B22-277,/fhome/maed/HelicoDataSet/CrossValidation/Annotated/B22-277_0/00601_Aug3.png,1,0.042729031294584274
B22-277,/fhome/maed/HelicoDataSet/CrossValidation/Annotated/B22-277_0/00601_Aug1.png,1,0.04162014648318291
B22-277,/fhome/maed/HelicoDataSet/CrossValidation/Annotated/B22-277_0/00601_Aug8.png,1,0.046854108572006226
B22-192,/fhome/maed/HelicoDataSet/CrossValidation/Annotated/B22-192_1/00524.png,0,0.0004681081045418978
B22-192,/fhome/maed/HelicoDataSet/CrossValidation/Annotated/B22-192_1/00520.png,0,0.0006029349169693887
B22-192,/fhome/maed/HelicoDataSet/CrossValidation/Annotated/B22-192_1/00373.png,0,0.0004925276152789593
B22-192,/fhome/maed/HelicoDataSet/CrossValidation/Annotated/B22-192_1/00203.png,0,0.00028024084167554975
B22-192,/fhome/maed/HelicoDataSet/CrossValidation/Annotated/B22-192_1/00245.png,0,0.0005266288062557578
B22-178,/fhome/maed/HelicoDataSet/CrossValidation/Annotated/B22-178_0/01111.png,0,0.00029981060652062297
B22-248,/fhome/maed/HelicoDataSet/CrossValidation/Annotated/B22-248_0/01335.png,0,0.00020932620100211352
B22-248,/fhome/maed/HelicoDataSet/CrossValidation/Annotated/B22-248_0/01337.png,0,0.0002503742871340364
B22-248,/fhome/maed/HelicoDataSet/CrossValidation/Annotated/B22-248_0/01340.png,0,0.0003164162044413388
B22-248,/fhome/maed/HelicoDataSet/CrossValidation/Annotated/B22-248_0/01338.png,0,0.00029916525818407536
B22-248,/fhome/maed/HelicoDataSet/CrossValidation/Annotated/B22-248_0/01336.png,0,0.00017017472418956459
B22-248,/fhome/maed/HelicoDataSet/CrossValidation/Annotated/B22-248_0/01333.png,0,0.00018537310825195163
B22-248,/fhome/maed/HelicoDataSet/CrossValidation/Annotated/B22-248_0/01332.png,0,0.00023532197519671172
B22-248,/fhome/maed/HelicoDataSet/CrossValidation/Annotated/B22-248_0/01334.png,0,0.00038918154314160347
B22-248,/fhome/maed/HelicoDataSet/CrossValidation/Annotated/B22-248_0/01339.png,0,0.00020362052600830793
B22-181,/fhome/maed/HelicoDataSet/CrossValidation/Annotated/B22-181_1/01289.png,0,0.0006862717564217746
B22-27,/fhome/maed/HelicoDataSet/CrossValidation/Annotated/B22-27_0/00200.png,0,0.000383683480322361
B22-27,/fhome/maed/HelicoDataSet/CrossValidation/Annotated/B22-27_0/02438.png,0,0.0003808357287198305
B22-27,/fhome/maed/HelicoDataSet/CrossValidation/Annotated/B22-27_0/01419.png,0,0.0004602208500728011
B22-27,/fhome/maed/HelicoDataSet/CrossValidation/Annotated/B22-27_0/01861.png,0,0.0004277170810382813
B22-126,/fhome/maed/HelicoDataSet/CrossValidation/Annotated/B22-126_0/01535_Aug6.png,1,0.01026906818151474
B22-126,/fhome/maed/HelicoDataSet/CrossValidation/Annotated/B22-126_0/00664_Aug5.png,1,0.002114717848598957
B22-126,/fhome/maed/HelicoDataSet/CrossValidation/Annotated/B22-126_0/00667_Aug5.png,1,0.002218260895460844
B22-126,/fhome/maed/HelicoDataSet/CrossValidation/Annotated/B22-126_0/01535_Aug3.png,1,0.02073299139738083
B22-126,/fhome/maed/HelicoDataSet/CrossValidation/Annotated/B22-126_0/01176_Aug5.png,1,0.0004477998591028154
B22-126,/fhome/maed/HelicoDataSet/CrossValidation/Annotated/B22-126_0/01144_Aug3.png,1,0.0036586951464414597
B22-126,/fhome/maed/HelicoDataSet/CrossValidation/Annotated/B22-126_0/01239_Aug7.png,1,0.0011564473388716578
B22-126,/fhome/maed/HelicoDataSet/CrossValidation/Annotated/B22-126_0/01537_Aug1.png,1,0.009073803201317787
B22-126,/fhome/maed/HelicoDataSet/CrossValidation/Annotated/B22-126_0/01387_Aug3.png,1,0.020967822521924973
B22-126,/fhome/maed/HelicoDataSet/CrossValidation/Annotated/B22-126_0/01176_Aug8.png,1,0.0004115940537303686
B22-126,/fhome/maed/HelicoDataSet/CrossValidation/Annotated/B22-126_0/00664_Aug1.png,1,0.0021438412368297577
B22-126,/fhome/maed/HelicoDataSet/CrossValidation/Annotated/B22-126_0/01728.png,1,0.0004730969085358083
B22-126,/fhome/maed/HelicoDataSet/CrossValidation/Annotated/B22-126_0/01734_Aug5.png,1,0.00038268655771389604
B22-126,/fhome/maed/HelicoDataSet/CrossValidation/Annotated/B22-126_0/01535_Aug2.png,1,0.011264503002166748
B22-126,/fhome/maed/HelicoDataSet/CrossValidation/Annotated/B22-126_0/01144_Aug8.png,1,0.0005780946230515838
B22-126,/fhome/maed/HelicoDataSet/CrossValidation/Annotated/B22-126_0/01387_Aug1.png,1,0.021514981985092163
B22-126,/fhome/maed/HelicoDataSet/CrossValidation/Annotated/B22-126_0/01483_Aug8.png,1,0.0007029740372672677
B22-126,/fhome/maed/HelicoDataSet/CrossValidation/Annotated/B22-126_0/00667_Aug1.png,1,0.0024234203156083822
B22-126,/fhome/maed/HelicoDataSet/CrossValidation/Annotated/B22-126_0/01562_Aug8.png,1,0.0005387415876612067
B22-126,/fhome/maed/HelicoDataSet/CrossValidation/Annotated/B22-126_0/01535_Aug4.png,1,0.010129621252417564
B22-126,/fhome/maed/HelicoDataSet/CrossValidation/Annotated/B22-126_0/00664_Aug4.png,1,0.002187636448070407
B22-126,/fhome/maed/HelicoDataSet/CrossValidation/Annotated/B22-126_0/01728_Aug1.png,1,0.00046904603368602693
B22-126,/fhome/maed/HelicoDataSet/CrossValidation/Annotated/B22-126_0/01728_Aug5.png,1,0.000515554565936327
B22-126,/fhome/maed/HelicoDataSet/CrossValidation/Annotated/B22-126_0/03081_Aug6.png,1,0.005672781728208065
B22-126,/fhome/maed/HelicoDataSet/CrossValidation/Annotated/B22-126_0/01537_Aug7.png,1,0.012493736110627651
B22-126,/fhome/maed/HelicoDataSet/CrossValidation/Annotated/B22-126_0/01537_Aug2.png,1,0.008555131033062935
B22-126,/fhome/maed/HelicoDataSet/CrossValidation/Annotated/B22-126_0/01239_Aug5.png,1,0.0011093177599832416
B22-126,/fhome/maed/HelicoDataSet/CrossValidation/Annotated/B22-126_0/01387_Aug6.png,1,0.021585708484053612
B22-126,/fhome/maed/HelicoDataSet/CrossValidation/Annotated/B22-126_0/02490.png,0,0.0002838562650140375
B22-126,/fhome/maed/HelicoDataSet/CrossValidation/Annotated/B22-126_0/03081_Aug7.png,1,0.006044586654752493
B22-126,/fhome/maed/HelicoDataSet/CrossValidation/Annotated/B22-126_0/03081.png,1,0.003323157085105777
B22-126,/fhome/maed/HelicoDataSet/CrossValidation/Annotated/B22-126_0/01483_Aug6.png,1,0.0007714888779446483
B22-126,/fhome/maed/HelicoDataSet/CrossValidation/Annotated/B22-126_0/01734_Aug8.png,1,0.00036374793853610754
B22-126,/fhome/maed/HelicoDataSet/CrossValidation/Annotated/B22-126_0/03081_Aug3.png,1,0.004918907769024372
B22-126,/fhome/maed/HelicoDataSet/CrossValidation/Annotated/B22-126_0/01387_Aug7.png,1,0.017574599012732506
B22-126,/fhome/maed/HelicoDataSet/CrossValidation/Annotated/B22-126_0/01387_Aug5.png,1,0.01907925307750702
B22-126,/fhome/maed/HelicoDataSet/CrossValidation/Annotated/B22-126_0/01387_Aug8.png,1,0.020513970404863358
B22-126,/fhome/maed/HelicoDataSet/CrossValidation/Annotated/B22-126_0/01728_Aug2.png,1,0.00047159328823909163
B22-126,/fhome/maed/HelicoDataSet/CrossValidation/Annotated/B22-126_0/03081_Aug5.png,1,0.00567278265953064
B22-126,/fhome/maed/HelicoDataSet/CrossValidation/Annotated/B22-126_0/01537_Aug3.png,1,0.010487139225006104
B22-126,/fhome/maed/HelicoDataSet/CrossValidation/Annotated/B22-126_0/03081_Aug4.png,1,0.004918907769024372
B22-126,/fhome/maed/HelicoDataSet/CrossValidation/Annotated/B22-126_0/01239_Aug4.png,1,0.0010254145599901676
B22-126,/fhome/maed/HelicoDataSet/CrossValidation/Annotated/B22-126_0/00667_Aug3.png,1,0.0022881627082824707
B22-126,/fhome/maed/HelicoDataSet/CrossValidation/Annotated/B22-126_0/01537_Aug5.png,1,0.011511536315083504
B22-126,/fhome/maed/HelicoDataSet/CrossValidation/Annotated/B22-126_0/01387_Aug4.png,1,0.022900409996509552
B22-126,/fhome/maed/HelicoDataSet/CrossValidation/Annotated/B22-126_0/00667_Aug2.png,1,0.00229846453294158
B22-126,/fhome/maed/HelicoDataSet/CrossValidation/Annotated/B22-126_0/01176_Aug7.png,1,0.0004276346298865974
B22-126,/fhome/maed/HelicoDataSet/CrossValidation/Annotated/B22-126_0/01483_Aug1.png,1,0.0014323120703920722
B22-126,/fhome/maed/HelicoDataSet/CrossValidation/Annotated/B22-126_0/00664_Aug2.png,1,0.002153092296794057
B22-126,/fhome/maed/HelicoDataSet/CrossValidation/Annotated/B22-126_0/01144_Aug1.png,1,0.0036285314708948135
B22-126,/fhome/maed/HelicoDataSet/CrossValidation/Annotated/B22-126_0/00667.png,1,0.0020655968692153692
B22-126,/fhome/maed/HelicoDataSet/CrossValidation/Annotated/B22-126_0/01535_Aug7.png,1,0.01883314922451973
B22-126,/fhome/maed/HelicoDataSet/CrossValidation/Annotated/B22-126_0/01535.png,1,0.014427974820137024
B22-126,/fhome/maed/HelicoDataSet/CrossValidation/Annotated/B22-126_0/01535_Aug5.png,1,0.020087625831365585
B22-126,/fhome/maed/HelicoDataSet/CrossValidation/Annotated/B22-126_0/01144_Aug6.png,1,0.0013739237328991294
B22-126,/fhome/maed/HelicoDataSet/CrossValidation/Annotated/B22-126_0/01239_Aug3.png,1,0.0010125574190169573
B22-126,/fhome/maed/HelicoDataSet/CrossValidation/Annotated/B22-126_0/01734.png,1,0.0003591457789298147
B22-126,/fhome/maed/HelicoDataSet/CrossValidation/Annotated/B22-126_0/01176_Aug4.png,1,0.000424262136220932
B22-126,/fhome/maed/HelicoDataSet/CrossValidation/Annotated/B22-126_0/01176_Aug3.png,1,0.0004968025605194271
B22-126,/fhome/maed/HelicoDataSet/CrossValidation/Annotated/B22-126_0/01144_Aug7.png,1,0.0037994738668203354
B22-126,/fhome/maed/HelicoDataSet/CrossValidation/Annotated/B22-126_0/00664_Aug7.png,1,0.0023917779326438904
B22-126,/fhome/maed/HelicoDataSet/CrossValidation/Annotated/B22-126_0/00664.png,1,0.001984178088605404
B22-126,/fhome/maed/HelicoDataSet/CrossValidation/Annotated/B22-126_0/01483_Aug2.png,1,0.0010239648399874568
B22-126,/fhome/maed/HelicoDataSet/CrossValidation/Annotated/B22-126_0/00664_Aug8.png,1,0.00215572165325284
B22-126,/fhome/maed/HelicoDataSet/CrossValidation/Annotated/B22-126_0/00667_Aug4.png,1,0.0022926824167370796
B22-126,/fhome/maed/HelicoDataSet/CrossValidation/Annotated/B22-126_0/01483_Aug4.png,1,0.00086514389840886
B22-126,/fhome/maed/HelicoDataSet/CrossValidation/Annotated/B22-126_0/00664_Aug6.png,1,0.002187303965911269
B22-126,/fhome/maed/HelicoDataSet/CrossValidation/Annotated/B22-126_0/00667_Aug7.png,1,0.002357932273298502
B22-126,/fhome/maed/HelicoDataSet/CrossValidation/Annotated/B22-126_0/01239_Aug1.png,1,0.0010361711028963327
B22-126,/fhome/maed/HelicoDataSet/CrossValidation/Annotated/B22-126_0/01144_Aug2.png,1,0.003321367083117366
B22-126,/fhome/maed/HelicoDataSet/CrossValidation/Annotated/B22-126_0/01562_Aug6.png,1,0.0005738292238675058
B22-126,/fhome/maed/HelicoDataSet/CrossValidation/Annotated/B22-126_0/03081_Aug8.png,1,0.00604458712041378
B22-126,/fhome/maed/HelicoDataSet/CrossValidation/Annotated/B22-126_0/01239_Aug2.png,1,0.0010290973586961627
B22-126,/fhome/maed/HelicoDataSet/CrossValidation/Annotated/B22-126_0/01239_Aug8.png,1,0.0008355288300663233
B22-126,/fhome/maed/HelicoDataSet/CrossValidation/Annotated/B22-126_0/01537.png,1,0.007564464583992958
B22-126,/fhome/maed/HelicoDataSet/CrossValidation/Annotated/B22-126_0/01734_Aug3.png,1,0.0003811983624473214
B22-126,/fhome/maed/HelicoDataSet/CrossValidation/Annotated/B22-126_0/01728_Aug8.png,1,0.00044600036926567554
B22-126,/fhome/maed/HelicoDataSet/CrossValidation/Annotated/B22-126_0/01176_Aug1.png,1,0.00046481937170028687
B22-126,/fhome/maed/HelicoDataSet/CrossValidation/Annotated/B22-126_0/01483_Aug3.png,1,0.0015811603516340256
B22-126,/fhome/maed/HelicoDataSet/CrossValidation/Annotated/B22-126_0/01728_Aug6.png,1,0.00044311973033472896
B22-126,/fhome/maed/HelicoDataSet/CrossValidation/Annotated/B22-126_0/01387_Aug2.png,1,0.022782396525144577
B22-126,/fhome/maed/HelicoDataSet/CrossValidation/Annotated/B22-126_0/01562.png,1,0.0007978568319231272
B22-126,/fhome/maed/HelicoDataSet/CrossValidation/Annotated/B22-126_0/01239_Aug6.png,1,0.0008210318628698587
B22-126,/fhome/maed/HelicoDataSet/CrossValidation/Annotated/B22-126_0/01483.png,1,0.0013136244378983974
B22-126,/fhome/maed/HelicoDataSet/CrossValidation/Annotated/B22-126_0/01535_Aug8.png,1,0.010771457105875015
B22-126,/fhome/maed/HelicoDataSet/CrossValidation/Annotated/B22-126_0/01483_Aug5.png,1,0.0019010445103049278
B22-126,/fhome/maed/HelicoDataSet/CrossValidation/Annotated/B22-126_0/01483_Aug7.png,1,0.0016912802821025252
B22-126,/fhome/maed/HelicoDataSet/CrossValidation/Annotated/B22-126_0/01176_Aug2.png,1,0.000447029247879982
B22-126,/fhome/maed/HelicoDataSet/CrossValidation/Annotated/B22-126_0/01728_Aug3.png,1,0.0004981557140126824
B22-126,/fhome/maed/HelicoDataSet/CrossValidation/Annotated/B22-126_0/01537_Aug6.png,1,0.006624055560678244
B22-126,/fhome/maed/HelicoDataSet/CrossValidation/Annotated/B22-126_0/01734_Aug2.png,1,0.0003504403866827488
B22-126,/fhome/maed/HelicoDataSet/CrossValidation/Annotated/B22-126_0/01562_Aug4.png,1,0.0006080431630834937
B22-126,/fhome/maed/HelicoDataSet/CrossValidation/Annotated/B22-126_0/00667_Aug6.png,1,0.0023127044551074505
B22-126,/fhome/maed/HelicoDataSet/CrossValidation/Annotated/B22-126_0/01176.png,1,0.00039746868424117565
B22-126,/fhome/maed/HelicoDataSet/CrossValidation/Annotated/B22-126_0/01239.png,1,0.0010783497709780931
B22-126,/fhome/maed/HelicoDataSet/CrossValidation/Annotated/B22-126_0/01734_Aug7.png,1,0.00034195982152596116
B22-126,/fhome/maed/HelicoDataSet/CrossValidation/Annotated/B22-126_0/03081_Aug2.png,1,0.003864065743982792
B22-126,/fhome/maed/HelicoDataSet/CrossValidation/Annotated/B22-126_0/01535_Aug1.png,1,0.019637994468212128
B22-126,/fhome/maed/HelicoDataSet/CrossValidation/Annotated/B22-126_0/00664_Aug3.png,1,0.00219958508387208
B22-126,/fhome/maed/HelicoDataSet/CrossValidation/Annotated/B22-126_0/01734_Aug4.png,1,0.00036472658393904567
B22-126,/fhome/maed/HelicoDataSet/CrossValidation/Annotated/B22-126_0/01144.png,1,0.003916507586836815
B22-126,/fhome/maed/HelicoDataSet/CrossValidation/Annotated/B22-126_0/01176_Aug6.png,1,0.00040555326268076897
B22-126,/fhome/maed/HelicoDataSet/CrossValidation/Annotated/B22-126_0/01734_Aug6.png,1,0.0003781732521019876
B22-126,/fhome/maed/HelicoDataSet/CrossValidation/Annotated/B22-126_0/01728_Aug7.png,1,0.0005721391644328833
B22-126,/fhome/maed/HelicoDataSet/CrossValidation/Annotated/B22-126_0/01387.png,1,0.024263620376586914
B22-126,/fhome/maed/HelicoDataSet/CrossValidation/Annotated/B22-126_0/01537_Aug4.png,1,0.00883064977824688
B22-126,/fhome/maed/HelicoDataSet/CrossValidation/Annotated/B22-126_0/01144_Aug4.png,1,0.0026955348439514637
B22-126,/fhome/maed/HelicoDataSet/CrossValidation/Annotated/B22-126_0/01734_Aug1.png,1,0.0003708836738951504
B22-126,/fhome/maed/HelicoDataSet/CrossValidation/Annotated/B22-126_0/01537_Aug8.png,1,0.004618171602487564
B22-126,/fhome/maed/HelicoDataSet/CrossValidation/Annotated/B22-126_0/00667_Aug8.png,1,0.0016713105142116547
B22-126,/fhome/maed/HelicoDataSet/CrossValidation/Annotated/B22-126_0/01728_Aug4.png,1,0.00046493494301103055
B22-126,/fhome/maed/HelicoDataSet/CrossValidation/Annotated/B22-126_0/01144_Aug5.png,1,0.0035586990416049957
B22-126,/fhome/maed/HelicoDataSet/CrossValidation/Annotated/B22-126_0/01562_Aug2.png,1,0.0006715852650813758
B22-126,/fhome/maed/HelicoDataSet/CrossValidation/Annotated/B22-126_0/03081_Aug1.png,1,0.003864066209644079
B22-187,/fhome/maed/HelicoDataSet/CrossValidation/Annotated/B22-187_0/00692.png,0,0.0005257651209831238
B22-187,/fhome/maed/HelicoDataSet/CrossValidation/Annotated/B22-187_0/00588.png,0,0.0004289311764296144
B22-187,/fhome/maed/HelicoDataSet/CrossValidation/Annotated/B22-187_0/00688.png,0,0.0004250014608260244
B22-187,/fhome/maed/HelicoDataSet/CrossValidation/Annotated/B22-187_0/00591.png,0,0.0004099499201402068
B22-187,/fhome/maed/HelicoDataSet/CrossValidation/Annotated/B22-187_0/00726.png,0,0.0005799758364446461
B22-187,/fhome/maed/HelicoDataSet/CrossValidation/Annotated/B22-187_0/00731.png,0,0.00038289360236376524
B22-173,/fhome/maed/HelicoDataSet/CrossValidation/Annotated/B22-173_1/00375.png,0,0.000366074382327497
B22-173,/fhome/maed/HelicoDataSet/CrossValidation/Annotated/B22-173_1/00260.png,0,0.00041482155211269855
B22-173,/fhome/maed/HelicoDataSet/CrossValidation/Annotated/B22-173_1/00207.png,0,0.000324159482261166
B22-173,/fhome/maed/HelicoDataSet/CrossValidation/Annotated/B22-173_1/00316.png,0,0.0002983607118949294
B22-28,/fhome/maed/HelicoDataSet/CrossValidation/Annotated/B22-28_1/00131.png,0,0.0003377966058906168
B22-28,/fhome/maed/HelicoDataSet/CrossValidation/Annotated/B22-28_1/00025.png,0,0.0006409679772332311
B22-28,/fhome/maed/HelicoDataSet/CrossValidation/Annotated/B22-28_1/00349.png,0,0.0003040080482605845
B22-28,/fhome/maed/HelicoDataSet/CrossValidation/Annotated/B22-28_1/00272.png,0,0.0007768210489302874
B22-28,/fhome/maed/HelicoDataSet/CrossValidation/Annotated/B22-28_1/00095.png,0,0.0003901468589901924
B22-28,/fhome/maed/HelicoDataSet/CrossValidation/Annotated/B22-28_1/00029.png,0,0.0005961728747934103
B22-28,/fhome/maed/HelicoDataSet/CrossValidation/Annotated/B22-28_1/00249.png,0,0.0008665893110446632
B22-110,/fhome/maed/HelicoDataSet/CrossValidation/Annotated/B22-110_1/00614.png,0,0.00024609611136838794
B22-110,/fhome/maed/HelicoDataSet/CrossValidation/Annotated/B22-110_1/00045.png,0,0.00031205234699882567
B22-110,/fhome/maed/HelicoDataSet/CrossValidation/Annotated/B22-110_1/00006.png,0,0.0002853824698831886
B22-249,/fhome/maed/HelicoDataSet/CrossValidation/Annotated/B22-249_0/00183_Aug5.png,1,0.0007445106748491526
B22-249,/fhome/maed/HelicoDataSet/CrossValidation/Annotated/B22-249_0/01018.png,0,0.0002503611030988395
B22-249,/fhome/maed/HelicoDataSet/CrossValidation/Annotated/B22-249_0/00929.png,0,0.00021236504835542291
B22-249,/fhome/maed/HelicoDataSet/CrossValidation/Annotated/B22-249_0/01050.png,0,0.0003407112671993673
B22-249,/fhome/maed/HelicoDataSet/CrossValidation/Annotated/B22-249_0/00892.png,0,0.0003206190012861043
B22-249,/fhome/maed/HelicoDataSet/CrossValidation/Annotated/B22-249_0/00183_Aug6.png,1,0.0007863134378567338
B22-249,/fhome/maed/HelicoDataSet/CrossValidation/Annotated/B22-249_0/00183_Aug2.png,1,0.0008501936099492013
B22-249,/fhome/maed/HelicoDataSet/CrossValidation/Annotated/B22-249_0/00183.png,1,0.0007862594211474061
B22-249,/fhome/maed/HelicoDataSet/CrossValidation/Annotated/B22-249_0/00183_Aug3.png,1,0.0007633155910298228
B22-249,/fhome/maed/HelicoDataSet/CrossValidation/Annotated/B22-249_0/00183_Aug4.png,1,0.0007817646255716681
B22-249,/fhome/maed/HelicoDataSet/CrossValidation/Annotated/B22-249_0/00183_Aug7.png,1,0.000658984063193202
B22-249,/fhome/maed/HelicoDataSet/CrossValidation/Annotated/B22-249_0/00162.png,0,0.0001345548953395337
B22-249,/fhome/maed/HelicoDataSet/CrossValidation/Annotated/B22-249_0/00183_Aug1.png,1,0.000833184807561338
B22-249,/fhome/maed/HelicoDataSet/CrossValidation/Annotated/B22-249_0/00183_Aug8.png,1,0.0013629347085952759
B22-249,/fhome/maed/HelicoDataSet/CrossValidation/Annotated/B22-249_0/01200.png,0,0.00041234862874262035
B22-249,/fhome/maed/HelicoDataSet/CrossValidation/Annotated/B22-249_0/01053.png,0,0.00018865875608753413
B22-179,/fhome/maed/HelicoDataSet/CrossValidation/Annotated/B22-179_1/00315.png,0,0.00039807529537938535
B22-25,/fhome/maed/HelicoDataSet/CrossValidation/Annotated/B22-25_0/02817.png,0,0.0005234794807620347
B22-25,/fhome/maed/HelicoDataSet/CrossValidation/Annotated/B22-25_0/02816.png,0,0.00037959901965223253
B22-108,/fhome/maed/HelicoDataSet/CrossValidation/Annotated/B22-108_0/00080.png,0,0.00023959115787874907
B22-108,/fhome/maed/HelicoDataSet/CrossValidation/Annotated/B22-108_0/00022.png,0,0.00018161311163567007
B22-108,/fhome/maed/HelicoDataSet/CrossValidation/Annotated/B22-108_0/00023.png,0,0.00013601439422927797
B22-57,/fhome/maed/HelicoDataSet/CrossValidation/Annotated/B22-57_0/01142.png,0,0.0005140816792845726
B22-57,/fhome/maed/HelicoDataSet/CrossValidation/Annotated/B22-57_0/01145.png,0,0.0006439524586312473
B22-57,/fhome/maed/HelicoDataSet/CrossValidation/Annotated/B22-57_0/01144.png,0,0.0006108963279984891
B22-57,/fhome/maed/HelicoDataSet/CrossValidation/Annotated/B22-57_0/00001.png,0,0.0003762765263672918
B22-172,/fhome/maed/HelicoDataSet/CrossValidation/Annotated/B22-172_0/01401.png,0,0.00046776910312473774
B22-172,/fhome/maed/HelicoDataSet/CrossValidation/Annotated/B22-172_0/00101.png,0,0.0009850733913481236
B22-172,/fhome/maed/HelicoDataSet/CrossValidation/Annotated/B22-172_0/01205.png,0,0.00022382510360330343
B22-172,/fhome/maed/HelicoDataSet/CrossValidation/Annotated/B22-172_0/00447.png,0,0.00020954791398253292
B22-172,/fhome/maed/HelicoDataSet/CrossValidation/Annotated/B22-172_0/01230.png,0,0.00017105706501752138
B22-172,/fhome/maed/HelicoDataSet/CrossValidation/Annotated/B22-172_0/01400.png,0,0.0005739937769249082
B22-172,/fhome/maed/HelicoDataSet/CrossValidation/Annotated/B22-172_0/01207.png,0,0.00015020558203104883
B22-172,/fhome/maed/HelicoDataSet/CrossValidation/Annotated/B22-172_0/01206.png,0,0.00017561907588969916
B22-172,/fhome/maed/HelicoDataSet/CrossValidation/Annotated/B22-172_0/01229.png,0,0.0001291122753173113
B22-142,/fhome/maed/HelicoDataSet/CrossValidation/Annotated/B22-142_0/00087.png,0,0.00015363641432486475
B22-170,/fhome/maed/HelicoDataSet/CrossValidation/Annotated/B22-170_0/01015_Aug7.png,1,0.002286420902237296
B22-170,/fhome/maed/HelicoDataSet/CrossValidation/Annotated/B22-170_0/00949_Aug6.png,1,0.0006744996644556522
B22-170,/fhome/maed/HelicoDataSet/CrossValidation/Annotated/B22-170_0/01094_Aug1.png,1,0.008353288285434246
B22-170,/fhome/maed/HelicoDataSet/CrossValidation/Annotated/B22-170_0/01094_Aug4.png,1,0.008535354398190975
B22-170,/fhome/maed/HelicoDataSet/CrossValidation/Annotated/B22-170_0/00949_Aug3.png,1,0.0007335962727665901
B22-170,/fhome/maed/HelicoDataSet/CrossValidation/Annotated/B22-170_0/00949_Aug7.png,1,0.000727796636056155
B22-170,/fhome/maed/HelicoDataSet/CrossValidation/Annotated/B22-170_0/00949.png,1,0.0008030355675145984
B22-170,/fhome/maed/HelicoDataSet/CrossValidation/Annotated/B22-170_0/00254.png,0,0.0002092465729219839
B22-170,/fhome/maed/HelicoDataSet/CrossValidation/Annotated/B22-170_0/01094_Aug8.png,1,0.00857932772487402
B22-170,/fhome/maed/HelicoDataSet/CrossValidation/Annotated/B22-170_0/01015_Aug6.png,1,0.0019428168889135122
B22-170,/fhome/maed/HelicoDataSet/CrossValidation/Annotated/B22-170_0/01094_Aug3.png,1,0.008085575886070728
B22-170,/fhome/maed/HelicoDataSet/CrossValidation/Annotated/B22-170_0/00793.png,0,0.000513326027430594
B22-170,/fhome/maed/HelicoDataSet/CrossValidation/Annotated/B22-170_0/01015_Aug3.png,1,0.00213620881550014
B22-170,/fhome/maed/HelicoDataSet/CrossValidation/Annotated/B22-170_0/01015_Aug8.png,1,0.0021028886549174786
B22-170,/fhome/maed/HelicoDataSet/CrossValidation/Annotated/B22-170_0/01094_Aug7.png,1,0.008554317057132721
B22-170,/fhome/maed/HelicoDataSet/CrossValidation/Annotated/B22-170_0/01094.png,1,0.007919840514659882
B22-170,/fhome/maed/HelicoDataSet/CrossValidation/Annotated/B22-170_0/00949_Aug8.png,1,0.00038463808596134186
B22-170,/fhome/maed/HelicoDataSet/CrossValidation/Annotated/B22-170_0/01015_Aug4.png,1,0.0019445037469267845
B22-170,/fhome/maed/HelicoDataSet/CrossValidation/Annotated/B22-170_0/00949_Aug1.png,1,0.000815625477116555
B22-170,/fhome/maed/HelicoDataSet/CrossValidation/Annotated/B22-170_0/00949_Aug4.png,1,0.0006853060331195593
B22-170,/fhome/maed/HelicoDataSet/CrossValidation/Annotated/B22-170_0/00949_Aug2.png,1,0.0006772456108592451
B22-170,/fhome/maed/HelicoDataSet/CrossValidation/Annotated/B22-170_0/01095.png,0,0.0005591282970272005
B22-170,/fhome/maed/HelicoDataSet/CrossValidation/Annotated/B22-170_0/01094_Aug6.png,1,0.008506380952894688
B22-170,/fhome/maed/HelicoDataSet/CrossValidation/Annotated/B22-170_0/01094_Aug5.png,1,0.008393371477723122
B22-170,/fhome/maed/HelicoDataSet/CrossValidation/Annotated/B22-170_0/00303.png,0,0.00037402831367217004
B22-170,/fhome/maed/HelicoDataSet/CrossValidation/Annotated/B22-170_0/01015_Aug5.png,1,0.0021959608420729637
B22-170,/fhome/maed/HelicoDataSet/CrossValidation/Annotated/B22-170_0/01015_Aug2.png,1,0.0020825834944844246
B22-170,/fhome/maed/HelicoDataSet/CrossValidation/Annotated/B22-170_0/01094_Aug2.png,1,0.008445770479738712
B22-170,/fhome/maed/HelicoDataSet/CrossValidation/Annotated/B22-170_0/00055.png,0,0.00028611859306693077
B22-170,/fhome/maed/HelicoDataSet/CrossValidation/Annotated/B22-170_0/00949_Aug5.png,1,0.000721517950296402
B22-170,/fhome/maed/HelicoDataSet/CrossValidation/Annotated/B22-170_0/01015.png,1,0.002149363048374653
B22-170,/fhome/maed/HelicoDataSet/CrossValidation/Annotated/B22-170_0/01015_Aug1.png,1,0.0023468714207410812
B22-296,/fhome/maed/HelicoDataSet/CrossValidation/Annotated/B22-296_0/00307_Aug8.png,1,0.00040414900286123157
B22-296,/fhome/maed/HelicoDataSet/CrossValidation/Annotated/B22-296_0/00307_Aug2.png,1,0.0005432709003798664
B22-296,/fhome/maed/HelicoDataSet/CrossValidation/Annotated/B22-296_0/00307_Aug4.png,1,0.0005455829668790102
B22-296,/fhome/maed/HelicoDataSet/CrossValidation/Annotated/B22-296_0/00307_Aug7.png,1,0.0007056623580865562
B22-296,/fhome/maed/HelicoDataSet/CrossValidation/Annotated/B22-296_0/00307.png,1,0.0005792450392618775
B22-296,/fhome/maed/HelicoDataSet/CrossValidation/Annotated/B22-296_0/00307_Aug3.png,1,0.0006590447155758739
B22-296,/fhome/maed/HelicoDataSet/CrossValidation/Annotated/B22-296_0/00307_Aug6.png,1,0.0005845082923769951
B22-296,/fhome/maed/HelicoDataSet/CrossValidation/Annotated/B22-296_0/00307_Aug5.png,1,0.0007031638524495065
B22-296,/fhome/maed/HelicoDataSet/CrossValidation/Annotated/B22-296_0/00307_Aug1.png,1,0.0006304045673459768
B22-109,/fhome/maed/HelicoDataSet/CrossValidation/Annotated/B22-109_0/00322.png,0,0.0004635372606571764
B22-109,/fhome/maed/HelicoDataSet/CrossValidation/Annotated/B22-109_0/00323.png,0,0.0001993562327697873
B22-109,/fhome/maed/HelicoDataSet/CrossValidation/Annotated/B22-109_0/00017.png,0,0.0002566793409641832
B22-109,/fhome/maed/HelicoDataSet/CrossValidation/Annotated/B22-109_0/00320.png,0,0.00029006836120970547
B22-303,/fhome/maed/HelicoDataSet/CrossValidation/Annotated/B22-303_0/00123_Aug6.png,1,0.0009053074172697961
B22-303,/fhome/maed/HelicoDataSet/CrossValidation/Annotated/B22-303_0/00106_Aug7.png,1,0.0034390809014439583
B22-303,/fhome/maed/HelicoDataSet/CrossValidation/Annotated/B22-303_0/00093_Aug2.png,1,0.0042405202984809875
B22-303,/fhome/maed/HelicoDataSet/CrossValidation/Annotated/B22-303_0/00093_Aug3.png,1,0.004032649099826813
B22-303,/fhome/maed/HelicoDataSet/CrossValidation/Annotated/B22-303_0/00602_Aug8.png,1,0.007447264157235622
B22-303,/fhome/maed/HelicoDataSet/CrossValidation/Annotated/B22-303_0/00093_Aug8.png,1,0.004490676801651716
B22-303,/fhome/maed/HelicoDataSet/CrossValidation/Annotated/B22-303_0/00123_Aug4.png,1,0.0009459302527830005
B22-303,/fhome/maed/HelicoDataSet/CrossValidation/Annotated/B22-303_0/00106.png,1,0.0030772460158914328
B22-303,/fhome/maed/HelicoDataSet/CrossValidation/Annotated/B22-303_0/00602_Aug1.png,1,0.005335882306098938
B22-303,/fhome/maed/HelicoDataSet/CrossValidation/Annotated/B22-303_0/00106_Aug8.png,1,0.0030078475829213858
B22-303,/fhome/maed/HelicoDataSet/CrossValidation/Annotated/B22-303_0/00106_Aug2.png,1,0.002997621428221464
B22-303,/fhome/maed/HelicoDataSet/CrossValidation/Annotated/B22-303_0/00106_Aug4.png,1,0.0032815374433994293
B22-303,/fhome/maed/HelicoDataSet/CrossValidation/Annotated/B22-303_0/00106_Aug1.png,1,0.0031732514034956694
B22-303,/fhome/maed/HelicoDataSet/CrossValidation/Annotated/B22-303_0/00093_Aug7.png,1,0.004134716000407934
B22-303,/fhome/maed/HelicoDataSet/CrossValidation/Annotated/B22-303_0/00106_Aug6.png,1,0.003327486105263233
B22-303,/fhome/maed/HelicoDataSet/CrossValidation/Annotated/B22-303_0/00602_Aug7.png,1,0.0073760151863098145
B22-303,/fhome/maed/HelicoDataSet/CrossValidation/Annotated/B22-303_0/00093_Aug5.png,1,0.004306834656745195
B22-303,/fhome/maed/HelicoDataSet/CrossValidation/Annotated/B22-303_0/00123.png,1,0.0019089856650680304
B22-303,/fhome/maed/HelicoDataSet/CrossValidation/Annotated/B22-303_0/00123_Aug3.png,1,0.00195728475227952
B22-303,/fhome/maed/HelicoDataSet/CrossValidation/Annotated/B22-303_0/00106_Aug5.png,1,0.0030097251292318106
B22-303,/fhome/maed/HelicoDataSet/CrossValidation/Annotated/B22-303_0/00123_Aug1.png,1,0.00186806614510715
B22-303,/fhome/maed/HelicoDataSet/CrossValidation/Annotated/B22-303_0/00123_Aug2.png,1,0.0012326276628300548
B22-303,/fhome/maed/HelicoDataSet/CrossValidation/Annotated/B22-303_0/00093_Aug1.png,1,0.003911360166966915
B22-303,/fhome/maed/HelicoDataSet/CrossValidation/Annotated/B22-303_0/00602.png,1,0.003972104750573635
B22-303,/fhome/maed/HelicoDataSet/CrossValidation/Annotated/B22-303_0/00123_Aug5.png,1,0.0019122525118291378
B22-303,/fhome/maed/HelicoDataSet/CrossValidation/Annotated/B22-303_0/00602_Aug5.png,1,0.006565920077264309
B22-303,/fhome/maed/HelicoDataSet/CrossValidation/Annotated/B22-303_0/00602_Aug6.png,1,0.0063278554007411
B22-303,/fhome/maed/HelicoDataSet/CrossValidation/Annotated/B22-303_0/00123_Aug7.png,1,0.0019094812450930476
B22-303,/fhome/maed/HelicoDataSet/CrossValidation/Annotated/B22-303_0/00602_Aug4.png,1,0.006174548529088497
B22-303,/fhome/maed/HelicoDataSet/CrossValidation/Annotated/B22-303_0/00093_Aug4.png,1,0.004273699596524239
B22-303,/fhome/maed/HelicoDataSet/CrossValidation/Annotated/B22-303_0/00602_Aug2.png,1,0.004623487591743469
B22-303,/fhome/maed/HelicoDataSet/CrossValidation/Annotated/B22-303_0/00602_Aug3.png,1,0.0062529556453228
B22-303,/fhome/maed/HelicoDataSet/CrossValidation/Annotated/B22-303_0/00106_Aug3.png,1,0.0033147677313536406
B22-303,/fhome/maed/HelicoDataSet/CrossValidation/Annotated/B22-303_0/00093.png,1,0.003704258007928729
B22-303,/fhome/maed/HelicoDataSet/CrossValidation/Annotated/B22-303_0/00093_Aug6.png,1,0.004316204227507114
B22-303,/fhome/maed/HelicoDataSet/CrossValidation/Annotated/B22-303_0/00123_Aug8.png,1,0.0009816286619752645
B22-184,/fhome/maed/HelicoDataSet/CrossValidation/Annotated/B22-184_0/01180.png,0,0.0002738877374213189
B22-184,/fhome/maed/HelicoDataSet/CrossValidation/Annotated/B22-184_0/01066.png,0,0.0003141484339721501
B22-184,/fhome/maed/HelicoDataSet/CrossValidation/Annotated/B22-184_0/01179.png,0,0.0003557108575478196
B22-184,/fhome/maed/HelicoDataSet/CrossValidation/Annotated/B22-184_0/01134.png,0,0.00024094122636597604
B22-184,/fhome/maed/HelicoDataSet/CrossValidation/Annotated/B22-184_0/01178.png,0,0.00019197643268853426
B22-184,/fhome/maed/HelicoDataSet/CrossValidation/Annotated/B22-184_0/01063.png,0,0.0002897466183640063
B22-91,/fhome/maed/HelicoDataSet/CrossValidation/Annotated/B22-91_1/00087.png,0,0.00029937352519482374
B22-91,/fhome/maed/HelicoDataSet/CrossValidation/Annotated/B22-91_1/00360.png,0,0.0003333345230203122
B22-91,/fhome/maed/HelicoDataSet/CrossValidation/Annotated/B22-91_1/00165.png,0,0.00020946012227796018
B22-91,/fhome/maed/HelicoDataSet/CrossValidation/Annotated/B22-91_1/00275.png,0,0.00032285231282003224
B22-312,/fhome/maed/HelicoDataSet/CrossValidation/Annotated/B22-312_0/01780_Aug3.png,1,0.0008520521223545074
B22-312,/fhome/maed/HelicoDataSet/CrossValidation/Annotated/B22-312_0/01154_Aug1.png,1,0.002460193820297718
B22-312,/fhome/maed/HelicoDataSet/CrossValidation/Annotated/B22-312_0/00010.png,0,0.00018382418784312904
B22-312,/fhome/maed/HelicoDataSet/CrossValidation/Annotated/B22-312_0/00957.png,1,0.001391229685395956
B22-312,/fhome/maed/HelicoDataSet/CrossValidation/Annotated/B22-312_0/01780_Aug7.png,1,0.0009009132627397776
B22-312,/fhome/maed/HelicoDataSet/CrossValidation/Annotated/B22-312_0/01780_Aug6.png,1,0.0008305234368890524
B22-312,/fhome/maed/HelicoDataSet/CrossValidation/Annotated/B22-312_0/00957_Aug4.png,1,0.0014438331127166748
B22-312,/fhome/maed/HelicoDataSet/CrossValidation/Annotated/B22-312_0/01764.png,0,0.0003037692222278565
B22-312,/fhome/maed/HelicoDataSet/CrossValidation/Annotated/B22-312_0/00097.png,0,0.00015780985995661467
B22-312,/fhome/maed/HelicoDataSet/CrossValidation/Annotated/B22-312_0/01461_Aug4.png,1,0.00021476838446687907
B22-312,/fhome/maed/HelicoDataSet/CrossValidation/Annotated/B22-312_0/01780_Aug2.png,1,0.0010243834694847465
B22-312,/fhome/maed/HelicoDataSet/CrossValidation/Annotated/B22-312_0/00235.png,0,0.00023119873367249966
B22-312,/fhome/maed/HelicoDataSet/CrossValidation/Annotated/B22-312_0/01343.png,0,0.0002536350511945784
B22-312,/fhome/maed/HelicoDataSet/CrossValidation/Annotated/B22-312_0/01154_Aug8.png,1,0.0025830119848251343
B22-312,/fhome/maed/HelicoDataSet/CrossValidation/Annotated/B22-312_0/01461.png,1,0.00021499951253645122
B22-312,/fhome/maed/HelicoDataSet/CrossValidation/Annotated/B22-312_0/01347.png,0,0.00022016020375303924
B22-312,/fhome/maed/HelicoDataSet/CrossValidation/Annotated/B22-312_0/01679.png,0,0.00026172061916440725
B22-312,/fhome/maed/HelicoDataSet/CrossValidation/Annotated/B22-312_0/00910.png,0,0.0002570563228800893
B22-312,/fhome/maed/HelicoDataSet/CrossValidation/Annotated/B22-312_0/01763.png,0,0.0002987781772390008
B22-312,/fhome/maed/HelicoDataSet/CrossValidation/Annotated/B22-312_0/01755.png,0,0.0002658325538504869
B22-312,/fhome/maed/HelicoDataSet/CrossValidation/Annotated/B22-312_0/00957_Aug8.png,1,0.0013949418207630515
B22-312,/fhome/maed/HelicoDataSet/CrossValidation/Annotated/B22-312_0/00308.png,0,0.0002960514684673399
B22-312,/fhome/maed/HelicoDataSet/CrossValidation/Annotated/B22-312_0/01739.png,0,0.0002770006249193102
B22-312,/fhome/maed/HelicoDataSet/CrossValidation/Annotated/B22-312_0/00957_Aug1.png,1,0.0013867695815861225
B22-312,/fhome/maed/HelicoDataSet/CrossValidation/Annotated/B22-312_0/00957_Aug2.png,1,0.0013820755993947387
B22-312,/fhome/maed/HelicoDataSet/CrossValidation/Annotated/B22-312_0/01154_Aug5.png,1,0.0023767356760799885
B22-312,/fhome/maed/HelicoDataSet/CrossValidation/Annotated/B22-312_0/00957_Aug3.png,1,0.0015140296891331673
B22-312,/fhome/maed/HelicoDataSet/CrossValidation/Annotated/B22-312_0/01154.png,1,0.0025786645710468292
B22-312,/fhome/maed/HelicoDataSet/CrossValidation/Annotated/B22-312_0/01780_Aug4.png,1,0.0008286149241030216
B22-312,/fhome/maed/HelicoDataSet/CrossValidation/Annotated/B22-312_0/01461_Aug8.png,1,0.00022105133393779397
B22-312,/fhome/maed/HelicoDataSet/CrossValidation/Annotated/B22-312_0/01461_Aug5.png,1,0.00020817434415221214
B22-312,/fhome/maed/HelicoDataSet/CrossValidation/Annotated/B22-312_0/01780_Aug5.png,1,0.0009851357899606228
B22-312,/fhome/maed/HelicoDataSet/CrossValidation/Annotated/B22-312_0/01780_Aug8.png,1,0.0008611844386905432
B22-312,/fhome/maed/HelicoDataSet/CrossValidation/Annotated/B22-312_0/01154_Aug6.png,1,0.0025895244907587767
B22-312,/fhome/maed/HelicoDataSet/CrossValidation/Annotated/B22-312_0/01047.png,0,0.00032139147515408695
B22-312,/fhome/maed/HelicoDataSet/CrossValidation/Annotated/B22-312_0/01461_Aug7.png,1,0.00022173949400894344
B22-312,/fhome/maed/HelicoDataSet/CrossValidation/Annotated/B22-312_0/00957_Aug7.png,1,0.00161596795078367
B22-312,/fhome/maed/HelicoDataSet/CrossValidation/Annotated/B22-312_0/01468.png,0,0.00034562323708087206
B22-312,/fhome/maed/HelicoDataSet/CrossValidation/Annotated/B22-312_0/01154_Aug4.png,1,0.0023416471667587757
B22-312,/fhome/maed/HelicoDataSet/CrossValidation/Annotated/B22-312_0/01461_Aug3.png,1,0.00021533816470764577
B22-312,/fhome/maed/HelicoDataSet/CrossValidation/Annotated/B22-312_0/00600.png,0,0.0002153380773961544
B22-312,/fhome/maed/HelicoDataSet/CrossValidation/Annotated/B22-312_0/00891.png,0,0.0002111596113536507
B22-312,/fhome/maed/HelicoDataSet/CrossValidation/Annotated/B22-312_0/01780_Aug1.png,1,0.0009576011216267943
B22-312,/fhome/maed/HelicoDataSet/CrossValidation/Annotated/B22-312_0/00957_Aug5.png,1,0.001733663259074092
B22-312,/fhome/maed/HelicoDataSet/CrossValidation/Annotated/B22-312_0/01780.png,1,0.0010065706446766853
B22-312,/fhome/maed/HelicoDataSet/CrossValidation/Annotated/B22-312_0/01461_Aug1.png,1,0.00021269466378726065
B22-312,/fhome/maed/HelicoDataSet/CrossValidation/Annotated/B22-312_0/01461_Aug6.png,1,0.00020916550420224667
B22-312,/fhome/maed/HelicoDataSet/CrossValidation/Annotated/B22-312_0/01154_Aug2.png,1,0.0024354050401598215
B22-312,/fhome/maed/HelicoDataSet/CrossValidation/Annotated/B22-312_0/00000.png,0,0.00796519685536623
B22-312,/fhome/maed/HelicoDataSet/CrossValidation/Annotated/B22-312_0/01461_Aug2.png,1,0.00021996608120389283
B22-312,/fhome/maed/HelicoDataSet/CrossValidation/Annotated/B22-312_0/01154_Aug3.png,1,0.0021275272592902184
B22-312,/fhome/maed/HelicoDataSet/CrossValidation/Annotated/B22-312_0/00957_Aug6.png,1,0.0014297071611508727
B22-312,/fhome/maed/HelicoDataSet/CrossValidation/Annotated/B22-312_0/01758.png,0,0.00032594375079497695
B22-312,/fhome/maed/HelicoDataSet/CrossValidation/Annotated/B22-312_0/00096.png,0,0.00013009944814257324
B22-312,/fhome/maed/HelicoDataSet/CrossValidation/Annotated/B22-312_0/01154_Aug7.png,1,0.002746948506683111
B22-122,/fhome/maed/HelicoDataSet/CrossValidation/Annotated/B22-122_0/00368.png,0,0.00032436876790598035
B22-122,/fhome/maed/HelicoDataSet/CrossValidation/Annotated/B22-122_0/00366.png,0,0.0003643007657956332
B22-245,/fhome/maed/HelicoDataSet/CrossValidation/Annotated/B22-245_0/00266.png,0,0.0004974190378561616
B22-245,/fhome/maed/HelicoDataSet/CrossValidation/Annotated/B22-245_0/00267.png,0,0.0004892583237960935
B22-102,/fhome/maed/HelicoDataSet/CrossValidation/Annotated/B22-102_0/03685_Aug1.png,1,0.007590323220938444
B22-102,/fhome/maed/HelicoDataSet/CrossValidation/Annotated/B22-102_0/01468_Aug1.png,1,0.0002868772717192769
B22-102,/fhome/maed/HelicoDataSet/CrossValidation/Annotated/B22-102_0/03685_Aug5.png,1,0.009846759960055351
B22-102,/fhome/maed/HelicoDataSet/CrossValidation/Annotated/B22-102_0/03685.png,1,0.00587933836504817
B22-102,/fhome/maed/HelicoDataSet/CrossValidation/Annotated/B22-102_0/01468_Aug2.png,1,0.0002878355735447258
B22-102,/fhome/maed/HelicoDataSet/CrossValidation/Annotated/B22-102_0/03685_Aug8.png,1,0.003998876083642244
B22-102,/fhome/maed/HelicoDataSet/CrossValidation/Annotated/B22-102_0/03685_Aug4.png,1,0.004912822972983122
B22-102,/fhome/maed/HelicoDataSet/CrossValidation/Annotated/B22-102_0/01468_Aug7.png,1,0.0002056215744232759
B22-102,/fhome/maed/HelicoDataSet/CrossValidation/Annotated/B22-102_0/03798.png,0,0.00038659627898596227
B22-102,/fhome/maed/HelicoDataSet/CrossValidation/Annotated/B22-102_0/01468_Aug5.png,1,0.00021065695909783244
B22-102,/fhome/maed/HelicoDataSet/CrossValidation/Annotated/B22-102_0/03685_Aug7.png,1,0.010674960911273956
B22-102,/fhome/maed/HelicoDataSet/CrossValidation/Annotated/B22-102_0/01468_Aug6.png,1,0.00020552135538309813
B22-102,/fhome/maed/HelicoDataSet/CrossValidation/Annotated/B22-102_0/01468_Aug3.png,1,0.00027282009250484407
B22-102,/fhome/maed/HelicoDataSet/CrossValidation/Annotated/B22-102_0/03685_Aug3.png,1,0.009485791437327862
B22-102,/fhome/maed/HelicoDataSet/CrossValidation/Annotated/B22-102_0/01468.png,1,0.000330698792822659
B22-102,/fhome/maed/HelicoDataSet/CrossValidation/Annotated/B22-102_0/01468_Aug8.png,1,0.0002038979291683063
B22-102,/fhome/maed/HelicoDataSet/CrossValidation/Annotated/B22-102_0/03838.png,0,0.00017080797988455743
B22-102,/fhome/maed/HelicoDataSet/CrossValidation/Annotated/B22-102_0/01468_Aug4.png,1,0.00029322458431124687
B22-102,/fhome/maed/HelicoDataSet/CrossValidation/Annotated/B22-102_0/03685_Aug6.png,1,0.004627713933587074
B22-102,/fhome/maed/HelicoDataSet/CrossValidation/Annotated/B22-102_0/03685_Aug2.png,1,0.005537965800613165
B22-177,/fhome/maed/HelicoDataSet/CrossValidation/Annotated/B22-177_1/00298.png,0,0.000266744929831475
B22-177,/fhome/maed/HelicoDataSet/CrossValidation/Annotated/B22-177_1/00862.png,0,0.0002472882333677262
B22-177,/fhome/maed/HelicoDataSet/CrossValidation/Annotated/B22-177_1/00469.png,0,0.0003157403552904725
B22-177,/fhome/maed/HelicoDataSet/CrossValidation/Annotated/B22-177_1/01193.png,0,0.00026324245845898986
B22-177,/fhome/maed/HelicoDataSet/CrossValidation/Annotated/B22-177_1/00962.png,0,0.00025353298406116664
B22-177,/fhome/maed/HelicoDataSet/CrossValidation/Annotated/B22-177_1/01386.png,0,0.000391673413105309
B22-177,/fhome/maed/HelicoDataSet/CrossValidation/Annotated/B22-177_1/01836.png,0,0.0001755868288455531
B22-156,/fhome/maed/HelicoDataSet/CrossValidation/Annotated/B22-156_0/00139_Aug7.png,1,0.0019259850960224867
B22-156,/fhome/maed/HelicoDataSet/CrossValidation/Annotated/B22-156_0/00139_Aug2.png,1,0.0021032660733908415
B22-156,/fhome/maed/HelicoDataSet/CrossValidation/Annotated/B22-156_0/00139_Aug4.png,1,0.0022373883984982967
B22-156,/fhome/maed/HelicoDataSet/CrossValidation/Annotated/B22-156_0/00139_Aug5.png,1,0.0020040839444845915
B22-156,/fhome/maed/HelicoDataSet/CrossValidation/Annotated/B22-156_0/00139_Aug6.png,1,0.0020483590196818113
B22-156,/fhome/maed/HelicoDataSet/CrossValidation/Annotated/B22-156_0/00139_Aug1.png,1,0.0022647760342806578
B22-156,/fhome/maed/HelicoDataSet/CrossValidation/Annotated/B22-156_0/00139_Aug3.png,1,0.0020603183656930923
B22-156,/fhome/maed/HelicoDataSet/CrossValidation/Annotated/B22-156_0/00139_Aug8.png,1,0.0019708997569978237
B22-156,/fhome/maed/HelicoDataSet/CrossValidation/Annotated/B22-156_0/00133.png,0,0.0003847996413242072
B22-156,/fhome/maed/HelicoDataSet/CrossValidation/Annotated/B22-156_0/00139.png,1,0.002303400542587042
B22-74,/fhome/maed/HelicoDataSet/CrossValidation/Annotated/B22-74_0/00890_Aug7.png,1,0.0023295567370951176
B22-74,/fhome/maed/HelicoDataSet/CrossValidation/Annotated/B22-74_0/00890_Aug8.png,1,0.0010017476743087173
B22-74,/fhome/maed/HelicoDataSet/CrossValidation/Annotated/B22-74_0/00890_Aug2.png,1,0.0014450796879827976
B22-74,/fhome/maed/HelicoDataSet/CrossValidation/Annotated/B22-74_0/00759.png,0,0.00028089946135878563
B22-74,/fhome/maed/HelicoDataSet/CrossValidation/Annotated/B22-74_0/00890_Aug1.png,1,0.00178422755561769
B22-74,/fhome/maed/HelicoDataSet/CrossValidation/Annotated/B22-74_0/00415.png,0,0.0013744120951741934
B22-74,/fhome/maed/HelicoDataSet/CrossValidation/Annotated/B22-74_0/00890.png,1,0.0016390428645536304
B22-74,/fhome/maed/HelicoDataSet/CrossValidation/Annotated/B22-74_0/00890_Aug5.png,1,0.0021980914752930403
B22-74,/fhome/maed/HelicoDataSet/CrossValidation/Annotated/B22-74_0/00890_Aug6.png,1,0.0010728816268965602
B22-74,/fhome/maed/HelicoDataSet/CrossValidation/Annotated/B22-74_0/00890_Aug4.png,1,0.0012715174816548824
B22-74,/fhome/maed/HelicoDataSet/CrossValidation/Annotated/B22-74_0/00890_Aug3.png,1,0.0020200551953166723
B22-74,/fhome/maed/HelicoDataSet/CrossValidation/Annotated/B22-74_0/00762.png,0,0.00016243195568677038
B22-74,/fhome/maed/HelicoDataSet/CrossValidation/Annotated/B22-74_0/00420.png,0,0.0013832220574840903
B22-74,/fhome/maed/HelicoDataSet/CrossValidation/Annotated/B22-74_0/00011.png,0,0.000152117689140141
B22-180,/fhome/maed/HelicoDataSet/CrossValidation/Annotated/B22-180_1/00629.png,0,0.00010449008550494909
B22-180,/fhome/maed/HelicoDataSet/CrossValidation/Annotated/B22-180_1/00294.png,0,0.0001749034272506833
B22-180,/fhome/maed/HelicoDataSet/CrossValidation/Annotated/B22-180_1/00658.png,0,0.00023908329603727907
B22-180,/fhome/maed/HelicoDataSet/CrossValidation/Annotated/B22-180_1/00615.png,0,0.00013663849676959217
B22-124,/fhome/maed/HelicoDataSet/CrossValidation/Annotated/B22-124_0/00759.png,0,0.00028089951956644654
B22-124,/fhome/maed/HelicoDataSet/CrossValidation/Annotated/B22-124_0/00902_Aug8.png,1,0.0006607781397178769
B22-124,/fhome/maed/HelicoDataSet/CrossValidation/Annotated/B22-124_0/00902_Aug7.png,1,0.0004884158261120319
B22-124,/fhome/maed/HelicoDataSet/CrossValidation/Annotated/B22-124_0/00902_Aug1.png,1,0.000525062729138881
B22-124,/fhome/maed/HelicoDataSet/CrossValidation/Annotated/B22-124_0/00902.png,1,0.0005762402433902025
B22-124,/fhome/maed/HelicoDataSet/CrossValidation/Annotated/B22-124_0/00902_Aug6.png,1,0.000666189007461071
B22-124,/fhome/maed/HelicoDataSet/CrossValidation/Annotated/B22-124_0/00902_Aug3.png,1,0.0005198495928198099
B22-124,/fhome/maed/HelicoDataSet/CrossValidation/Annotated/B22-124_0/00902_Aug5.png,1,0.0005444426788017154
B22-124,/fhome/maed/HelicoDataSet/CrossValidation/Annotated/B22-124_0/00762.png,0,0.0001624319702386856
B22-124,/fhome/maed/HelicoDataSet/CrossValidation/Annotated/B22-124_0/00902_Aug4.png,1,0.0006234713364392519
B22-124,/fhome/maed/HelicoDataSet/CrossValidation/Annotated/B22-124_0/01143.png,0,0.0001728376082610339
B22-124,/fhome/maed/HelicoDataSet/CrossValidation/Annotated/B22-124_0/00902_Aug2.png,1,0.0005543113220483065
B22-124,/fhome/maed/HelicoDataSet/CrossValidation/Annotated/B22-124_0/01419.png,0,0.000496031017974019
B22-124,/fhome/maed/HelicoDataSet/CrossValidation/Annotated/B22-124_0/00011.png,0,0.000152117689140141
B22-253,/fhome/maed/HelicoDataSet/CrossValidation/Annotated/B22-253_0/01723.png,0,0.0006894610123708844
B22-253,/fhome/maed/HelicoDataSet/CrossValidation/Annotated/B22-253_0/02465.png,0,0.0007503521628677845
B22-253,/fhome/maed/HelicoDataSet/CrossValidation/Annotated/B22-253_0/02440.png,0,0.0005175188416615129
B22-253,/fhome/maed/HelicoDataSet/CrossValidation/Annotated/B22-253_0/01933.png,0,0.0005191128002479672
B22-253,/fhome/maed/HelicoDataSet/CrossValidation/Annotated/B22-253_0/02317.png,0,0.000796260021161288
B22-253,/fhome/maed/HelicoDataSet/CrossValidation/Annotated/B22-253_0/01044.png,0,0.0006943227490410209
B22-253,/fhome/maed/HelicoDataSet/CrossValidation/Annotated/B22-253_0/01036.png,0,0.0010969266295433044
B22-253,/fhome/maed/HelicoDataSet/CrossValidation/Annotated/B22-253_0/01119.png,0,0.0010015424340963364
B22-253,/fhome/maed/HelicoDataSet/CrossValidation/Annotated/B22-253_0/01219.png,0,0.0008311799610964954
B22-253,/fhome/maed/HelicoDataSet/CrossValidation/Annotated/B22-253_0/00999.png,0,0.0007119973888620734
B22-253,/fhome/maed/HelicoDataSet/CrossValidation/Annotated/B22-253_0/01115.png,0,0.0007345917401835322
B22-253,/fhome/maed/HelicoDataSet/CrossValidation/Annotated/B22-253_0/02437.png,0,0.0006324119167402387
B22-253,/fhome/maed/HelicoDataSet/CrossValidation/Annotated/B22-253_0/01016.png,0,0.0008418218931183219
B22-253,/fhome/maed/HelicoDataSet/CrossValidation/Annotated/B22-253_0/01039.png,0,0.000984011683613062
B22-253,/fhome/maed/HelicoDataSet/CrossValidation/Annotated/B22-253_0/02398.png,0,0.0008077818201854825
B22-253,/fhome/maed/HelicoDataSet/CrossValidation/Annotated/B22-253_0/01937.png,0,0.0008030784083530307
B22-253,/fhome/maed/HelicoDataSet/CrossValidation/Annotated/B22-253_0/01144.png,0,0.00081651471555233
B22-253,/fhome/maed/HelicoDataSet/CrossValidation/Annotated/B22-253_0/01143.png,0,0.0007969932048581541
B22-253,/fhome/maed/HelicoDataSet/CrossValidation/Annotated/B22-253_0/02478.png,0,0.0005943144205957651
B22-129,/fhome/maed/HelicoDataSet/CrossValidation/Annotated/B22-129_0/00659.png,0,0.0004385931824799627
B22-240,/fhome/maed/HelicoDataSet/CrossValidation/Annotated/B22-240_0/00500_Aug5.png,1,0.003826331114396453
B22-240,/fhome/maed/HelicoDataSet/CrossValidation/Annotated/B22-240_0/00500_Aug3.png,1,0.0042868852615356445
B22-240,/fhome/maed/HelicoDataSet/CrossValidation/Annotated/B22-240_0/00500_Aug1.png,1,0.004444601945579052
B22-240,/fhome/maed/HelicoDataSet/CrossValidation/Annotated/B22-240_0/00629_Aug3.png,1,0.001452900469303131
B22-240,/fhome/maed/HelicoDataSet/CrossValidation/Annotated/B22-240_0/00629_Aug7.png,1,0.0016672872006893158
B22-240,/fhome/maed/HelicoDataSet/CrossValidation/Annotated/B22-240_0/00629.png,1,0.0011821299558505416
B22-240,/fhome/maed/HelicoDataSet/CrossValidation/Annotated/B22-240_0/00629_Aug4.png,1,0.001180250197649002
B22-240,/fhome/maed/HelicoDataSet/CrossValidation/Annotated/B22-240_0/00500_Aug6.png,1,0.00794470589607954
B22-240,/fhome/maed/HelicoDataSet/CrossValidation/Annotated/B22-240_0/00500_Aug7.png,1,0.003750310745090246
B22-240,/fhome/maed/HelicoDataSet/CrossValidation/Annotated/B22-240_0/00500_Aug4.png,1,0.00674781110137701
B22-240,/fhome/maed/HelicoDataSet/CrossValidation/Annotated/B22-240_0/00629_Aug2.png,1,0.001088511198759079
B22-240,/fhome/maed/HelicoDataSet/CrossValidation/Annotated/B22-240_0/00740_Aug8.png,1,0.0013064550003036857
B22-240,/fhome/maed/HelicoDataSet/CrossValidation/Annotated/B22-240_0/00740_Aug3.png,1,0.0012901874724775553
B22-240,/fhome/maed/HelicoDataSet/CrossValidation/Annotated/B22-240_0/00740_Aug4.png,1,0.0012600243790075183
B22-240,/fhome/maed/HelicoDataSet/CrossValidation/Annotated/B22-240_0/00740_Aug5.png,1,0.0011407998390495777
B22-240,/fhome/maed/HelicoDataSet/CrossValidation/Annotated/B22-240_0/00807.png,0,0.00047117864596657455
B22-240,/fhome/maed/HelicoDataSet/CrossValidation/Annotated/B22-240_0/00629_Aug8.png,1,0.0010449739638715982
B22-240,/fhome/maed/HelicoDataSet/CrossValidation/Annotated/B22-240_0/00740_Aug6.png,1,0.001328672282397747
B22-240,/fhome/maed/HelicoDataSet/CrossValidation/Annotated/B22-240_0/00740_Aug1.png,1,0.0012283718679100275
B22-240,/fhome/maed/HelicoDataSet/CrossValidation/Annotated/B22-240_0/00740.png,1,0.0012053604004904628
B22-240,/fhome/maed/HelicoDataSet/CrossValidation/Annotated/B22-240_0/00740_Aug7.png,1,0.0012807524763047695
B22-240,/fhome/maed/HelicoDataSet/CrossValidation/Annotated/B22-240_0/00629_Aug1.png,1,0.0014366976683959365
B22-240,/fhome/maed/HelicoDataSet/CrossValidation/Annotated/B22-240_0/00629_Aug6.png,1,0.0013184510171413422
B22-240,/fhome/maed/HelicoDataSet/CrossValidation/Annotated/B22-240_0/00500_Aug8.png,1,0.008828772231936455
B22-240,/fhome/maed/HelicoDataSet/CrossValidation/Annotated/B22-240_0/00039.png,0,0.0006293313344940543
B22-240,/fhome/maed/HelicoDataSet/CrossValidation/Annotated/B22-240_0/00038.png,0,0.0007856445736251771
B22-240,/fhome/maed/HelicoDataSet/CrossValidation/Annotated/B22-240_0/00500_Aug2.png,1,0.006136675365269184
B22-240,/fhome/maed/HelicoDataSet/CrossValidation/Annotated/B22-240_0/00814.png,0,0.001025075907818973
B22-240,/fhome/maed/HelicoDataSet/CrossValidation/Annotated/B22-240_0/00629_Aug5.png,1,0.0016041342169046402
B22-240,/fhome/maed/HelicoDataSet/CrossValidation/Annotated/B22-240_0/00500.png,1,0.003666564356535673
B22-240,/fhome/maed/HelicoDataSet/CrossValidation/Annotated/B22-240_0/00740_Aug2.png,1,0.0012198962504044175
B22-55,/fhome/maed/HelicoDataSet/CrossValidation/Annotated/B22-55_0/00314.png,0,0.00032702996395528316
B22-106,/fhome/maed/HelicoDataSet/CrossValidation/Annotated/B22-106_1/00071.png,0,0.000274897669441998
B22-106,/fhome/maed/HelicoDataSet/CrossValidation/Annotated/B22-106_1/00079.png,0,0.0001857875322457403
B22-106,/fhome/maed/HelicoDataSet/CrossValidation/Annotated/B22-106_1/00166.png,0,0.0002538596745580435
B22-106,/fhome/maed/HelicoDataSet/CrossValidation/Annotated/B22-106_1/00281.png,0,0.00029072872712276876
B22-106,/fhome/maed/HelicoDataSet/CrossValidation/Annotated/B22-106_1/00389.png,0,0.00016222643898800015
B22-106,/fhome/maed/HelicoDataSet/CrossValidation/Annotated/B22-106_1/00125.png,0,0.00026061382959596813
B22-106,/fhome/maed/HelicoDataSet/CrossValidation/Annotated/B22-106_1/00344.png,0,0.00042530865175649524
B22-106,/fhome/maed/HelicoDataSet/CrossValidation/Annotated/B22-106_1/00469.png,0,9.647037222748622e-05
B22-106,/fhome/maed/HelicoDataSet/CrossValidation/Annotated/B22-106_1/00319.png,0,0.00038684598985128105
B22-106,/fhome/maed/HelicoDataSet/CrossValidation/Annotated/B22-106_1/00128.png,0,0.0002338419435545802
B22-106,/fhome/maed/HelicoDataSet/CrossValidation/Annotated/B22-106_1/00269.png,0,0.0003533108392730355
B22-114,/fhome/maed/HelicoDataSet/CrossValidation/Annotated/B22-114_0/00112_Aug5.png,1,0.016852717846632004
B22-114,/fhome/maed/HelicoDataSet/CrossValidation/Annotated/B22-114_0/00080_Aug7.png,1,0.025350337848067284
B22-114,/fhome/maed/HelicoDataSet/CrossValidation/Annotated/B22-114_0/00112_Aug4.png,1,0.01519789732992649
B22-114,/fhome/maed/HelicoDataSet/CrossValidation/Annotated/B22-114_0/00054_Aug7.png,1,0.0022256476804614067
B22-114,/fhome/maed/HelicoDataSet/CrossValidation/Annotated/B22-114_0/00238_Aug3.png,1,0.012957446277141571
B22-114,/fhome/maed/HelicoDataSet/CrossValidation/Annotated/B22-114_0/00054_Aug2.png,1,0.0011616575066000223
B22-114,/fhome/maed/HelicoDataSet/CrossValidation/Annotated/B22-114_0/00080_Aug8.png,1,0.0057883476838469505
B22-114,/fhome/maed/HelicoDataSet/CrossValidation/Annotated/B22-114_0/00112.png,1,0.014910168945789337
B22-114,/fhome/maed/HelicoDataSet/CrossValidation/Annotated/B22-114_0/00238_Aug1.png,1,0.012655980885028839
B22-114,/fhome/maed/HelicoDataSet/CrossValidation/Annotated/B22-114_0/00238_Aug5.png,1,0.011814003810286522
B22-114,/fhome/maed/HelicoDataSet/CrossValidation/Annotated/B22-114_0/00080_Aug3.png,1,0.020045701414346695
B22-114,/fhome/maed/HelicoDataSet/CrossValidation/Annotated/B22-114_0/00080.png,1,0.014914634637534618
B22-114,/fhome/maed/HelicoDataSet/CrossValidation/Annotated/B22-114_0/00080_Aug5.png,1,0.023096231743693352
B22-114,/fhome/maed/HelicoDataSet/CrossValidation/Annotated/B22-114_0/00054_Aug8.png,1,0.0007831873372197151
B22-114,/fhome/maed/HelicoDataSet/CrossValidation/Annotated/B22-114_0/00112_Aug7.png,1,0.01663532666862011
B22-114,/fhome/maed/HelicoDataSet/CrossValidation/Annotated/B22-114_0/00238.png,1,0.010690937750041485
B22-114,/fhome/maed/HelicoDataSet/CrossValidation/Annotated/B22-114_0/00238_Aug2.png,1,0.009971546940505505
B22-114,/fhome/maed/HelicoDataSet/CrossValidation/Annotated/B22-114_0/00054_Aug3.png,1,0.001713487203232944
B22-114,/fhome/maed/HelicoDataSet/CrossValidation/Annotated/B22-114_0/00112_Aug2.png,1,0.014674710109829903
B22-114,/fhome/maed/HelicoDataSet/CrossValidation/Annotated/B22-114_0/00080_Aug6.png,1,0.007017327006906271
B22-114,/fhome/maed/HelicoDataSet/CrossValidation/Annotated/B22-114_0/00112_Aug3.png,1,0.015993434935808182
B22-114,/fhome/maed/HelicoDataSet/CrossValidation/Annotated/B22-114_0/00080_Aug2.png,1,0.011829770170152187
B22-114,/fhome/maed/HelicoDataSet/CrossValidation/Annotated/B22-114_0/00112_Aug6.png,1,0.014203044585883617
B22-114,/fhome/maed/HelicoDataSet/CrossValidation/Annotated/B22-114_0/00054_Aug1.png,1,0.0018358578672632575
B22-114,/fhome/maed/HelicoDataSet/CrossValidation/Annotated/B22-114_0/00238_Aug4.png,1,0.008012354373931885
B22-114,/fhome/maed/HelicoDataSet/CrossValidation/Annotated/B22-114_0/00080_Aug1.png,1,0.017173897475004196
B22-114,/fhome/maed/HelicoDataSet/CrossValidation/Annotated/B22-114_0/00112_Aug8.png,1,0.013657694682478905
B22-114,/fhome/maed/HelicoDataSet/CrossValidation/Annotated/B22-114_0/00238_Aug6.png,1,0.006862746085971594
B22-114,/fhome/maed/HelicoDataSet/CrossValidation/Annotated/B22-114_0/00080_Aug4.png,1,0.008584590628743172
B22-114,/fhome/maed/HelicoDataSet/CrossValidation/Annotated/B22-114_0/00054.png,1,0.001420726883225143
B22-114,/fhome/maed/HelicoDataSet/CrossValidation/Annotated/B22-114_0/00112_Aug1.png,1,0.015325179323554039
B22-114,/fhome/maed/HelicoDataSet/CrossValidation/Annotated/B22-114_0/00238_Aug8.png,1,0.005621628370136023
B22-114,/fhome/maed/HelicoDataSet/CrossValidation/Annotated/B22-114_0/00238_Aug7.png,1,0.011165305972099304
B22-114,/fhome/maed/HelicoDataSet/CrossValidation/Annotated/B22-114_0/00054_Aug4.png,1,0.0009862136794254184
B22-114,/fhome/maed/HelicoDataSet/CrossValidation/Annotated/B22-114_0/00054_Aug5.png,1,0.0019407516811043024
B22-114,/fhome/maed/HelicoDataSet/CrossValidation/Annotated/B22-114_0/00054_Aug6.png,1,0.0008848730358295143
B22-114,/fhome/maed/HelicoDataSet/CrossValidation/Annotated/B22-114_0/00158.png,0,0.001132493489421904
B22-114,/fhome/maed/HelicoDataSet/CrossValidation/Annotated/B22-114_0/00012.png,0,0.0005464832647703588
B22-234,/fhome/maed/HelicoDataSet/CrossValidation/Annotated/B22-234_0/02275.png,0,0.0006973081035539508
B22-234,/fhome/maed/HelicoDataSet/CrossValidation/Annotated/B22-234_0/00003.png,0,0.000830823730211705
B22-115,/fhome/maed/HelicoDataSet/CrossValidation/Annotated/B22-115_0/00234.png,0,0.000884557026438415
B22-115,/fhome/maed/HelicoDataSet/CrossValidation/Annotated/B22-115_0/00122.png,0,0.000960394274443388
B22-306,/fhome/maed/HelicoDataSet/CrossValidation/Annotated/B22-306_0/01039.png,0,0.0003678174689412117
B22-154,/fhome/maed/HelicoDataSet/CrossValidation/Annotated/B22-154_0/00166.png,0,0.0005350441206246614
B22-154,/fhome/maed/HelicoDataSet/CrossValidation/Annotated/B22-154_0/00437.png,0,0.000650659785605967
B22-103,/fhome/maed/HelicoDataSet/CrossValidation/Annotated/B22-103_0/02245_Aug2.png,1,0.002104670275002718
B22-103,/fhome/maed/HelicoDataSet/CrossValidation/Annotated/B22-103_0/02201_Aug5.png,1,0.00025659604580141604
B22-103,/fhome/maed/HelicoDataSet/CrossValidation/Annotated/B22-103_0/02245_Aug7.png,1,0.001986277988180518
B22-103,/fhome/maed/HelicoDataSet/CrossValidation/Annotated/B22-103_0/02245_Aug5.png,1,0.0019756974652409554
B22-103,/fhome/maed/HelicoDataSet/CrossValidation/Annotated/B22-103_0/02245_Aug1.png,1,0.002108195796608925
B22-103,/fhome/maed/HelicoDataSet/CrossValidation/Annotated/B22-103_0/02201_Aug4.png,1,0.00026220324798487127
B22-103,/fhome/maed/HelicoDataSet/CrossValidation/Annotated/B22-103_0/02201_Aug7.png,1,0.00020262549514882267
B22-103,/fhome/maed/HelicoDataSet/CrossValidation/Annotated/B22-103_0/02201_Aug1.png,1,0.0002782776427920908
B22-103,/fhome/maed/HelicoDataSet/CrossValidation/Annotated/B22-103_0/02201_Aug3.png,1,0.000230684585403651
B22-103,/fhome/maed/HelicoDataSet/CrossValidation/Annotated/B22-103_0/02201.png,1,0.00030206929659470916
B22-103,/fhome/maed/HelicoDataSet/CrossValidation/Annotated/B22-103_0/02245_Aug3.png,1,0.0020664138719439507
B22-103,/fhome/maed/HelicoDataSet/CrossValidation/Annotated/B22-103_0/02201_Aug2.png,1,0.0002933018549811095
B22-103,/fhome/maed/HelicoDataSet/CrossValidation/Annotated/B22-103_0/02245.png,1,0.0018935492262244225
B22-103,/fhome/maed/HelicoDataSet/CrossValidation/Annotated/B22-103_0/02201_Aug6.png,1,0.00029748817905783653
B22-103,/fhome/maed/HelicoDataSet/CrossValidation/Annotated/B22-103_0/02201_Aug8.png,1,0.0002543192822486162
B22-103,/fhome/maed/HelicoDataSet/CrossValidation/Annotated/B22-103_0/02245_Aug4.png,1,0.0021027482580393553
B22-103,/fhome/maed/HelicoDataSet/CrossValidation/Annotated/B22-103_0/02245_Aug8.png,1,0.0019320538267493248
B22-103,/fhome/maed/HelicoDataSet/CrossValidation/Annotated/B22-103_0/02245_Aug6.png,1,0.0019019291503354907
B22-103,/fhome/maed/HelicoDataSet/CrossValidation/Annotated/B22-103_0/02790.png,0,0.0002566757320892066
B22-218,/fhome/maed/HelicoDataSet/CrossValidation/Annotated/B22-218_0/00901.png,0,0.0007891193963587284
B22-218,/fhome/maed/HelicoDataSet/CrossValidation/Annotated/B22-218_0/00782.png,0,0.0004905028035864234
B22-218,/fhome/maed/HelicoDataSet/CrossValidation/Annotated/B22-218_0/00771.png,0,0.000683149672113359
B22-218,/fhome/maed/HelicoDataSet/CrossValidation/Annotated/B22-218_0/00884.png,0,0.00048774247989058495
B22-218,/fhome/maed/HelicoDataSet/CrossValidation/Annotated/B22-218_0/01755.png,0,0.0006071543321013451
B22-218,/fhome/maed/HelicoDataSet/CrossValidation/Annotated/B22-218_0/00838.png,0,0.0005439948290586472
B22-218,/fhome/maed/HelicoDataSet/CrossValidation/Annotated/B22-218_0/01400.png,0,0.0006592366844415665
B22-218,/fhome/maed/HelicoDataSet/CrossValidation/Annotated/B22-218_0/00777.png,0,0.000395691255107522
B22-218,/fhome/maed/HelicoDataSet/CrossValidation/Annotated/B22-218_0/01753.png,0,0.0008591159130446613
B22-218,/fhome/maed/HelicoDataSet/CrossValidation/Annotated/B22-218_0/00902.png,0,0.0009730161400511861
B22-218,/fhome/maed/HelicoDataSet/CrossValidation/Annotated/B22-218_0/00875.png,0,0.0010055431630462408
B22-218,/fhome/maed/HelicoDataSet/CrossValidation/Annotated/B22-218_0/00877.png,0,0.0009423272567801178
B22-218,/fhome/maed/HelicoDataSet/CrossValidation/Annotated/B22-218_0/00882.png,0,0.0007628254825249314
B22-218,/fhome/maed/HelicoDataSet/CrossValidation/Annotated/B22-218_0/00837.png,0,0.000488936435431242
B22-218,/fhome/maed/HelicoDataSet/CrossValidation/Annotated/B22-218_0/00779.png,0,0.0002751535503193736
B22-218,/fhome/maed/HelicoDataSet/CrossValidation/Annotated/B22-218_0/01210.png,0,0.0009074529516510665
B22-218,/fhome/maed/HelicoDataSet/CrossValidation/Annotated/B22-218_0/00900.png,0,0.0006216892506927252
B22-218,/fhome/maed/HelicoDataSet/CrossValidation/Annotated/B22-218_0/01754.png,0,0.0012111210962757468
B22-218,/fhome/maed/HelicoDataSet/CrossValidation/Annotated/B22-218_0/00772.png,0,0.0006768065504729748
B22-218,/fhome/maed/HelicoDataSet/CrossValidation/Annotated/B22-218_0/00836.png,0,0.0007095317123457789
B22-218,/fhome/maed/HelicoDataSet/CrossValidation/Annotated/B22-218_0/00778.png,0,0.0003202591906301677
B22-30,/fhome/maed/HelicoDataSet/CrossValidation/Annotated/B22-30_0/00018.png,0,0.0003909615916199982
B22-30,/fhome/maed/HelicoDataSet/CrossValidation/Annotated/B22-30_0/00629.png,0,0.0003670653677545488
B22-30,/fhome/maed/HelicoDataSet/CrossValidation/Annotated/B22-30_0/00536.png,0,0.0004651229828596115
B22-30,/fhome/maed/HelicoDataSet/CrossValidation/Annotated/B22-30_0/00178.png,0,0.00045921685523353517
B22-30,/fhome/maed/HelicoDataSet/CrossValidation/Annotated/B22-30_0/00535.png,0,0.0003815794480033219
B22-53,/fhome/maed/HelicoDataSet/CrossValidation/Annotated/B22-53_1/00141.png,0,0.00020345559460110962
B22-53,/fhome/maed/HelicoDataSet/CrossValidation/Annotated/B22-53_1/00047.png,0,0.0003130385302938521
B22-53,/fhome/maed/HelicoDataSet/CrossValidation/Annotated/B22-53_1/00100.png,0,0.00024697123444639146
B22-53,/fhome/maed/HelicoDataSet/CrossValidation/Annotated/B22-53_1/00074.png,0,0.00019232614431530237
B22-301,/fhome/maed/HelicoDataSet/CrossValidation/Annotated/B22-301_0/00254.png,0,0.00040148745756596327
B22-301,/fhome/maed/HelicoDataSet/CrossValidation/Annotated/B22-301_0/00225.png,0,0.000641708611510694
B22-29,/fhome/maed/HelicoDataSet/CrossValidation/Annotated/B22-29_1/00084.png,0,0.00040728363092057407
B22-29,/fhome/maed/HelicoDataSet/CrossValidation/Annotated/B22-29_1/00195.png,0,0.0004589440650306642
B22-29,/fhome/maed/HelicoDataSet/CrossValidation/Annotated/B22-29_1/00187.png,0,0.0005968012847006321
B22-29,/fhome/maed/HelicoDataSet/CrossValidation/Annotated/B22-29_1/00024.png,0,0.00043968710815533996
B22-29,/fhome/maed/HelicoDataSet/CrossValidation/Annotated/B22-29_1/00180.png,0,0.0004289293137844652
B22-29,/fhome/maed/HelicoDataSet/CrossValidation/Annotated/B22-29_1/00129.png,0,0.0016536309849470854
B22-29,/fhome/maed/HelicoDataSet/CrossValidation/Annotated/B22-29_1/00242.png,0,0.0003083383198827505
B22-29,/fhome/maed/HelicoDataSet/CrossValidation/Annotated/B22-29_1/00000.png,0,0.0005964836454950273
B22-29,/fhome/maed/HelicoDataSet/CrossValidation/Annotated/B22-29_1/00154.png,0,0.00037914709537290037
B22-29,/fhome/maed/HelicoDataSet/CrossValidation/Annotated/B22-29_1/00004.png,0,0.0005414354964159429
B22-29,/fhome/maed/HelicoDataSet/CrossValidation/Annotated/B22-29_1/00012.png,0,0.00027693662559613585
B22-29,/fhome/maed/HelicoDataSet/CrossValidation/Annotated/B22-29_1/00203.png,0,0.0006522915209643543
B22-29,/fhome/maed/HelicoDataSet/CrossValidation/Annotated/B22-29_1/00245.png,0,0.0003093082341365516
B22-186,/fhome/maed/HelicoDataSet/CrossValidation/Annotated/B22-186_0/02125.png,0,0.0004740540753118694
B22-143,/fhome/maed/HelicoDataSet/CrossValidation/Annotated/B22-143_1/00448.png,0,0.00021288494463078678
B22-143,/fhome/maed/HelicoDataSet/CrossValidation/Annotated/B22-143_1/00656.png,0,0.00020636308181565255
B22-143,/fhome/maed/HelicoDataSet/CrossValidation/Annotated/B22-143_1/00412.png,0,0.00018680297944229096
B22-143,/fhome/maed/HelicoDataSet/CrossValidation/Annotated/B22-143_1/00346.png,0,0.0001460368512198329
B22-143,/fhome/maed/HelicoDataSet/CrossValidation/Annotated/B22-143_1/00064.png,0,0.00018482035375200212
B22-143,/fhome/maed/HelicoDataSet/CrossValidation/Annotated/B22-143_1/00549.png,0,0.00017934999777935445
B22-143,/fhome/maed/HelicoDataSet/CrossValidation/Annotated/B22-143_1/00116.png,0,0.00030383592820726335
B22-143,/fhome/maed/HelicoDataSet/CrossValidation/Annotated/B22-143_1/00300.png,0,0.0001984546397579834
B22-143,/fhome/maed/HelicoDataSet/CrossValidation/Annotated/B22-143_1/00585.png,0,0.0001309983927058056
B22-143,/fhome/maed/HelicoDataSet/CrossValidation/Annotated/B22-143_1/00494.png,0,0.00024057502741925418
B22-143,/fhome/maed/HelicoDataSet/CrossValidation/Annotated/B22-143_1/00430.png,0,0.0001982685353141278
B22-143,/fhome/maed/HelicoDataSet/CrossValidation/Annotated/B22-143_1/00001.png,0,0.00020954699721187353
B22-38,/fhome/maed/HelicoDataSet/CrossValidation/Annotated/B22-38_0/00283_Aug6.png,1,0.0015370759647339582
B22-38,/fhome/maed/HelicoDataSet/CrossValidation/Annotated/B22-38_0/00283_Aug7.png,1,0.0010814083507284522
B22-38,/fhome/maed/HelicoDataSet/CrossValidation/Annotated/B22-38_0/00341_Aug7.png,1,0.004129081964492798
B22-38,/fhome/maed/HelicoDataSet/CrossValidation/Annotated/B22-38_0/00283_Aug8.png,1,0.0013328632339835167
B22-38,/fhome/maed/HelicoDataSet/CrossValidation/Annotated/B22-38_0/01284_Aug4.png,1,0.00033555165282450616
B22-38,/fhome/maed/HelicoDataSet/CrossValidation/Annotated/B22-38_0/01525_Aug6.png,1,0.006095085293054581
B22-38,/fhome/maed/HelicoDataSet/CrossValidation/Annotated/B22-38_0/01855.png,0,0.00023520781542174518
B22-38,/fhome/maed/HelicoDataSet/CrossValidation/Annotated/B22-38_0/01525_Aug7.png,1,0.006791287567466497
B22-38,/fhome/maed/HelicoDataSet/CrossValidation/Annotated/B22-38_0/00283_Aug2.png,1,0.0015017245896160603
B22-38,/fhome/maed/HelicoDataSet/CrossValidation/Annotated/B22-38_0/01525_Aug8.png,1,0.006075304001569748
B22-38,/fhome/maed/HelicoDataSet/CrossValidation/Annotated/B22-38_0/01284_Aug3.png,1,0.0003536555450409651
B22-38,/fhome/maed/HelicoDataSet/CrossValidation/Annotated/B22-38_0/01284_Aug5.png,1,0.0003917654976248741
B22-38,/fhome/maed/HelicoDataSet/CrossValidation/Annotated/B22-38_0/00341_Aug5.png,1,0.0036755274049937725
B22-38,/fhome/maed/HelicoDataSet/CrossValidation/Annotated/B22-38_0/00341.png,1,0.0022572483867406845
B22-38,/fhome/maed/HelicoDataSet/CrossValidation/Annotated/B22-38_0/01525_Aug3.png,1,0.005432711448520422
B22-38,/fhome/maed/HelicoDataSet/CrossValidation/Annotated/B22-38_0/00283_Aug4.png,1,0.0016167338471859694
B22-38,/fhome/maed/HelicoDataSet/CrossValidation/Annotated/B22-38_0/01525_Aug5.png,1,0.005673211067914963
B22-38,/fhome/maed/HelicoDataSet/CrossValidation/Annotated/B22-38_0/01284_Aug1.png,1,0.0003418792912270874
B22-38,/fhome/maed/HelicoDataSet/CrossValidation/Annotated/B22-38_0/01525_Aug4.png,1,0.006394510623067617
B22-38,/fhome/maed/HelicoDataSet/CrossValidation/Annotated/B22-38_0/00341_Aug2.png,1,0.002283770591020584
B22-38,/fhome/maed/HelicoDataSet/CrossValidation/Annotated/B22-38_0/00283_Aug3.png,1,0.0014131783973425627
B22-38,/fhome/maed/HelicoDataSet/CrossValidation/Annotated/B22-38_0/01284_Aug2.png,1,0.0003342169802635908
B22-38,/fhome/maed/HelicoDataSet/CrossValidation/Annotated/B22-38_0/01284_Aug7.png,1,0.0005088822217658162
B22-38,/fhome/maed/HelicoDataSet/CrossValidation/Annotated/B22-38_0/00341_Aug3.png,1,0.0030626736115664244
B22-38,/fhome/maed/HelicoDataSet/CrossValidation/Annotated/B22-38_0/01525.png,1,0.007036290131509304
B22-38,/fhome/maed/HelicoDataSet/CrossValidation/Annotated/B22-38_0/00703.png,0,0.00025993376038968563
B22-38,/fhome/maed/HelicoDataSet/CrossValidation/Annotated/B22-38_0/00283_Aug5.png,1,0.0011803976958617568
B22-38,/fhome/maed/HelicoDataSet/CrossValidation/Annotated/B22-38_0/01525_Aug2.png,1,0.007204906549304724
B22-38,/fhome/maed/HelicoDataSet/CrossValidation/Annotated/B22-38_0/01284_Aug6.png,1,0.000377281685359776
B22-38,/fhome/maed/HelicoDataSet/CrossValidation/Annotated/B22-38_0/00341_Aug6.png,1,0.002655957592651248
B22-38,/fhome/maed/HelicoDataSet/CrossValidation/Annotated/B22-38_0/00283.png,1,0.0015138632152229548
B22-38,/fhome/maed/HelicoDataSet/CrossValidation/Annotated/B22-38_0/00283_Aug1.png,1,0.0015732928877696395
B22-38,/fhome/maed/HelicoDataSet/CrossValidation/Annotated/B22-38_0/00341_Aug8.png,1,0.0019884551875293255
B22-38,/fhome/maed/HelicoDataSet/CrossValidation/Annotated/B22-38_0/01284.png,1,0.00033964705653488636
B22-38,/fhome/maed/HelicoDataSet/CrossValidation/Annotated/B22-38_0/01525_Aug1.png,1,0.006187071092426777
B22-38,/fhome/maed/HelicoDataSet/CrossValidation/Annotated/B22-38_0/00341_Aug1.png,1,0.0029493742622435093
B22-38,/fhome/maed/HelicoDataSet/CrossValidation/Annotated/B22-38_0/01409.png,0,0.0002457873779349029
B22-38,/fhome/maed/HelicoDataSet/CrossValidation/Annotated/B22-38_0/01284_Aug8.png,1,0.0005201386520639062
B22-38,/fhome/maed/HelicoDataSet/CrossValidation/Annotated/B22-38_0/00341_Aug4.png,1,0.0020257411524653435
B22-52,/fhome/maed/HelicoDataSet/CrossValidation/Annotated/B22-52_0/00760.png,0,0.0005687758093699813
B22-83,/fhome/maed/HelicoDataSet/CrossValidation/Annotated/B22-83_0/01018.png,1,0.0022366526536643505
B22-83,/fhome/maed/HelicoDataSet/CrossValidation/Annotated/B22-83_0/01018_Aug2.png,1,0.0030812169425189495
B22-83,/fhome/maed/HelicoDataSet/CrossValidation/Annotated/B22-83_0/01018_Aug6.png,1,0.0035392192658036947
B22-83,/fhome/maed/HelicoDataSet/CrossValidation/Annotated/B22-83_0/01018_Aug5.png,1,0.001720805186778307
B22-83,/fhome/maed/HelicoDataSet/CrossValidation/Annotated/B22-83_0/01018_Aug8.png,1,0.0036254681181162596
B22-83,/fhome/maed/HelicoDataSet/CrossValidation/Annotated/B22-83_0/01018_Aug3.png,1,0.002063541440293193
B22-83,/fhome/maed/HelicoDataSet/CrossValidation/Annotated/B22-83_0/01018_Aug1.png,1,0.002249786164611578
B22-83,/fhome/maed/HelicoDataSet/CrossValidation/Annotated/B22-83_0/01061.png,0,0.0005828469875268638
B22-83,/fhome/maed/HelicoDataSet/CrossValidation/Annotated/B22-83_0/01076.png,0,0.0005613164976239204
B22-83,/fhome/maed/HelicoDataSet/CrossValidation/Annotated/B22-83_0/01018_Aug7.png,1,0.0016121403314173222
B22-83,/fhome/maed/HelicoDataSet/CrossValidation/Annotated/B22-83_0/01063.png,0,0.0004692977527156472
B22-83,/fhome/maed/HelicoDataSet/CrossValidation/Annotated/B22-83_0/01018_Aug4.png,1,0.003415965009480715
B22-138,/fhome/maed/HelicoDataSet/CrossValidation/Annotated/B22-138_0/01017.png,0,0.0005395938642323017
B22-138,/fhome/maed/HelicoDataSet/CrossValidation/Annotated/B22-138_0/01330_Aug4.png,1,0.0050174882635474205
B22-138,/fhome/maed/HelicoDataSet/CrossValidation/Annotated/B22-138_0/00200_Aug1.png,1,0.0005381996161304414
B22-138,/fhome/maed/HelicoDataSet/CrossValidation/Annotated/B22-138_0/01018.png,0,0.00047900667414069176
B22-138,/fhome/maed/HelicoDataSet/CrossValidation/Annotated/B22-138_0/01355_Aug5.png,1,0.007976165972650051
B22-138,/fhome/maed/HelicoDataSet/CrossValidation/Annotated/B22-138_0/01366_Aug4.png,1,0.0004764257464557886
B22-138,/fhome/maed/HelicoDataSet/CrossValidation/Annotated/B22-138_0/01799.png,0,0.00044727089698426425
B22-138,/fhome/maed/HelicoDataSet/CrossValidation/Annotated/B22-138_0/00555.png,0,0.0004303844179958105
B22-138,/fhome/maed/HelicoDataSet/CrossValidation/Annotated/B22-138_0/01365_Aug1.png,1,0.0008208821527659893
B22-138,/fhome/maed/HelicoDataSet/CrossValidation/Annotated/B22-138_0/00351_Aug8.png,1,0.0011349604465067387
B22-138,/fhome/maed/HelicoDataSet/CrossValidation/Annotated/B22-138_0/01019.png,0,0.0005544221494346857
B22-138,/fhome/maed/HelicoDataSet/CrossValidation/Annotated/B22-138_0/01401.png,0,0.000521761947311461
B22-138,/fhome/maed/HelicoDataSet/CrossValidation/Annotated/B22-138_0/01506.png,0,0.00038901198422536254
B22-138,/fhome/maed/HelicoDataSet/CrossValidation/Annotated/B22-138_0/01500.png,1,0.0007433241116814315
B22-138,/fhome/maed/HelicoDataSet/CrossValidation/Annotated/B22-138_0/01365_Aug7.png,1,0.0007478739134967327
B22-138,/fhome/maed/HelicoDataSet/CrossValidation/Annotated/B22-138_0/01366_Aug1.png,1,0.0007492516888305545
B22-138,/fhome/maed/HelicoDataSet/CrossValidation/Annotated/B22-138_0/00361_Aug3.png,1,0.0008165468461811543
B22-138,/fhome/maed/HelicoDataSet/CrossValidation/Annotated/B22-138_0/01011.png,0,0.0004711164510808885
B22-138,/fhome/maed/HelicoDataSet/CrossValidation/Annotated/B22-138_0/01366_Aug6.png,1,0.0004906490794382989
B22-138,/fhome/maed/HelicoDataSet/CrossValidation/Annotated/B22-138_0/00607.png,0,0.0002911370829679072
B22-138,/fhome/maed/HelicoDataSet/CrossValidation/Annotated/B22-138_0/00351_Aug2.png,1,0.001023411750793457
B22-138,/fhome/maed/HelicoDataSet/CrossValidation/Annotated/B22-138_0/01648_Aug3.png,1,0.00595027394592762
B22-138,/fhome/maed/HelicoDataSet/CrossValidation/Annotated/B22-138_0/00361_Aug4.png,1,0.0007669405895285308
B22-138,/fhome/maed/HelicoDataSet/CrossValidation/Annotated/B22-138_0/00200_Aug6.png,1,0.0005271715926937759
B22-138,/fhome/maed/HelicoDataSet/CrossValidation/Annotated/B22-138_0/00200_Aug4.png,1,0.0005050273030065
B22-138,/fhome/maed/HelicoDataSet/CrossValidation/Annotated/B22-138_0/00961.png,0,0.00041462271474301815
B22-138,/fhome/maed/HelicoDataSet/CrossValidation/Annotated/B22-138_0/00879_Aug2.png,1,0.004282798618078232
B22-138,/fhome/maed/HelicoDataSet/CrossValidation/Annotated/B22-138_0/00699_Aug7.png,1,0.00055012630764395
B22-138,/fhome/maed/HelicoDataSet/CrossValidation/Annotated/B22-138_0/00892.png,1,0.0004312387900426984
B22-138,/fhome/maed/HelicoDataSet/CrossValidation/Annotated/B22-138_0/00361_Aug6.png,1,0.0007778801955282688
B22-138,/fhome/maed/HelicoDataSet/CrossValidation/Annotated/B22-138_0/01355_Aug2.png,1,0.005225918721407652
B22-138,/fhome/maed/HelicoDataSet/CrossValidation/Annotated/B22-138_0/00497_Aug4.png,1,0.016505420207977295
B22-138,/fhome/maed/HelicoDataSet/CrossValidation/Annotated/B22-138_0/00759.png,0,0.0003734183846972883
B22-138,/fhome/maed/HelicoDataSet/CrossValidation/Annotated/B22-138_0/01500_Aug7.png,1,0.0005883887060917914
B22-138,/fhome/maed/HelicoDataSet/CrossValidation/Annotated/B22-138_0/00511.png,0,0.0007171827601268888
B22-138,/fhome/maed/HelicoDataSet/CrossValidation/Annotated/B22-138_0/01538.png,0,0.000517278618644923
B22-138,/fhome/maed/HelicoDataSet/CrossValidation/Annotated/B22-138_0/01366_Aug2.png,1,0.00042715639574453235
B22-138,/fhome/maed/HelicoDataSet/CrossValidation/Annotated/B22-138_0/00497_Aug3.png,1,0.01592080108821392
B22-138,/fhome/maed/HelicoDataSet/CrossValidation/Annotated/B22-138_0/01416.png,0,0.0004323318134993315
B22-138,/fhome/maed/HelicoDataSet/CrossValidation/Annotated/B22-138_0/00699_Aug4.png,1,0.0006556718144565821
B22-138,/fhome/maed/HelicoDataSet/CrossValidation/Annotated/B22-138_0/01679.png,0,0.00036793481558561325
B22-138,/fhome/maed/HelicoDataSet/CrossValidation/Annotated/B22-138_0/01271.png,0,0.0004544284602161497
B22-138,/fhome/maed/HelicoDataSet/CrossValidation/Annotated/B22-138_0/00379_Aug3.png,1,0.000568670395296067
B22-138,/fhome/maed/HelicoDataSet/CrossValidation/Annotated/B22-138_0/01649_Aug7.png,1,0.015315304510295391
B22-138,/fhome/maed/HelicoDataSet/CrossValidation/Annotated/B22-138_0/01646_Aug8.png,1,0.0008420947706326842
B22-138,/fhome/maed/HelicoDataSet/CrossValidation/Annotated/B22-138_0/00879_Aug4.png,1,0.004747055470943451
B22-138,/fhome/maed/HelicoDataSet/CrossValidation/Annotated/B22-138_0/01330_Aug7.png,1,0.000561575114261359
B22-138,/fhome/maed/HelicoDataSet/CrossValidation/Annotated/B22-138_0/01366_Aug5.png,1,0.0008995509706437588
B22-138,/fhome/maed/HelicoDataSet/CrossValidation/Annotated/B22-138_0/00699_Aug2.png,1,0.0006238333298824728
B22-138,/fhome/maed/HelicoDataSet/CrossValidation/Annotated/B22-138_0/01598.png,0,0.00030509650241583586
B22-138,/fhome/maed/HelicoDataSet/CrossValidation/Annotated/B22-138_0/01646.png,1,0.0011180215515196323
B22-138,/fhome/maed/HelicoDataSet/CrossValidation/Annotated/B22-138_0/01649_Aug4.png,1,0.008226407691836357
B22-138,/fhome/maed/HelicoDataSet/CrossValidation/Annotated/B22-138_0/00198.png,0,0.00036322837695479393
B22-138,/fhome/maed/HelicoDataSet/CrossValidation/Annotated/B22-138_0/01273.png,0,0.00043911836110055447
B22-138,/fhome/maed/HelicoDataSet/CrossValidation/Annotated/B22-138_0/00200_Aug7.png,1,0.00038521847454831004
B22-138,/fhome/maed/HelicoDataSet/CrossValidation/Annotated/B22-138_0/01735.png,0,0.0004944528918713331
B22-138,/fhome/maed/HelicoDataSet/CrossValidation/Annotated/B22-138_0/01355.png,1,0.006370661314576864
B22-138,/fhome/maed/HelicoDataSet/CrossValidation/Annotated/B22-138_0/00200_Aug3.png,1,0.0005017421208322048
B22-138,/fhome/maed/HelicoDataSet/CrossValidation/Annotated/B22-138_0/01649_Aug5.png,1,0.014994065277278423
B22-138,/fhome/maed/HelicoDataSet/CrossValidation/Annotated/B22-138_0/00525.png,0,0.00039965659379959106
B22-138,/fhome/maed/HelicoDataSet/CrossValidation/Annotated/B22-138_0/00200_Aug5.png,1,0.00043127810931764543
B22-138,/fhome/maed/HelicoDataSet/CrossValidation/Annotated/B22-138_0/01649_Aug6.png,1,0.006749131716787815
B22-138,/fhome/maed/HelicoDataSet/CrossValidation/Annotated/B22-138_0/00497_Aug6.png,1,0.01616726815700531
B22-138,/fhome/maed/HelicoDataSet/CrossValidation/Annotated/B22-138_0/00409.png,0,0.0005668444791808724
B22-138,/fhome/maed/HelicoDataSet/CrossValidation/Annotated/B22-138_0/01727.png,0,0.00046526218648068607
B22-138,/fhome/maed/HelicoDataSet/CrossValidation/Annotated/B22-138_0/01648_Aug8.png,1,0.004004139453172684
B22-138,/fhome/maed/HelicoDataSet/CrossValidation/Annotated/B22-138_0/01330_Aug3.png,1,0.0021221465431153774
B22-138,/fhome/maed/HelicoDataSet/CrossValidation/Annotated/B22-138_0/01366_Aug3.png,1,0.0007502411026507616
B22-138,/fhome/maed/HelicoDataSet/CrossValidation/Annotated/B22-138_0/01648_Aug6.png,1,0.005021904595196247
B22-138,/fhome/maed/HelicoDataSet/CrossValidation/Annotated/B22-138_0/00542.png,0,0.00047488854033872485
B22-138,/fhome/maed/HelicoDataSet/CrossValidation/Annotated/B22-138_0/01366.png,1,0.0006794717046432197
B22-138,/fhome/maed/HelicoDataSet/CrossValidation/Annotated/B22-138_0/00892_Aug5.png,1,0.00040467557846568525
B22-138,/fhome/maed/HelicoDataSet/CrossValidation/Annotated/B22-138_0/00351_Aug3.png,1,0.001579034375026822
B22-138,/fhome/maed/HelicoDataSet/CrossValidation/Annotated/B22-138_0/00879_Aug3.png,1,0.0026763759087771177
B22-138,/fhome/maed/HelicoDataSet/CrossValidation/Annotated/B22-138_0/00699_Aug3.png,1,0.0005516211385838687
B22-138,/fhome/maed/HelicoDataSet/CrossValidation/Annotated/B22-138_0/00699_Aug6.png,1,0.0006779286777600646
B22-138,/fhome/maed/HelicoDataSet/CrossValidation/Annotated/B22-138_0/00442.png,0,0.00028146954718977213
B22-138,/fhome/maed/HelicoDataSet/CrossValidation/Annotated/B22-138_0/00892_Aug2.png,1,0.00040613190503790975
B22-138,/fhome/maed/HelicoDataSet/CrossValidation/Annotated/B22-138_0/01442.png,0,0.0006351755582727492
B22-138,/fhome/maed/HelicoDataSet/CrossValidation/Annotated/B22-138_0/01330_Aug6.png,1,0.005480644293129444
B22-138,/fhome/maed/HelicoDataSet/CrossValidation/Annotated/B22-138_0/00378.png,0,0.00044780521420761943
B22-138,/fhome/maed/HelicoDataSet/CrossValidation/Annotated/B22-138_0/00351_Aug4.png,1,0.001064969226717949
B22-138,/fhome/maed/HelicoDataSet/CrossValidation/Annotated/B22-138_0/01263_Aug3.png,1,0.0009991091210395098
B22-138,/fhome/maed/HelicoDataSet/CrossValidation/Annotated/B22-138_0/01714.png,0,0.0004572824982460588
B22-138,/fhome/maed/HelicoDataSet/CrossValidation/Annotated/B22-138_0/00879_Aug8.png,1,0.004008053336292505
B22-138,/fhome/maed/HelicoDataSet/CrossValidation/Annotated/B22-138_0/00351_Aug6.png,1,0.0011396972695365548
B22-138,/fhome/maed/HelicoDataSet/CrossValidation/Annotated/B22-138_0/01648_Aug5.png,1,0.004969845060259104
B22-138,/fhome/maed/HelicoDataSet/CrossValidation/Annotated/B22-138_0/01500_Aug6.png,1,0.0007622375851497054
B22-138,/fhome/maed/HelicoDataSet/CrossValidation/Annotated/B22-138_0/01813.png,0,0.00036690535489469767
B22-138,/fhome/maed/HelicoDataSet/CrossValidation/Annotated/B22-138_0/01648_Aug1.png,1,0.008235367015004158
B22-138,/fhome/maed/HelicoDataSet/CrossValidation/Annotated/B22-138_0/01646_Aug6.png,1,0.0008680266328155994
B22-138,/fhome/maed/HelicoDataSet/CrossValidation/Annotated/B22-138_0/01500_Aug3.png,1,0.0008048022864386439
B22-138,/fhome/maed/HelicoDataSet/CrossValidation/Annotated/B22-138_0/00699.png,1,0.0005729267140850425
B22-138,/fhome/maed/HelicoDataSet/CrossValidation/Annotated/B22-138_0/00361_Aug5.png,1,0.0010160834062844515
B22-138,/fhome/maed/HelicoDataSet/CrossValidation/Annotated/B22-138_0/01330_Aug5.png,1,0.0007533013704232872
B22-138,/fhome/maed/HelicoDataSet/CrossValidation/Annotated/B22-138_0/00879_Aug6.png,1,0.0041270991787314415
B22-138,/fhome/maed/HelicoDataSet/CrossValidation/Annotated/B22-138_0/00567.png,0,0.0003708002041094005
B22-138,/fhome/maed/HelicoDataSet/CrossValidation/Annotated/B22-138_0/01508.png,0,0.0004488506820052862
B22-138,/fhome/maed/HelicoDataSet/CrossValidation/Annotated/B22-138_0/01263_Aug2.png,1,0.001197799458168447
B22-138,/fhome/maed/HelicoDataSet/CrossValidation/Annotated/B22-138_0/00497.png,1,0.01717466488480568
B22-138,/fhome/maed/HelicoDataSet/CrossValidation/Annotated/B22-138_0/01608.png,0,0.0003979286993853748
B22-138,/fhome/maed/HelicoDataSet/CrossValidation/Annotated/B22-138_0/01380.png,0,0.0004242947034072131
B22-138,/fhome/maed/HelicoDataSet/CrossValidation/Annotated/B22-138_0/01355_Aug3.png,1,0.007782392203807831
B22-138,/fhome/maed/HelicoDataSet/CrossValidation/Annotated/B22-138_0/00967.png,0,0.00048326910473406315
B22-138,/fhome/maed/HelicoDataSet/CrossValidation/Annotated/B22-138_0/00892_Aug6.png,1,0.00040394053212367
B22-138,/fhome/maed/HelicoDataSet/CrossValidation/Annotated/B22-138_0/01649_Aug3.png,1,0.013889452442526817
B22-138,/fhome/maed/HelicoDataSet/CrossValidation/Annotated/B22-138_0/01330_Aug2.png,1,0.00373187568038702
B22-138,/fhome/maed/HelicoDataSet/CrossValidation/Annotated/B22-138_0/00699_Aug8.png,1,0.0006819224799983203
B22-138,/fhome/maed/HelicoDataSet/CrossValidation/Annotated/B22-138_0/00221.png,0,0.0005350640858523548
B22-138,/fhome/maed/HelicoDataSet/CrossValidation/Annotated/B22-138_0/00497_Aug5.png,1,0.01629132218658924
B22-138,/fhome/maed/HelicoDataSet/CrossValidation/Annotated/B22-138_0/00361_Aug1.png,1,0.0007021843921393156
B22-138,/fhome/maed/HelicoDataSet/CrossValidation/Annotated/B22-138_0/00879_Aug5.png,1,0.0019505390664562583
B22-138,/fhome/maed/HelicoDataSet/CrossValidation/Annotated/B22-138_0/00361.png,1,0.0006422719452530146
B22-138,/fhome/maed/HelicoDataSet/CrossValidation/Annotated/B22-138_0/00361_Aug7.png,1,0.0010179812088608742
B22-138,/fhome/maed/HelicoDataSet/CrossValidation/Annotated/B22-138_0/01396.png,0,0.0005284625804051757
B22-138,/fhome/maed/HelicoDataSet/CrossValidation/Annotated/B22-138_0/00116.png,0,0.00041946483543142676
B22-138,/fhome/maed/HelicoDataSet/CrossValidation/Annotated/B22-138_0/01500_Aug5.png,1,0.0006469315849244595
B22-138,/fhome/maed/HelicoDataSet/CrossValidation/Annotated/B22-138_0/00497_Aug2.png,1,0.016453616321086884
B22-138,/fhome/maed/HelicoDataSet/CrossValidation/Annotated/B22-138_0/00879.png,1,0.003521437756717205
B22-138,/fhome/maed/HelicoDataSet/CrossValidation/Annotated/B22-138_0/00379_Aug5.png,1,0.0005633276305161417
B22-138,/fhome/maed/HelicoDataSet/CrossValidation/Annotated/B22-138_0/00361_Aug8.png,1,0.0009989383397623897
B22-138,/fhome/maed/HelicoDataSet/CrossValidation/Annotated/B22-138_0/01095.png,0,0.00046819448471069336
B22-138,/fhome/maed/HelicoDataSet/CrossValidation/Annotated/B22-138_0/00056.png,0,0.00043252657633274794
B22-138,/fhome/maed/HelicoDataSet/CrossValidation/Annotated/B22-138_0/01263_Aug8.png,1,0.0011653847759589553
B22-138,/fhome/maed/HelicoDataSet/CrossValidation/Annotated/B22-138_0/00978.png,0,0.008189497515559196
B22-138,/fhome/maed/HelicoDataSet/CrossValidation/Annotated/B22-138_0/01365_Aug6.png,1,0.0006467797211371362
B22-138,/fhome/maed/HelicoDataSet/CrossValidation/Annotated/B22-138_0/01263_Aug6.png,1,0.0011092514032498002
B22-138,/fhome/maed/HelicoDataSet/CrossValidation/Annotated/B22-138_0/00361_Aug2.png,1,0.0006943924236111343
B22-138,/fhome/maed/HelicoDataSet/CrossValidation/Annotated/B22-138_0/01263.png,1,0.0011867880821228027
B22-138,/fhome/maed/HelicoDataSet/CrossValidation/Annotated/B22-138_0/01388.png,0,0.0004510491562541574
B22-138,/fhome/maed/HelicoDataSet/CrossValidation/Annotated/B22-138_0/00200.png,1,0.0017910528695210814
B22-138,/fhome/maed/HelicoDataSet/CrossValidation/Annotated/B22-138_0/00379_Aug4.png,1,0.000622526160441339
B22-138,/fhome/maed/HelicoDataSet/CrossValidation/Annotated/B22-138_0/01365_Aug3.png,1,0.0008059386163949966
B22-138,/fhome/maed/HelicoDataSet/CrossValidation/Annotated/B22-138_0/01648_Aug2.png,1,0.007809979375451803
B22-138,/fhome/maed/HelicoDataSet/CrossValidation/Annotated/B22-138_0/00351_Aug5.png,1,0.0017399087082594633
B22-138,/fhome/maed/HelicoDataSet/CrossValidation/Annotated/B22-138_0/00892_Aug8.png,1,0.00040314847137779
B22-138,/fhome/maed/HelicoDataSet/CrossValidation/Annotated/B22-138_0/01495.png,0,0.0004369288217276335
B22-138,/fhome/maed/HelicoDataSet/CrossValidation/Annotated/B22-138_0/00497_Aug7.png,1,0.017190473154187202
B22-138,/fhome/maed/HelicoDataSet/CrossValidation/Annotated/B22-138_0/00351_Aug7.png,1,0.0018836137605831027
B22-138,/fhome/maed/HelicoDataSet/CrossValidation/Annotated/B22-138_0/00733.png,0,0.0003706571296788752
B22-138,/fhome/maed/HelicoDataSet/CrossValidation/Annotated/B22-138_0/00647.png,0,0.00041140179382637143
B22-138,/fhome/maed/HelicoDataSet/CrossValidation/Annotated/B22-138_0/00892_Aug4.png,1,0.00041344016790390015
B22-138,/fhome/maed/HelicoDataSet/CrossValidation/Annotated/B22-138_0/01263_Aug7.png,1,0.0006643726374022663
B22-138,/fhome/maed/HelicoDataSet/CrossValidation/Annotated/B22-138_0/01713.png,0,0.0004285892937332392
B22-138,/fhome/maed/HelicoDataSet/CrossValidation/Annotated/B22-138_0/00958.png,0,0.00035593294887803495
B22-138,/fhome/maed/HelicoDataSet/CrossValidation/Annotated/B22-138_0/01355_Aug6.png,1,0.0046028560027480125
B22-138,/fhome/maed/HelicoDataSet/CrossValidation/Annotated/B22-138_0/01355_Aug4.png,1,0.00464460626244545
B22-138,/fhome/maed/HelicoDataSet/CrossValidation/Annotated/B22-138_0/01646_Aug1.png,1,0.0019530821591615677
B22-138,/fhome/maed/HelicoDataSet/CrossValidation/Annotated/B22-138_0/01355_Aug8.png,1,0.004527879413217306
B22-138,/fhome/maed/HelicoDataSet/CrossValidation/Annotated/B22-138_0/00497_Aug1.png,1,0.015965154394507408
B22-138,/fhome/maed/HelicoDataSet/CrossValidation/Annotated/B22-138_0/00550.png,0,0.0004015419108327478
B22-138,/fhome/maed/HelicoDataSet/CrossValidation/Annotated/B22-138_0/00985.png,0,0.000613934185821563
B22-138,/fhome/maed/HelicoDataSet/CrossValidation/Annotated/B22-138_0/01363.png,0,0.0003679100191220641
B22-138,/fhome/maed/HelicoDataSet/CrossValidation/Annotated/B22-138_0/01678.png,0,0.0005858216318301857
B22-138,/fhome/maed/HelicoDataSet/CrossValidation/Annotated/B22-138_0/00561.png,0,0.0004983259714208543
B22-138,/fhome/maed/HelicoDataSet/CrossValidation/Annotated/B22-138_0/01209.png,0,0.00047148947487585247
B22-138,/fhome/maed/HelicoDataSet/CrossValidation/Annotated/B22-138_0/01646_Aug7.png,1,0.005140162073075771
B22-138,/fhome/maed/HelicoDataSet/CrossValidation/Annotated/B22-138_0/00379_Aug8.png,1,0.0005029923049733043
B22-138,/fhome/maed/HelicoDataSet/CrossValidation/Annotated/B22-138_0/01263_Aug5.png,1,0.000774736050516367
B22-138,/fhome/maed/HelicoDataSet/CrossValidation/Annotated/B22-138_0/01366_Aug7.png,1,0.0011116454843431711
B22-138,/fhome/maed/HelicoDataSet/CrossValidation/Annotated/B22-138_0/01648_Aug4.png,1,0.00639661680907011
B22-138,/fhome/maed/HelicoDataSet/CrossValidation/Annotated/B22-138_0/01330_Aug1.png,1,0.0027607157826423645
B22-138,/fhome/maed/HelicoDataSet/CrossValidation/Annotated/B22-138_0/01504.png,0,0.00040824292227625847
B22-138,/fhome/maed/HelicoDataSet/CrossValidation/Annotated/B22-138_0/01366_Aug8.png,1,0.00038363324711099267
B22-138,/fhome/maed/HelicoDataSet/CrossValidation/Annotated/B22-138_0/01649_Aug8.png,1,0.00471138022840023
B22-138,/fhome/maed/HelicoDataSet/CrossValidation/Annotated/B22-138_0/00379_Aug7.png,1,0.0006136330193839967
B22-138,/fhome/maed/HelicoDataSet/CrossValidation/Annotated/B22-138_0/00699_Aug5.png,1,0.0005008946172893047
B22-138,/fhome/maed/HelicoDataSet/CrossValidation/Annotated/B22-138_0/01500_Aug8.png,1,0.0008143247105181217
B22-138,/fhome/maed/HelicoDataSet/CrossValidation/Annotated/B22-138_0/00892_Aug1.png,1,0.0004091042501386255
B22-138,/fhome/maed/HelicoDataSet/CrossValidation/Annotated/B22-138_0/01365_Aug5.png,1,0.0008015194907784462
B22-138,/fhome/maed/HelicoDataSet/CrossValidation/Annotated/B22-138_0/01355_Aug7.png,1,0.008229188621044159
B22-138,/fhome/maed/HelicoDataSet/CrossValidation/Annotated/B22-138_0/01330_Aug8.png,1,0.005263337399810553
B22-138,/fhome/maed/HelicoDataSet/CrossValidation/Annotated/B22-138_0/00699_Aug1.png,1,0.0006432518712244928
B22-138,/fhome/maed/HelicoDataSet/CrossValidation/Annotated/B22-138_0/01648_Aug7.png,1,0.004365153145045042
B22-138,/fhome/maed/HelicoDataSet/CrossValidation/Annotated/B22-138_0/01649_Aug2.png,1,0.010709276422858238
B22-138,/fhome/maed/HelicoDataSet/CrossValidation/Annotated/B22-138_0/00379.png,1,0.0005533727817237377
B22-138,/fhome/maed/HelicoDataSet/CrossValidation/Annotated/B22-138_0/00351_Aug1.png,1,0.0018931683152914047
B22-138,/fhome/maed/HelicoDataSet/CrossValidation/Annotated/B22-138_0/01424.png,0,0.0005726668750867248
B22-138,/fhome/maed/HelicoDataSet/CrossValidation/Annotated/B22-138_0/01008.png,0,0.0005087788449600339
B22-138,/fhome/maed/HelicoDataSet/CrossValidation/Annotated/B22-138_0/00527.png,0,0.0003228182322345674
B22-138,/fhome/maed/HelicoDataSet/CrossValidation/Annotated/B22-138_0/01430.png,0,0.000657792086713016
B22-138,/fhome/maed/HelicoDataSet/CrossValidation/Annotated/B22-138_0/01200.png,0,0.0005539768608286977
B22-138,/fhome/maed/HelicoDataSet/CrossValidation/Annotated/B22-138_0/01646_Aug5.png,1,0.004193353001028299
B22-138,/fhome/maed/HelicoDataSet/CrossValidation/Annotated/B22-138_0/01185.png,0,0.0004212984931655228
B22-138,/fhome/maed/HelicoDataSet/CrossValidation/Annotated/B22-138_0/01731.png,0,0.00046489349915646017
B22-138,/fhome/maed/HelicoDataSet/CrossValidation/Annotated/B22-138_0/01365.png,1,0.0008882074616849422
B22-138,/fhome/maed/HelicoDataSet/CrossValidation/Annotated/B22-138_0/01210.png,0,0.0004331613308750093
B22-138,/fhome/maed/HelicoDataSet/CrossValidation/Annotated/B22-138_0/01646_Aug4.png,1,0.0008968923939391971
B22-138,/fhome/maed/HelicoDataSet/CrossValidation/Annotated/B22-138_0/01263_Aug1.png,1,0.0010717164259403944
B22-138,/fhome/maed/HelicoDataSet/CrossValidation/Annotated/B22-138_0/01365_Aug2.png,1,0.0009613849106244743
B22-138,/fhome/maed/HelicoDataSet/CrossValidation/Annotated/B22-138_0/01500_Aug1.png,1,0.0007470854325219989
B22-138,/fhome/maed/HelicoDataSet/CrossValidation/Annotated/B22-138_0/01648.png,1,0.009650003165006638
B22-138,/fhome/maed/HelicoDataSet/CrossValidation/Annotated/B22-138_0/01263_Aug4.png,1,0.001210483256727457
B22-138,/fhome/maed/HelicoDataSet/CrossValidation/Annotated/B22-138_0/00892_Aug7.png,1,0.0003680259396787733
B22-138,/fhome/maed/HelicoDataSet/CrossValidation/Annotated/B22-138_0/01500_Aug4.png,1,0.000779678113758564
B22-138,/fhome/maed/HelicoDataSet/CrossValidation/Annotated/B22-138_0/00497_Aug8.png,1,0.017081312835216522
B22-138,/fhome/maed/HelicoDataSet/CrossValidation/Annotated/B22-138_0/01594.png,0,0.00032632084912620485
B22-138,/fhome/maed/HelicoDataSet/CrossValidation/Annotated/B22-138_0/01646_Aug3.png,1,0.002955593168735504
B22-138,/fhome/maed/HelicoDataSet/CrossValidation/Annotated/B22-138_0/01365_Aug8.png,1,0.0006515983259305358
B22-138,/fhome/maed/HelicoDataSet/CrossValidation/Annotated/B22-138_0/00959.png,0,0.0004300490254536271
B22-138,/fhome/maed/HelicoDataSet/CrossValidation/Annotated/B22-138_0/01649_Aug1.png,1,0.01252335961908102
B22-138,/fhome/maed/HelicoDataSet/CrossValidation/Annotated/B22-138_0/01192.png,0,0.0003788371104747057
B22-138,/fhome/maed/HelicoDataSet/CrossValidation/Annotated/B22-138_0/00200_Aug8.png,1,0.0004628834722097963
B22-138,/fhome/maed/HelicoDataSet/CrossValidation/Annotated/B22-138_0/01355_Aug1.png,1,0.00685147475451231
B22-138,/fhome/maed/HelicoDataSet/CrossValidation/Annotated/B22-138_0/01264.png,0,0.00039781490340828896
B22-138,/fhome/maed/HelicoDataSet/CrossValidation/Annotated/B22-138_0/00574.png,0,0.0004670958442147821
B22-138,/fhome/maed/HelicoDataSet/CrossValidation/Annotated/B22-138_0/00351.png,1,0.0013053258880972862
B22-138,/fhome/maed/HelicoDataSet/CrossValidation/Annotated/B22-138_0/00379_Aug2.png,1,0.0005486556328833103
B22-138,/fhome/maed/HelicoDataSet/CrossValidation/Annotated/B22-138_0/00526.png,0,0.0004138984950259328
B22-138,/fhome/maed/HelicoDataSet/CrossValidation/Annotated/B22-138_0/01262.png,0,0.00045975306420587003
B22-138,/fhome/maed/HelicoDataSet/CrossValidation/Annotated/B22-138_0/01256.png,0,0.0003873113018926233
B22-138,/fhome/maed/HelicoDataSet/CrossValidation/Annotated/B22-138_0/00879_Aug7.png,1,0.0015644406666979194
B22-138,/fhome/maed/HelicoDataSet/CrossValidation/Annotated/B22-138_0/00200_Aug2.png,1,0.0005980293499305844
B22-138,/fhome/maed/HelicoDataSet/CrossValidation/Annotated/B22-138_0/00379_Aug1.png,1,0.0006066846544854343
B22-138,/fhome/maed/HelicoDataSet/CrossValidation/Annotated/B22-138_0/01365_Aug4.png,1,0.0007267914479598403
B22-138,/fhome/maed/HelicoDataSet/CrossValidation/Annotated/B22-138_0/00892_Aug3.png,1,0.00040468861698172987
B22-138,/fhome/maed/HelicoDataSet/CrossValidation/Annotated/B22-138_0/01649.png,1,0.011652055196464062
B22-138,/fhome/maed/HelicoDataSet/CrossValidation/Annotated/B22-138_0/00879_Aug1.png,1,0.0035331237595528364
B22-138,/fhome/maed/HelicoDataSet/CrossValidation/Annotated/B22-138_0/01577.png,0,0.0003525827487464994
B22-138,/fhome/maed/HelicoDataSet/CrossValidation/Annotated/B22-138_0/00379_Aug6.png,1,0.0006697262870147824
B22-138,/fhome/maed/HelicoDataSet/CrossValidation/Annotated/B22-138_0/01646_Aug2.png,1,0.0009729789453558624
B22-138,/fhome/maed/HelicoDataSet/CrossValidation/Annotated/B22-138_0/01500_Aug2.png,1,0.0007696347311139107
B22-138,/fhome/maed/HelicoDataSet/CrossValidation/Annotated/B22-138_0/01330.png,1,0.0035848820116370916
B22-141,/fhome/maed/HelicoDataSet/CrossValidation/Annotated/B22-141_0/00131.png,0,0.0005476512014865875
B22-141,/fhome/maed/HelicoDataSet/CrossValidation/Annotated/B22-141_0/00141.png,0,0.0003939000889658928
B22-141,/fhome/maed/HelicoDataSet/CrossValidation/Annotated/B22-141_0/00298.png,0,0.00024196125741582364
B22-141,/fhome/maed/HelicoDataSet/CrossValidation/Annotated/B22-141_0/00315.png,0,0.00029546100995503366
B22-141,/fhome/maed/HelicoDataSet/CrossValidation/Annotated/B22-141_0/00352.png,0,0.00036923197330906987
B22-141,/fhome/maed/HelicoDataSet/CrossValidation/Annotated/B22-141_0/00290.png,0,0.0005347519181668758
B22-93,/fhome/maed/HelicoDataSet/CrossValidation/Annotated/B22-93_0/00641.png,0,0.00028221745742484927
B22-93,/fhome/maed/HelicoDataSet/CrossValidation/Annotated/B22-93_0/00678.png,0,0.00021658260084223002
B22-93,/fhome/maed/HelicoDataSet/CrossValidation/Annotated/B22-93_0/00675.png,0,0.00033170971437357366
B22-93,/fhome/maed/HelicoDataSet/CrossValidation/Annotated/B22-93_0/00639.png,0,0.0003253824543207884
B22-93,/fhome/maed/HelicoDataSet/CrossValidation/Annotated/B22-93_0/00677.png,0,0.0002178856375394389
B22-166,/fhome/maed/HelicoDataSet/CrossValidation/Annotated/B22-166_0/00118.png,0,0.0001023006479954347
B22-258,/fhome/maed/HelicoDataSet/CrossValidation/Annotated/B22-258_0/00714.png,0,0.0005451904144138098
B22-258,/fhome/maed/HelicoDataSet/CrossValidation/Annotated/B22-258_0/00733.png,0,0.0005398852517828345
B22-258,/fhome/maed/HelicoDataSet/CrossValidation/Annotated/B22-258_0/01007.png,0,0.00046276263310573995
B22-258,/fhome/maed/HelicoDataSet/CrossValidation/Annotated/B22-258_0/00747.png,0,0.0005032395711168647
B22-258,/fhome/maed/HelicoDataSet/CrossValidation/Annotated/B22-258_0/00721.png,0,0.0005075825029052794
B22-258,/fhome/maed/HelicoDataSet/CrossValidation/Annotated/B22-258_0/00745.png,0,0.0005741220084019005
B22-127,/fhome/maed/HelicoDataSet/CrossValidation/Annotated/B22-127_0/00117.png,0,0.00047292871749959886
B22-127,/fhome/maed/HelicoDataSet/CrossValidation/Annotated/B22-127_0/00754.png,0,0.0006309965974651277
B22-127,/fhome/maed/HelicoDataSet/CrossValidation/Annotated/B22-127_0/00624.png,0,0.0005228063091635704
B22-125,/fhome/maed/HelicoDataSet/CrossValidation/Annotated/B22-125_0/03857.png,0,0.0003790963382925838
B22-125,/fhome/maed/HelicoDataSet/CrossValidation/Annotated/B22-125_0/03028.png,0,0.0003525374340824783
B22-230,/fhome/maed/HelicoDataSet/CrossValidation/Annotated/B22-230_0/03934.png,0,0.0002292772987857461
B22-302,/fhome/maed/HelicoDataSet/CrossValidation/Annotated/B22-302_0/00846_Aug7.png,1,0.027958158403635025
B22-302,/fhome/maed/HelicoDataSet/CrossValidation/Annotated/B22-302_0/00231_Aug7.png,1,0.016969576478004456
B22-302,/fhome/maed/HelicoDataSet/CrossValidation/Annotated/B22-302_0/00957.png,0,0.05983246490359306
B22-302,/fhome/maed/HelicoDataSet/CrossValidation/Annotated/B22-302_0/00175_Aug7.png,1,0.004161661025136709
B22-302,/fhome/maed/HelicoDataSet/CrossValidation/Annotated/B22-302_0/00776.png,0,0.02559291385114193
B22-302,/fhome/maed/HelicoDataSet/CrossValidation/Annotated/B22-302_0/00175_Aug5.png,1,0.004759971983730793
B22-302,/fhome/maed/HelicoDataSet/CrossValidation/Annotated/B22-302_0/00175_Aug3.png,1,0.005569297820329666
B22-302,/fhome/maed/HelicoDataSet/CrossValidation/Annotated/B22-302_0/01020.png,0,0.01371427159756422
B22-302,/fhome/maed/HelicoDataSet/CrossValidation/Annotated/B22-302_0/00168_Aug6.png,1,0.014827149920165539
B22-302,/fhome/maed/HelicoDataSet/CrossValidation/Annotated/B22-302_0/00154_Aug8.png,1,0.03444988653063774
B22-302,/fhome/maed/HelicoDataSet/CrossValidation/Annotated/B22-302_0/00846.png,1,0.02648133598268032
B22-302,/fhome/maed/HelicoDataSet/CrossValidation/Annotated/B22-302_0/00846_Aug3.png,1,0.027711063623428345
B22-302,/fhome/maed/HelicoDataSet/CrossValidation/Annotated/B22-302_0/00168_Aug1.png,1,0.025479625910520554
B22-302,/fhome/maed/HelicoDataSet/CrossValidation/Annotated/B22-302_0/01449.png,0,0.02597956173121929
B22-302,/fhome/maed/HelicoDataSet/CrossValidation/Annotated/B22-302_0/00168.png,1,0.021660497412085533
B22-302,/fhome/maed/HelicoDataSet/CrossValidation/Annotated/B22-302_0/00175_Aug1.png,1,0.0072950138710439205
B22-302,/fhome/maed/HelicoDataSet/CrossValidation/Annotated/B22-302_0/00946.png,0,0.021649636328220367
B22-302,/fhome/maed/HelicoDataSet/CrossValidation/Annotated/B22-302_0/00846_Aug5.png,1,0.029293343424797058
B22-302,/fhome/maed/HelicoDataSet/CrossValidation/Annotated/B22-302_0/00231_Aug8.png,1,0.0006748176529072225
B22-302,/fhome/maed/HelicoDataSet/CrossValidation/Annotated/B22-302_0/00783.png,0,0.05400947481393814
B22-302,/fhome/maed/HelicoDataSet/CrossValidation/Annotated/B22-302_0/01292.png,0,0.04094464331865311
B22-302,/fhome/maed/HelicoDataSet/CrossValidation/Annotated/B22-302_0/00231_Aug1.png,1,0.007709728088229895
B22-302,/fhome/maed/HelicoDataSet/CrossValidation/Annotated/B22-302_0/00154_Aug6.png,1,0.03149911016225815
B22-302,/fhome/maed/HelicoDataSet/CrossValidation/Annotated/B22-302_0/01140.png,0,0.015309281647205353
B22-302,/fhome/maed/HelicoDataSet/CrossValidation/Annotated/B22-302_0/00846_Aug8.png,1,0.045117393136024475
B22-302,/fhome/maed/HelicoDataSet/CrossValidation/Annotated/B22-302_0/00846_Aug2.png,1,0.03236904740333557
B22-302,/fhome/maed/HelicoDataSet/CrossValidation/Annotated/B22-302_0/00168_Aug8.png,1,0.01504389476031065
B22-302,/fhome/maed/HelicoDataSet/CrossValidation/Annotated/B22-302_0/00168_Aug2.png,1,0.01845083013176918
B22-302,/fhome/maed/HelicoDataSet/CrossValidation/Annotated/B22-302_0/00175_Aug8.png,1,0.004161659628152847
B22-302,/fhome/maed/HelicoDataSet/CrossValidation/Annotated/B22-302_0/00168_Aug4.png,1,0.016802918165922165
B22-302,/fhome/maed/HelicoDataSet/CrossValidation/Annotated/B22-302_0/00485.png,0,0.001515173353254795
B22-302,/fhome/maed/HelicoDataSet/CrossValidation/Annotated/B22-302_0/00835.png,0,0.05776653811335564
B22-302,/fhome/maed/HelicoDataSet/CrossValidation/Annotated/B22-302_0/00154_Aug7.png,1,0.03565269708633423
B22-302,/fhome/maed/HelicoDataSet/CrossValidation/Annotated/B22-302_0/00231_Aug4.png,1,0.0006663458771072328
B22-302,/fhome/maed/HelicoDataSet/CrossValidation/Annotated/B22-302_0/01034.png,0,0.010531624779105186
B22-302,/fhome/maed/HelicoDataSet/CrossValidation/Annotated/B22-302_0/00168_Aug5.png,1,0.030736064538359642
B22-302,/fhome/maed/HelicoDataSet/CrossValidation/Annotated/B22-302_0/00583.png,0,0.0008366761612705886
B22-302,/fhome/maed/HelicoDataSet/CrossValidation/Annotated/B22-302_0/00168_Aug7.png,1,0.03436986729502678
B22-302,/fhome/maed/HelicoDataSet/CrossValidation/Annotated/B22-302_0/01085.png,0,0.020704146474599838
B22-302,/fhome/maed/HelicoDataSet/CrossValidation/Annotated/B22-302_0/00175.png,1,0.00804576650261879
B22-302,/fhome/maed/HelicoDataSet/CrossValidation/Annotated/B22-302_0/00231.png,1,0.004668744280934334
B22-302,/fhome/maed/HelicoDataSet/CrossValidation/Annotated/B22-302_0/00731.png,0,0.0355379655957222
B22-302,/fhome/maed/HelicoDataSet/CrossValidation/Annotated/B22-302_0/00175_Aug6.png,1,0.004954157397150993
B22-302,/fhome/maed/HelicoDataSet/CrossValidation/Annotated/B22-302_0/00175_Aug2.png,1,0.0072950152680277824
B22-302,/fhome/maed/HelicoDataSet/CrossValidation/Annotated/B22-302_0/00168_Aug3.png,1,0.027423333376646042
B22-302,/fhome/maed/HelicoDataSet/CrossValidation/Annotated/B22-302_0/00154_Aug2.png,1,0.024325739592313766
B22-302,/fhome/maed/HelicoDataSet/CrossValidation/Annotated/B22-302_0/00231_Aug3.png,1,0.011777885258197784
B22-302,/fhome/maed/HelicoDataSet/CrossValidation/Annotated/B22-302_0/00154_Aug3.png,1,0.02784297987818718
B22-302,/fhome/maed/HelicoDataSet/CrossValidation/Annotated/B22-302_0/00231_Aug5.png,1,0.014189161360263824
B22-302,/fhome/maed/HelicoDataSet/CrossValidation/Annotated/B22-302_0/00231_Aug2.png,1,0.0011010551825165749
B22-302,/fhome/maed/HelicoDataSet/CrossValidation/Annotated/B22-302_0/00436.png,0,0.0006535641150549054
B22-302,/fhome/maed/HelicoDataSet/CrossValidation/Annotated/B22-302_0/00154.png,1,0.021942686289548874
B22-302,/fhome/maed/HelicoDataSet/CrossValidation/Annotated/B22-302_0/00154_Aug5.png,1,0.031252242624759674
B22-302,/fhome/maed/HelicoDataSet/CrossValidation/Annotated/B22-302_0/00154_Aug1.png,1,0.02552669867873192
B22-302,/fhome/maed/HelicoDataSet/CrossValidation/Annotated/B22-302_0/00231_Aug6.png,1,0.0006382553838193417
B22-302,/fhome/maed/HelicoDataSet/CrossValidation/Annotated/B22-302_0/00175_Aug4.png,1,0.005569297820329666
B22-302,/fhome/maed/HelicoDataSet/CrossValidation/Annotated/B22-302_0/00846_Aug1.png,1,0.026611242443323135
B22-302,/fhome/maed/HelicoDataSet/CrossValidation/Annotated/B22-302_0/00846_Aug4.png,1,0.03638608008623123
B22-302,/fhome/maed/HelicoDataSet/CrossValidation/Annotated/B22-302_0/00846_Aug6.png,1,0.04134128615260124
B22-302,/fhome/maed/HelicoDataSet/CrossValidation/Annotated/B22-302_0/00154_Aug4.png,1,0.028324326500296593
B22-302,/fhome/maed/HelicoDataSet/CrossValidation/Annotated/B22-302_0/01043.png,0,0.007681289687752724
B22-46,/fhome/maed/HelicoDataSet/CrossValidation/Annotated/B22-46_0/01039_Aug4.png,1,0.013960640877485275
B22-46,/fhome/maed/HelicoDataSet/CrossValidation/Annotated/B22-46_0/01039_Aug8.png,1,0.016666274517774582
B22-46,/fhome/maed/HelicoDataSet/CrossValidation/Annotated/B22-46_0/01039_Aug7.png,1,0.015241461805999279
B22-46,/fhome/maed/HelicoDataSet/CrossValidation/Annotated/B22-46_0/01039_Aug5.png,1,0.014263741672039032
B22-46,/fhome/maed/HelicoDataSet/CrossValidation/Annotated/B22-46_0/01547.png,0,0.00054937694221735
B22-46,/fhome/maed/HelicoDataSet/CrossValidation/Annotated/B22-46_0/01340_Aug8.png,1,0.007609100546687841
B22-46,/fhome/maed/HelicoDataSet/CrossValidation/Annotated/B22-46_0/01338_Aug7.png,1,0.005780487786978483
B22-46,/fhome/maed/HelicoDataSet/CrossValidation/Annotated/B22-46_0/01340_Aug3.png,1,0.012400227598845959
B22-46,/fhome/maed/HelicoDataSet/CrossValidation/Annotated/B22-46_0/01039_Aug1.png,1,0.012292146682739258
B22-46,/fhome/maed/HelicoDataSet/CrossValidation/Annotated/B22-46_0/01291_Aug7.png,1,0.006779867224395275
B22-46,/fhome/maed/HelicoDataSet/CrossValidation/Annotated/B22-46_0/01338_Aug1.png,1,0.003929372876882553
B22-46,/fhome/maed/HelicoDataSet/CrossValidation/Annotated/B22-46_0/01340_Aug4.png,1,0.009118547663092613
B22-46,/fhome/maed/HelicoDataSet/CrossValidation/Annotated/B22-46_0/02336.png,0,0.00046144923544488847
B22-46,/fhome/maed/HelicoDataSet/CrossValidation/Annotated/B22-46_0/01340_Aug5.png,1,0.013339444994926453
B22-46,/fhome/maed/HelicoDataSet/CrossValidation/Annotated/B22-46_0/01852.png,0,0.0005371067090891302
B22-46,/fhome/maed/HelicoDataSet/CrossValidation/Annotated/B22-46_0/01338_Aug8.png,1,0.0034171740990132093
B22-46,/fhome/maed/HelicoDataSet/CrossValidation/Annotated/B22-46_0/01291_Aug4.png,1,0.001599821262061596
B22-46,/fhome/maed/HelicoDataSet/CrossValidation/Annotated/B22-46_0/01340.png,1,0.0115413349121809
B22-46,/fhome/maed/HelicoDataSet/CrossValidation/Annotated/B22-46_0/01338_Aug3.png,1,0.003486664965748787
B22-46,/fhome/maed/HelicoDataSet/CrossValidation/Annotated/B22-46_0/01340_Aug2.png,1,0.011451209895312786
B22-46,/fhome/maed/HelicoDataSet/CrossValidation/Annotated/B22-46_0/01039_Aug3.png,1,0.013277809135615826
B22-46,/fhome/maed/HelicoDataSet/CrossValidation/Annotated/B22-46_0/01338_Aug6.png,1,0.0028454246930778027
B22-46,/fhome/maed/HelicoDataSet/CrossValidation/Annotated/B22-46_0/01338.png,1,0.003922698087990284
B22-46,/fhome/maed/HelicoDataSet/CrossValidation/Annotated/B22-46_0/02831.png,0,0.0005986790056340396
B22-46,/fhome/maed/HelicoDataSet/CrossValidation/Annotated/B22-46_0/02771.png,0,0.0006563572678714991
B22-46,/fhome/maed/HelicoDataSet/CrossValidation/Annotated/B22-46_0/02888.png,0,0.0004197968519292772
B22-46,/fhome/maed/HelicoDataSet/CrossValidation/Annotated/B22-46_0/01338_Aug5.png,1,0.004783747252076864
B22-46,/fhome/maed/HelicoDataSet/CrossValidation/Annotated/B22-46_0/01340_Aug1.png,1,0.011685418896377087
B22-46,/fhome/maed/HelicoDataSet/CrossValidation/Annotated/B22-46_0/01291_Aug1.png,1,0.003828314831480384
B22-46,/fhome/maed/HelicoDataSet/CrossValidation/Annotated/B22-46_0/00182.png,0,0.0006932371761649847
B22-46,/fhome/maed/HelicoDataSet/CrossValidation/Annotated/B22-46_0/00649.png,0,0.00042619367013685405
B22-46,/fhome/maed/HelicoDataSet/CrossValidation/Annotated/B22-46_0/01291_Aug6.png,1,0.001202696468681097
B22-46,/fhome/maed/HelicoDataSet/CrossValidation/Annotated/B22-46_0/01340_Aug6.png,1,0.009403932839632034
B22-46,/fhome/maed/HelicoDataSet/CrossValidation/Annotated/B22-46_0/01039_Aug6.png,1,0.015075348317623138
B22-46,/fhome/maed/HelicoDataSet/CrossValidation/Annotated/B22-46_0/01291.png,1,0.0020644264295697212
B22-46,/fhome/maed/HelicoDataSet/CrossValidation/Annotated/B22-46_0/03030.png,0,0.00028734991792589426
B22-46,/fhome/maed/HelicoDataSet/CrossValidation/Annotated/B22-46_0/01338_Aug4.png,1,0.002887601964175701
B22-46,/fhome/maed/HelicoDataSet/CrossValidation/Annotated/B22-46_0/01039.png,1,0.011465380899608135
B22-46,/fhome/maed/HelicoDataSet/CrossValidation/Annotated/B22-46_0/01039_Aug2.png,1,0.012638218700885773
B22-46,/fhome/maed/HelicoDataSet/CrossValidation/Annotated/B22-46_0/01291_Aug2.png,1,0.002405533567070961
B22-46,/fhome/maed/HelicoDataSet/CrossValidation/Annotated/B22-46_0/01338_Aug2.png,1,0.0034003506880253553
B22-46,/fhome/maed/HelicoDataSet/CrossValidation/Annotated/B22-46_0/01470.png,0,0.0005365456454455853
B22-46,/fhome/maed/HelicoDataSet/CrossValidation/Annotated/B22-46_0/01340_Aug7.png,1,0.014881208539009094
B22-46,/fhome/maed/HelicoDataSet/CrossValidation/Annotated/B22-46_0/00943.png,0,0.0008095511002466083
B22-46,/fhome/maed/HelicoDataSet/CrossValidation/Annotated/B22-46_0/01291_Aug5.png,1,0.006348045077174902
B22-46,/fhome/maed/HelicoDataSet/CrossValidation/Annotated/B22-46_0/01291_Aug8.png,1,0.0009164537186734378
B22-46,/fhome/maed/HelicoDataSet/CrossValidation/Annotated/B22-46_0/01291_Aug3.png,1,0.004830959718674421
B22-117,/fhome/maed/HelicoDataSet/CrossValidation/Annotated/B22-117_0/01180.png,0,0.000436556147178635
B22-117,/fhome/maed/HelicoDataSet/CrossValidation/Annotated/B22-117_0/00952.png,0,0.000592977914493531
B22-117,/fhome/maed/HelicoDataSet/CrossValidation/Annotated/B22-117_0/01202.png,0,0.00029881985392421484
B22-256,/fhome/maed/HelicoDataSet/CrossValidation/Annotated/B22-256_0/00216.png,0,0.0005906032165512443
B22-256,/fhome/maed/HelicoDataSet/CrossValidation/Annotated/B22-256_0/00678.png,0,0.00047358934534713626
B22-256,/fhome/maed/HelicoDataSet/CrossValidation/Annotated/B22-256_0/00258.png,0,0.0006998897297307849
B22-71,/fhome/maed/HelicoDataSet/CrossValidation/Annotated/B22-71_0/00048_Aug6.png,1,0.02012443169951439
B22-71,/fhome/maed/HelicoDataSet/CrossValidation/Annotated/B22-71_0/00048_Aug8.png,1,0.01796296238899231
B22-71,/fhome/maed/HelicoDataSet/CrossValidation/Annotated/B22-71_0/00048_Aug2.png,1,0.01872631162405014
B22-71,/fhome/maed/HelicoDataSet/CrossValidation/Annotated/B22-71_0/00048_Aug4.png,1,0.018959984183311462
B22-71,/fhome/maed/HelicoDataSet/CrossValidation/Annotated/B22-71_0/00332.png,0,0.0004729063657578081
B22-71,/fhome/maed/HelicoDataSet/CrossValidation/Annotated/B22-71_0/00048_Aug5.png,1,0.019486429169774055
B22-71,/fhome/maed/HelicoDataSet/CrossValidation/Annotated/B22-71_0/00048_Aug1.png,1,0.020098939538002014
B22-71,/fhome/maed/HelicoDataSet/CrossValidation/Annotated/B22-71_0/00048_Aug3.png,1,0.020246202126145363
B22-71,/fhome/maed/HelicoDataSet/CrossValidation/Annotated/B22-71_0/00048_Aug7.png,1,0.023691296577453613
B22-71,/fhome/maed/HelicoDataSet/CrossValidation/Annotated/B22-71_0/00048.png,1,0.019498029723763466
B22-60,/fhome/maed/HelicoDataSet/CrossValidation/Annotated/B22-60_0/01473.png,0,0.000754085776861757
B22-60,/fhome/maed/HelicoDataSet/CrossValidation/Annotated/B22-60_0/00339.png,0,0.0007070453139021993
B22-60,/fhome/maed/HelicoDataSet/CrossValidation/Annotated/B22-60_0/00900.png,0,0.0004360140301287174
B22-60,/fhome/maed/HelicoDataSet/CrossValidation/Annotated/B22-60_0/01474.png,0,0.0005774619057774544
B22-60,/fhome/maed/HelicoDataSet/CrossValidation/Annotated/B22-60_0/00743.png,0,0.0004402107442729175
B22-60,/fhome/maed/HelicoDataSet/CrossValidation/Annotated/B22-60_0/00636.png,0,0.00040535914013162255
B22-26,/fhome/maed/HelicoDataSet/CrossValidation/Annotated/B22-26_0/01044.png,0,0.0003786850138567388
B22-26,/fhome/maed/HelicoDataSet/CrossValidation/Annotated/B22-26_0/00000.png,0,0.00045374533510766923
B22-94,/fhome/maed/HelicoDataSet/CrossValidation/Annotated/B22-94_1/00159.png,0,0.0001048867343342863
B22-94,/fhome/maed/HelicoDataSet/CrossValidation/Annotated/B22-94_1/00164.png,0,0.00019612254982348531
B22-94,/fhome/maed/HelicoDataSet/CrossValidation/Annotated/B22-94_1/00171.png,0,0.00011569915659492835
B22-94,/fhome/maed/HelicoDataSet/CrossValidation/Annotated/B22-94_1/00068.png,0,0.00019872767734341323
B22-280,/fhome/maed/HelicoDataSet/CrossValidation/Annotated/B22-280_0/00337_Aug3.png,1,0.013073192909359932
B22-280,/fhome/maed/HelicoDataSet/CrossValidation/Annotated/B22-280_0/00354_Aug8.png,1,0.014342529699206352
B22-280,/fhome/maed/HelicoDataSet/CrossValidation/Annotated/B22-280_0/00060.png,1,0.008192981593310833
B22-280,/fhome/maed/HelicoDataSet/CrossValidation/Annotated/B22-280_0/00162_Aug2.png,1,0.010605048388242722
B22-280,/fhome/maed/HelicoDataSet/CrossValidation/Annotated/B22-280_0/00771.png,1,0.00545135885477066
B22-280,/fhome/maed/HelicoDataSet/CrossValidation/Annotated/B22-280_0/00337_Aug8.png,1,0.020579829812049866
B22-280,/fhome/maed/HelicoDataSet/CrossValidation/Annotated/B22-280_0/00354_Aug2.png,1,0.018805891275405884
B22-280,/fhome/maed/HelicoDataSet/CrossValidation/Annotated/B22-280_0/00191.png,1,0.022552376613020897
B22-280,/fhome/maed/HelicoDataSet/CrossValidation/Annotated/B22-280_0/00162_Aug3.png,1,0.011221019551157951
B22-280,/fhome/maed/HelicoDataSet/CrossValidation/Annotated/B22-280_0/00771_Aug1.png,1,0.005638075061142445
B22-280,/fhome/maed/HelicoDataSet/CrossValidation/Annotated/B22-280_0/00162_Aug6.png,1,0.010974525474011898
B22-280,/fhome/maed/HelicoDataSet/CrossValidation/Annotated/B22-280_0/00162_Aug8.png,1,0.00960948783904314
B22-280,/fhome/maed/HelicoDataSet/CrossValidation/Annotated/B22-280_0/00060_Aug7.png,1,0.008291857317090034
B22-280,/fhome/maed/HelicoDataSet/CrossValidation/Annotated/B22-280_0/00162_Aug4.png,1,0.010557989589869976
B22-280,/fhome/maed/HelicoDataSet/CrossValidation/Annotated/B22-280_0/00191_Aug5.png,1,0.01777038536965847
B22-280,/fhome/maed/HelicoDataSet/CrossValidation/Annotated/B22-280_0/00162_Aug7.png,1,0.010057447478175163
B22-280,/fhome/maed/HelicoDataSet/CrossValidation/Annotated/B22-280_0/00337_Aug6.png,1,0.019478581845760345
B22-280,/fhome/maed/HelicoDataSet/CrossValidation/Annotated/B22-280_0/00060_Aug1.png,1,0.008615732192993164
B22-280,/fhome/maed/HelicoDataSet/CrossValidation/Annotated/B22-280_0/00060_Aug8.png,1,0.006397358141839504
B22-280,/fhome/maed/HelicoDataSet/CrossValidation/Annotated/B22-280_0/00354_Aug4.png,1,0.017578423023223877
B22-280,/fhome/maed/HelicoDataSet/CrossValidation/Annotated/B22-280_0/00354_Aug5.png,1,0.015909776091575623
B22-280,/fhome/maed/HelicoDataSet/CrossValidation/Annotated/B22-280_0/00354.png,1,0.01859254203736782
B22-280,/fhome/maed/HelicoDataSet/CrossValidation/Annotated/B22-280_0/00162_Aug5.png,1,0.011172285303473473
B22-280,/fhome/maed/HelicoDataSet/CrossValidation/Annotated/B22-280_0/00354_Aug7.png,1,0.013802483677864075
B22-280,/fhome/maed/HelicoDataSet/CrossValidation/Annotated/B22-280_0/00337.png,1,0.01585652306675911
B22-280,/fhome/maed/HelicoDataSet/CrossValidation/Annotated/B22-280_0/00191_Aug4.png,1,0.025814635679125786
B22-280,/fhome/maed/HelicoDataSet/CrossValidation/Annotated/B22-280_0/00337_Aug7.png,1,0.010807372629642487
B22-280,/fhome/maed/HelicoDataSet/CrossValidation/Annotated/B22-280_0/00191_Aug1.png,1,0.020692426711320877
B22-280,/fhome/maed/HelicoDataSet/CrossValidation/Annotated/B22-280_0/00337_Aug4.png,1,0.01840841770172119
B22-280,/fhome/maed/HelicoDataSet/CrossValidation/Annotated/B22-280_0/00771_Aug7.png,1,0.006165701430290937
B22-280,/fhome/maed/HelicoDataSet/CrossValidation/Annotated/B22-280_0/00060_Aug4.png,1,0.00788193941116333
B22-280,/fhome/maed/HelicoDataSet/CrossValidation/Annotated/B22-280_0/00162.png,1,0.01044713519513607
B22-280,/fhome/maed/HelicoDataSet/CrossValidation/Annotated/B22-280_0/00337_Aug1.png,1,0.014539118856191635
B22-280,/fhome/maed/HelicoDataSet/CrossValidation/Annotated/B22-280_0/00060_Aug3.png,1,0.008469774387776852
B22-280,/fhome/maed/HelicoDataSet/CrossValidation/Annotated/B22-280_0/00060_Aug5.png,1,0.008247209712862968
B22-280,/fhome/maed/HelicoDataSet/CrossValidation/Annotated/B22-280_0/00162_Aug1.png,1,0.011393507942557335
B22-280,/fhome/maed/HelicoDataSet/CrossValidation/Annotated/B22-280_0/00771_Aug2.png,1,0.005748284514993429
B22-280,/fhome/maed/HelicoDataSet/CrossValidation/Annotated/B22-280_0/00771_Aug8.png,1,0.005242019426077604
B22-280,/fhome/maed/HelicoDataSet/CrossValidation/Annotated/B22-280_0/00354_Aug6.png,1,0.016584184020757675
B22-280,/fhome/maed/HelicoDataSet/CrossValidation/Annotated/B22-280_0/00337_Aug2.png,1,0.017123505473136902
B22-280,/fhome/maed/HelicoDataSet/CrossValidation/Annotated/B22-280_0/00771_Aug3.png,1,0.005482054315507412
B22-280,/fhome/maed/HelicoDataSet/CrossValidation/Annotated/B22-280_0/00191_Aug2.png,1,0.023880798369646072
B22-280,/fhome/maed/HelicoDataSet/CrossValidation/Annotated/B22-280_0/00191_Aug7.png,1,0.01726251095533371
B22-280,/fhome/maed/HelicoDataSet/CrossValidation/Annotated/B22-280_0/00354_Aug1.png,1,0.017820119857788086
B22-280,/fhome/maed/HelicoDataSet/CrossValidation/Annotated/B22-280_0/00354_Aug3.png,1,0.01744694635272026
B22-280,/fhome/maed/HelicoDataSet/CrossValidation/Annotated/B22-280_0/00060_Aug6.png,1,0.007046932354569435
B22-280,/fhome/maed/HelicoDataSet/CrossValidation/Annotated/B22-280_0/00806.png,0,0.0020227190107107162
B22-280,/fhome/maed/HelicoDataSet/CrossValidation/Annotated/B22-280_0/00771_Aug6.png,1,0.005387067794799805
B22-280,/fhome/maed/HelicoDataSet/CrossValidation/Annotated/B22-280_0/00191_Aug6.png,1,0.025768235325813293
B22-280,/fhome/maed/HelicoDataSet/CrossValidation/Annotated/B22-280_0/00771_Aug5.png,1,0.006163041107356548
B22-280,/fhome/maed/HelicoDataSet/CrossValidation/Annotated/B22-280_0/00191_Aug8.png,1,0.026351502165198326
B22-280,/fhome/maed/HelicoDataSet/CrossValidation/Annotated/B22-280_0/00191_Aug3.png,1,0.018957365304231644
B22-280,/fhome/maed/HelicoDataSet/CrossValidation/Annotated/B22-280_0/00060_Aug2.png,1,0.007856782525777817
B22-280,/fhome/maed/HelicoDataSet/CrossValidation/Annotated/B22-280_0/00337_Aug5.png,1,0.012552855536341667
B22-280,/fhome/maed/HelicoDataSet/CrossValidation/Annotated/B22-280_0/00397.png,0,0.0005622643511742353
B22-280,/fhome/maed/HelicoDataSet/CrossValidation/Annotated/B22-280_0/00771_Aug4.png,1,0.005502492189407349
B22-99,/fhome/maed/HelicoDataSet/CrossValidation/Annotated/B22-99_0/00521.png,0,0.0002549710916355252
B22-313,/fhome/maed/HelicoDataSet/CrossValidation/Annotated/B22-313_0/01364.png,0,0.00023469558800570667
B22-313,/fhome/maed/HelicoDataSet/CrossValidation/Annotated/B22-313_0/00105_Aug5.png,1,0.003747193142771721
B22-313,/fhome/maed/HelicoDataSet/CrossValidation/Annotated/B22-313_0/01310.png,1,0.007581233512610197
B22-313,/fhome/maed/HelicoDataSet/CrossValidation/Annotated/B22-313_0/01552_Aug7.png,1,0.0003468315990176052
B22-313,/fhome/maed/HelicoDataSet/CrossValidation/Annotated/B22-313_0/01552_Aug8.png,1,0.006818498484790325
B22-313,/fhome/maed/HelicoDataSet/CrossValidation/Annotated/B22-313_0/00105_Aug1.png,1,0.005519265308976173
B22-313,/fhome/maed/HelicoDataSet/CrossValidation/Annotated/B22-313_0/01310_Aug7.png,1,0.009244773536920547
B22-313,/fhome/maed/HelicoDataSet/CrossValidation/Annotated/B22-313_0/00105_Aug8.png,1,0.002956948708742857
B22-313,/fhome/maed/HelicoDataSet/CrossValidation/Annotated/B22-313_0/01310_Aug1.png,1,0.00799841433763504
B22-313,/fhome/maed/HelicoDataSet/CrossValidation/Annotated/B22-313_0/00105_Aug3.png,1,0.004796550143510103
B22-313,/fhome/maed/HelicoDataSet/CrossValidation/Annotated/B22-313_0/01310_Aug4.png,1,0.007263295352458954
B22-313,/fhome/maed/HelicoDataSet/CrossValidation/Annotated/B22-313_0/00210.png,0,0.00022165033442433923
B22-313,/fhome/maed/HelicoDataSet/CrossValidation/Annotated/B22-313_0/01310_Aug2.png,1,0.006957877427339554
B22-313,/fhome/maed/HelicoDataSet/CrossValidation/Annotated/B22-313_0/00105_Aug7.png,1,0.003004342783242464
B22-313,/fhome/maed/HelicoDataSet/CrossValidation/Annotated/B22-313_0/01310_Aug8.png,1,0.005115993320941925
B22-313,/fhome/maed/HelicoDataSet/CrossValidation/Annotated/B22-313_0/01552_Aug4.png,1,0.004504184704273939
B22-313,/fhome/maed/HelicoDataSet/CrossValidation/Annotated/B22-313_0/00105_Aug6.png,1,0.003299666102975607
B22-313,/fhome/maed/HelicoDataSet/CrossValidation/Annotated/B22-313_0/01552.png,1,0.003043895587325096
B22-313,/fhome/maed/HelicoDataSet/CrossValidation/Annotated/B22-313_0/00105_Aug2.png,1,0.0043566967360675335
B22-313,/fhome/maed/HelicoDataSet/CrossValidation/Annotated/B22-313_0/00105_Aug4.png,1,0.0030524651519954205
B22-313,/fhome/maed/HelicoDataSet/CrossValidation/Annotated/B22-313_0/01552_Aug3.png,1,0.0007429983816109598
B22-313,/fhome/maed/HelicoDataSet/CrossValidation/Annotated/B22-313_0/01552_Aug1.png,1,0.0012306163553148508
B22-313,/fhome/maed/HelicoDataSet/CrossValidation/Annotated/B22-313_0/01310_Aug3.png,1,0.008125103078782558
B22-313,/fhome/maed/HelicoDataSet/CrossValidation/Annotated/B22-313_0/00178.png,0,0.00022226192231755704
B22-313,/fhome/maed/HelicoDataSet/CrossValidation/Annotated/B22-313_0/00200.png,0,0.00023655264521948993
B22-313,/fhome/maed/HelicoDataSet/CrossValidation/Annotated/B22-313_0/01310_Aug6.png,1,0.0070000868290662766
B22-313,/fhome/maed/HelicoDataSet/CrossValidation/Annotated/B22-313_0/01713.png,0,0.0002644720079842955
B22-313,/fhome/maed/HelicoDataSet/CrossValidation/Annotated/B22-313_0/00105.png,1,0.006666380446404219
B22-313,/fhome/maed/HelicoDataSet/CrossValidation/Annotated/B22-313_0/01552_Aug5.png,1,0.0004436192102730274
B22-313,/fhome/maed/HelicoDataSet/CrossValidation/Annotated/B22-313_0/01552_Aug6.png,1,0.00680798664689064
B22-313,/fhome/maed/HelicoDataSet/CrossValidation/Annotated/B22-313_0/00619.png,0,0.00021180421754252166
B22-313,/fhome/maed/HelicoDataSet/CrossValidation/Annotated/B22-313_0/01647.png,0,0.00022566024563275278
B22-313,/fhome/maed/HelicoDataSet/CrossValidation/Annotated/B22-313_0/01552_Aug2.png,1,0.004640759900212288
B22-313,/fhome/maed/HelicoDataSet/CrossValidation/Annotated/B22-313_0/01474.png,0,0.0002628481306601316
B22-313,/fhome/maed/HelicoDataSet/CrossValidation/Annotated/B22-313_0/01310_Aug5.png,1,0.008466212078928947
B22-313,/fhome/maed/HelicoDataSet/CrossValidation/Annotated/B22-313_0/00245.png,0,0.0002524632727727294
B22-87,/fhome/maed/HelicoDataSet/CrossValidation/Annotated/B22-87_1/00624.png,0,0.0003301029501017183
B22-87,/fhome/maed/HelicoDataSet/CrossValidation/Annotated/B22-87_1/00152.png,0,0.0016350302612408996
B22-87,/fhome/maed/HelicoDataSet/CrossValidation/Annotated/B22-87_1/00372.png,0,0.0002924067375715822
B22-149,/fhome/maed/HelicoDataSet/CrossValidation/Annotated/B22-149_0/01277.png,0,0.00042813835898414254
B22-149,/fhome/maed/HelicoDataSet/CrossValidation/Annotated/B22-149_0/03025.png,0,0.00044899090426042676
B22-274,/fhome/maed/HelicoDataSet/CrossValidation/Annotated/B22-274_0/00906.png,0,0.0002537643304094672
B22-274,/fhome/maed/HelicoDataSet/CrossValidation/Annotated/B22-274_0/01267.png,0,0.00020842939557041973
B22-210,/fhome/maed/HelicoDataSet/CrossValidation/Annotated/B22-210_0/00025.png,0,0.00010621434194035828
B22-111,/fhome/maed/HelicoDataSet/CrossValidation/Annotated/B22-111_1/00005.png,0,0.0001897092442959547
B22-111,/fhome/maed/HelicoDataSet/CrossValidation/Annotated/B22-111_1/00138.png,0,0.0005263325292617083
B22-111,/fhome/maed/HelicoDataSet/CrossValidation/Annotated/B22-111_1/00129.png,0,0.0002577673876658082
B22-111,/fhome/maed/HelicoDataSet/CrossValidation/Annotated/B22-111_1/00207.png,0,0.00017227500211447477
B22-111,/fhome/maed/HelicoDataSet/CrossValidation/Annotated/B22-111_1/00000.png,0,0.00011935692600673065
B22-235,/fhome/maed/HelicoDataSet/CrossValidation/Annotated/B22-235_0/01248.png,0,0.0007546148262917995
B22-235,/fhome/maed/HelicoDataSet/CrossValidation/Annotated/B22-235_0/01242.png,0,0.000802470138296485
B22-235,/fhome/maed/HelicoDataSet/CrossValidation/Annotated/B22-235_0/00014.png,0,0.00037891988176852465
B22-235,/fhome/maed/HelicoDataSet/CrossValidation/Annotated/B22-235_0/01246.png,0,0.0008429419249296188
B22-119,/fhome/maed/HelicoDataSet/CrossValidation/Annotated/B22-119_0/00975.png,0,0.0009830659255385399
B22-119,/fhome/maed/HelicoDataSet/CrossValidation/Annotated/B22-119_0/01137.png,0,0.0005134813254699111
B22-118,/fhome/maed/HelicoDataSet/CrossValidation/Annotated/B22-118_0/00106.png,0,0.00047363422345370054
B22-118,/fhome/maed/HelicoDataSet/CrossValidation/Annotated/B22-118_0/00254.png,0,0.0005230092792771757
B22-118,/fhome/maed/HelicoDataSet/CrossValidation/Annotated/B22-118_0/00650.png,0,0.0005291522247716784
B22-118,/fhome/maed/HelicoDataSet/CrossValidation/Annotated/B22-118_0/00587.png,0,0.0004908022237941623
B22-118,/fhome/maed/HelicoDataSet/CrossValidation/Annotated/B22-118_0/00405.png,0,0.0004276600666344166
B22-118,/fhome/maed/HelicoDataSet/CrossValidation/Annotated/B22-118_0/00724.png,0,0.0007600904209539294
B22-118,/fhome/maed/HelicoDataSet/CrossValidation/Annotated/B22-118_0/00232.png,0,0.000452381995273754
B22-118,/fhome/maed/HelicoDataSet/CrossValidation/Annotated/B22-118_0/00323.png,0,0.00043592636939138174
B22-118,/fhome/maed/HelicoDataSet/CrossValidation/Annotated/B22-118_0/00890.png,0,0.0007057184120640159
B22-118,/fhome/maed/HelicoDataSet/CrossValidation/Annotated/B22-118_0/00791.png,0,0.0006951070390641689
B22-118,/fhome/maed/HelicoDataSet/CrossValidation/Annotated/B22-118_0/00313.png,0,0.0005198786966502666
B22-118,/fhome/maed/HelicoDataSet/CrossValidation/Annotated/B22-118_0/00613.png,0,0.0005182818276807666
B22-118,/fhome/maed/HelicoDataSet/CrossValidation/Annotated/B22-118_0/00134.png,0,0.0005217749858275056
B22-118,/fhome/maed/HelicoDataSet/CrossValidation/Annotated/B22-118_0/03550.png,0,0.0006678822683170438
B22-118,/fhome/maed/HelicoDataSet/CrossValidation/Annotated/B22-118_0/00631.png,0,0.00036343990359455347
B22-95,/fhome/maed/HelicoDataSet/CrossValidation/Annotated/B22-95_1/00766.png,0,0.00021708625718019903
B22-95,/fhome/maed/HelicoDataSet/CrossValidation/Annotated/B22-95_1/00361.png,0,0.0001959916844498366
B22-95,/fhome/maed/HelicoDataSet/CrossValidation/Annotated/B22-95_1/00178.png,0,0.0002062712301267311
B22-95,/fhome/maed/HelicoDataSet/CrossValidation/Annotated/B22-95_1/00255.png,0,0.00034922370105050504
B22-95,/fhome/maed/HelicoDataSet/CrossValidation/Annotated/B22-95_1/01131.png,0,0.00019295254605822265
B22-95,/fhome/maed/HelicoDataSet/CrossValidation/Annotated/B22-95_1/00781.png,0,0.0002486938610672951
B22-95,/fhome/maed/HelicoDataSet/CrossValidation/Annotated/B22-95_1/00908.png,0,0.00022229913156479597
B22-50,/fhome/maed/HelicoDataSet/CrossValidation/Annotated/B22-50_0/01342_Aug4.png,1,0.0017056241631507874
B22-50,/fhome/maed/HelicoDataSet/CrossValidation/Annotated/B22-50_0/00865.png,1,0.0004984680563211441
B22-50,/fhome/maed/HelicoDataSet/CrossValidation/Annotated/B22-50_0/01090_Aug3.png,1,0.0012954965932294726
B22-50,/fhome/maed/HelicoDataSet/CrossValidation/Annotated/B22-50_0/01090.png,1,0.0013260503765195608
B22-50,/fhome/maed/HelicoDataSet/CrossValidation/Annotated/B22-50_0/01342_Aug5.png,1,0.004015209618955851
B22-50,/fhome/maed/HelicoDataSet/CrossValidation/Annotated/B22-50_0/01090_Aug5.png,1,0.0012194334995001554
B22-50,/fhome/maed/HelicoDataSet/CrossValidation/Annotated/B22-50_0/01342.png,1,0.0023354701697826385
B22-50,/fhome/maed/HelicoDataSet/CrossValidation/Annotated/B22-50_0/00429.png,0,0.0005075862864032388
B22-50,/fhome/maed/HelicoDataSet/CrossValidation/Annotated/B22-50_0/01000.png,0,0.0003277695504948497
B22-50,/fhome/maed/HelicoDataSet/CrossValidation/Annotated/B22-50_0/01090_Aug1.png,1,0.0012637987965717912
B22-50,/fhome/maed/HelicoDataSet/CrossValidation/Annotated/B22-50_0/01342_Aug1.png,1,0.0038905604742467403
B22-50,/fhome/maed/HelicoDataSet/CrossValidation/Annotated/B22-50_0/01090_Aug2.png,1,0.0010664102155715227
B22-50,/fhome/maed/HelicoDataSet/CrossValidation/Annotated/B22-50_0/00992.png,0,0.00037457136204466224
B22-50,/fhome/maed/HelicoDataSet/CrossValidation/Annotated/B22-50_0/00865_Aug2.png,1,0.0004779237788170576
B22-50,/fhome/maed/HelicoDataSet/CrossValidation/Annotated/B22-50_0/01342_Aug8.png,1,0.0013715317472815514
B22-50,/fhome/maed/HelicoDataSet/CrossValidation/Annotated/B22-50_0/01090_Aug6.png,1,0.0009873840026557446
B22-50,/fhome/maed/HelicoDataSet/CrossValidation/Annotated/B22-50_0/00865_Aug5.png,1,0.0005540305864997208
B22-50,/fhome/maed/HelicoDataSet/CrossValidation/Annotated/B22-50_0/01342_Aug7.png,1,0.004732092842459679
B22-50,/fhome/maed/HelicoDataSet/CrossValidation/Annotated/B22-50_0/00865_Aug7.png,1,0.00046167089021764696
B22-50,/fhome/maed/HelicoDataSet/CrossValidation/Annotated/B22-50_0/01342_Aug3.png,1,0.0038742143660783768
B22-50,/fhome/maed/HelicoDataSet/CrossValidation/Annotated/B22-50_0/00865_Aug4.png,1,0.0005132381338626146
B22-50,/fhome/maed/HelicoDataSet/CrossValidation/Annotated/B22-50_0/01090_Aug7.png,1,0.0011211022501811385
B22-50,/fhome/maed/HelicoDataSet/CrossValidation/Annotated/B22-50_0/01342_Aug6.png,1,0.001402760623022914
B22-50,/fhome/maed/HelicoDataSet/CrossValidation/Annotated/B22-50_0/01090_Aug4.png,1,0.0009938239818438888
B22-50,/fhome/maed/HelicoDataSet/CrossValidation/Annotated/B22-50_0/00990.png,0,0.0008586148614995182
B22-50,/fhome/maed/HelicoDataSet/CrossValidation/Annotated/B22-50_0/00709.png,0,0.0004687929467763752
B22-50,/fhome/maed/HelicoDataSet/CrossValidation/Annotated/B22-50_0/01342_Aug2.png,1,0.002031249925494194
B22-50,/fhome/maed/HelicoDataSet/CrossValidation/Annotated/B22-50_0/00865_Aug6.png,1,0.0004951654700562358
B22-50,/fhome/maed/HelicoDataSet/CrossValidation/Annotated/B22-50_0/00865_Aug8.png,1,0.0004956858465448022
B22-50,/fhome/maed/HelicoDataSet/CrossValidation/Annotated/B22-50_0/00865_Aug1.png,1,0.0004885836970061064
B22-50,/fhome/maed/HelicoDataSet/CrossValidation/Annotated/B22-50_0/01090_Aug8.png,1,0.000994974048808217
B22-50,/fhome/maed/HelicoDataSet/CrossValidation/Annotated/B22-50_0/00865_Aug3.png,1,0.0004920163191854954
B22-86,/fhome/maed/HelicoDataSet/CrossValidation/Annotated/B22-86_0/00266.png,0,0.0004449354892130941
B22-155,/fhome/maed/HelicoDataSet/CrossValidation/Annotated/B22-155_0/01909_Aug4.png,1,0.0011173677630722523
B22-155,/fhome/maed/HelicoDataSet/CrossValidation/Annotated/B22-155_0/00137_Aug8.png,1,0.10589103400707245
B22-155,/fhome/maed/HelicoDataSet/CrossValidation/Annotated/B22-155_0/04763_Aug3.png,1,0.0250595323741436
B22-155,/fhome/maed/HelicoDataSet/CrossValidation/Annotated/B22-155_0/00588_Aug3.png,1,0.043730780482292175
B22-155,/fhome/maed/HelicoDataSet/CrossValidation/Annotated/B22-155_0/00137_Aug4.png,1,0.09886672347784042
B22-155,/fhome/maed/HelicoDataSet/CrossValidation/Annotated/B22-155_0/01688_Aug8.png,1,0.0008905033464543521
B22-155,/fhome/maed/HelicoDataSet/CrossValidation/Annotated/B22-155_0/00317_Aug5.png,1,0.00304652052000165
B22-155,/fhome/maed/HelicoDataSet/CrossValidation/Annotated/B22-155_0/02106_Aug2.png,1,0.027620989829301834
B22-155,/fhome/maed/HelicoDataSet/CrossValidation/Annotated/B22-155_0/00065_Aug6.png,1,0.000704154372215271
B22-155,/fhome/maed/HelicoDataSet/CrossValidation/Annotated/B22-155_0/04070_Aug3.png,1,0.05232153832912445
B22-155,/fhome/maed/HelicoDataSet/CrossValidation/Annotated/B22-155_0/02185_Aug2.png,1,0.011195136234164238
B22-155,/fhome/maed/HelicoDataSet/CrossValidation/Annotated/B22-155_0/04440_Aug3.png,1,0.002401378471404314
B22-155,/fhome/maed/HelicoDataSet/CrossValidation/Annotated/B22-155_0/03707_Aug5.png,1,0.017760775983333588
B22-155,/fhome/maed/HelicoDataSet/CrossValidation/Annotated/B22-155_0/03998_Aug4.png,1,0.000611830095294863
B22-155,/fhome/maed/HelicoDataSet/CrossValidation/Annotated/B22-155_0/03998_Aug5.png,1,0.0008166739717125893
B22-155,/fhome/maed/HelicoDataSet/CrossValidation/Annotated/B22-155_0/03707_Aug6.png,1,0.01292327605187893
B22-155,/fhome/maed/HelicoDataSet/CrossValidation/Annotated/B22-155_0/00065_Aug8.png,1,0.000773512467276305
B22-155,/fhome/maed/HelicoDataSet/CrossValidation/Annotated/B22-155_0/00137_Aug7.png,1,0.06278625130653381
B22-155,/fhome/maed/HelicoDataSet/CrossValidation/Annotated/B22-155_0/01228.png,0,0.0006842046859674156
B22-155,/fhome/maed/HelicoDataSet/CrossValidation/Annotated/B22-155_0/00137_Aug5.png,1,0.07112600654363632
B22-155,/fhome/maed/HelicoDataSet/CrossValidation/Annotated/B22-155_0/03707.png,1,0.013326508924365044
B22-155,/fhome/maed/HelicoDataSet/CrossValidation/Annotated/B22-155_0/00994_Aug5.png,1,0.00837932713329792
B22-155,/fhome/maed/HelicoDataSet/CrossValidation/Annotated/B22-155_0/04382_Aug7.png,1,0.001761991297826171
B22-155,/fhome/maed/HelicoDataSet/CrossValidation/Annotated/B22-155_0/01688_Aug3.png,1,0.006792016327381134
B22-155,/fhome/maed/HelicoDataSet/CrossValidation/Annotated/B22-155_0/01688_Aug4.png,1,0.0009842012077569962
B22-155,/fhome/maed/HelicoDataSet/CrossValidation/Annotated/B22-155_0/01760.png,1,0.006957921665161848
B22-155,/fhome/maed/HelicoDataSet/CrossValidation/Annotated/B22-155_0/04382.png,1,0.0021963794715702534
B22-155,/fhome/maed/HelicoDataSet/CrossValidation/Annotated/B22-155_0/02987_Aug3.png,1,0.0009860259015113115
B22-155,/fhome/maed/HelicoDataSet/CrossValidation/Annotated/B22-155_0/04440_Aug4.png,1,0.00294480100274086
B22-155,/fhome/maed/HelicoDataSet/CrossValidation/Annotated/B22-155_0/04070_Aug7.png,1,0.04493381083011627
B22-155,/fhome/maed/HelicoDataSet/CrossValidation/Annotated/B22-155_0/02987_Aug2.png,1,0.0013863211497664452
B22-155,/fhome/maed/HelicoDataSet/CrossValidation/Annotated/B22-155_0/00317_Aug6.png,1,0.004215750843286514
B22-155,/fhome/maed/HelicoDataSet/CrossValidation/Annotated/B22-155_0/02106_Aug4.png,1,0.0276951901614666
B22-155,/fhome/maed/HelicoDataSet/CrossValidation/Annotated/B22-155_0/04070.png,1,0.06113871559500694
B22-155,/fhome/maed/HelicoDataSet/CrossValidation/Annotated/B22-155_0/04440_Aug8.png,1,0.002961169695481658
B22-155,/fhome/maed/HelicoDataSet/CrossValidation/Annotated/B22-155_0/02989_Aug2.png,1,0.001519000856205821
B22-155,/fhome/maed/HelicoDataSet/CrossValidation/Annotated/B22-155_0/02125_Aug6.png,1,0.04440902918577194
B22-155,/fhome/maed/HelicoDataSet/CrossValidation/Annotated/B22-155_0/02987_Aug4.png,1,0.001368070370517671
B22-155,/fhome/maed/HelicoDataSet/CrossValidation/Annotated/B22-155_0/01688_Aug2.png,1,0.002007732167840004
B22-155,/fhome/maed/HelicoDataSet/CrossValidation/Annotated/B22-155_0/01909_Aug6.png,1,0.0007830243557691574
B22-155,/fhome/maed/HelicoDataSet/CrossValidation/Annotated/B22-155_0/02106_Aug8.png,1,0.02477036416530609
B22-155,/fhome/maed/HelicoDataSet/CrossValidation/Annotated/B22-155_0/02106_Aug5.png,1,0.029742976650595665
B22-155,/fhome/maed/HelicoDataSet/CrossValidation/Annotated/B22-155_0/03834.png,0,0.0013475663727149367
B22-155,/fhome/maed/HelicoDataSet/CrossValidation/Annotated/B22-155_0/00065.png,1,0.0006465248297899961
B22-155,/fhome/maed/HelicoDataSet/CrossValidation/Annotated/B22-155_0/02185_Aug1.png,1,0.010276084765791893
B22-155,/fhome/maed/HelicoDataSet/CrossValidation/Annotated/B22-155_0/04440_Aug1.png,1,0.0023554349318146706
B22-155,/fhome/maed/HelicoDataSet/CrossValidation/Annotated/B22-155_0/00994_Aug3.png,1,0.007764482405036688
B22-155,/fhome/maed/HelicoDataSet/CrossValidation/Annotated/B22-155_0/02989_Aug4.png,1,0.001594302011653781
B22-155,/fhome/maed/HelicoDataSet/CrossValidation/Annotated/B22-155_0/04382_Aug8.png,1,0.0017824480310082436
B22-155,/fhome/maed/HelicoDataSet/CrossValidation/Annotated/B22-155_0/00742.png,0,0.0005269699613563716
B22-155,/fhome/maed/HelicoDataSet/CrossValidation/Annotated/B22-155_0/00065_Aug4.png,1,0.0007633882341906428
B22-155,/fhome/maed/HelicoDataSet/CrossValidation/Annotated/B22-155_0/00317_Aug8.png,1,0.0049015674740076065
B22-155,/fhome/maed/HelicoDataSet/CrossValidation/Annotated/B22-155_0/04763.png,1,0.023519273847341537
B22-155,/fhome/maed/HelicoDataSet/CrossValidation/Annotated/B22-155_0/00065_Aug7.png,1,0.00048273353604599833
B22-155,/fhome/maed/HelicoDataSet/CrossValidation/Annotated/B22-155_0/02987_Aug8.png,1,0.0016132565215229988
B22-155,/fhome/maed/HelicoDataSet/CrossValidation/Annotated/B22-155_0/01688_Aug1.png,1,0.005386899225413799
B22-155,/fhome/maed/HelicoDataSet/CrossValidation/Annotated/B22-155_0/01909_Aug5.png,1,0.0015438082627952099
B22-155,/fhome/maed/HelicoDataSet/CrossValidation/Annotated/B22-155_0/00994.png,1,0.008834471926093102
B22-155,/fhome/maed/HelicoDataSet/CrossValidation/Annotated/B22-155_0/02125_Aug4.png,1,0.04481299966573715
B22-155,/fhome/maed/HelicoDataSet/CrossValidation/Annotated/B22-155_0/00137_Aug2.png,1,0.09262492507696152
B22-155,/fhome/maed/HelicoDataSet/CrossValidation/Annotated/B22-155_0/02125.png,1,0.04462425038218498
B22-155,/fhome/maed/HelicoDataSet/CrossValidation/Annotated/B22-155_0/04440_Aug5.png,1,0.002238874090835452
B22-155,/fhome/maed/HelicoDataSet/CrossValidation/Annotated/B22-155_0/04070_Aug1.png,1,0.05732155963778496
B22-155,/fhome/maed/HelicoDataSet/CrossValidation/Annotated/B22-155_0/03998.png,1,0.0008069946197792888
B22-155,/fhome/maed/HelicoDataSet/CrossValidation/Annotated/B22-155_0/00588_Aug6.png,1,0.052784115076065063
B22-155,/fhome/maed/HelicoDataSet/CrossValidation/Annotated/B22-155_0/00994_Aug8.png,1,0.008639989420771599
B22-155,/fhome/maed/HelicoDataSet/CrossValidation/Annotated/B22-155_0/01688_Aug5.png,1,0.008948320522904396
B22-155,/fhome/maed/HelicoDataSet/CrossValidation/Annotated/B22-155_0/02834.png,0,0.0004918958293274045
B22-155,/fhome/maed/HelicoDataSet/CrossValidation/Annotated/B22-155_0/02989_Aug8.png,1,0.0016047004610300064
B22-155,/fhome/maed/HelicoDataSet/CrossValidation/Annotated/B22-155_0/03707_Aug8.png,1,0.01191893219947815
B22-155,/fhome/maed/HelicoDataSet/CrossValidation/Annotated/B22-155_0/00588_Aug5.png,1,0.04430743306875229
B22-155,/fhome/maed/HelicoDataSet/CrossValidation/Annotated/B22-155_0/00317_Aug3.png,1,0.003489910392090678
B22-155,/fhome/maed/HelicoDataSet/CrossValidation/Annotated/B22-155_0/02338_Aug8.png,1,0.0043175010941922665
B22-155,/fhome/maed/HelicoDataSet/CrossValidation/Annotated/B22-155_0/02989_Aug7.png,1,0.0015376618830487132
B22-155,/fhome/maed/HelicoDataSet/CrossValidation/Annotated/B22-155_0/00317_Aug2.png,1,0.0037729283794760704
B22-155,/fhome/maed/HelicoDataSet/CrossValidation/Annotated/B22-155_0/01760_Aug8.png,1,0.007215680088847876
B22-155,/fhome/maed/HelicoDataSet/CrossValidation/Annotated/B22-155_0/00065_Aug2.png,1,0.0007132274331524968
B22-155,/fhome/maed/HelicoDataSet/CrossValidation/Annotated/B22-155_0/03707_Aug3.png,1,0.017200324684381485
B22-155,/fhome/maed/HelicoDataSet/CrossValidation/Annotated/B22-155_0/02125_Aug5.png,1,0.03246905654668808
B22-155,/fhome/maed/HelicoDataSet/CrossValidation/Annotated/B22-155_0/04382_Aug4.png,1,0.0017644058680161834
B22-155,/fhome/maed/HelicoDataSet/CrossValidation/Annotated/B22-155_0/01909_Aug3.png,1,0.001441029249690473
B22-155,/fhome/maed/HelicoDataSet/CrossValidation/Annotated/B22-155_0/04070_Aug4.png,1,0.070529505610466
B22-155,/fhome/maed/HelicoDataSet/CrossValidation/Annotated/B22-155_0/00994_Aug1.png,1,0.007642148993909359
B22-155,/fhome/maed/HelicoDataSet/CrossValidation/Annotated/B22-155_0/00588_Aug1.png,1,0.042565762996673584
B22-155,/fhome/maed/HelicoDataSet/CrossValidation/Annotated/B22-155_0/03707_Aug7.png,1,0.018230248242616653
B22-155,/fhome/maed/HelicoDataSet/CrossValidation/Annotated/B22-155_0/02987_Aug7.png,1,0.001684980234131217
B22-155,/fhome/maed/HelicoDataSet/CrossValidation/Annotated/B22-155_0/00754.png,0,0.0007563980179838836
B22-155,/fhome/maed/HelicoDataSet/CrossValidation/Annotated/B22-155_0/03998_Aug1.png,1,0.0007670993218198419
B22-155,/fhome/maed/HelicoDataSet/CrossValidation/Annotated/B22-155_0/04382_Aug3.png,1,0.0019865180365741253
B22-155,/fhome/maed/HelicoDataSet/CrossValidation/Annotated/B22-155_0/02338_Aug7.png,1,0.010597167536616325
B22-155,/fhome/maed/HelicoDataSet/CrossValidation/Annotated/B22-155_0/02106_Aug3.png,1,0.03348754346370697
B22-155,/fhome/maed/HelicoDataSet/CrossValidation/Annotated/B22-155_0/02989_Aug1.png,1,0.001452919328585267
B22-155,/fhome/maed/HelicoDataSet/CrossValidation/Annotated/B22-155_0/04382_Aug5.png,1,0.001848195563070476
B22-155,/fhome/maed/HelicoDataSet/CrossValidation/Annotated/B22-155_0/00994_Aug7.png,1,0.00824459083378315
B22-155,/fhome/maed/HelicoDataSet/CrossValidation/Annotated/B22-155_0/01395.png,0,0.0008453063201159239
B22-155,/fhome/maed/HelicoDataSet/CrossValidation/Annotated/B22-155_0/01688.png,1,0.003534829942509532
B22-155,/fhome/maed/HelicoDataSet/CrossValidation/Annotated/B22-155_0/01760_Aug3.png,1,0.004203867632895708
B22-155,/fhome/maed/HelicoDataSet/CrossValidation/Annotated/B22-155_0/01760_Aug1.png,1,0.0051923831924796104
B22-155,/fhome/maed/HelicoDataSet/CrossValidation/Annotated/B22-155_0/01518.png,0,0.0006251162849366665
B22-155,/fhome/maed/HelicoDataSet/CrossValidation/Annotated/B22-155_0/02987.png,1,0.0014283701311796904
B22-155,/fhome/maed/HelicoDataSet/CrossValidation/Annotated/B22-155_0/02185_Aug4.png,1,0.01123473234474659
B22-155,/fhome/maed/HelicoDataSet/CrossValidation/Annotated/B22-155_0/01782_Aug8.png,1,0.0061815655790269375
B22-155,/fhome/maed/HelicoDataSet/CrossValidation/Annotated/B22-155_0/01760_Aug2.png,1,0.006422298960387707
B22-155,/fhome/maed/HelicoDataSet/CrossValidation/Annotated/B22-155_0/03236.png,0,0.0008770377608016133
B22-155,/fhome/maed/HelicoDataSet/CrossValidation/Annotated/B22-155_0/00137_Aug6.png,1,0.1021391749382019
B22-155,/fhome/maed/HelicoDataSet/CrossValidation/Annotated/B22-155_0/04070_Aug5.png,1,0.04872525855898857
B22-155,/fhome/maed/HelicoDataSet/CrossValidation/Annotated/B22-155_0/01760_Aug4.png,1,0.006982953753322363
B22-155,/fhome/maed/HelicoDataSet/CrossValidation/Annotated/B22-155_0/03998_Aug2.png,1,0.00065572903258726
B22-155,/fhome/maed/HelicoDataSet/CrossValidation/Annotated/B22-155_0/01782_Aug4.png,1,0.008349173702299595
B22-155,/fhome/maed/HelicoDataSet/CrossValidation/Annotated/B22-155_0/01760_Aug6.png,1,0.007578406482934952
B22-155,/fhome/maed/HelicoDataSet/CrossValidation/Annotated/B22-155_0/01782.png,1,0.009910129010677338
B22-155,/fhome/maed/HelicoDataSet/CrossValidation/Annotated/B22-155_0/03707_Aug2.png,1,0.011707528494298458
B22-155,/fhome/maed/HelicoDataSet/CrossValidation/Annotated/B22-155_0/04382_Aug2.png,1,0.0018474727403372526
B22-155,/fhome/maed/HelicoDataSet/CrossValidation/Annotated/B22-155_0/04763_Aug1.png,1,0.024461284279823303
B22-155,/fhome/maed/HelicoDataSet/CrossValidation/Annotated/B22-155_0/01909_Aug8.png,1,0.000893840566277504
B22-155,/fhome/maed/HelicoDataSet/CrossValidation/Annotated/B22-155_0/01782_Aug2.png,1,0.008550851605832577
B22-155,/fhome/maed/HelicoDataSet/CrossValidation/Annotated/B22-155_0/02106_Aug6.png,1,0.02649151347577572
B22-155,/fhome/maed/HelicoDataSet/CrossValidation/Annotated/B22-155_0/00588_Aug7.png,1,0.04536796361207962
B22-155,/fhome/maed/HelicoDataSet/CrossValidation/Annotated/B22-155_0/00588_Aug4.png,1,0.050584577023983
B22-155,/fhome/maed/HelicoDataSet/CrossValidation/Annotated/B22-155_0/00588_Aug2.png,1,0.048247866332530975
B22-155,/fhome/maed/HelicoDataSet/CrossValidation/Annotated/B22-155_0/01909_Aug1.png,1,0.0014153830707073212
B22-155,/fhome/maed/HelicoDataSet/CrossValidation/Annotated/B22-155_0/02106_Aug7.png,1,0.026275258511304855
B22-155,/fhome/maed/HelicoDataSet/CrossValidation/Annotated/B22-155_0/00994_Aug4.png,1,0.009513519704341888
B22-155,/fhome/maed/HelicoDataSet/CrossValidation/Annotated/B22-155_0/00588.png,1,0.04653957113623619
B22-155,/fhome/maed/HelicoDataSet/CrossValidation/Annotated/B22-155_0/02338_Aug2.png,1,0.004568176344037056
B22-155,/fhome/maed/HelicoDataSet/CrossValidation/Annotated/B22-155_0/03998_Aug7.png,1,0.0007937825284898281
B22-155,/fhome/maed/HelicoDataSet/CrossValidation/Annotated/B22-155_0/02185_Aug6.png,1,0.011605451814830303
B22-155,/fhome/maed/HelicoDataSet/CrossValidation/Annotated/B22-155_0/00317_Aug7.png,1,0.002560328459367156
B22-155,/fhome/maed/HelicoDataSet/CrossValidation/Annotated/B22-155_0/01909.png,1,0.00150271225720644
B22-155,/fhome/maed/HelicoDataSet/CrossValidation/Annotated/B22-155_0/03707_Aug4.png,1,0.012036475352942944
B22-155,/fhome/maed/HelicoDataSet/CrossValidation/Annotated/B22-155_0/04440_Aug2.png,1,0.002862063003703952
B22-155,/fhome/maed/HelicoDataSet/CrossValidation/Annotated/B22-155_0/02338_Aug6.png,1,0.004441348370164633
B22-155,/fhome/maed/HelicoDataSet/CrossValidation/Annotated/B22-155_0/01688_Aug7.png,1,0.009532516822218895
B22-155,/fhome/maed/HelicoDataSet/CrossValidation/Annotated/B22-155_0/00065_Aug1.png,1,0.0006534300628118217
B22-155,/fhome/maed/HelicoDataSet/CrossValidation/Annotated/B22-155_0/02106.png,1,0.03192422538995743
B22-155,/fhome/maed/HelicoDataSet/CrossValidation/Annotated/B22-155_0/02989.png,1,0.0016230656765401363
B22-155,/fhome/maed/HelicoDataSet/CrossValidation/Annotated/B22-155_0/04070_Aug8.png,1,0.07596486061811447
B22-155,/fhome/maed/HelicoDataSet/CrossValidation/Annotated/B22-155_0/03707_Aug1.png,1,0.016304396092891693
B22-155,/fhome/maed/HelicoDataSet/CrossValidation/Annotated/B22-155_0/02185.png,1,0.0111923199146986
B22-155,/fhome/maed/HelicoDataSet/CrossValidation/Annotated/B22-155_0/02185_Aug7.png,1,0.008734021335840225
B22-155,/fhome/maed/HelicoDataSet/CrossValidation/Annotated/B22-155_0/02987_Aug5.png,1,0.0013793011894449592
B22-155,/fhome/maed/HelicoDataSet/CrossValidation/Annotated/B22-155_0/02338_Aug4.png,1,0.004360450431704521
B22-155,/fhome/maed/HelicoDataSet/CrossValidation/Annotated/B22-155_0/02106_Aug1.png,1,0.03270890191197395
B22-155,/fhome/maed/HelicoDataSet/CrossValidation/Annotated/B22-155_0/02185_Aug8.png,1,0.012099738232791424
B22-155,/fhome/maed/HelicoDataSet/CrossValidation/Annotated/B22-155_0/02989_Aug6.png,1,0.0017300143372267485
B22-155,/fhome/maed/HelicoDataSet/CrossValidation/Annotated/B22-155_0/04440_Aug7.png,1,0.0019825100898742676
B22-155,/fhome/maed/HelicoDataSet/CrossValidation/Annotated/B22-155_0/04763_Aug4.png,1,0.023836910724639893
B22-155,/fhome/maed/HelicoDataSet/CrossValidation/Annotated/B22-155_0/02338_Aug3.png,1,0.0064436267130076885
B22-155,/fhome/maed/HelicoDataSet/CrossValidation/Annotated/B22-155_0/02125_Aug1.png,1,0.039735808968544006
B22-155,/fhome/maed/HelicoDataSet/CrossValidation/Annotated/B22-155_0/00588_Aug8.png,1,0.05435272306203842
B22-155,/fhome/maed/HelicoDataSet/CrossValidation/Annotated/B22-155_0/04070_Aug6.png,1,0.07454819977283478
B22-155,/fhome/maed/HelicoDataSet/CrossValidation/Annotated/B22-155_0/00317_Aug1.png,1,0.0036234259605407715
B22-155,/fhome/maed/HelicoDataSet/CrossValidation/Annotated/B22-155_0/03998_Aug8.png,1,0.0006228688871487975
B22-155,/fhome/maed/HelicoDataSet/CrossValidation/Annotated/B22-155_0/04763_Aug2.png,1,0.024079829454421997
B22-155,/fhome/maed/HelicoDataSet/CrossValidation/Annotated/B22-155_0/00065_Aug3.png,1,0.0004798967274837196
B22-155,/fhome/maed/HelicoDataSet/CrossValidation/Annotated/B22-155_0/01688_Aug6.png,1,0.0008359663188457489
B22-155,/fhome/maed/HelicoDataSet/CrossValidation/Annotated/B22-155_0/02989_Aug5.png,1,0.0016937063774093986
B22-155,/fhome/maed/HelicoDataSet/CrossValidation/Annotated/B22-155_0/04763_Aug7.png,1,0.028928890824317932
B22-155,/fhome/maed/HelicoDataSet/CrossValidation/Annotated/B22-155_0/03998_Aug6.png,1,0.0006169797852635384
B22-155,/fhome/maed/HelicoDataSet/CrossValidation/Annotated/B22-155_0/00317_Aug4.png,1,0.004375034943223
B22-155,/fhome/maed/HelicoDataSet/CrossValidation/Annotated/B22-155_0/04070_Aug2.png,1,0.06653176993131638
B22-155,/fhome/maed/HelicoDataSet/CrossValidation/Annotated/B22-155_0/02989_Aug3.png,1,0.001537608914077282
B22-155,/fhome/maed/HelicoDataSet/CrossValidation/Annotated/B22-155_0/01782_Aug3.png,1,0.010122603736817837
B22-155,/fhome/maed/HelicoDataSet/CrossValidation/Annotated/B22-155_0/01909_Aug7.png,1,0.0014350013807415962
B22-155,/fhome/maed/HelicoDataSet/CrossValidation/Annotated/B22-155_0/02987_Aug6.png,1,0.0014883836265653372
B22-155,/fhome/maed/HelicoDataSet/CrossValidation/Annotated/B22-155_0/02338_Aug1.png,1,0.006046898663043976
B22-155,/fhome/maed/HelicoDataSet/CrossValidation/Annotated/B22-155_0/01424.png,0,0.0009905347833409905
B22-155,/fhome/maed/HelicoDataSet/CrossValidation/Annotated/B22-155_0/02987_Aug1.png,1,0.001037147594615817
B22-155,/fhome/maed/HelicoDataSet/CrossValidation/Annotated/B22-155_0/00137.png,1,0.08646564930677414
B22-155,/fhome/maed/HelicoDataSet/CrossValidation/Annotated/B22-155_0/04440_Aug6.png,1,0.002912163268774748
B22-155,/fhome/maed/HelicoDataSet/CrossValidation/Annotated/B22-155_0/04763_Aug6.png,1,0.02364162914454937
B22-155,/fhome/maed/HelicoDataSet/CrossValidation/Annotated/B22-155_0/00137_Aug3.png,1,0.07519450783729553
B22-155,/fhome/maed/HelicoDataSet/CrossValidation/Annotated/B22-155_0/02125_Aug2.png,1,0.046415310353040695
B22-155,/fhome/maed/HelicoDataSet/CrossValidation/Annotated/B22-155_0/01760_Aug5.png,1,0.003884145524352789
B22-155,/fhome/maed/HelicoDataSet/CrossValidation/Annotated/B22-155_0/02125_Aug7.png,1,0.029905913397669792
B22-155,/fhome/maed/HelicoDataSet/CrossValidation/Annotated/B22-155_0/02185_Aug3.png,1,0.01001250371336937
B22-155,/fhome/maed/HelicoDataSet/CrossValidation/Annotated/B22-155_0/01782_Aug5.png,1,0.010387023910880089
B22-155,/fhome/maed/HelicoDataSet/CrossValidation/Annotated/B22-155_0/00317.png,1,0.003740116721019149
B22-155,/fhome/maed/HelicoDataSet/CrossValidation/Annotated/B22-155_0/04382_Aug6.png,1,0.0020186984911561012
B22-155,/fhome/maed/HelicoDataSet/CrossValidation/Annotated/B22-155_0/02338.png,1,0.005332815460860729
B22-155,/fhome/maed/HelicoDataSet/CrossValidation/Annotated/B22-155_0/02338_Aug5.png,1,0.009002870880067348
B22-155,/fhome/maed/HelicoDataSet/CrossValidation/Annotated/B22-155_0/04763_Aug5.png,1,0.029730752110481262
B22-155,/fhome/maed/HelicoDataSet/CrossValidation/Annotated/B22-155_0/01909_Aug2.png,1,0.0011661736061796546
B22-155,/fhome/maed/HelicoDataSet/CrossValidation/Annotated/B22-155_0/04440.png,1,0.0027862554416060448
B22-155,/fhome/maed/HelicoDataSet/CrossValidation/Annotated/B22-155_0/01782_Aug1.png,1,0.010600893758237362
B22-155,/fhome/maed/HelicoDataSet/CrossValidation/Annotated/B22-155_0/02445.png,0,0.0008508657338097692
B22-155,/fhome/maed/HelicoDataSet/CrossValidation/Annotated/B22-155_0/02125_Aug8.png,1,0.04234161600470543
B22-155,/fhome/maed/HelicoDataSet/CrossValidation/Annotated/B22-155_0/00994_Aug6.png,1,0.008508246392011642
B22-155,/fhome/maed/HelicoDataSet/CrossValidation/Annotated/B22-155_0/00994_Aug2.png,1,0.00948253646492958
B22-155,/fhome/maed/HelicoDataSet/CrossValidation/Annotated/B22-155_0/04382_Aug1.png,1,0.001983592053875327
B22-155,/fhome/maed/HelicoDataSet/CrossValidation/Annotated/B22-155_0/00137_Aug1.png,1,0.08203583210706711
B22-155,/fhome/maed/HelicoDataSet/CrossValidation/Annotated/B22-155_0/04763_Aug8.png,1,0.02372736856341362
B22-155,/fhome/maed/HelicoDataSet/CrossValidation/Annotated/B22-155_0/02185_Aug5.png,1,0.00943882204592228
B22-155,/fhome/maed/HelicoDataSet/CrossValidation/Annotated/B22-155_0/00065_Aug5.png,1,0.00048086498281918466
B22-155,/fhome/maed/HelicoDataSet/CrossValidation/Annotated/B22-155_0/01782_Aug7.png,1,0.009277562610805035
B22-155,/fhome/maed/HelicoDataSet/CrossValidation/Annotated/B22-155_0/01782_Aug6.png,1,0.007417874410748482
B22-155,/fhome/maed/HelicoDataSet/CrossValidation/Annotated/B22-155_0/01760_Aug7.png,1,0.003420629072934389
B22-155,/fhome/maed/HelicoDataSet/CrossValidation/Annotated/B22-155_0/03998_Aug3.png,1,0.000853243749588728
B22-155,/fhome/maed/HelicoDataSet/CrossValidation/Annotated/B22-155_0/02125_Aug3.png,1,0.036557700484991074
B22-305,/fhome/maed/HelicoDataSet/CrossValidation/Annotated/B22-305_0/00367.png,0,0.0004901430220343173
B22-305,/fhome/maed/HelicoDataSet/CrossValidation/Annotated/B22-305_0/00365.png,0,0.0004184090648777783
B22-305,/fhome/maed/HelicoDataSet/CrossValidation/Annotated/B22-305_0/00561.png,0,0.000386093626730144
B22-305,/fhome/maed/HelicoDataSet/CrossValidation/Annotated/B22-305_0/00252.png,0,0.0004675216623581946
B22-68,/fhome/maed/HelicoDataSet/CrossValidation/Annotated/B22-68_0/00131.png,0,0.0005476512014865875
B22-68,/fhome/maed/HelicoDataSet/CrossValidation/Annotated/B22-68_0/00141.png,0,0.0003939002053812146
B22-68,/fhome/maed/HelicoDataSet/CrossValidation/Annotated/B22-68_0/00298.png,0,0.00024196127196773887
B22-68,/fhome/maed/HelicoDataSet/CrossValidation/Annotated/B22-68_0/00315.png,0,0.0002954610390588641
B22-68,/fhome/maed/HelicoDataSet/CrossValidation/Annotated/B22-68_0/00352.png,0,0.00036923197330906987
B22-68,/fhome/maed/HelicoDataSet/CrossValidation/Annotated/B22-68_0/00290.png,0,0.0005347518599592149
B22-197,/fhome/maed/HelicoDataSet/CrossValidation/Annotated/B22-197_0/00006.png,0,0.0006513465195894241
B22-61,/fhome/maed/HelicoDataSet/CrossValidation/Annotated/B22-61_0/01100.png,0,0.0003617949259933084
B22-297,/fhome/maed/HelicoDataSet/CrossValidation/Annotated/B22-297_0/00124.png,1,0.004375923424959183
B22-297,/fhome/maed/HelicoDataSet/CrossValidation/Annotated/B22-297_0/00124_Aug7.png,1,0.0016180102247744799
B22-297,/fhome/maed/HelicoDataSet/CrossValidation/Annotated/B22-297_0/00124_Aug6.png,1,0.0041887531988322735
B22-297,/fhome/maed/HelicoDataSet/CrossValidation/Annotated/B22-297_0/00124_Aug8.png,1,0.005865555256605148
B22-297,/fhome/maed/HelicoDataSet/CrossValidation/Annotated/B22-297_0/00124_Aug4.png,1,0.004147423896938562
B22-297,/fhome/maed/HelicoDataSet/CrossValidation/Annotated/B22-297_0/00124_Aug2.png,1,0.004307770635932684
B22-297,/fhome/maed/HelicoDataSet/CrossValidation/Annotated/B22-297_0/00124_Aug3.png,1,0.003507050685584545
B22-297,/fhome/maed/HelicoDataSet/CrossValidation/Annotated/B22-297_0/00124_Aug5.png,1,0.0024808798916637897
B22-297,/fhome/maed/HelicoDataSet/CrossValidation/Annotated/B22-297_0/00124_Aug1.png,1,0.003633214859291911
B22-304,/fhome/maed/HelicoDataSet/CrossValidation/Annotated/B22-304_0/01044_Aug3.png,1,0.05803439021110535
B22-304,/fhome/maed/HelicoDataSet/CrossValidation/Annotated/B22-304_0/00318_Aug2.png,1,0.012721739709377289
B22-304,/fhome/maed/HelicoDataSet/CrossValidation/Annotated/B22-304_0/01658_Aug4.png,1,0.004903311375528574
B22-304,/fhome/maed/HelicoDataSet/CrossValidation/Annotated/B22-304_0/00973.png,1,0.007888734340667725
B22-304,/fhome/maed/HelicoDataSet/CrossValidation/Annotated/B22-304_0/01757_Aug8.png,1,0.0031728267204016447
B22-304,/fhome/maed/HelicoDataSet/CrossValidation/Annotated/B22-304_0/00381_Aug6.png,1,0.005687454715371132
B22-304,/fhome/maed/HelicoDataSet/CrossValidation/Annotated/B22-304_0/00318_Aug1.png,1,0.012721739709377289
B22-304,/fhome/maed/HelicoDataSet/CrossValidation/Annotated/B22-304_0/00973_Aug6.png,1,0.005983751267194748
B22-304,/fhome/maed/HelicoDataSet/CrossValidation/Annotated/B22-304_0/00314_Aug8.png,1,0.005749322474002838
B22-304,/fhome/maed/HelicoDataSet/CrossValidation/Annotated/B22-304_0/01044_Aug5.png,1,0.052243541926145554
B22-304,/fhome/maed/HelicoDataSet/CrossValidation/Annotated/B22-304_0/01757_Aug7.png,1,0.004442363977432251
B22-304,/fhome/maed/HelicoDataSet/CrossValidation/Annotated/B22-304_0/00783_Aug4.png,1,0.01699516922235489
B22-304,/fhome/maed/HelicoDataSet/CrossValidation/Annotated/B22-304_0/01658_Aug1.png,1,0.0045266286469995975
B22-304,/fhome/maed/HelicoDataSet/CrossValidation/Annotated/B22-304_0/00783_Aug5.png,1,0.021610315889120102
B22-304,/fhome/maed/HelicoDataSet/CrossValidation/Annotated/B22-304_0/01100_Aug5.png,1,0.002169770421460271
B22-304,/fhome/maed/HelicoDataSet/CrossValidation/Annotated/B22-304_0/00314_Aug7.png,1,0.0035852163564413786
B22-304,/fhome/maed/HelicoDataSet/CrossValidation/Annotated/B22-304_0/00381_Aug2.png,1,0.004077600315213203
B22-304,/fhome/maed/HelicoDataSet/CrossValidation/Annotated/B22-304_0/00783_Aug3.png,1,0.01753370836377144
B22-304,/fhome/maed/HelicoDataSet/CrossValidation/Annotated/B22-304_0/00783_Aug7.png,1,0.021770212799310684
B22-304,/fhome/maed/HelicoDataSet/CrossValidation/Annotated/B22-304_0/01100_Aug2.png,1,0.00727455597370863
B22-304,/fhome/maed/HelicoDataSet/CrossValidation/Annotated/B22-304_0/01044_Aug7.png,1,0.04409514367580414
B22-304,/fhome/maed/HelicoDataSet/CrossValidation/Annotated/B22-304_0/01658_Aug2.png,1,0.004507763311266899
B22-304,/fhome/maed/HelicoDataSet/CrossValidation/Annotated/B22-304_0/00314_Aug1.png,1,0.006189966108649969
B22-304,/fhome/maed/HelicoDataSet/CrossValidation/Annotated/B22-304_0/01658_Aug5.png,1,0.002988426946103573
B22-304,/fhome/maed/HelicoDataSet/CrossValidation/Annotated/B22-304_0/00973_Aug1.png,1,0.008825108408927917
B22-304,/fhome/maed/HelicoDataSet/CrossValidation/Annotated/B22-304_0/00381_Aug7.png,1,0.011922186240553856
B22-304,/fhome/maed/HelicoDataSet/CrossValidation/Annotated/B22-304_0/01342.png,0,0.0006534861167892814
B22-304,/fhome/maed/HelicoDataSet/CrossValidation/Annotated/B22-304_0/00314_Aug6.png,1,0.006675835698843002
B22-304,/fhome/maed/HelicoDataSet/CrossValidation/Annotated/B22-304_0/01757_Aug5.png,1,0.003602480050176382
B22-304,/fhome/maed/HelicoDataSet/CrossValidation/Annotated/B22-304_0/00783.png,1,0.016514897346496582
B22-304,/fhome/maed/HelicoDataSet/CrossValidation/Annotated/B22-304_0/00318_Aug4.png,1,0.00928512867540121
B22-304,/fhome/maed/HelicoDataSet/CrossValidation/Annotated/B22-304_0/01100.png,1,0.005382617469877005
B22-304,/fhome/maed/HelicoDataSet/CrossValidation/Annotated/B22-304_0/00783_Aug6.png,1,0.016021979972720146
B22-304,/fhome/maed/HelicoDataSet/CrossValidation/Annotated/B22-304_0/01658_Aug7.png,1,0.0022221780382096767
B22-304,/fhome/maed/HelicoDataSet/CrossValidation/Annotated/B22-304_0/00381_Aug1.png,1,0.003561639692634344
B22-304,/fhome/maed/HelicoDataSet/CrossValidation/Annotated/B22-304_0/00973_Aug2.png,1,0.007906573824584484
B22-304,/fhome/maed/HelicoDataSet/CrossValidation/Annotated/B22-304_0/01658_Aug6.png,1,0.0052329483442008495
B22-304,/fhome/maed/HelicoDataSet/CrossValidation/Annotated/B22-304_0/00799.png,0,0.0010094241006299853
B22-304,/fhome/maed/HelicoDataSet/CrossValidation/Annotated/B22-304_0/00318_Aug8.png,1,0.006664585322141647
B22-304,/fhome/maed/HelicoDataSet/CrossValidation/Annotated/B22-304_0/01100_Aug1.png,1,0.004843919537961483
B22-304,/fhome/maed/HelicoDataSet/CrossValidation/Annotated/B22-304_0/01757_Aug6.png,1,0.0025188717991113663
B22-304,/fhome/maed/HelicoDataSet/CrossValidation/Annotated/B22-304_0/01757_Aug2.png,1,0.001338331843726337
B22-304,/fhome/maed/HelicoDataSet/CrossValidation/Annotated/B22-304_0/01658_Aug8.png,1,0.005389082245528698
B22-304,/fhome/maed/HelicoDataSet/CrossValidation/Annotated/B22-304_0/01100_Aug8.png,1,0.012759864330291748
B22-304,/fhome/maed/HelicoDataSet/CrossValidation/Annotated/B22-304_0/00314_Aug5.png,1,0.0037044729106128216
B22-304,/fhome/maed/HelicoDataSet/CrossValidation/Annotated/B22-304_0/00783_Aug1.png,1,0.01828821189701557
B22-304,/fhome/maed/HelicoDataSet/CrossValidation/Annotated/B22-304_0/00314.png,1,0.009507955983281136
B22-304,/fhome/maed/HelicoDataSet/CrossValidation/Annotated/B22-304_0/01044_Aug1.png,1,0.06586840748786926
B22-304,/fhome/maed/HelicoDataSet/CrossValidation/Annotated/B22-304_0/01100_Aug3.png,1,0.0037095900624990463
B22-304,/fhome/maed/HelicoDataSet/CrossValidation/Annotated/B22-304_0/00318_Aug7.png,1,0.006664585322141647
B22-304,/fhome/maed/HelicoDataSet/CrossValidation/Annotated/B22-304_0/01100_Aug7.png,1,0.0013314872048795223
B22-304,/fhome/maed/HelicoDataSet/CrossValidation/Annotated/B22-304_0/01757.png,1,0.0010578082874417305
B22-304,/fhome/maed/HelicoDataSet/CrossValidation/Annotated/B22-304_0/01044_Aug4.png,1,0.07886537909507751
B22-304,/fhome/maed/HelicoDataSet/CrossValidation/Annotated/B22-304_0/00973_Aug5.png,1,0.008080901578068733
B22-304,/fhome/maed/HelicoDataSet/CrossValidation/Annotated/B22-304_0/01044.png,1,0.07301704585552216
B22-304,/fhome/maed/HelicoDataSet/CrossValidation/Annotated/B22-304_0/01757_Aug1.png,1,0.0015380613040179014
B22-304,/fhome/maed/HelicoDataSet/CrossValidation/Annotated/B22-304_0/00973_Aug8.png,1,0.005134546663612127
B22-304,/fhome/maed/HelicoDataSet/CrossValidation/Annotated/B22-304_0/00318_Aug6.png,1,0.008969309739768505
B22-304,/fhome/maed/HelicoDataSet/CrossValidation/Annotated/B22-304_0/00381_Aug4.png,1,0.0043959347531199455
B22-304,/fhome/maed/HelicoDataSet/CrossValidation/Annotated/B22-304_0/00318_Aug3.png,1,0.009285131469368935
B22-304,/fhome/maed/HelicoDataSet/CrossValidation/Annotated/B22-304_0/00314_Aug3.png,1,0.004700918681919575
B22-304,/fhome/maed/HelicoDataSet/CrossValidation/Annotated/B22-304_0/00783_Aug2.png,1,0.016079585999250412
B22-304,/fhome/maed/HelicoDataSet/CrossValidation/Annotated/B22-304_0/01757_Aug3.png,1,0.0030501678120344877
B22-304,/fhome/maed/HelicoDataSet/CrossValidation/Annotated/B22-304_0/00381_Aug3.png,1,0.004639303311705589
B22-304,/fhome/maed/HelicoDataSet/CrossValidation/Annotated/B22-304_0/00314_Aug2.png,1,0.008909479714930058
B22-304,/fhome/maed/HelicoDataSet/CrossValidation/Annotated/B22-304_0/00973_Aug4.png,1,0.007156975567340851
B22-304,/fhome/maed/HelicoDataSet/CrossValidation/Annotated/B22-304_0/01044_Aug6.png,1,0.07727302610874176
B22-304,/fhome/maed/HelicoDataSet/CrossValidation/Annotated/B22-304_0/01044_Aug8.png,1,0.07623804360628128
B22-304,/fhome/maed/HelicoDataSet/CrossValidation/Annotated/B22-304_0/00973_Aug3.png,1,0.008627510629594326
B22-304,/fhome/maed/HelicoDataSet/CrossValidation/Annotated/B22-304_0/01658.png,1,0.004804294090718031
B22-304,/fhome/maed/HelicoDataSet/CrossValidation/Annotated/B22-304_0/01100_Aug4.png,1,0.009056671522557735
B22-304,/fhome/maed/HelicoDataSet/CrossValidation/Annotated/B22-304_0/01658_Aug3.png,1,0.0036282006185501814
B22-304,/fhome/maed/HelicoDataSet/CrossValidation/Annotated/B22-304_0/00283.png,0,0.0006760358810424805
B22-304,/fhome/maed/HelicoDataSet/CrossValidation/Annotated/B22-304_0/00314_Aug4.png,1,0.008031385019421577
B22-304,/fhome/maed/HelicoDataSet/CrossValidation/Annotated/B22-304_0/00318_Aug5.png,1,0.008969309739768505
B22-304,/fhome/maed/HelicoDataSet/CrossValidation/Annotated/B22-304_0/00973_Aug7.png,1,0.006673790514469147
B22-304,/fhome/maed/HelicoDataSet/CrossValidation/Annotated/B22-304_0/00318.png,1,0.014606466516852379
B22-304,/fhome/maed/HelicoDataSet/CrossValidation/Annotated/B22-304_0/00381.png,1,0.0038266859482973814
B22-304,/fhome/maed/HelicoDataSet/CrossValidation/Annotated/B22-304_0/01044_Aug2.png,1,0.07447119802236557
B22-304,/fhome/maed/HelicoDataSet/CrossValidation/Annotated/B22-304_0/00381_Aug8.png,1,0.006794795393943787
B22-304,/fhome/maed/HelicoDataSet/CrossValidation/Annotated/B22-304_0/01100_Aug6.png,1,0.011108031496405602
B22-304,/fhome/maed/HelicoDataSet/CrossValidation/Annotated/B22-304_0/01757_Aug4.png,1,0.0017726006917655468
B22-304,/fhome/maed/HelicoDataSet/CrossValidation/Annotated/B22-304_0/00783_Aug8.png,1,0.013294643722474575
B22-304,/fhome/maed/HelicoDataSet/CrossValidation/Annotated/B22-304_0/00716.png,0,0.0006538707530125976
B22-304,/fhome/maed/HelicoDataSet/CrossValidation/Annotated/B22-304_0/00381_Aug5.png,1,0.00687286164611578
B22-164,/fhome/maed/HelicoDataSet/CrossValidation/Annotated/B22-164_0/00290.png,0,0.00043194618774577975
B22-189,/fhome/maed/HelicoDataSet/CrossValidation/Annotated/B22-189_1/00355.png,0,0.0009485860355198383
B22-189,/fhome/maed/HelicoDataSet/CrossValidation/Annotated/B22-189_1/00358.png,0,0.000636998622212559
B22-189,/fhome/maed/HelicoDataSet/CrossValidation/Annotated/B22-189_1/00093.png,0,0.00040390522917732596
B22-189,/fhome/maed/HelicoDataSet/CrossValidation/Annotated/B22-189_1/00472.png,0,0.0005950258928351104
B22-150,/fhome/maed/HelicoDataSet/CrossValidation/Annotated/B22-150_0/00363.png,0,0.00016888898971956223
B22-150,/fhome/maed/HelicoDataSet/CrossValidation/Annotated/B22-150_0/00362.png,0,0.0003843369777314365
B22-150,/fhome/maed/HelicoDataSet/CrossValidation/Annotated/B22-150_0/01315.png,0,0.0002431573811918497
B22-150,/fhome/maed/HelicoDataSet/CrossValidation/Annotated/B22-150_0/00360.png,0,0.00028467760421335697
B22-150,/fhome/maed/HelicoDataSet/CrossValidation/Annotated/B22-150_0/01864.png,0,0.0003571915440261364
B22-150,/fhome/maed/HelicoDataSet/CrossValidation/Annotated/B22-150_0/00889.png,0,0.0003633134183473885
B22-150,/fhome/maed/HelicoDataSet/CrossValidation/Annotated/B22-150_0/01314.png,0,0.00023384319501928985
B22-279,/fhome/maed/HelicoDataSet/CrossValidation/Annotated/B22-279_0/01200.png,0,0.000564326997846365
B22-279,/fhome/maed/HelicoDataSet/CrossValidation/Annotated/B22-279_0/00762.png,0,0.0005658863810822368
B22-279,/fhome/maed/HelicoDataSet/CrossValidation/Annotated/B22-279_0/00876.png,0,0.000381277350243181
B22-254,/fhome/maed/HelicoDataSet/CrossValidation/Annotated/B22-254_0/03773.png,0,0.00044053420424461365
B22-254,/fhome/maed/HelicoDataSet/CrossValidation/Annotated/B22-254_0/00007.png,0,0.00052977679297328
B22-254,/fhome/maed/HelicoDataSet/CrossValidation/Annotated/B22-254_0/00011.png,0,0.00037382286973297596
B22-116,/fhome/maed/HelicoDataSet/CrossValidation/Annotated/B22-116_0/00256_Aug1.png,1,0.0007049883715808392
B22-116,/fhome/maed/HelicoDataSet/CrossValidation/Annotated/B22-116_0/00256_Aug4.png,1,0.0013208113377913833
B22-116,/fhome/maed/HelicoDataSet/CrossValidation/Annotated/B22-116_0/00252_Aug5.png,1,0.001343923038803041
B22-116,/fhome/maed/HelicoDataSet/CrossValidation/Annotated/B22-116_0/00256_Aug7.png,1,0.0006719694938510656
B22-116,/fhome/maed/HelicoDataSet/CrossValidation/Annotated/B22-116_0/00256_Aug5.png,1,0.0005996834952384233
B22-116,/fhome/maed/HelicoDataSet/CrossValidation/Annotated/B22-116_0/00256_Aug8.png,1,0.0014370795106515288
B22-116,/fhome/maed/HelicoDataSet/CrossValidation/Annotated/B22-116_0/00493.png,0,0.00048717769095674157
B22-116,/fhome/maed/HelicoDataSet/CrossValidation/Annotated/B22-116_0/00437_Aug6.png,1,0.003806155873462558
B22-116,/fhome/maed/HelicoDataSet/CrossValidation/Annotated/B22-116_0/00252_Aug8.png,1,0.0015698769129812717
B22-116,/fhome/maed/HelicoDataSet/CrossValidation/Annotated/B22-116_0/00256.png,1,0.0011009495938196778
B22-116,/fhome/maed/HelicoDataSet/CrossValidation/Annotated/B22-116_0/00256_Aug2.png,1,0.0015644509112462401
B22-116,/fhome/maed/HelicoDataSet/CrossValidation/Annotated/B22-116_0/00252_Aug7.png,1,0.0009397338144481182
B22-116,/fhome/maed/HelicoDataSet/CrossValidation/Annotated/B22-116_0/00256_Aug3.png,1,0.0006303320988081396
B22-116,/fhome/maed/HelicoDataSet/CrossValidation/Annotated/B22-116_0/00252_Aug3.png,1,0.0014072777703404427
B22-116,/fhome/maed/HelicoDataSet/CrossValidation/Annotated/B22-116_0/00437_Aug8.png,1,0.0040819658897817135
B22-116,/fhome/maed/HelicoDataSet/CrossValidation/Annotated/B22-116_0/00217.png,0,0.00036091855145059526
B22-116,/fhome/maed/HelicoDataSet/CrossValidation/Annotated/B22-116_0/00437_Aug4.png,1,0.003118211403489113
B22-116,/fhome/maed/HelicoDataSet/CrossValidation/Annotated/B22-116_0/00252_Aug1.png,1,0.0015986914513632655
B22-116,/fhome/maed/HelicoDataSet/CrossValidation/Annotated/B22-116_0/00437_Aug2.png,1,0.003065569791942835
B22-116,/fhome/maed/HelicoDataSet/CrossValidation/Annotated/B22-116_0/00252_Aug2.png,1,0.001309353276155889
B22-116,/fhome/maed/HelicoDataSet/CrossValidation/Annotated/B22-116_0/00252_Aug4.png,1,0.0014091709163039923
B22-116,/fhome/maed/HelicoDataSet/CrossValidation/Annotated/B22-116_0/00437_Aug1.png,1,0.000669437344186008
B22-116,/fhome/maed/HelicoDataSet/CrossValidation/Annotated/B22-116_0/00256_Aug6.png,1,0.0012162383645772934
B22-116,/fhome/maed/HelicoDataSet/CrossValidation/Annotated/B22-116_0/00252.png,1,0.0015379420947283506
B22-116,/fhome/maed/HelicoDataSet/CrossValidation/Annotated/B22-116_0/00437.png,1,0.0023177070543169975
B22-116,/fhome/maed/HelicoDataSet/CrossValidation/Annotated/B22-116_0/00252_Aug6.png,1,0.0013735219836235046
B22-168,/fhome/maed/HelicoDataSet/CrossValidation/Annotated/B22-168_1/00407.png,0,0.0005453659105114639
B22-168,/fhome/maed/HelicoDataSet/CrossValidation/Annotated/B22-168_1/00389.png,0,0.0004780113813467324
B22-168,/fhome/maed/HelicoDataSet/CrossValidation/Annotated/B22-168_1/00343.png,0,0.00033015149529092014
B22-168,/fhome/maed/HelicoDataSet/CrossValidation/Annotated/B22-168_1/00156.png,0,0.00039470684714615345
B22-168,/fhome/maed/HelicoDataSet/CrossValidation/Annotated/B22-168_1/00379.png,0,0.0006163882208056748
B22-168,/fhome/maed/HelicoDataSet/CrossValidation/Annotated/B22-168_1/00828.png,0,0.00016830638924147934
B22-163,/fhome/maed/HelicoDataSet/CrossValidation/Annotated/B22-163_0/00387_Aug4.png,1,0.003528372384607792
B22-163,/fhome/maed/HelicoDataSet/CrossValidation/Annotated/B22-163_0/00657_Aug8.png,1,0.005354813300073147
B22-163,/fhome/maed/HelicoDataSet/CrossValidation/Annotated/B22-163_0/00413.png,0,0.0004663473810069263
B22-163,/fhome/maed/HelicoDataSet/CrossValidation/Annotated/B22-163_0/00444_Aug8.png,1,0.018924791365861893
B22-163,/fhome/maed/HelicoDataSet/CrossValidation/Annotated/B22-163_0/00357.png,0,0.00040766893653199077
B22-163,/fhome/maed/HelicoDataSet/CrossValidation/Annotated/B22-163_0/00298_Aug3.png,1,0.007422726601362228
B22-163,/fhome/maed/HelicoDataSet/CrossValidation/Annotated/B22-163_0/00491_Aug3.png,1,0.02767838165163994
B22-163,/fhome/maed/HelicoDataSet/CrossValidation/Annotated/B22-163_0/00387_Aug1.png,1,0.010358329862356186
B22-163,/fhome/maed/HelicoDataSet/CrossValidation/Annotated/B22-163_0/00298_Aug6.png,1,0.0058989799581468105
B22-163,/fhome/maed/HelicoDataSet/CrossValidation/Annotated/B22-163_0/00657.png,1,0.005821987055242062
B22-163,/fhome/maed/HelicoDataSet/CrossValidation/Annotated/B22-163_0/00298_Aug4.png,1,0.005687307566404343
B22-163,/fhome/maed/HelicoDataSet/CrossValidation/Annotated/B22-163_0/00298.png,1,0.0042135934345424175
B22-163,/fhome/maed/HelicoDataSet/CrossValidation/Annotated/B22-163_0/00643_Aug5.png,1,0.007571556605398655
B22-163,/fhome/maed/HelicoDataSet/CrossValidation/Annotated/B22-163_0/00657_Aug7.png,1,0.0054956721141934395
B22-163,/fhome/maed/HelicoDataSet/CrossValidation/Annotated/B22-163_0/00452_Aug6.png,1,0.026959482580423355
B22-163,/fhome/maed/HelicoDataSet/CrossValidation/Annotated/B22-163_0/00657_Aug3.png,1,0.005386757664382458
B22-163,/fhome/maed/HelicoDataSet/CrossValidation/Annotated/B22-163_0/00387_Aug6.png,1,0.006654122844338417
B22-163,/fhome/maed/HelicoDataSet/CrossValidation/Annotated/B22-163_0/00452_Aug4.png,1,0.026486914604902267
B22-163,/fhome/maed/HelicoDataSet/CrossValidation/Annotated/B22-163_0/00387.png,1,0.009064823389053345
B22-163,/fhome/maed/HelicoDataSet/CrossValidation/Annotated/B22-163_0/00452_Aug5.png,1,0.018232107162475586
B22-163,/fhome/maed/HelicoDataSet/CrossValidation/Annotated/B22-163_0/00452_Aug2.png,1,0.02549998089671135
B22-163,/fhome/maed/HelicoDataSet/CrossValidation/Annotated/B22-163_0/00387_Aug2.png,1,0.0036349454894661903
B22-163,/fhome/maed/HelicoDataSet/CrossValidation/Annotated/B22-163_0/00491_Aug2.png,1,0.02282513491809368
B22-163,/fhome/maed/HelicoDataSet/CrossValidation/Annotated/B22-163_0/00444_Aug4.png,1,0.013539429754018784
B22-163,/fhome/maed/HelicoDataSet/CrossValidation/Annotated/B22-163_0/00491_Aug4.png,1,0.02444395050406456
B22-163,/fhome/maed/HelicoDataSet/CrossValidation/Annotated/B22-163_0/00643_Aug6.png,1,0.012072496116161346
B22-163,/fhome/maed/HelicoDataSet/CrossValidation/Annotated/B22-163_0/00298_Aug1.png,1,0.005776344798505306
B22-163,/fhome/maed/HelicoDataSet/CrossValidation/Annotated/B22-163_0/00444_Aug1.png,1,0.009851948358118534
B22-163,/fhome/maed/HelicoDataSet/CrossValidation/Annotated/B22-163_0/00452_Aug3.png,1,0.019961271435022354
B22-163,/fhome/maed/HelicoDataSet/CrossValidation/Annotated/B22-163_0/00491_Aug5.png,1,0.02920359931886196
B22-163,/fhome/maed/HelicoDataSet/CrossValidation/Annotated/B22-163_0/00387_Aug7.png,1,0.012113012373447418
B22-163,/fhome/maed/HelicoDataSet/CrossValidation/Annotated/B22-163_0/00298_Aug2.png,1,0.005072149448096752
B22-163,/fhome/maed/HelicoDataSet/CrossValidation/Annotated/B22-163_0/00387_Aug3.png,1,0.011304925195872784
B22-163,/fhome/maed/HelicoDataSet/CrossValidation/Annotated/B22-163_0/00643_Aug3.png,1,0.008618554100394249
B22-163,/fhome/maed/HelicoDataSet/CrossValidation/Annotated/B22-163_0/00444_Aug7.png,1,0.016064245253801346
B22-163,/fhome/maed/HelicoDataSet/CrossValidation/Annotated/B22-163_0/00444_Aug3.png,1,0.01233581267297268
B22-163,/fhome/maed/HelicoDataSet/CrossValidation/Annotated/B22-163_0/00196.png,0,0.0005741944769397378
B22-163,/fhome/maed/HelicoDataSet/CrossValidation/Annotated/B22-163_0/00452_Aug7.png,1,0.015998244285583496
B22-163,/fhome/maed/HelicoDataSet/CrossValidation/Annotated/B22-163_0/00452_Aug1.png,1,0.022451139986515045
B22-163,/fhome/maed/HelicoDataSet/CrossValidation/Annotated/B22-163_0/00491_Aug6.png,1,0.02447565458714962
B22-163,/fhome/maed/HelicoDataSet/CrossValidation/Annotated/B22-163_0/00657_Aug1.png,1,0.00534236803650856
B22-163,/fhome/maed/HelicoDataSet/CrossValidation/Annotated/B22-163_0/00452_Aug8.png,1,0.027213454246520996
B22-163,/fhome/maed/HelicoDataSet/CrossValidation/Annotated/B22-163_0/00643_Aug2.png,1,0.011401668190956116
B22-163,/fhome/maed/HelicoDataSet/CrossValidation/Annotated/B22-163_0/00298_Aug8.png,1,0.005472039803862572
B22-163,/fhome/maed/HelicoDataSet/CrossValidation/Annotated/B22-163_0/00643_Aug4.png,1,0.011774219572544098
B22-163,/fhome/maed/HelicoDataSet/CrossValidation/Annotated/B22-163_0/00452.png,1,0.024361034855246544
B22-163,/fhome/maed/HelicoDataSet/CrossValidation/Annotated/B22-163_0/00444_Aug2.png,1,0.009700222872197628
B22-163,/fhome/maed/HelicoDataSet/CrossValidation/Annotated/B22-163_0/00657_Aug6.png,1,0.005403611343353987
B22-163,/fhome/maed/HelicoDataSet/CrossValidation/Annotated/B22-163_0/00657_Aug2.png,1,0.005520664155483246
B22-163,/fhome/maed/HelicoDataSet/CrossValidation/Annotated/B22-163_0/00298_Aug5.png,1,0.008402284234762192
B22-163,/fhome/maed/HelicoDataSet/CrossValidation/Annotated/B22-163_0/00298_Aug7.png,1,0.008939329534769058
B22-163,/fhome/maed/HelicoDataSet/CrossValidation/Annotated/B22-163_0/00657_Aug5.png,1,0.005470977630466223
B22-163,/fhome/maed/HelicoDataSet/CrossValidation/Annotated/B22-163_0/00491_Aug7.png,1,0.032704927027225494
B22-163,/fhome/maed/HelicoDataSet/CrossValidation/Annotated/B22-163_0/00444.png,1,0.007574988529086113
B22-163,/fhome/maed/HelicoDataSet/CrossValidation/Annotated/B22-163_0/00643_Aug7.png,1,0.006584133021533489
B22-163,/fhome/maed/HelicoDataSet/CrossValidation/Annotated/B22-163_0/00387_Aug5.png,1,0.012032762169837952
B22-163,/fhome/maed/HelicoDataSet/CrossValidation/Annotated/B22-163_0/00444_Aug5.png,1,0.014349149540066719
B22-163,/fhome/maed/HelicoDataSet/CrossValidation/Annotated/B22-163_0/00390.png,0,0.0005742026260122657
B22-163,/fhome/maed/HelicoDataSet/CrossValidation/Annotated/B22-163_0/00491_Aug8.png,1,0.024692654609680176
B22-163,/fhome/maed/HelicoDataSet/CrossValidation/Annotated/B22-163_0/00491_Aug1.png,1,0.02510327659547329
B22-163,/fhome/maed/HelicoDataSet/CrossValidation/Annotated/B22-163_0/00387_Aug8.png,1,0.00940321572124958
B22-163,/fhome/maed/HelicoDataSet/CrossValidation/Annotated/B22-163_0/00643_Aug8.png,1,0.0117591992020607
B22-163,/fhome/maed/HelicoDataSet/CrossValidation/Annotated/B22-163_0/00657_Aug4.png,1,0.005502847954630852
B22-163,/fhome/maed/HelicoDataSet/CrossValidation/Annotated/B22-163_0/00417.png,0,0.0004971441812813282
B22-163,/fhome/maed/HelicoDataSet/CrossValidation/Annotated/B22-163_0/00643.png,1,0.011522723361849785
B22-163,/fhome/maed/HelicoDataSet/CrossValidation/Annotated/B22-163_0/00491.png,1,0.022684838622808456
B22-163,/fhome/maed/HelicoDataSet/CrossValidation/Annotated/B22-163_0/00643_Aug1.png,1,0.009998880326747894
B22-163,/fhome/maed/HelicoDataSet/CrossValidation/Annotated/B22-163_0/00444_Aug6.png,1,0.016962889581918716
B22-241,/fhome/maed/HelicoDataSet/CrossValidation/Annotated/B22-241_0/01290.png,0,0.0006457822164520621
B22-241,/fhome/maed/HelicoDataSet/CrossValidation/Annotated/B22-241_0/00498.png,0,0.0007549982401542366
B22-241,/fhome/maed/HelicoDataSet/CrossValidation/Annotated/B22-241_0/00536_Aug1.png,1,0.007549146190285683
B22-241,/fhome/maed/HelicoDataSet/CrossValidation/Annotated/B22-241_0/00536_Aug4.png,1,0.005815166514366865
B22-241,/fhome/maed/HelicoDataSet/CrossValidation/Annotated/B22-241_0/00239.png,0,0.0010178294032812119
B22-241,/fhome/maed/HelicoDataSet/CrossValidation/Annotated/B22-241_0/00536_Aug2.png,1,0.007368080317974091
B22-241,/fhome/maed/HelicoDataSet/CrossValidation/Annotated/B22-241_0/00989.png,0,0.0005573178641498089
B22-241,/fhome/maed/HelicoDataSet/CrossValidation/Annotated/B22-241_0/01342.png,0,0.0007226911257021129
B22-241,/fhome/maed/HelicoDataSet/CrossValidation/Annotated/B22-241_0/00536_Aug6.png,1,0.0038739133160561323
B22-241,/fhome/maed/HelicoDataSet/CrossValidation/Annotated/B22-241_0/00536_Aug3.png,1,0.007307148538529873
B22-241,/fhome/maed/HelicoDataSet/CrossValidation/Annotated/B22-241_0/01567.png,0,0.0004415353178046644
B22-241,/fhome/maed/HelicoDataSet/CrossValidation/Annotated/B22-241_0/01564.png,0,0.0006795068038627505
B22-241,/fhome/maed/HelicoDataSet/CrossValidation/Annotated/B22-241_0/00536_Aug7.png,1,0.006979475729167461
B22-241,/fhome/maed/HelicoDataSet/CrossValidation/Annotated/B22-241_0/00237.png,0,0.001244270708411932
B22-241,/fhome/maed/HelicoDataSet/CrossValidation/Annotated/B22-241_0/00536.png,1,0.007748880889266729
B22-241,/fhome/maed/HelicoDataSet/CrossValidation/Annotated/B22-241_0/01587.png,0,0.0009123877389356494
B22-241,/fhome/maed/HelicoDataSet/CrossValidation/Annotated/B22-241_0/01543.png,0,0.0005079054390080273
B22-241,/fhome/maed/HelicoDataSet/CrossValidation/Annotated/B22-241_0/00881.png,0,0.0005668892990797758
B22-241,/fhome/maed/HelicoDataSet/CrossValidation/Annotated/B22-241_0/01010.png,0,0.00048335277824662626
B22-241,/fhome/maed/HelicoDataSet/CrossValidation/Annotated/B22-241_0/01106.png,0,0.0006943978369235992
B22-241,/fhome/maed/HelicoDataSet/CrossValidation/Annotated/B22-241_0/00495.png,0,0.0007009250111877918
B22-241,/fhome/maed/HelicoDataSet/CrossValidation/Annotated/B22-241_0/00536_Aug8.png,1,0.0008979632402770221
B22-241,/fhome/maed/HelicoDataSet/CrossValidation/Annotated/B22-241_0/00536_Aug5.png,1,0.006570659577846527
B22-241,/fhome/maed/HelicoDataSet/CrossValidation/Annotated/B22-241_0/00883.png,0,0.0005092238425277174
B22-241,/fhome/maed/HelicoDataSet/CrossValidation/Annotated/B22-241_0/01270.png,0,0.0006884955801069736
B22-241,/fhome/maed/HelicoDataSet/CrossValidation/Annotated/B22-241_0/01039.png,0,0.0005097510293126106
B22-241,/fhome/maed/HelicoDataSet/CrossValidation/Annotated/B22-241_0/01516.png,0,0.0008726054802536964
B22-241,/fhome/maed/HelicoDataSet/CrossValidation/Annotated/B22-241_0/01489.png,0,0.0007307892665266991
B22-241,/fhome/maed/HelicoDataSet/CrossValidation/Annotated/B22-241_0/01589.png,0,0.001159848878160119
B22-241,/fhome/maed/HelicoDataSet/CrossValidation/Annotated/B22-241_0/00876.png,0,0.00047451158752664924
B22-241,/fhome/maed/HelicoDataSet/CrossValidation/Annotated/B22-241_0/01419.png,0,0.0005830966401845217
B22-278,/fhome/maed/HelicoDataSet/CrossValidation/Annotated/B22-278_0/00234_Aug6.png,1,0.0010563289979472756
B22-278,/fhome/maed/HelicoDataSet/CrossValidation/Annotated/B22-278_0/00240_Aug3.png,1,0.0009856856195256114
B22-278,/fhome/maed/HelicoDataSet/CrossValidation/Annotated/B22-278_0/00234_Aug8.png,1,0.0009305310668423772
B22-278,/fhome/maed/HelicoDataSet/CrossValidation/Annotated/B22-278_0/00022_Aug8.png,1,0.009676532819867134
B22-278,/fhome/maed/HelicoDataSet/CrossValidation/Annotated/B22-278_0/00022_Aug2.png,1,0.012025794014334679
B22-278,/fhome/maed/HelicoDataSet/CrossValidation/Annotated/B22-278_0/00234.png,1,0.0008701573824509978
B22-278,/fhome/maed/HelicoDataSet/CrossValidation/Annotated/B22-278_0/00240_Aug7.png,1,0.000955253723077476
B22-278,/fhome/maed/HelicoDataSet/CrossValidation/Annotated/B22-278_0/00155.png,0,0.0003810049965977669
B22-278,/fhome/maed/HelicoDataSet/CrossValidation/Annotated/B22-278_0/00022_Aug4.png,1,0.010091072879731655
B22-278,/fhome/maed/HelicoDataSet/CrossValidation/Annotated/B22-278_0/00234_Aug2.png,1,0.0008920803666114807
B22-278,/fhome/maed/HelicoDataSet/CrossValidation/Annotated/B22-278_0/00234_Aug5.png,1,0.0009792591445147991
B22-278,/fhome/maed/HelicoDataSet/CrossValidation/Annotated/B22-278_0/00701.png,0,0.0005821963422931731
B22-278,/fhome/maed/HelicoDataSet/CrossValidation/Annotated/B22-278_0/00022.png,1,0.01346980594098568
B22-278,/fhome/maed/HelicoDataSet/CrossValidation/Annotated/B22-278_0/00240_Aug1.png,1,0.0008534755907021463
B22-278,/fhome/maed/HelicoDataSet/CrossValidation/Annotated/B22-278_0/00240_Aug8.png,1,0.0005786214023828506
B22-278,/fhome/maed/HelicoDataSet/CrossValidation/Annotated/B22-278_0/00240_Aug5.png,1,0.0011134757660329342
B22-278,/fhome/maed/HelicoDataSet/CrossValidation/Annotated/B22-278_0/00234_Aug1.png,1,0.0008742066565901041
B22-278,/fhome/maed/HelicoDataSet/CrossValidation/Annotated/B22-278_0/00022_Aug3.png,1,0.010605715215206146
B22-278,/fhome/maed/HelicoDataSet/CrossValidation/Annotated/B22-278_0/00234_Aug4.png,1,0.0011062268167734146
B22-278,/fhome/maed/HelicoDataSet/CrossValidation/Annotated/B22-278_0/00234_Aug7.png,1,0.0010439374018460512
B22-278,/fhome/maed/HelicoDataSet/CrossValidation/Annotated/B22-278_0/00022_Aug1.png,1,0.011954069137573242
B22-278,/fhome/maed/HelicoDataSet/CrossValidation/Annotated/B22-278_0/00022_Aug6.png,1,0.010095402598381042
B22-278,/fhome/maed/HelicoDataSet/CrossValidation/Annotated/B22-278_0/00240.png,1,0.0008038220694288611
B22-278,/fhome/maed/HelicoDataSet/CrossValidation/Annotated/B22-278_0/00022_Aug7.png,1,0.010074924677610397
B22-278,/fhome/maed/HelicoDataSet/CrossValidation/Annotated/B22-278_0/00240_Aug6.png,1,0.0009358811075799167
B22-278,/fhome/maed/HelicoDataSet/CrossValidation/Annotated/B22-278_0/00240_Aug4.png,1,0.0008846168639138341
B22-278,/fhome/maed/HelicoDataSet/CrossValidation/Annotated/B22-278_0/00022_Aug5.png,1,0.010322394780814648
B22-278,/fhome/maed/HelicoDataSet/CrossValidation/Annotated/B22-278_0/00240_Aug2.png,1,0.0008648921502754092
B22-278,/fhome/maed/HelicoDataSet/CrossValidation/Annotated/B22-278_0/00234_Aug3.png,1,0.0009487771312706172
B22-264,/fhome/maed/HelicoDataSet/CrossValidation/Annotated/B22-264_0/01511.png,1,0.0024283588863909245
B22-264,/fhome/maed/HelicoDataSet/CrossValidation/Annotated/B22-264_0/01644.png,0,0.00022232593619264662
B22-264,/fhome/maed/HelicoDataSet/CrossValidation/Annotated/B22-264_0/01511_Aug2.png,1,0.0023847543634474277
B22-264,/fhome/maed/HelicoDataSet/CrossValidation/Annotated/B22-264_0/01511_Aug5.png,1,0.0029433732852339745
B22-264,/fhome/maed/HelicoDataSet/CrossValidation/Annotated/B22-264_0/01511_Aug4.png,1,0.002717845607548952
B22-264,/fhome/maed/HelicoDataSet/CrossValidation/Annotated/B22-264_0/01511_Aug1.png,1,0.0023847543634474277
B22-264,/fhome/maed/HelicoDataSet/CrossValidation/Annotated/B22-264_0/00267.png,0,0.0003895467089023441
B22-264,/fhome/maed/HelicoDataSet/CrossValidation/Annotated/B22-264_0/01511_Aug6.png,1,0.002943373052403331
B22-264,/fhome/maed/HelicoDataSet/CrossValidation/Annotated/B22-264_0/01511_Aug8.png,1,0.0027366462163627148
B22-264,/fhome/maed/HelicoDataSet/CrossValidation/Annotated/B22-264_0/01511_Aug3.png,1,0.002717845141887665
B22-264,/fhome/maed/HelicoDataSet/CrossValidation/Annotated/B22-264_0/01511_Aug7.png,1,0.0027366464491933584
B22-299,/fhome/maed/HelicoDataSet/CrossValidation/Annotated/B22-299_0/00773_Aug7.png,1,0.013571886345744133
B22-299,/fhome/maed/HelicoDataSet/CrossValidation/Annotated/B22-299_0/00773.png,1,0.022285588085651398
B22-299,/fhome/maed/HelicoDataSet/CrossValidation/Annotated/B22-299_0/00576_Aug6.png,1,0.002215406857430935
B22-299,/fhome/maed/HelicoDataSet/CrossValidation/Annotated/B22-299_0/00081_Aug8.png,1,0.007955120876431465
B22-299,/fhome/maed/HelicoDataSet/CrossValidation/Annotated/B22-299_0/00081_Aug7.png,1,0.016707777976989746
B22-299,/fhome/maed/HelicoDataSet/CrossValidation/Annotated/B22-299_0/00773_Aug2.png,1,0.024905404075980186
B22-299,/fhome/maed/HelicoDataSet/CrossValidation/Annotated/B22-299_0/00081_Aug3.png,1,0.017203520983457565
B22-299,/fhome/maed/HelicoDataSet/CrossValidation/Annotated/B22-299_0/00880.png,0,0.00044705322943627834
B22-299,/fhome/maed/HelicoDataSet/CrossValidation/Annotated/B22-299_0/00773_Aug4.png,1,0.025924142450094223
B22-299,/fhome/maed/HelicoDataSet/CrossValidation/Annotated/B22-299_0/00576_Aug2.png,1,0.002360137179493904
B22-299,/fhome/maed/HelicoDataSet/CrossValidation/Annotated/B22-299_0/00576_Aug3.png,1,0.002014214638620615
B22-299,/fhome/maed/HelicoDataSet/CrossValidation/Annotated/B22-299_0/00773_Aug3.png,1,0.01856965385377407
B22-299,/fhome/maed/HelicoDataSet/CrossValidation/Annotated/B22-299_0/00576_Aug8.png,1,0.002154684392735362
B22-299,/fhome/maed/HelicoDataSet/CrossValidation/Annotated/B22-299_0/00576_Aug5.png,1,0.002230247249826789
B22-299,/fhome/maed/HelicoDataSet/CrossValidation/Annotated/B22-299_0/00576_Aug1.png,1,0.0023582978174090385
B22-299,/fhome/maed/HelicoDataSet/CrossValidation/Annotated/B22-299_0/00773_Aug8.png,1,0.027113810181617737
B22-299,/fhome/maed/HelicoDataSet/CrossValidation/Annotated/B22-299_0/00081.png,1,0.011194698512554169
B22-299,/fhome/maed/HelicoDataSet/CrossValidation/Annotated/B22-299_0/00576_Aug7.png,1,0.0016581269446760416
B22-299,/fhome/maed/HelicoDataSet/CrossValidation/Annotated/B22-299_0/00576_Aug4.png,1,0.0022405064664781094
B22-299,/fhome/maed/HelicoDataSet/CrossValidation/Annotated/B22-299_0/00576.png,1,0.0022346139885485172
B22-299,/fhome/maed/HelicoDataSet/CrossValidation/Annotated/B22-299_0/00773_Aug5.png,1,0.014952725730836391
B22-299,/fhome/maed/HelicoDataSet/CrossValidation/Annotated/B22-299_0/00081_Aug5.png,1,0.01717889867722988
B22-299,/fhome/maed/HelicoDataSet/CrossValidation/Annotated/B22-299_0/00773_Aug6.png,1,0.02575216442346573
B22-299,/fhome/maed/HelicoDataSet/CrossValidation/Annotated/B22-299_0/00773_Aug1.png,1,0.02031000331044197
B22-299,/fhome/maed/HelicoDataSet/CrossValidation/Annotated/B22-299_0/00081_Aug6.png,1,0.008228158578276634
B22-299,/fhome/maed/HelicoDataSet/CrossValidation/Annotated/B22-299_0/00081_Aug1.png,1,0.01600237749516964
B22-299,/fhome/maed/HelicoDataSet/CrossValidation/Annotated/B22-299_0/00081_Aug4.png,1,0.009612387046217918
B22-299,/fhome/maed/HelicoDataSet/CrossValidation/Annotated/B22-299_0/00081_Aug2.png,1,0.01160755380988121
B22-265,/fhome/maed/HelicoDataSet/CrossValidation/Annotated/B22-265_0/01412.png,0,0.00022268976317718625
B22-265,/fhome/maed/HelicoDataSet/CrossValidation/Annotated/B22-265_0/01410.png,0,0.0001510415895609185
B22-265,/fhome/maed/HelicoDataSet/CrossValidation/Annotated/B22-265_0/01414.png,0,0.00020450771262403578
B22-265,/fhome/maed/HelicoDataSet/CrossValidation/Annotated/B22-265_0/01413.png,0,0.000147178303450346
B22-265,/fhome/maed/HelicoDataSet/CrossValidation/Annotated/B22-265_0/01411.png,0,0.00012642843648791313
B22-223,/fhome/maed/HelicoDataSet/CrossValidation/Annotated/B22-223_0/00405.png,0,0.0006812458741478622
B22-223,/fhome/maed/HelicoDataSet/CrossValidation/Annotated/B22-223_0/00592.png,0,0.0006481342716142535
B22-223,/fhome/maed/HelicoDataSet/CrossValidation/Annotated/B22-223_0/00107.png,0,0.0005379472277127206
B22-223,/fhome/maed/HelicoDataSet/CrossValidation/Annotated/B22-223_0/00453.png,0,0.0007643037824891508
B22-195,/fhome/maed/HelicoDataSet/CrossValidation/Annotated/B22-195_0/01355.png,0,0.00026272429386153817
B22-195,/fhome/maed/HelicoDataSet/CrossValidation/Annotated/B22-195_0/01353.png,0,0.00026313067064620554
B22-70,/fhome/maed/HelicoDataSet/CrossValidation/Annotated/B22-70_0/00154_Aug8.png,1,0.01603507809340954
B22-70,/fhome/maed/HelicoDataSet/CrossValidation/Annotated/B22-70_0/00042.png,0,0.0008694051648490131
B22-70,/fhome/maed/HelicoDataSet/CrossValidation/Annotated/B22-70_0/00154_Aug6.png,1,0.015508852899074554
B22-70,/fhome/maed/HelicoDataSet/CrossValidation/Annotated/B22-70_0/00154_Aug7.png,1,0.01401959266513586
B22-70,/fhome/maed/HelicoDataSet/CrossValidation/Annotated/B22-70_0/00154_Aug2.png,1,0.013265150599181652
B22-70,/fhome/maed/HelicoDataSet/CrossValidation/Annotated/B22-70_0/00154_Aug3.png,1,0.013960424810647964
B22-70,/fhome/maed/HelicoDataSet/CrossValidation/Annotated/B22-70_0/00154.png,1,0.013957029208540916
B22-70,/fhome/maed/HelicoDataSet/CrossValidation/Annotated/B22-70_0/00154_Aug5.png,1,0.01414217334240675
B22-70,/fhome/maed/HelicoDataSet/CrossValidation/Annotated/B22-70_0/00154_Aug1.png,1,0.013839967548847198
B22-70,/fhome/maed/HelicoDataSet/CrossValidation/Annotated/B22-70_0/00038.png,0,0.0009188900585286319
B22-70,/fhome/maed/HelicoDataSet/CrossValidation/Annotated/B22-70_0/00154_Aug4.png,1,0.015240823850035667
B22-37,/fhome/maed/HelicoDataSet/CrossValidation/Annotated/B22-37_0/00045_Aug2.png,1,0.0006819912232458591
B22-37,/fhome/maed/HelicoDataSet/CrossValidation/Annotated/B22-37_0/00045_Aug4.png,1,0.0006452021771110594
B22-37,/fhome/maed/HelicoDataSet/CrossValidation/Annotated/B22-37_0/00045_Aug8.png,1,0.0007225088775157928
B22-37,/fhome/maed/HelicoDataSet/CrossValidation/Annotated/B22-37_0/00272_Aug8.png,1,0.001032298430800438
B22-37,/fhome/maed/HelicoDataSet/CrossValidation/Annotated/B22-37_0/00759.png,0,0.00030193693237379193
B22-37,/fhome/maed/HelicoDataSet/CrossValidation/Annotated/B22-37_0/00604.png,0,0.00017080751422327012
B22-37,/fhome/maed/HelicoDataSet/CrossValidation/Annotated/B22-37_0/00272_Aug4.png,1,0.0008277198649011552
B22-37,/fhome/maed/HelicoDataSet/CrossValidation/Annotated/B22-37_0/00045_Aug3.png,1,0.0009503758046776056
B22-37,/fhome/maed/HelicoDataSet/CrossValidation/Annotated/B22-37_0/00272.png,1,0.0007122470997273922
B22-37,/fhome/maed/HelicoDataSet/CrossValidation/Annotated/B22-37_0/00272_Aug6.png,1,0.0008748515974730253
B22-37,/fhome/maed/HelicoDataSet/CrossValidation/Annotated/B22-37_0/00919_Aug3.png,1,0.0002505845041014254
B22-37,/fhome/maed/HelicoDataSet/CrossValidation/Annotated/B22-37_0/00272_Aug5.png,1,0.0008748515392653644
B22-37,/fhome/maed/HelicoDataSet/CrossValidation/Annotated/B22-37_0/00919_Aug5.png,1,0.00025585846742615104
B22-37,/fhome/maed/HelicoDataSet/CrossValidation/Annotated/B22-37_0/00045_Aug7.png,1,0.0006940619787201285
B22-37,/fhome/maed/HelicoDataSet/CrossValidation/Annotated/B22-37_0/00045_Aug5.png,1,0.0009022176964208484
B22-37,/fhome/maed/HelicoDataSet/CrossValidation/Annotated/B22-37_0/00919_Aug1.png,1,0.00020982217392884195
B22-37,/fhome/maed/HelicoDataSet/CrossValidation/Annotated/B22-37_0/00919_Aug7.png,1,0.0002672098926268518
B22-37,/fhome/maed/HelicoDataSet/CrossValidation/Annotated/B22-37_0/00919.png,1,0.00018319794617127627
B22-37,/fhome/maed/HelicoDataSet/CrossValidation/Annotated/B22-37_0/00919_Aug2.png,1,0.00017631726223044097
B22-37,/fhome/maed/HelicoDataSet/CrossValidation/Annotated/B22-37_0/00045_Aug6.png,1,0.0006815066444687545
B22-37,/fhome/maed/HelicoDataSet/CrossValidation/Annotated/B22-37_0/00054.png,0,0.00012900278670713305
B22-37,/fhome/maed/HelicoDataSet/CrossValidation/Annotated/B22-37_0/00272_Aug7.png,1,0.0010693047661334276
B22-37,/fhome/maed/HelicoDataSet/CrossValidation/Annotated/B22-37_0/00045_Aug1.png,1,0.0009165407973341644
B22-37,/fhome/maed/HelicoDataSet/CrossValidation/Annotated/B22-37_0/00272_Aug1.png,1,0.0007597400690428913
B22-37,/fhome/maed/HelicoDataSet/CrossValidation/Annotated/B22-37_0/00045.png,1,0.0008963246364146471
B22-37,/fhome/maed/HelicoDataSet/CrossValidation/Annotated/B22-37_0/00919_Aug8.png,1,0.00022632865875493735
B22-37,/fhome/maed/HelicoDataSet/CrossValidation/Annotated/B22-37_0/00272_Aug2.png,1,0.0007597398944199085
B22-37,/fhome/maed/HelicoDataSet/CrossValidation/Annotated/B22-37_0/00919_Aug6.png,1,0.00020742985361721367
B22-37,/fhome/maed/HelicoDataSet/CrossValidation/Annotated/B22-37_0/00272_Aug3.png,1,0.0008356326725333929
B22-37,/fhome/maed/HelicoDataSet/CrossValidation/Annotated/B22-37_0/00919_Aug4.png,1,0.00021404153085313737
B22-107,/fhome/maed/HelicoDataSet/CrossValidation/Annotated/B22-107_1/00238.png,0,0.00022759006242267787
B22-107,/fhome/maed/HelicoDataSet/CrossValidation/Annotated/B22-107_1/00290.png,0,0.0006554643041454256
B22-107,/fhome/maed/HelicoDataSet/CrossValidation/Annotated/B22-107_1/00174.png,0,0.00022407328651752323
B22-107,/fhome/maed/HelicoDataSet/CrossValidation/Annotated/B22-107_1/00320.png,0,0.0005928792525082827
B22-107,/fhome/maed/HelicoDataSet/CrossValidation/Annotated/B22-107_1/00016.png,0,0.00037269070162437856
B22-171,/fhome/maed/HelicoDataSet/CrossValidation/Annotated/B22-171_0/01708.png,0,0.000379790406441316
B22-171,/fhome/maed/HelicoDataSet/CrossValidation/Annotated/B22-171_0/01566.png,0,0.0003370319027453661
B22-171,/fhome/maed/HelicoDataSet/CrossValidation/Annotated/B22-171_0/02819.png,0,0.0002450678148306906
B22-171,/fhome/maed/HelicoDataSet/CrossValidation/Annotated/B22-171_0/01707.png,0,0.00025752035435289145
B22-219,/fhome/maed/HelicoDataSet/CrossValidation/Annotated/B22-219_0/00032_Aug5.png,1,0.0031288149766623974
B22-219,/fhome/maed/HelicoDataSet/CrossValidation/Annotated/B22-219_0/00032_Aug8.png,1,0.0075966790318489075
B22-219,/fhome/maed/HelicoDataSet/CrossValidation/Annotated/B22-219_0/00079.png,0,0.00038214633241295815
B22-219,/fhome/maed/HelicoDataSet/CrossValidation/Annotated/B22-219_0/00032_Aug2.png,1,0.001893612090498209
B22-219,/fhome/maed/HelicoDataSet/CrossValidation/Annotated/B22-219_0/00032_Aug1.png,1,0.0018064657924696803
B22-219,/fhome/maed/HelicoDataSet/CrossValidation/Annotated/B22-219_0/00861.png,0,0.0005813558818772435
B22-219,/fhome/maed/HelicoDataSet/CrossValidation/Annotated/B22-219_0/00032_Aug6.png,1,0.0026087395381182432
B22-219,/fhome/maed/HelicoDataSet/CrossValidation/Annotated/B22-219_0/00032_Aug7.png,1,0.00903819128870964
B22-219,/fhome/maed/HelicoDataSet/CrossValidation/Annotated/B22-219_0/00078.png,0,0.00044156669173389673
B22-219,/fhome/maed/HelicoDataSet/CrossValidation/Annotated/B22-219_0/00032_Aug3.png,1,0.001925343880429864
B22-219,/fhome/maed/HelicoDataSet/CrossValidation/Annotated/B22-219_0/00032.png,1,0.0017194424290210009
B22-219,/fhome/maed/HelicoDataSet/CrossValidation/Annotated/B22-219_0/00032_Aug4.png,1,0.0018855882808566093
B22-260,/fhome/maed/HelicoDataSet/CrossValidation/Annotated/B22-260_0/00931.png,0,0.00037614020402543247
B22-260,/fhome/maed/HelicoDataSet/CrossValidation/Annotated/B22-260_0/01113.png,0,0.0005322803044691682
B22-250,/fhome/maed/HelicoDataSet/CrossValidation/Annotated/B22-250_0/01710.png,0,0.00037126915412954986
B22-250,/fhome/maed/HelicoDataSet/CrossValidation/Annotated/B22-250_0/02947.png,0,0.0006357894162647426
B22-250,/fhome/maed/HelicoDataSet/CrossValidation/Annotated/B22-250_0/02853.png,0,0.0004857197345700115
B22-250,/fhome/maed/HelicoDataSet/CrossValidation/Annotated/B22-250_0/01638.png,0,0.0005101659335196018
B22-250,/fhome/maed/HelicoDataSet/CrossValidation/Annotated/B22-250_0/02287.png,0,0.0005154043901711702
B22-250,/fhome/maed/HelicoDataSet/CrossValidation/Annotated/B22-250_0/02916.png,0,0.0010347588686272502
B22-250,/fhome/maed/HelicoDataSet/CrossValidation/Annotated/B22-250_0/02279.png,0,0.0006152355927042663
B22-250,/fhome/maed/HelicoDataSet/CrossValidation/Annotated/B22-250_0/02254.png,0,0.0006893578683957458
B22-250,/fhome/maed/HelicoDataSet/CrossValidation/Annotated/B22-250_0/01236.png,0,0.0006718668155372143
B22-250,/fhome/maed/HelicoDataSet/CrossValidation/Annotated/B22-250_0/02952.png,0,0.00039986526826396585
B22-250,/fhome/maed/HelicoDataSet/CrossValidation/Annotated/B22-250_0/01803.png,0,0.0005848152795806527
B22-250,/fhome/maed/HelicoDataSet/CrossValidation/Annotated/B22-250_0/02851.png,0,0.00043973280116915703
B22-250,/fhome/maed/HelicoDataSet/CrossValidation/Annotated/B22-250_0/02964.png,0,0.0003758846432901919
B22-250,/fhome/maed/HelicoDataSet/CrossValidation/Annotated/B22-250_0/02280.png,0,0.0005703297210857272
B22-250,/fhome/maed/HelicoDataSet/CrossValidation/Annotated/B22-250_0/01058.png,0,0.0005996072432026267
B22-250,/fhome/maed/HelicoDataSet/CrossValidation/Annotated/B22-250_0/01607.png,0,0.0004850504919886589
B22-250,/fhome/maed/HelicoDataSet/CrossValidation/Annotated/B22-250_0/01049.png,0,0.0007878578035160899
B22-250,/fhome/maed/HelicoDataSet/CrossValidation/Annotated/B22-250_0/01717.png,0,0.0004312435048632324
B22-250,/fhome/maed/HelicoDataSet/CrossValidation/Annotated/B22-250_0/01289.png,0,0.0006790020270273089
B22-250,/fhome/maed/HelicoDataSet/CrossValidation/Annotated/B22-250_0/02253.png,0,0.0005964892916381359
B22-250,/fhome/maed/HelicoDataSet/CrossValidation/Annotated/B22-250_0/02844.png,0,0.0005007087020203471
B22-250,/fhome/maed/HelicoDataSet/CrossValidation/Annotated/B22-250_0/02288.png,0,0.0005131422076374292
B22-250,/fhome/maed/HelicoDataSet/CrossValidation/Annotated/B22-250_0/02904.png,0,0.0003827364416792989
B22-250,/fhome/maed/HelicoDataSet/CrossValidation/Annotated/B22-250_0/01799.png,0,0.0007311796653084457
B22-250,/fhome/maed/HelicoDataSet/CrossValidation/Annotated/B22-250_0/02942.png,0,0.0008036393555812538
B22-250,/fhome/maed/HelicoDataSet/CrossValidation/Annotated/B22-250_0/02835.png,0,0.0004248127224855125
B22-250,/fhome/maed/HelicoDataSet/CrossValidation/Annotated/B22-250_0/01767.png,0,0.000665626663248986
B22-250,/fhome/maed/HelicoDataSet/CrossValidation/Annotated/B22-250_0/01609.png,0,0.0003956532455049455
B22-250,/fhome/maed/HelicoDataSet/CrossValidation/Annotated/B22-250_0/01427.png,0,0.00042823803960345685
B22-250,/fhome/maed/HelicoDataSet/CrossValidation/Annotated/B22-250_0/01610.png,0,0.0003819870762526989
B22-250,/fhome/maed/HelicoDataSet/CrossValidation/Annotated/B22-250_0/02926.png,0,0.0005277636228129268
B22-250,/fhome/maed/HelicoDataSet/CrossValidation/Annotated/B22-250_0/02892.png,0,0.0008807459380477667
B22-250,/fhome/maed/HelicoDataSet/CrossValidation/Annotated/B22-250_0/02848.png,0,0.00039864203426986933
B22-250,/fhome/maed/HelicoDataSet/CrossValidation/Annotated/B22-250_0/01231.png,0,0.00047839488252066076
B22-250,/fhome/maed/HelicoDataSet/CrossValidation/Annotated/B22-250_0/02260.png,0,0.0005597239942289889
B22-250,/fhome/maed/HelicoDataSet/CrossValidation/Annotated/B22-250_0/02849.png,0,0.0003741330001503229
B22-250,/fhome/maed/HelicoDataSet/CrossValidation/Annotated/B22-250_0/01401.png,0,0.0003982758498750627
B22-250,/fhome/maed/HelicoDataSet/CrossValidation/Annotated/B22-250_0/01125.png,0,0.0005305090453475714
B22-250,/fhome/maed/HelicoDataSet/CrossValidation/Annotated/B22-250_0/01760.png,0,0.000591696472838521
B22-250,/fhome/maed/HelicoDataSet/CrossValidation/Annotated/B22-250_0/02854.png,0,0.00044131395407021046
B22-250,/fhome/maed/HelicoDataSet/CrossValidation/Annotated/B22-250_0/01800.png,0,0.0007788431830704212
B22-250,/fhome/maed/HelicoDataSet/CrossValidation/Annotated/B22-250_0/02915.png,0,0.0008085353765636683
B22-250,/fhome/maed/HelicoDataSet/CrossValidation/Annotated/B22-250_0/02830.png,0,0.0005702539347112179
B22-250,/fhome/maed/HelicoDataSet/CrossValidation/Annotated/B22-250_0/01046.png,0,0.0004723253077827394
B22-250,/fhome/maed/HelicoDataSet/CrossValidation/Annotated/B22-250_0/01771.png,0,0.0006197281181812286
B22-250,/fhome/maed/HelicoDataSet/CrossValidation/Annotated/B22-250_0/02941.png,0,0.000739702838473022
B22-250,/fhome/maed/HelicoDataSet/CrossValidation/Annotated/B22-250_0/01633.png,0,0.0005835429765284061
B22-250,/fhome/maed/HelicoDataSet/CrossValidation/Annotated/B22-250_0/01050.png,0,0.0005241801263764501
B22-250,/fhome/maed/HelicoDataSet/CrossValidation/Annotated/B22-250_0/01613.png,0,0.0004975190386176109
B22-250,/fhome/maed/HelicoDataSet/CrossValidation/Annotated/B22-250_0/01281.png,0,0.0008527253521606326
B22-250,/fhome/maed/HelicoDataSet/CrossValidation/Annotated/B22-250_0/01406.png,0,0.0003617496113292873
B22-250,/fhome/maed/HelicoDataSet/CrossValidation/Annotated/B22-250_0/02908.png,0,0.0006322379922494292
B22-250,/fhome/maed/HelicoDataSet/CrossValidation/Annotated/B22-250_0/01238.png,0,0.0006771100452169776
B22-250,/fhome/maed/HelicoDataSet/CrossValidation/Annotated/B22-250_0/01772.png,0,0.0006892476230859756
B22-250,/fhome/maed/HelicoDataSet/CrossValidation/Annotated/B22-250_0/02303.png,0,0.00043582552461884916
B22-250,/fhome/maed/HelicoDataSet/CrossValidation/Annotated/B22-250_0/01232.png,0,0.0004486683174036443
B22-250,/fhome/maed/HelicoDataSet/CrossValidation/Annotated/B22-250_0/02850.png,0,0.000441236887127161
B22-250,/fhome/maed/HelicoDataSet/CrossValidation/Annotated/B22-250_0/01632.png,0,0.0006020171567797661
B22-250,/fhome/maed/HelicoDataSet/CrossValidation/Annotated/B22-250_0/02928.png,0,0.0003987991367466748
B22-250,/fhome/maed/HelicoDataSet/CrossValidation/Annotated/B22-250_0/01798.png,0,0.0005723008653149009
B22-250,/fhome/maed/HelicoDataSet/CrossValidation/Annotated/B22-250_0/02874.png,0,0.00047061435179784894
B22-250,/fhome/maed/HelicoDataSet/CrossValidation/Annotated/B22-250_0/02914.png,0,0.00046737672528252006
B22-250,/fhome/maed/HelicoDataSet/CrossValidation/Annotated/B22-250_0/01112.png,0,0.0004826049553230405
B22-250,/fhome/maed/HelicoDataSet/CrossValidation/Annotated/B22-250_0/01454.png,0,0.00038268958451226354
B22-250,/fhome/maed/HelicoDataSet/CrossValidation/Annotated/B22-250_0/02842.png,0,0.0004649787151720375
B22-250,/fhome/maed/HelicoDataSet/CrossValidation/Annotated/B22-250_0/02257.png,0,0.0005251872935332358
B22-250,/fhome/maed/HelicoDataSet/CrossValidation/Annotated/B22-250_0/01773.png,0,0.0006494654226116836
B22-250,/fhome/maed/HelicoDataSet/CrossValidation/Annotated/B22-250_0/02839.png,0,0.00040109455585479736
B22-250,/fhome/maed/HelicoDataSet/CrossValidation/Annotated/B22-250_0/02883.png,0,0.0005967665929347277
B22-250,/fhome/maed/HelicoDataSet/CrossValidation/Annotated/B22-250_0/01723.png,0,0.00035802481579594314
B22-250,/fhome/maed/HelicoDataSet/CrossValidation/Annotated/B22-250_0/01611.png,0,0.00032230833312496543
B22-250,/fhome/maed/HelicoDataSet/CrossValidation/Annotated/B22-250_0/01057.png,0,0.00044266320765018463
B22-250,/fhome/maed/HelicoDataSet/CrossValidation/Annotated/B22-250_0/01425.png,0,0.00041550927562639117
B22-250,/fhome/maed/HelicoDataSet/CrossValidation/Annotated/B22-250_0/01779.png,0,0.0008352394215762615
B22-250,/fhome/maed/HelicoDataSet/CrossValidation/Annotated/B22-250_0/01748.png,0,0.0005049449391663074
B22-250,/fhome/maed/HelicoDataSet/CrossValidation/Annotated/B22-250_0/01721.png,0,0.0003382954455446452
B22-250,/fhome/maed/HelicoDataSet/CrossValidation/Annotated/B22-250_0/02906.png,0,0.0003849858767352998
B22-250,/fhome/maed/HelicoDataSet/CrossValidation/Annotated/B22-250_0/01635.png,0,0.0004711454384960234
B22-250,/fhome/maed/HelicoDataSet/CrossValidation/Annotated/B22-250_0/01449.png,0,0.0005117188557051122
B22-250,/fhome/maed/HelicoDataSet/CrossValidation/Annotated/B22-250_0/01116.png,0,0.0005920715630054474
B22-250,/fhome/maed/HelicoDataSet/CrossValidation/Annotated/B22-250_0/02958.png,0,0.000571815762668848
B22-250,/fhome/maed/HelicoDataSet/CrossValidation/Annotated/B22-250_0/01283.png,0,0.0005642655305564404
B22-250,/fhome/maed/HelicoDataSet/CrossValidation/Annotated/B22-250_0/02950.png,0,0.0006629076087847352
B22-250,/fhome/maed/HelicoDataSet/CrossValidation/Annotated/B22-250_0/01807.png,0,0.0006003436865285039
B22-250,/fhome/maed/HelicoDataSet/CrossValidation/Annotated/B22-250_0/02295.png,0,0.000512506056111306
B22-250,/fhome/maed/HelicoDataSet/CrossValidation/Annotated/B22-250_0/02278.png,0,0.0005880194948986173
B22-250,/fhome/maed/HelicoDataSet/CrossValidation/Annotated/B22-250_0/01709.png,0,0.00042671075789257884
B22-250,/fhome/maed/HelicoDataSet/CrossValidation/Annotated/B22-250_0/02923.png,0,0.0005787286208942533
B22-250,/fhome/maed/HelicoDataSet/CrossValidation/Annotated/B22-250_0/02953.png,0,0.0007651650230400264
B22-250,/fhome/maed/HelicoDataSet/CrossValidation/Annotated/B22-250_0/01712.png,0,0.00042270190897397697
B22-250,/fhome/maed/HelicoDataSet/CrossValidation/Annotated/B22-250_0/01278.png,0,0.0006532672559842467
B22-250,/fhome/maed/HelicoDataSet/CrossValidation/Annotated/B22-250_0/01277.png,0,0.0007749330252408981
B22-250,/fhome/maed/HelicoDataSet/CrossValidation/Annotated/B22-250_0/01749.png,0,0.0004905451787635684
B22-250,/fhome/maed/HelicoDataSet/CrossValidation/Annotated/B22-250_0/01722.png,0,0.0002996060939040035
B22-250,/fhome/maed/HelicoDataSet/CrossValidation/Annotated/B22-250_0/01614.png,0,0.0004790731181856245
B22-250,/fhome/maed/HelicoDataSet/CrossValidation/Annotated/B22-250_0/01601.png,0,0.000430163461714983
B22-250,/fhome/maed/HelicoDataSet/CrossValidation/Annotated/B22-250_0/01602.png,0,0.00044034054735675454
B22-250,/fhome/maed/HelicoDataSet/CrossValidation/Annotated/B22-250_0/02264.png,0,0.00048615550622344017
B22-250,/fhome/maed/HelicoDataSet/CrossValidation/Annotated/B22-250_0/01755.png,0,0.0005330862477421761
B22-250,/fhome/maed/HelicoDataSet/CrossValidation/Annotated/B22-250_0/01806.png,0,0.0006038487772457302
B22-250,/fhome/maed/HelicoDataSet/CrossValidation/Annotated/B22-250_0/01802.png,0,0.0008679463062435389
B22-250,/fhome/maed/HelicoDataSet/CrossValidation/Annotated/B22-250_0/01048.png,0,0.0006276152562350035
B22-250,/fhome/maed/HelicoDataSet/CrossValidation/Annotated/B22-250_0/01603.png,0,0.00044222429278306663
B22-250,/fhome/maed/HelicoDataSet/CrossValidation/Annotated/B22-250_0/02900.png,0,0.00041704491013661027
B22-250,/fhome/maed/HelicoDataSet/CrossValidation/Annotated/B22-250_0/01751.png,0,0.00046474835835397243
B22-250,/fhome/maed/HelicoDataSet/CrossValidation/Annotated/B22-250_0/01276.png,0,0.0008224461926147342
B22-250,/fhome/maed/HelicoDataSet/CrossValidation/Annotated/B22-250_0/02891.png,0,0.0007701399736106396
B22-250,/fhome/maed/HelicoDataSet/CrossValidation/Annotated/B22-250_0/01126.png,0,0.0004846617521252483
B22-250,/fhome/maed/HelicoDataSet/CrossValidation/Annotated/B22-250_0/02887.png,0,0.0006996256997808814
B22-250,/fhome/maed/HelicoDataSet/CrossValidation/Annotated/B22-250_0/02855.png,0,0.0005136530380696058
B22-250,/fhome/maed/HelicoDataSet/CrossValidation/Annotated/B22-250_0/02282.png,0,0.0005311889108270407
B22-250,/fhome/maed/HelicoDataSet/CrossValidation/Annotated/B22-250_0/02838.png,0,0.0005462508415803313
B22-250,/fhome/maed/HelicoDataSet/CrossValidation/Annotated/B22-250_0/01280.png,0,0.0007345866179093719
B22-250,/fhome/maed/HelicoDataSet/CrossValidation/Annotated/B22-250_0/02828.png,0,0.0005519890110008419
B22-250,/fhome/maed/HelicoDataSet/CrossValidation/Annotated/B22-250_0/01026.png,0,0.0004719700664281845
B22-250,/fhome/maed/HelicoDataSet/CrossValidation/Annotated/B22-250_0/01052.png,0,0.0005280214827507734
B22-250,/fhome/maed/HelicoDataSet/CrossValidation/Annotated/B22-250_0/02277.png,0,0.0005318053881637752
B22-250,/fhome/maed/HelicoDataSet/CrossValidation/Annotated/B22-250_0/02836.png,0,0.00045463614515028894
B22-250,/fhome/maed/HelicoDataSet/CrossValidation/Annotated/B22-250_0/01447.png,0,0.00044803493074141443
B22-250,/fhome/maed/HelicoDataSet/CrossValidation/Annotated/B22-250_0/01808.png,0,0.0006850052159279585
B22-250,/fhome/maed/HelicoDataSet/CrossValidation/Annotated/B22-250_0/01114.png,0,0.0004655009543057531
B22-250,/fhome/maed/HelicoDataSet/CrossValidation/Annotated/B22-250_0/01629.png,0,0.0004818580055143684
B22-250,/fhome/maed/HelicoDataSet/CrossValidation/Annotated/B22-250_0/01451.png,0,0.0006544172647409141
B22-250,/fhome/maed/HelicoDataSet/CrossValidation/Annotated/B22-250_0/02286.png,0,0.00041375216096639633
B22-250,/fhome/maed/HelicoDataSet/CrossValidation/Annotated/B22-250_0/02912.png,0,0.000565090449526906
B22-250,/fhome/maed/HelicoDataSet/CrossValidation/Annotated/B22-250_0/01777.png,0,0.0005671210819855332
B22-250,/fhome/maed/HelicoDataSet/CrossValidation/Annotated/B22-250_0/01027.png,0,0.0006259845104068518
B22-250,/fhome/maed/HelicoDataSet/CrossValidation/Annotated/B22-250_0/01120.png,0,0.0005842446116730571
B22-250,/fhome/maed/HelicoDataSet/CrossValidation/Annotated/B22-250_0/02774.png,0,0.00043572657159529626
B22-250,/fhome/maed/HelicoDataSet/CrossValidation/Annotated/B22-250_0/02965.png,0,0.00045285490341484547
B22-250,/fhome/maed/HelicoDataSet/CrossValidation/Annotated/B22-250_0/01282.png,0,0.0006547565571963787
B22-250,/fhome/maed/HelicoDataSet/CrossValidation/Annotated/B22-250_0/01446.png,0,0.00045791087904945016
B22-250,/fhome/maed/HelicoDataSet/CrossValidation/Annotated/B22-250_0/01810.png,0,0.0005777019541710615
B22-250,/fhome/maed/HelicoDataSet/CrossValidation/Annotated/B22-250_0/02841.png,0,0.0004491192230489105
B22-250,/fhome/maed/HelicoDataSet/CrossValidation/Annotated/B22-250_0/01405.png,0,0.0004365957574918866
B22-250,/fhome/maed/HelicoDataSet/CrossValidation/Annotated/B22-250_0/02956.png,0,0.0004601773980539292
B22-250,/fhome/maed/HelicoDataSet/CrossValidation/Annotated/B22-250_0/02884.png,0,0.0005940604023635387
B22-250,/fhome/maed/HelicoDataSet/CrossValidation/Annotated/B22-250_0/02897.png,0,0.000435373920481652
B22-250,/fhome/maed/HelicoDataSet/CrossValidation/Annotated/B22-250_0/01054.png,0,0.0005149571225047112
B22-250,/fhome/maed/HelicoDataSet/CrossValidation/Annotated/B22-250_0/02305.png,0,0.0004277022962924093
B22-250,/fhome/maed/HelicoDataSet/CrossValidation/Annotated/B22-250_0/02902.png,0,0.0005774320452474058
B22-250,/fhome/maed/HelicoDataSet/CrossValidation/Annotated/B22-250_0/01113.png,0,0.0006388147594407201
B22-250,/fhome/maed/HelicoDataSet/CrossValidation/Annotated/B22-250_0/02306.png,0,0.0005071174819022417
B22-250,/fhome/maed/HelicoDataSet/CrossValidation/Annotated/B22-250_0/01117.png,0,0.00048590428195893764
B22-250,/fhome/maed/HelicoDataSet/CrossValidation/Annotated/B22-250_0/02307.png,0,0.0004542818060144782
B22-250,/fhome/maed/HelicoDataSet/CrossValidation/Annotated/B22-250_0/02885.png,0,0.000593776348978281
B22-250,/fhome/maed/HelicoDataSet/CrossValidation/Annotated/B22-250_0/01400.png,0,0.0004571781028062105
B22-250,/fhome/maed/HelicoDataSet/CrossValidation/Annotated/B22-250_0/01288.png,0,0.0006633554003201425
B22-250,/fhome/maed/HelicoDataSet/CrossValidation/Annotated/B22-250_0/02296.png,0,0.00045044321450404823
B22-250,/fhome/maed/HelicoDataSet/CrossValidation/Annotated/B22-250_0/02829.png,0,0.0005549596389755607
B22-250,/fhome/maed/HelicoDataSet/CrossValidation/Annotated/B22-250_0/01402.png,0,0.000448709906777367
B22-250,/fhome/maed/HelicoDataSet/CrossValidation/Annotated/B22-250_0/01714.png,0,0.000357289332896471
B22-250,/fhome/maed/HelicoDataSet/CrossValidation/Annotated/B22-250_0/01801.png,0,0.0005528002511709929
B22-250,/fhome/maed/HelicoDataSet/CrossValidation/Annotated/B22-250_0/02880.png,0,0.00045892130583524704
B22-250,/fhome/maed/HelicoDataSet/CrossValidation/Annotated/B22-250_0/02875.png,0,0.0005277690361253917
B22-250,/fhome/maed/HelicoDataSet/CrossValidation/Annotated/B22-250_0/02899.png,0,0.00043270745663903654
B22-250,/fhome/maed/HelicoDataSet/CrossValidation/Annotated/B22-250_0/02309.png,0,0.0004840793553739786
B22-250,/fhome/maed/HelicoDataSet/CrossValidation/Annotated/B22-250_0/02896.png,0,0.0008498206734657288
B22-250,/fhome/maed/HelicoDataSet/CrossValidation/Annotated/B22-250_0/02304.png,0,0.0005264411447569728
B22-250,/fhome/maed/HelicoDataSet/CrossValidation/Annotated/B22-250_0/01407.png,0,0.0004377922450657934
B22-250,/fhome/maed/HelicoDataSet/CrossValidation/Annotated/B22-250_0/02907.png,0,0.0007141487440094352
B22-250,/fhome/maed/HelicoDataSet/CrossValidation/Annotated/B22-250_0/02281.png,0,0.0006457814015448093
B22-250,/fhome/maed/HelicoDataSet/CrossValidation/Annotated/B22-250_0/02955.png,0,0.0007487486582249403
B22-250,/fhome/maed/HelicoDataSet/CrossValidation/Annotated/B22-250_0/02960.png,0,0.0007113030878826976
B22-250,/fhome/maed/HelicoDataSet/CrossValidation/Annotated/B22-250_0/02910.png,0,0.0005798758938908577
B22-250,/fhome/maed/HelicoDataSet/CrossValidation/Annotated/B22-250_0/01747.png,0,0.0005037093069404364
B22-250,/fhome/maed/HelicoDataSet/CrossValidation/Annotated/B22-250_0/02922.png,0,0.000567906245123595
B22-250,/fhome/maed/HelicoDataSet/CrossValidation/Annotated/B22-250_0/01711.png,0,0.00041842524660751224
B22-250,/fhome/maed/HelicoDataSet/CrossValidation/Annotated/B22-250_0/02292.png,0,0.00037737024831585586
B22-250,/fhome/maed/HelicoDataSet/CrossValidation/Annotated/B22-250_0/02873.png,0,0.0005578722339123487
B22-250,/fhome/maed/HelicoDataSet/CrossValidation/Annotated/B22-250_0/02889.png,0,0.0005434216000139713
B22-250,/fhome/maed/HelicoDataSet/CrossValidation/Annotated/B22-250_0/02294.png,0,0.00033381482353433967
B22-250,/fhome/maed/HelicoDataSet/CrossValidation/Annotated/B22-250_0/02831.png,0,0.0005847668508067727
B22-250,/fhome/maed/HelicoDataSet/CrossValidation/Annotated/B22-250_0/01797.png,0,0.0006108569214120507
B22-250,/fhome/maed/HelicoDataSet/CrossValidation/Annotated/B22-250_0/02308.png,0,0.00046906317584216595
B22-250,/fhome/maed/HelicoDataSet/CrossValidation/Annotated/B22-250_0/02888.png,0,0.0007749865762889385
B22-250,/fhome/maed/HelicoDataSet/CrossValidation/Annotated/B22-250_0/02856.png,0,0.0004264386079739779
B22-250,/fhome/maed/HelicoDataSet/CrossValidation/Annotated/B22-250_0/01452.png,0,0.0004974069888703525
B22-250,/fhome/maed/HelicoDataSet/CrossValidation/Annotated/B22-250_0/02291.png,0,0.0004987778374925256
B22-250,/fhome/maed/HelicoDataSet/CrossValidation/Annotated/B22-250_0/02298.png,0,0.00051407067803666
B22-250,/fhome/maed/HelicoDataSet/CrossValidation/Annotated/B22-250_0/01608.png,0,0.00032860934152267873
B22-250,/fhome/maed/HelicoDataSet/CrossValidation/Annotated/B22-250_0/02944.png,0,0.0008648469811305404
B22-250,/fhome/maed/HelicoDataSet/CrossValidation/Annotated/B22-250_0/01279.png,0,0.0005770231364294887
B22-250,/fhome/maed/HelicoDataSet/CrossValidation/Annotated/B22-250_0/01123.png,0,0.0005599403521046042
B22-250,/fhome/maed/HelicoDataSet/CrossValidation/Annotated/B22-250_0/02957.png,0,0.0005166768096387386
B22-250,/fhome/maed/HelicoDataSet/CrossValidation/Annotated/B22-250_0/02909.png,0,0.0006037345738150179
B22-250,/fhome/maed/HelicoDataSet/CrossValidation/Annotated/B22-250_0/01605.png,0,0.0004551471793092787
B22-250,/fhome/maed/HelicoDataSet/CrossValidation/Annotated/B22-250_0/01757.png,0,0.0006159722688607872
B22-250,/fhome/maed/HelicoDataSet/CrossValidation/Annotated/B22-250_0/02847.png,0,0.0003572091809473932
B22-250,/fhome/maed/HelicoDataSet/CrossValidation/Annotated/B22-250_0/01724.png,0,0.0003709042794071138
B22-250,/fhome/maed/HelicoDataSet/CrossValidation/Annotated/B22-250_0/01429.png,0,0.00045017580850981176
B22-250,/fhome/maed/HelicoDataSet/CrossValidation/Annotated/B22-250_0/02255.png,0,0.0004868675023317337
B22-250,/fhome/maed/HelicoDataSet/CrossValidation/Annotated/B22-250_0/02869.png,0,0.0005179296713322401
B22-250,/fhome/maed/HelicoDataSet/CrossValidation/Annotated/B22-250_0/01640.png,0,0.0005395180778577924
B22-250,/fhome/maed/HelicoDataSet/CrossValidation/Annotated/B22-250_0/01047.png,0,0.00039348844438791275
B22-250,/fhome/maed/HelicoDataSet/CrossValidation/Annotated/B22-250_0/02846.png,0,0.00039513115189038217
B22-250,/fhome/maed/HelicoDataSet/CrossValidation/Annotated/B22-250_0/02917.png,0,0.0005469194729812443
B22-250,/fhome/maed/HelicoDataSet/CrossValidation/Annotated/B22-250_0/02925.png,0,0.000598125800024718
B22-250,/fhome/maed/HelicoDataSet/CrossValidation/Annotated/B22-250_0/02852.png,0,0.0004255309177096933
B22-250,/fhome/maed/HelicoDataSet/CrossValidation/Annotated/B22-250_0/02954.png,0,0.0008365439134649932
B22-250,/fhome/maed/HelicoDataSet/CrossValidation/Annotated/B22-250_0/01756.png,0,0.0005581257282756269
B22-250,/fhome/maed/HelicoDataSet/CrossValidation/Annotated/B22-250_0/01450.png,0,0.0006170322885736823
B22-250,/fhome/maed/HelicoDataSet/CrossValidation/Annotated/B22-250_0/01745.png,0,0.0005261307815089822
B22-250,/fhome/maed/HelicoDataSet/CrossValidation/Annotated/B22-250_0/01600.png,0,0.00047243875451385975
B22-250,/fhome/maed/HelicoDataSet/CrossValidation/Annotated/B22-250_0/02299.png,0,0.0004971310263499618
B22-250,/fhome/maed/HelicoDataSet/CrossValidation/Annotated/B22-250_0/02894.png,0,0.0007327244384214282
B22-250,/fhome/maed/HelicoDataSet/CrossValidation/Annotated/B22-250_0/01235.png,0,0.00046486384235322475
B22-250,/fhome/maed/HelicoDataSet/CrossValidation/Annotated/B22-250_0/02901.png,0,0.0005910455365665257
B22-250,/fhome/maed/HelicoDataSet/CrossValidation/Annotated/B22-250_0/01805.png,0,0.0007663694559596479
B22-250,/fhome/maed/HelicoDataSet/CrossValidation/Annotated/B22-250_0/02876.png,0,0.000699903815984726
B22-250,/fhome/maed/HelicoDataSet/CrossValidation/Annotated/B22-250_0/01122.png,0,0.0007114019244909286
B22-250,/fhome/maed/HelicoDataSet/CrossValidation/Annotated/B22-250_0/02289.png,0,0.00040840095607563853
B22-250,/fhome/maed/HelicoDataSet/CrossValidation/Annotated/B22-250_0/01766.png,0,0.0005820584483444691
B22-250,/fhome/maed/HelicoDataSet/CrossValidation/Annotated/B22-250_0/01634.png,0,0.00046570805716328323
B22-250,/fhome/maed/HelicoDataSet/CrossValidation/Annotated/B22-250_0/02920.png,0,0.0006202947697602212
B22-250,/fhome/maed/HelicoDataSet/CrossValidation/Annotated/B22-250_0/01055.png,0,0.0006516150897368789
B22-250,/fhome/maed/HelicoDataSet/CrossValidation/Annotated/B22-250_0/01241.png,0,0.0008198297582566738
B22-250,/fhome/maed/HelicoDataSet/CrossValidation/Annotated/B22-250_0/02262.png,0,0.0007957229390740395
B22-250,/fhome/maed/HelicoDataSet/CrossValidation/Annotated/B22-250_0/01627.png,0,0.0005199675215408206
B22-250,/fhome/maed/HelicoDataSet/CrossValidation/Annotated/B22-250_0/01240.png,0,0.0007409036043100059
B22-250,/fhome/maed/HelicoDataSet/CrossValidation/Annotated/B22-250_0/01716.png,0,0.00040501472540199757
B22-250,/fhome/maed/HelicoDataSet/CrossValidation/Annotated/B22-250_0/02918.png,0,0.000746040721423924
B22-250,/fhome/maed/HelicoDataSet/CrossValidation/Annotated/B22-250_0/02843.png,0,0.0007424111245200038
B22-250,/fhome/maed/HelicoDataSet/CrossValidation/Annotated/B22-250_0/01119.png,0,0.0004896746831946075
B22-250,/fhome/maed/HelicoDataSet/CrossValidation/Annotated/B22-250_0/01426.png,0,0.0004606643633451313
B22-250,/fhome/maed/HelicoDataSet/CrossValidation/Annotated/B22-250_0/02927.png,0,0.0005863506230525672
B22-250,/fhome/maed/HelicoDataSet/CrossValidation/Annotated/B22-250_0/02845.png,0,0.0004941839724779129
B22-250,/fhome/maed/HelicoDataSet/CrossValidation/Annotated/B22-250_0/01713.png,0,0.0005371643928810954
B22-250,/fhome/maed/HelicoDataSet/CrossValidation/Annotated/B22-250_0/01275.png,0,0.0005261519690975547
B22-250,/fhome/maed/HelicoDataSet/CrossValidation/Annotated/B22-250_0/01115.png,0,0.0005937500391155481
B22-250,/fhome/maed/HelicoDataSet/CrossValidation/Annotated/B22-250_0/01637.png,0,0.0005185841582715511
B22-250,/fhome/maed/HelicoDataSet/CrossValidation/Annotated/B22-250_0/01615.png,0,0.0005347615224309266
B22-250,/fhome/maed/HelicoDataSet/CrossValidation/Annotated/B22-250_0/02945.png,0,0.0008292387938126922
B22-250,/fhome/maed/HelicoDataSet/CrossValidation/Annotated/B22-250_0/01124.png,0,0.0006956633878871799
B22-250,/fhome/maed/HelicoDataSet/CrossValidation/Annotated/B22-250_0/02961.png,0,0.0006715790368616581
B22-250,/fhome/maed/HelicoDataSet/CrossValidation/Annotated/B22-250_0/02261.png,0,0.0005315615562722087
B22-250,/fhome/maed/HelicoDataSet/CrossValidation/Annotated/B22-250_0/01233.png,0,0.00044666806934401393
B22-250,/fhome/maed/HelicoDataSet/CrossValidation/Annotated/B22-250_0/01630.png,0,0.0006365260342136025
B22-250,/fhome/maed/HelicoDataSet/CrossValidation/Annotated/B22-250_0/02837.png,0,0.00037673659971915185
B22-250,/fhome/maed/HelicoDataSet/CrossValidation/Annotated/B22-250_0/02895.png,0,0.000617843703366816
B22-250,/fhome/maed/HelicoDataSet/CrossValidation/Annotated/B22-250_0/02921.png,0,0.0005793344462290406
B22-250,/fhome/maed/HelicoDataSet/CrossValidation/Annotated/B22-250_0/02871.png,0,0.0005100604612380266
B22-250,/fhome/maed/HelicoDataSet/CrossValidation/Annotated/B22-250_0/01770.png,0,0.0006634671008214355
B22-250,/fhome/maed/HelicoDataSet/CrossValidation/Annotated/B22-250_0/01056.png,0,0.0004534179752226919
B22-250,/fhome/maed/HelicoDataSet/CrossValidation/Annotated/B22-250_0/01455.png,0,0.0005758422194048762
B22-250,/fhome/maed/HelicoDataSet/CrossValidation/Annotated/B22-250_0/02872.png,0,0.0005700950277969241
B22-250,/fhome/maed/HelicoDataSet/CrossValidation/Annotated/B22-250_0/02890.png,0,0.000955829571466893
B22-250,/fhome/maed/HelicoDataSet/CrossValidation/Annotated/B22-250_0/02905.png,0,0.000401059165596962
B22-250,/fhome/maed/HelicoDataSet/CrossValidation/Annotated/B22-250_0/01040.png,0,0.000596657395362854
B22-250,/fhome/maed/HelicoDataSet/CrossValidation/Annotated/B22-250_0/02258.png,0,0.0007814726559445262
B22-250,/fhome/maed/HelicoDataSet/CrossValidation/Annotated/B22-250_0/02290.png,0,0.0004208178143016994
B22-250,/fhome/maed/HelicoDataSet/CrossValidation/Annotated/B22-250_0/01715.png,0,0.0003967834636569023
B22-250,/fhome/maed/HelicoDataSet/CrossValidation/Annotated/B22-250_0/02877.png,0,0.00044366635847836733
B22-250,/fhome/maed/HelicoDataSet/CrossValidation/Annotated/B22-250_0/01604.png,0,0.00045259809121489525
B22-250,/fhome/maed/HelicoDataSet/CrossValidation/Annotated/B22-250_0/02297.png,0,0.0004138622898608446
B22-250,/fhome/maed/HelicoDataSet/CrossValidation/Annotated/B22-250_0/01809.png,0,0.0005559379933401942
B22-250,/fhome/maed/HelicoDataSet/CrossValidation/Annotated/B22-250_0/01775.png,0,0.0005650745588354766
B22-250,/fhome/maed/HelicoDataSet/CrossValidation/Annotated/B22-250_0/01718.png,0,0.0005076879169791937
B22-250,/fhome/maed/HelicoDataSet/CrossValidation/Annotated/B22-250_0/02259.png,0,0.0005319774500094354
B22-250,/fhome/maed/HelicoDataSet/CrossValidation/Annotated/B22-250_0/02924.png,0,0.000565074966289103
B22-250,/fhome/maed/HelicoDataSet/CrossValidation/Annotated/B22-250_0/01424.png,0,0.0004831462283618748
B22-250,/fhome/maed/HelicoDataSet/CrossValidation/Annotated/B22-250_0/01776.png,0,0.0006171670975163579
B22-250,/fhome/maed/HelicoDataSet/CrossValidation/Annotated/B22-250_0/02283.png,0,0.0006167837418615818
B22-250,/fhome/maed/HelicoDataSet/CrossValidation/Annotated/B22-250_0/02881.png,0,0.00041085778502747416
B22-250,/fhome/maed/HelicoDataSet/CrossValidation/Annotated/B22-250_0/01639.png,0,0.00042727880645543337
B22-250,/fhome/maed/HelicoDataSet/CrossValidation/Annotated/B22-250_0/02966.png,0,0.0004890700220130384
B22-250,/fhome/maed/HelicoDataSet/CrossValidation/Annotated/B22-250_0/02949.png,0,0.0005783271044492722
B22-250,/fhome/maed/HelicoDataSet/CrossValidation/Annotated/B22-250_0/01039.png,0,0.0005213114782236516
B22-250,/fhome/maed/HelicoDataSet/CrossValidation/Annotated/B22-250_0/01285.png,0,0.0005435060593299568
B22-250,/fhome/maed/HelicoDataSet/CrossValidation/Annotated/B22-250_0/02870.png,0,0.0005608178908005357
B22-250,/fhome/maed/HelicoDataSet/CrossValidation/Annotated/B22-250_0/01286.png,0,0.0005272591952234507
B22-250,/fhome/maed/HelicoDataSet/CrossValidation/Annotated/B22-250_0/01720.png,0,0.0003481231105979532
B22-250,/fhome/maed/HelicoDataSet/CrossValidation/Annotated/B22-250_0/01762.png,0,0.0006126118823885918
B22-250,/fhome/maed/HelicoDataSet/CrossValidation/Annotated/B22-250_0/02943.png,0,0.0007543025421909988
B22-250,/fhome/maed/HelicoDataSet/CrossValidation/Annotated/B22-250_0/02263.png,0,0.00058220443315804
B22-250,/fhome/maed/HelicoDataSet/CrossValidation/Annotated/B22-250_0/01453.png,0,0.0004848949029110372
B22-250,/fhome/maed/HelicoDataSet/CrossValidation/Annotated/B22-250_0/02913.png,0,0.0010664782021194696
B22-250,/fhome/maed/HelicoDataSet/CrossValidation/Annotated/B22-250_0/01284.png,0,0.0005260483594611287
B22-250,/fhome/maed/HelicoDataSet/CrossValidation/Annotated/B22-250_0/01448.png,0,0.0006788070313632488
B22-250,/fhome/maed/HelicoDataSet/CrossValidation/Annotated/B22-250_0/02898.png,0,0.0004351070092525333
B22-250,/fhome/maed/HelicoDataSet/CrossValidation/Annotated/B22-250_0/01612.png,0,0.00040457112481817603
B22-250,/fhome/maed/HelicoDataSet/CrossValidation/Annotated/B22-250_0/01631.png,0,0.000483902171254158
B22-250,/fhome/maed/HelicoDataSet/CrossValidation/Annotated/B22-250_0/01399.png,0,0.0004054600722156465
B22-250,/fhome/maed/HelicoDataSet/CrossValidation/Annotated/B22-250_0/02946.png,0,0.0006049654330126941
B22-250,/fhome/maed/HelicoDataSet/CrossValidation/Annotated/B22-250_0/01239.png,0,0.00040172002627514303
B22-250,/fhome/maed/HelicoDataSet/CrossValidation/Annotated/B22-250_0/01754.png,0,0.00041220252751372755
B22-250,/fhome/maed/HelicoDataSet/CrossValidation/Annotated/B22-250_0/01111.png,0,0.00037722726119682193
B22-250,/fhome/maed/HelicoDataSet/CrossValidation/Annotated/B22-250_0/01761.png,0,0.0005766621907241642
B22-250,/fhome/maed/HelicoDataSet/CrossValidation/Annotated/B22-250_0/01744.png,0,0.0006476423004642129
B22-250,/fhome/maed/HelicoDataSet/CrossValidation/Annotated/B22-250_0/01750.png,0,0.0006492005777545273
B22-250,/fhome/maed/HelicoDataSet/CrossValidation/Annotated/B22-250_0/01237.png,0,0.0005901911063119769
B22-250,/fhome/maed/HelicoDataSet/CrossValidation/Annotated/B22-250_0/01127.png,0,0.0005734176374971867
B22-250,/fhome/maed/HelicoDataSet/CrossValidation/Annotated/B22-250_0/01051.png,0,0.0006694087642244995
B22-250,/fhome/maed/HelicoDataSet/CrossValidation/Annotated/B22-250_0/01768.png,0,0.0006043305620551109
B22-250,/fhome/maed/HelicoDataSet/CrossValidation/Annotated/B22-250_0/02879.png,0,0.00037665394484065473
B22-250,/fhome/maed/HelicoDataSet/CrossValidation/Annotated/B22-250_0/01626.png,0,0.0004961427766829729
B22-250,/fhome/maed/HelicoDataSet/CrossValidation/Annotated/B22-250_0/01774.png,0,0.0005417716456577182
B22-250,/fhome/maed/HelicoDataSet/CrossValidation/Annotated/B22-250_0/02959.png,0,0.000537147861905396
B22-250,/fhome/maed/HelicoDataSet/CrossValidation/Annotated/B22-250_0/01769.png,0,0.0006622450309805572
B22-250,/fhome/maed/HelicoDataSet/CrossValidation/Annotated/B22-250_0/02878.png,0,0.0005704659270122647
B22-250,/fhome/maed/HelicoDataSet/CrossValidation/Annotated/B22-250_0/01234.png,0,0.000504704425111413
B22-250,/fhome/maed/HelicoDataSet/CrossValidation/Annotated/B22-250_0/02840.png,0,0.00039768469287082553
B22-250,/fhome/maed/HelicoDataSet/CrossValidation/Annotated/B22-250_0/02256.png,0,0.0005441391840577126
B22-250,/fhome/maed/HelicoDataSet/CrossValidation/Annotated/B22-250_0/01212.png,0,0.0005045829457230866
B22-250,/fhome/maed/HelicoDataSet/CrossValidation/Annotated/B22-250_0/01719.png,0,0.0003491141542326659
B22-250,/fhome/maed/HelicoDataSet/CrossValidation/Annotated/B22-250_0/01804.png,0,0.0005305536324158311
B22-250,/fhome/maed/HelicoDataSet/CrossValidation/Annotated/B22-250_0/01759.png,0,0.0006217579357326031
B22-250,/fhome/maed/HelicoDataSet/CrossValidation/Annotated/B22-250_0/02758.png,0,0.00038111157482489944
B22-250,/fhome/maed/HelicoDataSet/CrossValidation/Annotated/B22-250_0/01641.png,0,0.0005170508520677686
B22-250,/fhome/maed/HelicoDataSet/CrossValidation/Annotated/B22-250_0/02919.png,0,0.0005740078631788492
B22-250,/fhome/maed/HelicoDataSet/CrossValidation/Annotated/B22-250_0/01053.png,0,0.00043641458614729345
B22-250,/fhome/maed/HelicoDataSet/CrossValidation/Annotated/B22-250_0/02284.png,0,0.0004903319058939815
B22-250,/fhome/maed/HelicoDataSet/CrossValidation/Annotated/B22-250_0/01636.png,0,0.0004273951053619385
B22-250,/fhome/maed/HelicoDataSet/CrossValidation/Annotated/B22-250_0/02293.png,0,0.00044988663285039365
B22-250,/fhome/maed/HelicoDataSet/CrossValidation/Annotated/B22-250_0/02951.png,0,0.000450498191639781
B22-250,/fhome/maed/HelicoDataSet/CrossValidation/Annotated/B22-250_0/01038.png,0,0.0004394567513372749
B22-250,/fhome/maed/HelicoDataSet/CrossValidation/Annotated/B22-250_0/01118.png,0,0.0005015106871724129
B22-250,/fhome/maed/HelicoDataSet/CrossValidation/Annotated/B22-250_0/01778.png,0,0.000614918943028897
B22-250,/fhome/maed/HelicoDataSet/CrossValidation/Annotated/B22-250_0/01606.png,0,0.0005155203398317099
B22-250,/fhome/maed/HelicoDataSet/CrossValidation/Annotated/B22-250_0/01428.png,0,0.0003498908772598952
B22-250,/fhome/maed/HelicoDataSet/CrossValidation/Annotated/B22-250_0/01628.png,0,0.000577020866330713
B22-250,/fhome/maed/HelicoDataSet/CrossValidation/Annotated/B22-250_0/02285.png,0,0.0004364285268820822
B22-250,/fhome/maed/HelicoDataSet/CrossValidation/Annotated/B22-250_0/02265.png,0,0.0005548532935790718
B22-250,/fhome/maed/HelicoDataSet/CrossValidation/Annotated/B22-250_0/02911.png,0,0.0005962756113149226
B22-250,/fhome/maed/HelicoDataSet/CrossValidation/Annotated/B22-250_0/01398.png,0,0.0003701911773532629
B22-250,/fhome/maed/HelicoDataSet/CrossValidation/Annotated/B22-250_0/01742.png,0,0.0005013613845221698
B22-250,/fhome/maed/HelicoDataSet/CrossValidation/Annotated/B22-250_0/02948.png,0,0.0006135883741080761
B22-250,/fhome/maed/HelicoDataSet/CrossValidation/Annotated/B22-250_0/01765.png,0,0.0005474860081449151
B22-250,/fhome/maed/HelicoDataSet/CrossValidation/Annotated/B22-250_0/01121.png,0,0.0007886364473961294
B22-250,/fhome/maed/HelicoDataSet/CrossValidation/Annotated/B22-250_0/01752.png,0,0.0004635328077711165
