CODI,PATH,PRESENCE,ERROR
B22-101,Data/Annotated\B22-101_0\00180.png,0,0.2872978746891022
B22-101,Data/Annotated\B22-101_0\00201.png,1,0.49659374356269836
B22-101,Data/Annotated\B22-101_0\00201_Aug1.png,1,0.49164989590644836
B22-101,Data/Annotated\B22-101_0\00201_Aug2.png,1,0.49716928601264954
B22-101,Data/Annotated\B22-101_0\00201_Aug3.png,1,0.4909174144268036
B22-101,Data/Annotated\B22-101_0\00201_Aug4.png,1,0.49721118807792664
B22-101,Data/Annotated\B22-101_0\00201_Aug5.png,1,0.4885338246822357
B22-101,Data/Annotated\B22-101_0\00201_Aug6.png,1,0.4972023367881775
B22-101,Data/Annotated\B22-101_0\00201_Aug7.png,1,0.49665945768356323
B22-101,Data/Annotated\B22-101_0\00201_Aug8.png,1,0.5017197728157043
B22-101,Data/Annotated\B22-101_0\00280.png,0,0.23015007376670837
B22-101,Data/Annotated\B22-101_0\00415.png,0,0.0238195788115263
B22-102,Data/Annotated\B22-102_0\01468.png,1,0.4903138279914856
B22-102,Data/Annotated\B22-102_0\01468_Aug1.png,1,0.48559167981147766
B22-102,Data/Annotated\B22-102_0\01468_Aug2.png,1,0.4573051333427429
B22-102,Data/Annotated\B22-102_0\01468_Aug3.png,1,0.4189589321613312
B22-102,Data/Annotated\B22-102_0\01468_Aug4.png,1,0.41447150707244873
B22-102,Data/Annotated\B22-102_0\01468_Aug5.png,1,0.040526654571294785
B22-102,Data/Annotated\B22-102_0\01468_Aug6.png,1,0.030191071331501007
B22-102,Data/Annotated\B22-102_0\01468_Aug7.png,1,0.02476532943546772
B22-102,Data/Annotated\B22-102_0\01468_Aug8.png,1,0.024058230221271515
B22-102,Data/Annotated\B22-102_0\03685.png,1,0.5106944441795349
B22-102,Data/Annotated\B22-102_0\03685_Aug1.png,1,0.5125150680541992
B22-102,Data/Annotated\B22-102_0\03685_Aug2.png,1,0.5080568194389343
B22-102,Data/Annotated\B22-102_0\03685_Aug3.png,1,0.5132953524589539
B22-102,Data/Annotated\B22-102_0\03685_Aug4.png,1,0.5077261924743652
B22-102,Data/Annotated\B22-102_0\03685_Aug5.png,1,0.5151582360267639
B22-102,Data/Annotated\B22-102_0\03685_Aug6.png,1,0.5057703256607056
B22-102,Data/Annotated\B22-102_0\03685_Aug7.png,1,0.5162678956985474
B22-102,Data/Annotated\B22-102_0\03685_Aug8.png,1,0.5065357089042664
B22-102,Data/Annotated\B22-102_0\03798.png,0,0.19776874780654907
B22-102,Data/Annotated\B22-102_0\03838.png,0,0.033423278480768204
B22-103,Data/Annotated\B22-103_0\02201.png,1,0.43549278378486633
B22-103,Data/Annotated\B22-103_0\02201_Aug1.png,1,0.46319451928138733
B22-103,Data/Annotated\B22-103_0\02201_Aug2.png,1,0.4522947072982788
B22-103,Data/Annotated\B22-103_0\02201_Aug3.png,1,0.019881801679730415
B22-103,Data/Annotated\B22-103_0\02201_Aug4.png,1,0.46517232060432434
B22-103,Data/Annotated\B22-103_0\02201_Aug5.png,1,0.01006055623292923
B22-103,Data/Annotated\B22-103_0\02201_Aug6.png,1,0.44526031613349915
B22-103,Data/Annotated\B22-103_0\02201_Aug7.png,1,0.010281389579176903
B22-103,Data/Annotated\B22-103_0\02201_Aug8.png,1,0.4912593364715576
B22-103,Data/Annotated\B22-103_0\02245.png,1,0.5012972354888916
B22-103,Data/Annotated\B22-103_0\02245_Aug1.png,1,0.5023819804191589
B22-103,Data/Annotated\B22-103_0\02245_Aug2.png,1,0.5021435618400574
B22-103,Data/Annotated\B22-103_0\02245_Aug3.png,1,0.5043165683746338
B22-103,Data/Annotated\B22-103_0\02245_Aug4.png,1,0.5007006525993347
B22-103,Data/Annotated\B22-103_0\02245_Aug5.png,1,0.504828691482544
B22-103,Data/Annotated\B22-103_0\02245_Aug6.png,1,0.5017609596252441
B22-103,Data/Annotated\B22-103_0\02245_Aug7.png,1,0.5037520527839661
B22-103,Data/Annotated\B22-103_0\02245_Aug8.png,1,0.49958646297454834
B22-103,Data/Annotated\B22-103_0\02790.png,0,0.26798030734062195
B22-104,Data/Annotated\B22-104_0\00398.png,0,0.010299050249159336
B22-104,Data/Annotated\B22-104_0\00438.png,0,0.03296585753560066
B22-104,Data/Annotated\B22-104_0\00553.png,0,0.015124001540243626
B22-104,Data/Annotated\B22-104_0\00555.png,0,0.01560045313090086
B22-104,Data/Annotated\B22-104_0\00557.png,0,0.012483494356274605
B22-106,Data/Annotated\B22-106_1\00071.png,0,0.024570288136601448
B22-106,Data/Annotated\B22-106_1\00079.png,0,0.3081325590610504
B22-106,Data/Annotated\B22-106_1\00125.png,0,0.021596550941467285
B22-106,Data/Annotated\B22-106_1\00128.png,0,0.027821991592645645
B22-106,Data/Annotated\B22-106_1\00166.png,0,0.02584768459200859
B22-106,Data/Annotated\B22-106_1\00269.png,0,0.031084192916750908
B22-106,Data/Annotated\B22-106_1\00281.png,0,0.03314924240112305
B22-106,Data/Annotated\B22-106_1\00319.png,0,0.037641093134880066
B22-106,Data/Annotated\B22-106_1\00344.png,0,0.03981257602572441
B22-106,Data/Annotated\B22-106_1\00389.png,0,0.030925925821065903
B22-106,Data/Annotated\B22-106_1\00469.png,0,0.033145468682050705
B22-107,Data/Annotated\B22-107_1\00016.png,0,0.02146536484360695
B22-107,Data/Annotated\B22-107_1\00174.png,0,0.042142104357481
B22-107,Data/Annotated\B22-107_1\00238.png,0,0.029148787260055542
B22-107,Data/Annotated\B22-107_1\00290.png,0,0.3057924211025238
B22-107,Data/Annotated\B22-107_1\00320.png,0,0.3006274700164795
B22-108,Data/Annotated\B22-108_0\00022.png,0,0.03522855043411255
B22-108,Data/Annotated\B22-108_0\00023.png,0,0.024890685454010963
B22-108,Data/Annotated\B22-108_0\00080.png,0,0.17576006054878235
B22-109,Data/Annotated\B22-109_0\00017.png,0,0.02908984199166298
B22-109,Data/Annotated\B22-109_0\00320.png,0,0.21818146109580994
B22-109,Data/Annotated\B22-109_0\00322.png,0,0.19247424602508545
B22-109,Data/Annotated\B22-109_0\00323.png,0,0.22512701153755188
B22-110,Data/Annotated\B22-110_1\00006.png,0,0.06437801569700241
B22-110,Data/Annotated\B22-110_1\00045.png,0,0.022337844595313072
B22-110,Data/Annotated\B22-110_1\00614.png,0,0.022642459720373154
B22-111,Data/Annotated\B22-111_1\00000.png,0,0.349701851606369
B22-111,Data/Annotated\B22-111_1\00005.png,0,0.028940854594111443
B22-111,Data/Annotated\B22-111_1\00129.png,0,0.029058322310447693
B22-111,Data/Annotated\B22-111_1\00138.png,0,0.04446116462349892
B22-111,Data/Annotated\B22-111_1\00207.png,0,0.03202442824840546
B22-112,Data/Annotated\B22-112_1\00038.png,0,0.00892749521881342
B22-112,Data/Annotated\B22-112_1\00050.png,0,0.4548153579235077
B22-112,Data/Annotated\B22-112_1\00061.png,0,0.0306889396160841
B22-112,Data/Annotated\B22-112_1\00109.png,0,0.01826869137585163
B22-112,Data/Annotated\B22-112_1\00237.png,0,0.03208104521036148
B22-112,Data/Annotated\B22-112_1\00245.png,0,0.030010931193828583
B22-112,Data/Annotated\B22-112_1\00279.png,0,0.029453212395310402
B22-112,Data/Annotated\B22-112_1\00341.png,0,0.42449140548706055
B22-114,Data/Annotated\B22-114_0\00012.png,0,0.3216497004032135
B22-114,Data/Annotated\B22-114_0\00054.png,1,0.5029075741767883
B22-114,Data/Annotated\B22-114_0\00054_Aug1.png,1,0.49952948093414307
B22-114,Data/Annotated\B22-114_0\00054_Aug2.png,1,0.5000933408737183
B22-114,Data/Annotated\B22-114_0\00054_Aug3.png,1,0.5023933053016663
B22-114,Data/Annotated\B22-114_0\00054_Aug4.png,1,0.5021939277648926
B22-114,Data/Annotated\B22-114_0\00054_Aug5.png,1,0.49418288469314575
B22-114,Data/Annotated\B22-114_0\00054_Aug6.png,1,0.4994466006755829
B22-114,Data/Annotated\B22-114_0\00054_Aug7.png,1,0.4985252618789673
B22-114,Data/Annotated\B22-114_0\00054_Aug8.png,1,0.4696759581565857
B22-114,Data/Annotated\B22-114_0\00080.png,1,0.5203662514686584
B22-114,Data/Annotated\B22-114_0\00080_Aug1.png,1,0.5235702395439148
B22-114,Data/Annotated\B22-114_0\00080_Aug2.png,1,0.5165482759475708
B22-114,Data/Annotated\B22-114_0\00080_Aug3.png,1,0.5251977443695068
B22-114,Data/Annotated\B22-114_0\00080_Aug4.png,1,0.5115261077880859
B22-114,Data/Annotated\B22-114_0\00080_Aug5.png,1,0.5299721956253052
B22-114,Data/Annotated\B22-114_0\00080_Aug6.png,1,0.510249674320221
B22-114,Data/Annotated\B22-114_0\00080_Aug7.png,1,0.5348159074783325
B22-114,Data/Annotated\B22-114_0\00080_Aug8.png,1,0.5078483819961548
B22-114,Data/Annotated\B22-114_0\00112.png,1,0.5121566653251648
B22-114,Data/Annotated\B22-114_0\00112_Aug1.png,1,0.5136159658432007
B22-114,Data/Annotated\B22-114_0\00112_Aug2.png,1,0.5166698694229126
B22-114,Data/Annotated\B22-114_0\00112_Aug3.png,1,0.518946647644043
B22-114,Data/Annotated\B22-114_0\00112_Aug4.png,1,0.5155047178268433
B22-114,Data/Annotated\B22-114_0\00112_Aug5.png,1,0.5190487504005432
B22-114,Data/Annotated\B22-114_0\00112_Aug6.png,1,0.5156251788139343
B22-114,Data/Annotated\B22-114_0\00112_Aug7.png,1,0.5179527997970581
B22-114,Data/Annotated\B22-114_0\00112_Aug8.png,1,0.5151289701461792
B22-114,Data/Annotated\B22-114_0\00158.png,0,0.48472297191619873
B22-114,Data/Annotated\B22-114_0\00238.png,1,0.5186459422111511
B22-114,Data/Annotated\B22-114_0\00238_Aug1.png,1,0.5203799605369568
B22-114,Data/Annotated\B22-114_0\00238_Aug2.png,1,0.5167704224586487
B22-114,Data/Annotated\B22-114_0\00238_Aug3.png,1,0.5214943885803223
B22-114,Data/Annotated\B22-114_0\00238_Aug4.png,1,0.5130059123039246
B22-114,Data/Annotated\B22-114_0\00238_Aug5.png,1,0.5204303860664368
B22-114,Data/Annotated\B22-114_0\00238_Aug6.png,1,0.5131668448448181
B22-114,Data/Annotated\B22-114_0\00238_Aug7.png,1,0.5183754563331604
B22-114,Data/Annotated\B22-114_0\00238_Aug8.png,1,0.5079103708267212
B22-115,Data/Annotated\B22-115_0\00122.png,0,0.23564422130584717
B22-115,Data/Annotated\B22-115_0\00234.png,0,0.4917897582054138
B22-116,Data/Annotated\B22-116_0\00217.png,0,0.28448885679244995
B22-116,Data/Annotated\B22-116_0\00252.png,1,0.4971067011356354
B22-116,Data/Annotated\B22-116_0\00252_Aug1.png,1,0.4861806333065033
B22-116,Data/Annotated\B22-116_0\00252_Aug2.png,1,0.49705225229263306
B22-116,Data/Annotated\B22-116_0\00252_Aug3.png,1,0.48696887493133545
B22-116,Data/Annotated\B22-116_0\00252_Aug4.png,1,0.4944707751274109
B22-116,Data/Annotated\B22-116_0\00252_Aug5.png,1,0.4962928295135498
B22-116,Data/Annotated\B22-116_0\00252_Aug6.png,1,0.49776655435562134
B22-116,Data/Annotated\B22-116_0\00252_Aug7.png,1,0.4968142509460449
B22-116,Data/Annotated\B22-116_0\00252_Aug8.png,1,0.48257145285606384
B22-116,Data/Annotated\B22-116_0\00256.png,1,0.49450260400772095
B22-116,Data/Annotated\B22-116_0\00256_Aug1.png,1,0.5003465414047241
B22-116,Data/Annotated\B22-116_0\00256_Aug2.png,1,0.49988341331481934
B22-116,Data/Annotated\B22-116_0\00256_Aug3.png,1,0.46456632018089294
B22-116,Data/Annotated\B22-116_0\00256_Aug4.png,1,0.49517372250556946
B22-116,Data/Annotated\B22-116_0\00256_Aug5.png,1,0.4850933849811554
B22-116,Data/Annotated\B22-116_0\00256_Aug6.png,1,0.49087172746658325
B22-116,Data/Annotated\B22-116_0\00256_Aug7.png,1,0.48850688338279724
B22-116,Data/Annotated\B22-116_0\00256_Aug8.png,1,0.48465120792388916
B22-116,Data/Annotated\B22-116_0\00437.png,1,0.5025002956390381
B22-116,Data/Annotated\B22-116_0\00437_Aug1.png,1,0.48578256368637085
B22-116,Data/Annotated\B22-116_0\00437_Aug2.png,1,0.49611321091651917
B22-116,Data/Annotated\B22-116_0\00437_Aug4.png,1,0.4963308870792389
B22-116,Data/Annotated\B22-116_0\00437_Aug6.png,1,0.4985952079296112
B22-116,Data/Annotated\B22-116_0\00437_Aug8.png,1,0.49730730056762695
B22-116,Data/Annotated\B22-116_0\00493.png,0,0.2953606843948364
B22-117,Data/Annotated\B22-117_0\00952.png,0,0.2464979737997055
B22-117,Data/Annotated\B22-117_0\01180.png,0,0.19686059653759003
B22-117,Data/Annotated\B22-117_0\01202.png,0,0.25512054562568665
B22-118,Data/Annotated\B22-118_0\00106.png,0,0.19437594711780548
B22-118,Data/Annotated\B22-118_0\00134.png,0,0.27845969796180725
B22-118,Data/Annotated\B22-118_0\00232.png,0,0.18696977198123932
B22-118,Data/Annotated\B22-118_0\00254.png,0,0.501778244972229
B22-118,Data/Annotated\B22-118_0\00313.png,0,0.24260099232196808
B22-118,Data/Annotated\B22-118_0\00323.png,0,0.2060266137123108
B22-118,Data/Annotated\B22-118_0\00405.png,0,0.4455481767654419
B22-118,Data/Annotated\B22-118_0\00587.png,0,0.3306318521499634
B22-118,Data/Annotated\B22-118_0\00613.png,0,0.22207418084144592
B22-118,Data/Annotated\B22-118_0\00631.png,0,0.2415514886379242
B22-118,Data/Annotated\B22-118_0\00650.png,0,0.4173833727836609
B22-118,Data/Annotated\B22-118_0\00724.png,0,0.43110162019729614
B22-118,Data/Annotated\B22-118_0\00791.png,0,0.44529101252555847
B22-118,Data/Annotated\B22-118_0\00890.png,0,0.2993251383304596
B22-118,Data/Annotated\B22-118_0\03550.png,0,0.28022873401641846
B22-119,Data/Annotated\B22-119_0\00975.png,0,0.29616641998291016
B22-119,Data/Annotated\B22-119_0\01137.png,0,0.4516180753707886
B22-122,Data/Annotated\B22-122_0\00366.png,0,0.22068436443805695
B22-122,Data/Annotated\B22-122_0\00368.png,0,0.1893610805273056
B22-123,Data/Annotated\B22-123_0\00047.png,0,0.49734607338905334
B22-123,Data/Annotated\B22-123_0\00308.png,0,0.47800618410110474
B22-123,Data/Annotated\B22-123_0\00687.png,1,0.5183968544006348
B22-123,Data/Annotated\B22-123_0\00687_Aug1.png,1,0.5206036567687988
B22-123,Data/Annotated\B22-123_0\00687_Aug2.png,1,0.5159152150154114
B22-123,Data/Annotated\B22-123_0\00687_Aug3.png,1,0.5214275121688843
B22-123,Data/Annotated\B22-123_0\00687_Aug4.png,1,0.5154142379760742
B22-123,Data/Annotated\B22-123_0\00687_Aug5.png,1,0.525236964225769
B22-123,Data/Annotated\B22-123_0\00687_Aug6.png,1,0.5130952596664429
B22-123,Data/Annotated\B22-123_0\00687_Aug7.png,1,0.5266271829605103
B22-123,Data/Annotated\B22-123_0\00687_Aug8.png,1,0.513012170791626
B22-123,Data/Annotated\B22-123_0\00696.png,1,0.5370933413505554
B22-123,Data/Annotated\B22-123_0\00696_Aug1.png,1,0.5435096025466919
B22-123,Data/Annotated\B22-123_0\00696_Aug2.png,1,0.5448057651519775
B22-123,Data/Annotated\B22-123_0\00696_Aug3.png,1,0.5492037534713745
B22-123,Data/Annotated\B22-123_0\00696_Aug4.png,1,0.5508824586868286
B22-123,Data/Annotated\B22-123_0\00696_Aug5.png,1,0.5555799007415771
B22-123,Data/Annotated\B22-123_0\00696_Aug6.png,1,0.5572043657302856
B22-123,Data/Annotated\B22-123_0\00696_Aug7.png,1,0.5644640326499939
B22-123,Data/Annotated\B22-123_0\00696_Aug8.png,1,0.5617616772651672
B22-123,Data/Annotated\B22-123_0\00839.png,0,0.2511119544506073
B22-123,Data/Annotated\B22-123_0\00993.png,0,0.2531229853630066
B22-123,Data/Annotated\B22-123_0\00994.png,0,0.11055000126361847
B22-123,Data/Annotated\B22-123_0\01063.png,1,0.49425816535949707
B22-123,Data/Annotated\B22-123_0\01063_Aug1.png,1,0.49708735942840576
B22-123,Data/Annotated\B22-123_0\01063_Aug2.png,1,0.4994373619556427
B22-123,Data/Annotated\B22-123_0\01063_Aug3.png,1,0.48956361413002014
B22-123,Data/Annotated\B22-123_0\01063_Aug4.png,1,0.4901028871536255
B22-123,Data/Annotated\B22-123_0\01063_Aug5.png,1,0.49943652749061584
B22-123,Data/Annotated\B22-123_0\01063_Aug6.png,1,0.5015220642089844
B22-123,Data/Annotated\B22-123_0\01063_Aug7.png,1,0.4887292683124542
B22-123,Data/Annotated\B22-123_0\01063_Aug8.png,1,0.5020115375518799
B22-124,Data/Annotated\B22-124_0\00011.png,0,0.3559039533138275
B22-124,Data/Annotated\B22-124_0\00759.png,0,0.03085196763277054
B22-124,Data/Annotated\B22-124_0\00762.png,0,0.029988693073391914
B22-124,Data/Annotated\B22-124_0\00902.png,1,0.4943394362926483
B22-124,Data/Annotated\B22-124_0\00902_Aug1.png,1,0.5011011958122253
B22-124,Data/Annotated\B22-124_0\00902_Aug2.png,1,0.4906725287437439
B22-124,Data/Annotated\B22-124_0\00902_Aug3.png,1,0.4935285747051239
B22-124,Data/Annotated\B22-124_0\00902_Aug4.png,1,0.4874688386917114
B22-124,Data/Annotated\B22-124_0\00902_Aug5.png,1,0.4953807294368744
B22-124,Data/Annotated\B22-124_0\00902_Aug6.png,1,0.498211532831192
B22-124,Data/Annotated\B22-124_0\00902_Aug7.png,1,0.4854520857334137
B22-124,Data/Annotated\B22-124_0\00902_Aug8.png,1,0.48796144127845764
B22-124,Data/Annotated\B22-124_0\01143.png,0,0.45220768451690674
B22-124,Data/Annotated\B22-124_0\01419.png,0,0.005833904724568129
B22-125,Data/Annotated\B22-125_0\03028.png,0,0.06980286538600922
B22-125,Data/Annotated\B22-125_0\03857.png,0,0.33463209867477417
B22-126,Data/Annotated\B22-126_0\00664.png,1,0.5021970868110657
B22-126,Data/Annotated\B22-126_0\00664_Aug1.png,1,0.4954646825790405
B22-126,Data/Annotated\B22-126_0\00664_Aug2.png,1,0.501606285572052
B22-126,Data/Annotated\B22-126_0\00664_Aug3.png,1,0.5027593374252319
B22-126,Data/Annotated\B22-126_0\00664_Aug4.png,1,0.5056570172309875
B22-126,Data/Annotated\B22-126_0\00664_Aug5.png,1,0.4959407150745392
B22-126,Data/Annotated\B22-126_0\00664_Aug6.png,1,0.5019147396087646
B22-126,Data/Annotated\B22-126_0\00664_Aug7.png,1,0.5029323697090149
B22-126,Data/Annotated\B22-126_0\00664_Aug8.png,1,0.5009778141975403
B22-126,Data/Annotated\B22-126_0\00667.png,1,0.5016668438911438
B22-126,Data/Annotated\B22-126_0\00667_Aug1.png,1,0.4975298345088959
B22-126,Data/Annotated\B22-126_0\00667_Aug2.png,1,0.5051550269126892
B22-126,Data/Annotated\B22-126_0\00667_Aug3.png,1,0.5043965578079224
B22-126,Data/Annotated\B22-126_0\00667_Aug4.png,1,0.498712420463562
B22-126,Data/Annotated\B22-126_0\00667_Aug5.png,1,0.496340274810791
B22-126,Data/Annotated\B22-126_0\00667_Aug6.png,1,0.4980350732803345
B22-126,Data/Annotated\B22-126_0\00667_Aug7.png,1,0.5016321539878845
B22-126,Data/Annotated\B22-126_0\00667_Aug8.png,1,0.49522605538368225
B22-126,Data/Annotated\B22-126_0\01144.png,1,0.5012989640235901
B22-126,Data/Annotated\B22-126_0\01144_Aug1.png,1,0.5057815313339233
B22-126,Data/Annotated\B22-126_0\01144_Aug2.png,1,0.5038972496986389
B22-126,Data/Annotated\B22-126_0\01144_Aug3.png,1,0.5058615803718567
B22-126,Data/Annotated\B22-126_0\01144_Aug4.png,1,0.49685221910476685
B22-126,Data/Annotated\B22-126_0\01144_Aug5.png,1,0.5059036016464233
B22-126,Data/Annotated\B22-126_0\01144_Aug6.png,1,0.4951612651348114
B22-126,Data/Annotated\B22-126_0\01144_Aug7.png,1,0.5060871839523315
B22-126,Data/Annotated\B22-126_0\01144_Aug8.png,1,0.48742297291755676
B22-126,Data/Annotated\B22-126_0\01176.png,1,0.48895031213760376
B22-126,Data/Annotated\B22-126_0\01176_Aug1.png,1,0.48457926511764526
B22-126,Data/Annotated\B22-126_0\01176_Aug2.png,1,0.48710164427757263
B22-126,Data/Annotated\B22-126_0\01176_Aug3.png,1,0.48674288392066956
B22-126,Data/Annotated\B22-126_0\01176_Aug4.png,1,0.48673975467681885
B22-126,Data/Annotated\B22-126_0\01176_Aug5.png,1,0.4843490421772003
B22-126,Data/Annotated\B22-126_0\01176_Aug6.png,1,0.499863862991333
B22-126,Data/Annotated\B22-126_0\01176_Aug7.png,1,0.4915229380130768
B22-126,Data/Annotated\B22-126_0\01176_Aug8.png,1,0.4915522038936615
B22-126,Data/Annotated\B22-126_0\01239.png,1,0.49082350730895996
B22-126,Data/Annotated\B22-126_0\01239_Aug1.png,1,0.49524715542793274
B22-126,Data/Annotated\B22-126_0\01239_Aug2.png,1,0.49446454644203186
B22-126,Data/Annotated\B22-126_0\01239_Aug3.png,1,0.4904506504535675
B22-126,Data/Annotated\B22-126_0\01239_Aug4.png,1,0.4944348931312561
B22-126,Data/Annotated\B22-126_0\01239_Aug5.png,1,0.48515650629997253
B22-126,Data/Annotated\B22-126_0\01239_Aug6.png,1,0.4913225471973419
B22-126,Data/Annotated\B22-126_0\01239_Aug7.png,1,0.4952966570854187
B22-126,Data/Annotated\B22-126_0\01239_Aug8.png,1,0.4909842014312744
B22-126,Data/Annotated\B22-126_0\01387.png,1,0.5420326590538025
B22-126,Data/Annotated\B22-126_0\01387_Aug1.png,1,0.5400451421737671
B22-126,Data/Annotated\B22-126_0\01387_Aug2.png,1,0.5408856868743896
B22-126,Data/Annotated\B22-126_0\01387_Aug3.png,1,0.5394721031188965
B22-126,Data/Annotated\B22-126_0\01387_Aug4.png,1,0.540575385093689
B22-126,Data/Annotated\B22-126_0\01387_Aug5.png,1,0.5368419885635376
B22-126,Data/Annotated\B22-126_0\01387_Aug6.png,1,0.5393120646476746
B22-126,Data/Annotated\B22-126_0\01387_Aug7.png,1,0.5350886583328247
B22-126,Data/Annotated\B22-126_0\01387_Aug8.png,1,0.538199245929718
B22-126,Data/Annotated\B22-126_0\01483.png,1,0.48964786529541016
B22-126,Data/Annotated\B22-126_0\01483_Aug1.png,1,0.5015460848808289
B22-126,Data/Annotated\B22-126_0\01483_Aug2.png,1,0.49222835898399353
B22-126,Data/Annotated\B22-126_0\01483_Aug3.png,1,0.5032817125320435
B22-126,Data/Annotated\B22-126_0\01483_Aug4.png,1,0.4968591034412384
B22-126,Data/Annotated\B22-126_0\01483_Aug5.png,1,0.49948251247406006
B22-126,Data/Annotated\B22-126_0\01483_Aug6.png,1,0.494922935962677
B22-126,Data/Annotated\B22-126_0\01483_Aug7.png,1,0.5018556118011475
B22-126,Data/Annotated\B22-126_0\01483_Aug8.png,1,0.49452635645866394
B22-126,Data/Annotated\B22-126_0\01535.png,1,0.5226315259933472
B22-126,Data/Annotated\B22-126_0\01535_Aug1.png,1,0.5237202048301697
B22-126,Data/Annotated\B22-126_0\01535_Aug2.png,1,0.5173299908638
B22-126,Data/Annotated\B22-126_0\01535_Aug3.png,1,0.5243285298347473
B22-126,Data/Annotated\B22-126_0\01535_Aug4.png,1,0.5159024000167847
B22-126,Data/Annotated\B22-126_0\01535_Aug5.png,1,0.5248474478721619
B22-126,Data/Annotated\B22-126_0\01535_Aug6.png,1,0.5126065611839294
B22-126,Data/Annotated\B22-126_0\01535_Aug7.png,1,0.522249162197113
B22-126,Data/Annotated\B22-126_0\01535_Aug8.png,1,0.5143345594406128
B22-126,Data/Annotated\B22-126_0\01537.png,1,0.5093291401863098
B22-126,Data/Annotated\B22-126_0\01537_Aug1.png,1,0.5126544833183289
B22-126,Data/Annotated\B22-126_0\01537_Aug2.png,1,0.5110920667648315
B22-126,Data/Annotated\B22-126_0\01537_Aug3.png,1,0.514250636100769
B22-126,Data/Annotated\B22-126_0\01537_Aug4.png,1,0.5099824666976929
B22-126,Data/Annotated\B22-126_0\01537_Aug5.png,1,0.5163072943687439
B22-126,Data/Annotated\B22-126_0\01537_Aug6.png,1,0.508554220199585
B22-126,Data/Annotated\B22-126_0\01537_Aug7.png,1,0.5152615308761597
B22-126,Data/Annotated\B22-126_0\01537_Aug8.png,1,0.49978214502334595
B22-126,Data/Annotated\B22-126_0\01562.png,1,0.4958995580673218
B22-126,Data/Annotated\B22-126_0\01562_Aug2.png,1,0.4995490312576294
B22-126,Data/Annotated\B22-126_0\01562_Aug4.png,1,0.49017220735549927
B22-126,Data/Annotated\B22-126_0\01562_Aug6.png,1,0.48363348841667175
B22-126,Data/Annotated\B22-126_0\01562_Aug8.png,1,0.4413420557975769
B22-126,Data/Annotated\B22-126_0\01728.png,1,0.49262404441833496
B22-126,Data/Annotated\B22-126_0\01728_Aug1.png,1,0.4922104477882385
B22-126,Data/Annotated\B22-126_0\01728_Aug2.png,1,0.49387383460998535
B22-126,Data/Annotated\B22-126_0\01728_Aug3.png,1,0.4922570288181305
B22-126,Data/Annotated\B22-126_0\01728_Aug4.png,1,0.49387285113334656
B22-126,Data/Annotated\B22-126_0\01728_Aug5.png,1,0.4941345751285553
B22-126,Data/Annotated\B22-126_0\01728_Aug6.png,1,0.49382269382476807
B22-126,Data/Annotated\B22-126_0\01728_Aug7.png,1,0.4929332435131073
B22-126,Data/Annotated\B22-126_0\01728_Aug8.png,1,0.4937867522239685
B22-126,Data/Annotated\B22-126_0\01734.png,1,0.4761975109577179
B22-126,Data/Annotated\B22-126_0\01734_Aug1.png,1,0.4759456515312195
B22-126,Data/Annotated\B22-126_0\01734_Aug2.png,1,0.48575514554977417
B22-126,Data/Annotated\B22-126_0\01734_Aug3.png,1,0.48508456349372864
B22-126,Data/Annotated\B22-126_0\01734_Aug4.png,1,0.48333463072776794
B22-126,Data/Annotated\B22-126_0\01734_Aug5.png,1,0.49164578318595886
B22-126,Data/Annotated\B22-126_0\01734_Aug6.png,1,0.47769466042518616
B22-126,Data/Annotated\B22-126_0\01734_Aug7.png,1,0.49537622928619385
B22-126,Data/Annotated\B22-126_0\01734_Aug8.png,1,0.48427721858024597
B22-126,Data/Annotated\B22-126_0\02490.png,0,0.05739391967654228
B22-126,Data/Annotated\B22-126_0\03081.png,1,0.4982784390449524
B22-126,Data/Annotated\B22-126_0\03081_Aug1.png,1,0.506657600402832
B22-126,Data/Annotated\B22-126_0\03081_Aug2.png,1,0.506657600402832
B22-126,Data/Annotated\B22-126_0\03081_Aug3.png,1,0.5040225386619568
B22-126,Data/Annotated\B22-126_0\03081_Aug4.png,1,0.5040225386619568
B22-126,Data/Annotated\B22-126_0\03081_Aug5.png,1,0.5093174576759338
B22-126,Data/Annotated\B22-126_0\03081_Aug6.png,1,0.5093174576759338
B22-126,Data/Annotated\B22-126_0\03081_Aug7.png,1,0.5102513432502747
B22-126,Data/Annotated\B22-126_0\03081_Aug8.png,1,0.5102513432502747
B22-127,Data/Annotated\B22-127_0\00117.png,0,0.27324211597442627
B22-127,Data/Annotated\B22-127_0\00624.png,0,0.20698562264442444
B22-127,Data/Annotated\B22-127_0\00754.png,0,0.2585648000240326
B22-129,Data/Annotated\B22-129_0\00659.png,0,0.06539779156446457
B22-138,Data/Annotated\B22-138_0\00056.png,0,0.48161330819129944
B22-138,Data/Annotated\B22-138_0\00116.png,0,0.06939662992954254
B22-138,Data/Annotated\B22-138_0\00198.png,0,0.3109026849269867
B22-138,Data/Annotated\B22-138_0\00200.png,1,0.49430230259895325
B22-138,Data/Annotated\B22-138_0\00200_Aug1.png,1,0.4915978014469147
B22-138,Data/Annotated\B22-138_0\00200_Aug2.png,1,0.48875728249549866
B22-138,Data/Annotated\B22-138_0\00200_Aug3.png,1,0.4582139551639557
B22-138,Data/Annotated\B22-138_0\00200_Aug4.png,1,0.4375537037849426
B22-138,Data/Annotated\B22-138_0\00200_Aug5.png,1,0.24261151254177094
B22-138,Data/Annotated\B22-138_0\00200_Aug6.png,1,0.45572590827941895
B22-138,Data/Annotated\B22-138_0\00200_Aug7.png,1,0.22942161560058594
B22-138,Data/Annotated\B22-138_0\00200_Aug8.png,1,0.3948095440864563
B22-138,Data/Annotated\B22-138_0\00221.png,0,0.10039549320936203
B22-138,Data/Annotated\B22-138_0\00351.png,1,0.49986061453819275
B22-138,Data/Annotated\B22-138_0\00351_Aug1.png,1,0.4949052631855011
B22-138,Data/Annotated\B22-138_0\00351_Aug2.png,1,0.5011123418807983
B22-138,Data/Annotated\B22-138_0\00351_Aug3.png,1,0.501315712928772
B22-138,Data/Annotated\B22-138_0\00351_Aug4.png,1,0.5023363828659058
B22-138,Data/Annotated\B22-138_0\00351_Aug5.png,1,0.4997902810573578
B22-138,Data/Annotated\B22-138_0\00351_Aug6.png,1,0.49356937408447266
B22-138,Data/Annotated\B22-138_0\00351_Aug7.png,1,0.4914530813694
B22-138,Data/Annotated\B22-138_0\00351_Aug8.png,1,0.4892095923423767
B22-138,Data/Annotated\B22-138_0\00361.png,1,0.4932614862918854
B22-138,Data/Annotated\B22-138_0\00361_Aug1.png,1,0.4941001534461975
B22-138,Data/Annotated\B22-138_0\00361_Aug2.png,1,0.48687243461608887
B22-138,Data/Annotated\B22-138_0\00361_Aug3.png,1,0.49547988176345825
B22-138,Data/Annotated\B22-138_0\00361_Aug4.png,1,0.5016591548919678
B22-138,Data/Annotated\B22-138_0\00361_Aug5.png,1,0.49583348631858826
B22-138,Data/Annotated\B22-138_0\00361_Aug6.png,1,0.4923723340034485
B22-138,Data/Annotated\B22-138_0\00361_Aug7.png,1,0.5023603439331055
B22-138,Data/Annotated\B22-138_0\00361_Aug8.png,1,0.490997314453125
B22-138,Data/Annotated\B22-138_0\00378.png,0,0.03302335366606712
B22-138,Data/Annotated\B22-138_0\00379.png,1,0.4904259741306305
B22-138,Data/Annotated\B22-138_0\00379_Aug1.png,1,0.4786868691444397
B22-138,Data/Annotated\B22-138_0\00379_Aug2.png,1,0.490438312292099
B22-138,Data/Annotated\B22-138_0\00379_Aug3.png,1,0.47621050477027893
B22-138,Data/Annotated\B22-138_0\00379_Aug4.png,1,0.4965183436870575
B22-138,Data/Annotated\B22-138_0\00379_Aug5.png,1,0.488409161567688
B22-138,Data/Annotated\B22-138_0\00379_Aug6.png,1,0.48540276288986206
B22-138,Data/Annotated\B22-138_0\00379_Aug7.png,1,0.4954875111579895
B22-138,Data/Annotated\B22-138_0\00379_Aug8.png,1,0.4764997959136963
B22-138,Data/Annotated\B22-138_0\00409.png,0,0.319873183965683
B22-138,Data/Annotated\B22-138_0\00442.png,0,0.11836082488298416
B22-138,Data/Annotated\B22-138_0\00497.png,1,0.5179094076156616
B22-138,Data/Annotated\B22-138_0\00497_Aug1.png,1,0.5184930562973022
B22-138,Data/Annotated\B22-138_0\00497_Aug2.png,1,0.5188689827919006
B22-138,Data/Annotated\B22-138_0\00497_Aug3.png,1,0.5190466642379761
B22-138,Data/Annotated\B22-138_0\00497_Aug4.png,1,0.5191859006881714
B22-138,Data/Annotated\B22-138_0\00497_Aug5.png,1,0.5184468626976013
B22-138,Data/Annotated\B22-138_0\00497_Aug6.png,1,0.519109308719635
B22-138,Data/Annotated\B22-138_0\00497_Aug7.png,1,0.5185605883598328
B22-138,Data/Annotated\B22-138_0\00497_Aug8.png,1,0.5192455053329468
B22-138,Data/Annotated\B22-138_0\00511.png,0,0.2862756550312042
B22-138,Data/Annotated\B22-138_0\00525.png,0,0.2369414120912552
B22-138,Data/Annotated\B22-138_0\00526.png,0,0.3204529285430908
B22-138,Data/Annotated\B22-138_0\00527.png,0,0.3360177278518677
B22-138,Data/Annotated\B22-138_0\00542.png,0,0.3516310155391693
B22-138,Data/Annotated\B22-138_0\00550.png,0,0.24043923616409302
B22-138,Data/Annotated\B22-138_0\00555.png,0,0.2794758379459381
B22-138,Data/Annotated\B22-138_0\00561.png,0,0.4743112325668335
B22-138,Data/Annotated\B22-138_0\00567.png,0,0.21399544179439545
B22-138,Data/Annotated\B22-138_0\00574.png,0,0.2815043330192566
B22-138,Data/Annotated\B22-138_0\00607.png,0,0.19621948897838593
B22-138,Data/Annotated\B22-138_0\00647.png,0,0.19535130262374878
B22-138,Data/Annotated\B22-138_0\00699.png,1,0.48198074102401733
B22-138,Data/Annotated\B22-138_0\00699_Aug1.png,1,0.498837947845459
B22-138,Data/Annotated\B22-138_0\00699_Aug2.png,1,0.4916442632675171
B22-138,Data/Annotated\B22-138_0\00699_Aug3.png,1,0.49640822410583496
B22-138,Data/Annotated\B22-138_0\00699_Aug4.png,1,0.4870780408382416
B22-138,Data/Annotated\B22-138_0\00699_Aug5.png,1,0.48648956418037415
B22-138,Data/Annotated\B22-138_0\00699_Aug6.png,1,0.49663031101226807
B22-138,Data/Annotated\B22-138_0\00699_Aug7.png,1,0.4981970191001892
B22-138,Data/Annotated\B22-138_0\00699_Aug8.png,1,0.4866977035999298
B22-138,Data/Annotated\B22-138_0\00733.png,0,0.03510940819978714
B22-138,Data/Annotated\B22-138_0\00759.png,0,0.04835210368037224
B22-138,Data/Annotated\B22-138_0\00879.png,1,0.498965859413147
B22-138,Data/Annotated\B22-138_0\00879_Aug1.png,1,0.4988493025302887
B22-138,Data/Annotated\B22-138_0\00879_Aug2.png,1,0.4940204620361328
B22-138,Data/Annotated\B22-138_0\00879_Aug3.png,1,0.4938569962978363
B22-138,Data/Annotated\B22-138_0\00879_Aug4.png,1,0.4994591772556305
B22-138,Data/Annotated\B22-138_0\00879_Aug5.png,1,0.5020751953125
B22-138,Data/Annotated\B22-138_0\00879_Aug6.png,1,0.49860575795173645
B22-138,Data/Annotated\B22-138_0\00879_Aug7.png,1,0.498950719833374
B22-138,Data/Annotated\B22-138_0\00879_Aug8.png,1,0.5014362335205078
B22-138,Data/Annotated\B22-138_0\00892.png,1,0.48861750960350037
B22-138,Data/Annotated\B22-138_0\00892_Aug1.png,1,0.4851195812225342
B22-138,Data/Annotated\B22-138_0\00892_Aug2.png,1,0.4900239109992981
B22-138,Data/Annotated\B22-138_0\00892_Aug3.png,1,0.49406084418296814
B22-138,Data/Annotated\B22-138_0\00892_Aug4.png,1,0.4922650456428528
B22-138,Data/Annotated\B22-138_0\00892_Aug5.png,1,0.4776999354362488
B22-138,Data/Annotated\B22-138_0\00892_Aug6.png,1,0.4856676459312439
B22-138,Data/Annotated\B22-138_0\00892_Aug7.png,1,0.48255470395088196
B22-138,Data/Annotated\B22-138_0\00892_Aug8.png,1,0.4920491576194763
B22-138,Data/Annotated\B22-138_0\00958.png,0,0.28802454471588135
B22-138,Data/Annotated\B22-138_0\00959.png,0,0.2879006266593933
B22-138,Data/Annotated\B22-138_0\00961.png,0,0.2708528935909271
B22-138,Data/Annotated\B22-138_0\00967.png,0,0.27275410294532776
B22-138,Data/Annotated\B22-138_0\00978.png,0,0.5086168646812439
B22-138,Data/Annotated\B22-138_0\00985.png,0,0.4098584055900574
B22-138,Data/Annotated\B22-138_0\01008.png,0,0.3231424391269684
B22-138,Data/Annotated\B22-138_0\01011.png,0,0.4889155924320221
B22-138,Data/Annotated\B22-138_0\01017.png,0,0.3596004545688629
B22-138,Data/Annotated\B22-138_0\01018.png,0,0.3385981619358063
B22-138,Data/Annotated\B22-138_0\01019.png,0,0.31305167078971863
B22-138,Data/Annotated\B22-138_0\01095.png,0,0.316448450088501
B22-138,Data/Annotated\B22-138_0\01185.png,0,0.046196676790714264
B22-138,Data/Annotated\B22-138_0\01192.png,0,0.22192665934562683
B22-138,Data/Annotated\B22-138_0\01200.png,0,0.2654421925544739
B22-138,Data/Annotated\B22-138_0\01209.png,0,0.4057340621948242
B22-138,Data/Annotated\B22-138_0\01210.png,0,0.31497547030448914
B22-138,Data/Annotated\B22-138_0\01256.png,0,0.25687795877456665
B22-138,Data/Annotated\B22-138_0\01262.png,0,0.25635045766830444
B22-138,Data/Annotated\B22-138_0\01263.png,1,0.438172847032547
B22-138,Data/Annotated\B22-138_0\01263_Aug1.png,1,0.49410662055015564
B22-138,Data/Annotated\B22-138_0\01263_Aug2.png,1,0.46363040804862976
B22-138,Data/Annotated\B22-138_0\01263_Aug3.png,1,0.479196697473526
B22-138,Data/Annotated\B22-138_0\01263_Aug4.png,1,0.481637179851532
B22-138,Data/Annotated\B22-138_0\01263_Aug5.png,1,0.4846886396408081
B22-138,Data/Annotated\B22-138_0\01263_Aug6.png,1,0.44409075379371643
B22-138,Data/Annotated\B22-138_0\01263_Aug7.png,1,0.48521754145622253
B22-138,Data/Annotated\B22-138_0\01263_Aug8.png,1,0.4608866274356842
B22-138,Data/Annotated\B22-138_0\01264.png,0,0.3137683570384979
B22-138,Data/Annotated\B22-138_0\01271.png,0,0.4392150044441223
B22-138,Data/Annotated\B22-138_0\01273.png,0,0.3072901666164398
B22-138,Data/Annotated\B22-138_0\01330.png,1,0.5021408796310425
B22-138,Data/Annotated\B22-138_0\01330_Aug1.png,1,0.5027117729187012
B22-138,Data/Annotated\B22-138_0\01330_Aug2.png,1,0.5052909255027771
B22-138,Data/Annotated\B22-138_0\01330_Aug3.png,1,0.4964083433151245
B22-138,Data/Annotated\B22-138_0\01330_Aug4.png,1,0.5072711110115051
B22-138,Data/Annotated\B22-138_0\01330_Aug5.png,1,0.49602797627449036
B22-138,Data/Annotated\B22-138_0\01330_Aug6.png,1,0.5093437433242798
B22-138,Data/Annotated\B22-138_0\01330_Aug7.png,1,0.4985288679599762
B22-138,Data/Annotated\B22-138_0\01330_Aug8.png,1,0.5083481073379517
B22-138,Data/Annotated\B22-138_0\01355.png,1,0.5063210725784302
B22-138,Data/Annotated\B22-138_0\01355_Aug1.png,1,0.5066347718238831
B22-138,Data/Annotated\B22-138_0\01355_Aug2.png,1,0.4978125989437103
B22-138,Data/Annotated\B22-138_0\01355_Aug3.png,1,0.506819486618042
B22-138,Data/Annotated\B22-138_0\01355_Aug4.png,1,0.5037149786949158
B22-138,Data/Annotated\B22-138_0\01355_Aug5.png,1,0.5070708394050598
B22-138,Data/Annotated\B22-138_0\01355_Aug6.png,1,0.5036839842796326
B22-138,Data/Annotated\B22-138_0\01355_Aug7.png,1,0.5071645379066467
B22-138,Data/Annotated\B22-138_0\01355_Aug8.png,1,0.502335250377655
B22-138,Data/Annotated\B22-138_0\01363.png,0,0.42229828238487244
B22-138,Data/Annotated\B22-138_0\01365.png,1,0.4902016818523407
B22-138,Data/Annotated\B22-138_0\01365_Aug1.png,1,0.49641287326812744
B22-138,Data/Annotated\B22-138_0\01365_Aug2.png,1,0.5021547079086304
B22-138,Data/Annotated\B22-138_0\01365_Aug3.png,1,0.47190943360328674
B22-138,Data/Annotated\B22-138_0\01365_Aug4.png,1,0.4681062698364258
B22-138,Data/Annotated\B22-138_0\01365_Aug5.png,1,0.49218639731407166
B22-138,Data/Annotated\B22-138_0\01365_Aug6.png,1,0.47372138500213623
B22-138,Data/Annotated\B22-138_0\01365_Aug7.png,1,0.496171236038208
B22-138,Data/Annotated\B22-138_0\01365_Aug8.png,1,0.46507394313812256
B22-138,Data/Annotated\B22-138_0\01366.png,1,0.4867357909679413
B22-138,Data/Annotated\B22-138_0\01366_Aug1.png,1,0.4979856312274933
B22-138,Data/Annotated\B22-138_0\01366_Aug2.png,1,0.42913132905960083
B22-138,Data/Annotated\B22-138_0\01366_Aug3.png,1,0.4842580556869507
B22-138,Data/Annotated\B22-138_0\01366_Aug4.png,1,0.4542490839958191
B22-138,Data/Annotated\B22-138_0\01366_Aug5.png,1,0.4993675947189331
B22-138,Data/Annotated\B22-138_0\01366_Aug6.png,1,0.4589149057865143
B22-138,Data/Annotated\B22-138_0\01366_Aug7.png,1,0.5009549260139465
B22-138,Data/Annotated\B22-138_0\01366_Aug8.png,1,0.24360080063343048
B22-138,Data/Annotated\B22-138_0\01380.png,0,0.2723153531551361
B22-138,Data/Annotated\B22-138_0\01388.png,0,0.275005966424942
B22-138,Data/Annotated\B22-138_0\01396.png,0,0.48062142729759216
B22-138,Data/Annotated\B22-138_0\01401.png,0,0.43015220761299133
B22-138,Data/Annotated\B22-138_0\01416.png,0,0.238859161734581
B22-138,Data/Annotated\B22-138_0\01424.png,0,0.3383544087409973
B22-138,Data/Annotated\B22-138_0\01430.png,0,0.40287908911705017
B22-138,Data/Annotated\B22-138_0\01442.png,0,0.4421934485435486
B22-138,Data/Annotated\B22-138_0\01495.png,0,0.22071409225463867
B22-138,Data/Annotated\B22-138_0\01500.png,1,0.48224908113479614
B22-138,Data/Annotated\B22-138_0\01500_Aug1.png,1,0.4926317632198334
B22-138,Data/Annotated\B22-138_0\01500_Aug2.png,1,0.4886681139469147
B22-138,Data/Annotated\B22-138_0\01500_Aug3.png,1,0.4958377480506897
B22-138,Data/Annotated\B22-138_0\01500_Aug4.png,1,0.4821810722351074
B22-138,Data/Annotated\B22-138_0\01500_Aug5.png,1,0.4781931936740875
B22-138,Data/Annotated\B22-138_0\01500_Aug6.png,1,0.48860666155815125
B22-138,Data/Annotated\B22-138_0\01500_Aug7.png,1,0.4017154574394226
B22-138,Data/Annotated\B22-138_0\01500_Aug8.png,1,0.48245927691459656
B22-138,Data/Annotated\B22-138_0\01504.png,0,0.2921273112297058
B22-138,Data/Annotated\B22-138_0\01506.png,0,0.449675053358078
B22-138,Data/Annotated\B22-138_0\01508.png,0,0.3661602735519409
B22-138,Data/Annotated\B22-138_0\01538.png,0,0.4512867033481598
B22-138,Data/Annotated\B22-138_0\01577.png,0,0.30685073137283325
B22-138,Data/Annotated\B22-138_0\01594.png,0,0.08295512199401855
B22-138,Data/Annotated\B22-138_0\01598.png,0,0.02060302533209324
B22-138,Data/Annotated\B22-138_0\01608.png,0,0.4566742479801178
B22-138,Data/Annotated\B22-138_0\01646.png,1,0.5010460019111633
B22-138,Data/Annotated\B22-138_0\01646_Aug1.png,1,0.502851665019989
B22-138,Data/Annotated\B22-138_0\01646_Aug2.png,1,0.5021174550056458
B22-138,Data/Annotated\B22-138_0\01646_Aug3.png,1,0.5069708824157715
B22-138,Data/Annotated\B22-138_0\01646_Aug4.png,1,0.49268537759780884
B22-138,Data/Annotated\B22-138_0\01646_Aug5.png,1,0.5077747106552124
B22-138,Data/Annotated\B22-138_0\01646_Aug6.png,1,0.49263569712638855
B22-138,Data/Annotated\B22-138_0\01646_Aug7.png,1,0.5100725889205933
B22-138,Data/Annotated\B22-138_0\01646_Aug8.png,1,0.5022785067558289
B22-138,Data/Annotated\B22-138_0\01648.png,1,0.5180330276489258
B22-138,Data/Annotated\B22-138_0\01648_Aug1.png,1,0.5148840546607971
B22-138,Data/Annotated\B22-138_0\01648_Aug2.png,1,0.5152785181999207
B22-138,Data/Annotated\B22-138_0\01648_Aug3.png,1,0.5119416117668152
B22-138,Data/Annotated\B22-138_0\01648_Aug4.png,1,0.51325923204422
B22-138,Data/Annotated\B22-138_0\01648_Aug5.png,1,0.5103690028190613
B22-138,Data/Annotated\B22-138_0\01648_Aug6.png,1,0.5114428997039795
B22-138,Data/Annotated\B22-138_0\01648_Aug7.png,1,0.5084391236305237
B22-138,Data/Annotated\B22-138_0\01648_Aug8.png,1,0.5095083117485046
B22-138,Data/Annotated\B22-138_0\01649.png,1,0.518848717212677
B22-138,Data/Annotated\B22-138_0\01649_Aug1.png,1,0.5199515223503113
B22-138,Data/Annotated\B22-138_0\01649_Aug2.png,1,0.5162126421928406
B22-138,Data/Annotated\B22-138_0\01649_Aug3.png,1,0.5219075083732605
B22-138,Data/Annotated\B22-138_0\01649_Aug4.png,1,0.5149092078208923
B22-138,Data/Annotated\B22-138_0\01649_Aug5.png,1,0.5240781307220459
B22-138,Data/Annotated\B22-138_0\01649_Aug6.png,1,0.511146068572998
B22-138,Data/Annotated\B22-138_0\01649_Aug7.png,1,0.5246459245681763
B22-138,Data/Annotated\B22-138_0\01649_Aug8.png,1,0.5088176131248474
B22-138,Data/Annotated\B22-138_0\01678.png,0,0.48878321051597595
B22-138,Data/Annotated\B22-138_0\01679.png,0,0.25095611810684204
B22-138,Data/Annotated\B22-138_0\01713.png,0,0.2602057456970215
B22-138,Data/Annotated\B22-138_0\01714.png,0,0.3525066673755646
B22-138,Data/Annotated\B22-138_0\01727.png,0,0.27150338888168335
B22-138,Data/Annotated\B22-138_0\01731.png,0,0.4490669369697571
B22-138,Data/Annotated\B22-138_0\01735.png,0,0.24666425585746765
B22-138,Data/Annotated\B22-138_0\01799.png,0,0.1964964121580124
B22-138,Data/Annotated\B22-138_0\01813.png,0,0.27204784750938416
B22-141,Data/Annotated\B22-141_0\00131.png,0,0.49532097578048706
B22-141,Data/Annotated\B22-141_0\00141.png,0,0.3887288272380829
B22-141,Data/Annotated\B22-141_0\00290.png,0,0.2813417911529541
B22-141,Data/Annotated\B22-141_0\00298.png,0,0.05576593056321144
B22-141,Data/Annotated\B22-141_0\00315.png,0,0.11562608182430267
B22-141,Data/Annotated\B22-141_0\00352.png,0,0.10547938942909241
B22-142,Data/Annotated\B22-142_0\00087.png,0,0.030741160735487938
B22-143,Data/Annotated\B22-143_1\00001.png,0,0.2833227813243866
B22-143,Data/Annotated\B22-143_1\00064.png,0,0.028848368674516678
B22-143,Data/Annotated\B22-143_1\00116.png,0,0.012280158698558807
B22-143,Data/Annotated\B22-143_1\00300.png,0,0.015922674909234047
B22-143,Data/Annotated\B22-143_1\00346.png,0,0.02908206731081009
B22-143,Data/Annotated\B22-143_1\00412.png,0,0.023634087294340134
B22-143,Data/Annotated\B22-143_1\00430.png,0,0.040636394172906876
B22-143,Data/Annotated\B22-143_1\00448.png,0,0.009778428822755814
B22-143,Data/Annotated\B22-143_1\00494.png,0,0.009356178343296051
B22-143,Data/Annotated\B22-143_1\00549.png,0,0.030420297756791115
B22-143,Data/Annotated\B22-143_1\00585.png,0,0.016304222866892815
B22-143,Data/Annotated\B22-143_1\00656.png,0,0.03376263752579689
B22-148,Data/Annotated\B22-148_1\00035.png,0,0.031136896461248398
B22-148,Data/Annotated\B22-148_1\00193.png,0,0.01146059762686491
B22-149,Data/Annotated\B22-149_0\01277.png,0,0.3242700695991516
B22-149,Data/Annotated\B22-149_0\03025.png,0,0.04148515686392784
B22-150,Data/Annotated\B22-150_0\00360.png,0,0.02888891100883484
B22-150,Data/Annotated\B22-150_0\00362.png,0,0.46751338243484497
B22-150,Data/Annotated\B22-150_0\00363.png,0,0.029140470549464226
B22-150,Data/Annotated\B22-150_0\00889.png,0,0.24686160683631897
B22-150,Data/Annotated\B22-150_0\01314.png,0,0.03667602315545082
B22-150,Data/Annotated\B22-150_0\01315.png,0,0.030680770054459572
B22-150,Data/Annotated\B22-150_0\01864.png,0,0.16379310190677643
B22-151,Data/Annotated\B22-151_0\00002.png,0,0.4993492066860199
B22-151,Data/Annotated\B22-151_0\00092.png,0,0.03199593350291252
B22-151,Data/Annotated\B22-151_0\00093.png,0,0.027630385011434555
B22-151,Data/Annotated\B22-151_0\00095.png,0,0.2723139524459839
B22-151,Data/Annotated\B22-151_0\00100.png,0,0.3824385702610016
B22-151,Data/Annotated\B22-151_0\00140.png,0,0.3781168460845947
B22-151,Data/Annotated\B22-151_0\00142.png,0,0.23605798184871674
B22-151,Data/Annotated\B22-151_0\00146.png,0,0.05321658402681351
B22-151,Data/Annotated\B22-151_0\00147.png,0,0.20690903067588806
B22-151,Data/Annotated\B22-151_0\00148.png,0,0.2071821093559265
B22-151,Data/Annotated\B22-151_0\00186.png,0,0.029850007966160774
B22-151,Data/Annotated\B22-151_0\00458.png,0,0.4819132685661316
B22-151,Data/Annotated\B22-151_0\00676.png,0,0.3508373498916626
B22-151,Data/Annotated\B22-151_0\00677.png,0,0.37487196922302246
B22-151,Data/Annotated\B22-151_0\00678.png,0,0.4804787337779999
B22-151,Data/Annotated\B22-151_0\03310.png,0,0.2964238226413727
B22-151,Data/Annotated\B22-151_0\03312.png,0,0.47432437539100647
B22-151,Data/Annotated\B22-151_0\04353.png,0,0.04395986720919609
B22-151,Data/Annotated\B22-151_0\04625.png,0,0.22979877889156342
B22-151,Data/Annotated\B22-151_0\05153.png,0,0.2472395896911621
B22-151,Data/Annotated\B22-151_0\06042.png,0,0.12101302295923233
B22-151,Data/Annotated\B22-151_0\06132.png,0,0.4771813154220581
B22-151,Data/Annotated\B22-151_0\06558.png,0,0.2908015251159668
B22-151,Data/Annotated\B22-151_0\07330.png,0,0.3516218960285187
B22-151,Data/Annotated\B22-151_0\07374.png,0,0.35506200790405273
B22-151,Data/Annotated\B22-151_0\07681.png,0,0.3246496617794037
B22-152,Data/Annotated\B22-152_1\00102.png,0,0.0245808195322752
B22-152,Data/Annotated\B22-152_1\00214.png,0,0.014450727961957455
B22-152,Data/Annotated\B22-152_1\00416.png,0,0.008497747592628002
B22-152,Data/Annotated\B22-152_1\00556.png,0,0.06344398856163025
B22-154,Data/Annotated\B22-154_0\00166.png,0,0.4451672434806824
B22-154,Data/Annotated\B22-154_0\00437.png,0,0.445352703332901
B22-155,Data/Annotated\B22-155_0\00065.png,1,0.4790852665901184
B22-155,Data/Annotated\B22-155_0\00065_Aug1.png,1,0.47583574056625366
B22-155,Data/Annotated\B22-155_0\00065_Aug2.png,1,0.4793716371059418
B22-155,Data/Annotated\B22-155_0\00065_Aug3.png,1,0.47010543942451477
B22-155,Data/Annotated\B22-155_0\00065_Aug4.png,1,0.4903954863548279
B22-155,Data/Annotated\B22-155_0\00065_Aug5.png,1,0.47889646887779236
B22-155,Data/Annotated\B22-155_0\00065_Aug6.png,1,0.4913684129714966
B22-155,Data/Annotated\B22-155_0\00065_Aug7.png,1,0.47659745812416077
B22-155,Data/Annotated\B22-155_0\00065_Aug8.png,1,0.495634526014328
B22-155,Data/Annotated\B22-155_0\00137.png,1,0.6343588829040527
B22-155,Data/Annotated\B22-155_0\00137_Aug1.png,1,0.6331833004951477
B22-155,Data/Annotated\B22-155_0\00137_Aug2.png,1,0.6427993774414062
B22-155,Data/Annotated\B22-155_0\00137_Aug3.png,1,0.6209428310394287
B22-155,Data/Annotated\B22-155_0\00137_Aug4.png,1,0.6435760855674744
B22-155,Data/Annotated\B22-155_0\00137_Aug5.png,1,0.613244891166687
B22-155,Data/Annotated\B22-155_0\00137_Aug6.png,1,0.6510087847709656
B22-155,Data/Annotated\B22-155_0\00137_Aug7.png,1,0.606399655342102
B22-155,Data/Annotated\B22-155_0\00137_Aug8.png,1,0.6487377882003784
B22-155,Data/Annotated\B22-155_0\00317.png,1,0.5013484954833984
B22-155,Data/Annotated\B22-155_0\00317_Aug1.png,1,0.4884395897388458
B22-155,Data/Annotated\B22-155_0\00317_Aug2.png,1,0.49800458550453186
B22-155,Data/Annotated\B22-155_0\00317_Aug3.png,1,0.4941667914390564
B22-155,Data/Annotated\B22-155_0\00317_Aug4.png,1,0.49912604689598083
B22-155,Data/Annotated\B22-155_0\00317_Aug5.png,1,0.4791034460067749
B22-155,Data/Annotated\B22-155_0\00317_Aug6.png,1,0.49690040946006775
B22-155,Data/Annotated\B22-155_0\00317_Aug7.png,1,0.4947740435600281
B22-155,Data/Annotated\B22-155_0\00317_Aug8.png,1,0.5052555799484253
B22-155,Data/Annotated\B22-155_0\00588.png,1,0.5738314390182495
B22-155,Data/Annotated\B22-155_0\00588_Aug1.png,1,0.5703727006912231
B22-155,Data/Annotated\B22-155_0\00588_Aug2.png,1,0.578018069267273
B22-155,Data/Annotated\B22-155_0\00588_Aug3.png,1,0.56700199842453
B22-155,Data/Annotated\B22-155_0\00588_Aug4.png,1,0.5798910856246948
B22-155,Data/Annotated\B22-155_0\00588_Aug5.png,1,0.5647484064102173
B22-155,Data/Annotated\B22-155_0\00588_Aug6.png,1,0.5848759412765503
B22-155,Data/Annotated\B22-155_0\00588_Aug7.png,1,0.5650699138641357
B22-155,Data/Annotated\B22-155_0\00588_Aug8.png,1,0.5875504016876221
B22-155,Data/Annotated\B22-155_0\00742.png,0,0.3568817377090454
B22-155,Data/Annotated\B22-155_0\00754.png,0,0.46343958377838135
B22-155,Data/Annotated\B22-155_0\00994.png,1,0.5149709582328796
B22-155,Data/Annotated\B22-155_0\00994_Aug1.png,1,0.5123018622398376
B22-155,Data/Annotated\B22-155_0\00994_Aug2.png,1,0.5148652195930481
B22-155,Data/Annotated\B22-155_0\00994_Aug3.png,1,0.5120273232460022
B22-155,Data/Annotated\B22-155_0\00994_Aug4.png,1,0.5131034851074219
B22-155,Data/Annotated\B22-155_0\00994_Aug5.png,1,0.5125990509986877
B22-155,Data/Annotated\B22-155_0\00994_Aug6.png,1,0.5113347768783569
B22-155,Data/Annotated\B22-155_0\00994_Aug7.png,1,0.5098299384117126
B22-155,Data/Annotated\B22-155_0\00994_Aug8.png,1,0.5136253833770752
B22-155,Data/Annotated\B22-155_0\01228.png,0,0.4750286340713501
B22-155,Data/Annotated\B22-155_0\01395.png,0,0.47277912497520447
B22-155,Data/Annotated\B22-155_0\01424.png,0,0.265431672334671
B22-155,Data/Annotated\B22-155_0\01518.png,0,0.37927770614624023
B22-155,Data/Annotated\B22-155_0\01688.png,1,0.502899169921875
B22-155,Data/Annotated\B22-155_0\01688_Aug1.png,1,0.4962201416492462
B22-155,Data/Annotated\B22-155_0\01688_Aug2.png,1,0.4988587498664856
B22-155,Data/Annotated\B22-155_0\01688_Aug3.png,1,0.5104175806045532
B22-155,Data/Annotated\B22-155_0\01688_Aug4.png,1,0.4304412603378296
B22-155,Data/Annotated\B22-155_0\01688_Aug5.png,1,0.5116925239562988
B22-155,Data/Annotated\B22-155_0\01688_Aug6.png,1,0.2562025189399719
B22-155,Data/Annotated\B22-155_0\01688_Aug7.png,1,0.5135281085968018
B22-155,Data/Annotated\B22-155_0\01688_Aug8.png,1,0.3785143494606018
B22-155,Data/Annotated\B22-155_0\01760.png,1,0.5166624784469604
B22-155,Data/Annotated\B22-155_0\01760_Aug1.png,1,0.5126432180404663
B22-155,Data/Annotated\B22-155_0\01760_Aug2.png,1,0.5152318477630615
B22-155,Data/Annotated\B22-155_0\01760_Aug3.png,1,0.5114083886146545
B22-155,Data/Annotated\B22-155_0\01760_Aug4.png,1,0.5157952308654785
B22-155,Data/Annotated\B22-155_0\01760_Aug5.png,1,0.5095481872558594
B22-155,Data/Annotated\B22-155_0\01760_Aug6.png,1,0.5147387981414795
B22-155,Data/Annotated\B22-155_0\01760_Aug7.png,1,0.5100933313369751
B22-155,Data/Annotated\B22-155_0\01760_Aug8.png,1,0.5130262970924377
B22-155,Data/Annotated\B22-155_0\01782.png,1,0.5102519392967224
B22-155,Data/Annotated\B22-155_0\01782_Aug1.png,1,0.5129688382148743
B22-155,Data/Annotated\B22-155_0\01782_Aug2.png,1,0.5108880400657654
B22-155,Data/Annotated\B22-155_0\01782_Aug3.png,1,0.5101452469825745
B22-155,Data/Annotated\B22-155_0\01782_Aug4.png,1,0.5089386105537415
B22-155,Data/Annotated\B22-155_0\01782_Aug5.png,1,0.5117489099502563
B22-155,Data/Annotated\B22-155_0\01782_Aug6.png,1,0.5090041160583496
B22-155,Data/Annotated\B22-155_0\01782_Aug7.png,1,0.5069781541824341
B22-155,Data/Annotated\B22-155_0\01782_Aug8.png,1,0.5083287954330444
B22-155,Data/Annotated\B22-155_0\01909.png,1,0.48805147409439087
B22-155,Data/Annotated\B22-155_0\01909_Aug1.png,1,0.4824850857257843
B22-155,Data/Annotated\B22-155_0\01909_Aug2.png,1,0.48228099942207336
B22-155,Data/Annotated\B22-155_0\01909_Aug3.png,1,0.48028871417045593
B22-155,Data/Annotated\B22-155_0\01909_Aug4.png,1,0.5023916959762573
B22-155,Data/Annotated\B22-155_0\01909_Aug5.png,1,0.4944484531879425
B22-155,Data/Annotated\B22-155_0\01909_Aug6.png,1,0.46950507164001465
B22-155,Data/Annotated\B22-155_0\01909_Aug7.png,1,0.47860944271087646
B22-155,Data/Annotated\B22-155_0\01909_Aug8.png,1,0.47138211131095886
B22-155,Data/Annotated\B22-155_0\02106.png,1,0.5440872311592102
B22-155,Data/Annotated\B22-155_0\02106_Aug1.png,1,0.5473124980926514
B22-155,Data/Annotated\B22-155_0\02106_Aug2.png,1,0.538250744342804
B22-155,Data/Annotated\B22-155_0\02106_Aug3.png,1,0.5473044514656067
B22-155,Data/Annotated\B22-155_0\02106_Aug4.png,1,0.5382080078125
B22-155,Data/Annotated\B22-155_0\02106_Aug5.png,1,0.5472882986068726
B22-155,Data/Annotated\B22-155_0\02106_Aug6.png,1,0.536807656288147
B22-155,Data/Annotated\B22-155_0\02106_Aug7.png,1,0.5432305335998535
B22-155,Data/Annotated\B22-155_0\02106_Aug8.png,1,0.5344384908676147
B22-155,Data/Annotated\B22-155_0\02125.png,1,0.5762822031974792
B22-155,Data/Annotated\B22-155_0\02125_Aug1.png,1,0.5755032300949097
B22-155,Data/Annotated\B22-155_0\02125_Aug2.png,1,0.573221743106842
B22-155,Data/Annotated\B22-155_0\02125_Aug3.png,1,0.5706854462623596
B22-155,Data/Annotated\B22-155_0\02125_Aug4.png,1,0.5704969167709351
B22-155,Data/Annotated\B22-155_0\02125_Aug5.png,1,0.5690268278121948
B22-155,Data/Annotated\B22-155_0\02125_Aug6.png,1,0.565933108329773
B22-155,Data/Annotated\B22-155_0\02125_Aug7.png,1,0.5680191516876221
B22-155,Data/Annotated\B22-155_0\02125_Aug8.png,1,0.5606016516685486
B22-155,Data/Annotated\B22-155_0\02185.png,1,0.5111862421035767
B22-155,Data/Annotated\B22-155_0\02185_Aug1.png,1,0.5096255540847778
B22-155,Data/Annotated\B22-155_0\02185_Aug2.png,1,0.5102683305740356
B22-155,Data/Annotated\B22-155_0\02185_Aug3.png,1,0.5097971558570862
B22-155,Data/Annotated\B22-155_0\02185_Aug4.png,1,0.5103816986083984
B22-155,Data/Annotated\B22-155_0\02185_Aug5.png,1,0.5092750191688538
B22-155,Data/Annotated\B22-155_0\02185_Aug6.png,1,0.5121427774429321
B22-155,Data/Annotated\B22-155_0\02185_Aug7.png,1,0.5001480579376221
B22-155,Data/Annotated\B22-155_0\02185_Aug8.png,1,0.5123129487037659
B22-155,Data/Annotated\B22-155_0\02338.png,1,0.5039719939231873
B22-155,Data/Annotated\B22-155_0\02338_Aug1.png,1,0.5052215456962585
B22-155,Data/Annotated\B22-155_0\02338_Aug2.png,1,0.5042735934257507
B22-155,Data/Annotated\B22-155_0\02338_Aug3.png,1,0.5069267749786377
B22-155,Data/Annotated\B22-155_0\02338_Aug4.png,1,0.5035746693611145
B22-155,Data/Annotated\B22-155_0\02338_Aug5.png,1,0.5060175061225891
B22-155,Data/Annotated\B22-155_0\02338_Aug6.png,1,0.5053943395614624
B22-155,Data/Annotated\B22-155_0\02338_Aug7.png,1,0.5106850266456604
B22-155,Data/Annotated\B22-155_0\02338_Aug8.png,1,0.5052261352539062
B22-155,Data/Annotated\B22-155_0\02445.png,0,0.39435499906539917
B22-155,Data/Annotated\B22-155_0\02834.png,0,0.48490920662879944
B22-155,Data/Annotated\B22-155_0\02987.png,1,0.48323550820350647
B22-155,Data/Annotated\B22-155_0\02987_Aug1.png,1,0.49028244614601135
B22-155,Data/Annotated\B22-155_0\02987_Aug2.png,1,0.4800279140472412
B22-155,Data/Annotated\B22-155_0\02987_Aug3.png,1,0.5009590983390808
B22-155,Data/Annotated\B22-155_0\02987_Aug4.png,1,0.4913295805454254
B22-155,Data/Annotated\B22-155_0\02987_Aug5.png,1,0.5001022219657898
B22-155,Data/Annotated\B22-155_0\02987_Aug6.png,1,0.4799286127090454
B22-155,Data/Annotated\B22-155_0\02987_Aug7.png,1,0.5003352165222168
B22-155,Data/Annotated\B22-155_0\02987_Aug8.png,1,0.4913380742073059
B22-155,Data/Annotated\B22-155_0\02989.png,1,0.49680519104003906
B22-155,Data/Annotated\B22-155_0\02989_Aug1.png,1,0.4927007555961609
B22-155,Data/Annotated\B22-155_0\02989_Aug2.png,1,0.49254074692726135
B22-155,Data/Annotated\B22-155_0\02989_Aug3.png,1,0.4935942590236664
B22-155,Data/Annotated\B22-155_0\02989_Aug4.png,1,0.5041173100471497
B22-155,Data/Annotated\B22-155_0\02989_Aug5.png,1,0.5018625259399414
B22-155,Data/Annotated\B22-155_0\02989_Aug6.png,1,0.4953928291797638
B22-155,Data/Annotated\B22-155_0\02989_Aug7.png,1,0.49071621894836426
B22-155,Data/Annotated\B22-155_0\02989_Aug8.png,1,0.5046026706695557
B22-155,Data/Annotated\B22-155_0\03236.png,0,0.44386014342308044
B22-155,Data/Annotated\B22-155_0\03707.png,1,0.5265470147132874
B22-155,Data/Annotated\B22-155_0\03707_Aug1.png,1,0.5311084389686584
B22-155,Data/Annotated\B22-155_0\03707_Aug2.png,1,0.5246586799621582
B22-155,Data/Annotated\B22-155_0\03707_Aug3.png,1,0.5352033376693726
B22-155,Data/Annotated\B22-155_0\03707_Aug4.png,1,0.5209610462188721
B22-155,Data/Annotated\B22-155_0\03707_Aug5.png,1,0.5377712249755859
B22-155,Data/Annotated\B22-155_0\03707_Aug6.png,1,0.5162268280982971
B22-155,Data/Annotated\B22-155_0\03707_Aug7.png,1,0.5373089909553528
B22-155,Data/Annotated\B22-155_0\03707_Aug8.png,1,0.5159578323364258
B22-155,Data/Annotated\B22-155_0\03834.png,0,0.49605727195739746
B22-155,Data/Annotated\B22-155_0\03998.png,1,0.49623170495033264
B22-155,Data/Annotated\B22-155_0\03998_Aug1.png,1,0.48069822788238525
B22-155,Data/Annotated\B22-155_0\03998_Aug2.png,1,0.4862856864929199
B22-155,Data/Annotated\B22-155_0\03998_Aug3.png,1,0.4890053868293762
B22-155,Data/Annotated\B22-155_0\03998_Aug4.png,1,0.49200546741485596
B22-155,Data/Annotated\B22-155_0\03998_Aug5.png,1,0.4963611960411072
B22-155,Data/Annotated\B22-155_0\03998_Aug6.png,1,0.47457584738731384
B22-155,Data/Annotated\B22-155_0\03998_Aug7.png,1,0.49149289727211
B22-155,Data/Annotated\B22-155_0\03998_Aug8.png,1,0.4627470076084137
B22-155,Data/Annotated\B22-155_0\04070.png,1,0.5884912610054016
B22-155,Data/Annotated\B22-155_0\04070_Aug1.png,1,0.5808619260787964
B22-155,Data/Annotated\B22-155_0\04070_Aug2.png,1,0.5957630276679993
B22-155,Data/Annotated\B22-155_0\04070_Aug3.png,1,0.5725908279418945
B22-155,Data/Annotated\B22-155_0\04070_Aug4.png,1,0.5992588996887207
B22-155,Data/Annotated\B22-155_0\04070_Aug5.png,1,0.5625240206718445
B22-155,Data/Annotated\B22-155_0\04070_Aug6.png,1,0.6062600612640381
B22-155,Data/Annotated\B22-155_0\04070_Aug7.png,1,0.556158721446991
B22-155,Data/Annotated\B22-155_0\04070_Aug8.png,1,0.6084458827972412
B22-155,Data/Annotated\B22-155_0\04382.png,1,0.4828948676586151
B22-155,Data/Annotated\B22-155_0\04382_Aug1.png,1,0.49518755078315735
B22-155,Data/Annotated\B22-155_0\04382_Aug2.png,1,0.47898364067077637
B22-155,Data/Annotated\B22-155_0\04382_Aug3.png,1,0.5023130178451538
B22-155,Data/Annotated\B22-155_0\04382_Aug4.png,1,0.488086462020874
B22-155,Data/Annotated\B22-155_0\04382_Aug5.png,1,0.4941656291484833
B22-155,Data/Annotated\B22-155_0\04382_Aug6.png,1,0.4993836283683777
B22-155,Data/Annotated\B22-155_0\04382_Aug7.png,1,0.5001262426376343
B22-155,Data/Annotated\B22-155_0\04382_Aug8.png,1,0.48932451009750366
B22-155,Data/Annotated\B22-155_0\04440.png,1,0.4955153465270996
B22-155,Data/Annotated\B22-155_0\04440_Aug1.png,1,0.49968060851097107
B22-155,Data/Annotated\B22-155_0\04440_Aug2.png,1,0.4968377351760864
B22-155,Data/Annotated\B22-155_0\04440_Aug3.png,1,0.49804627895355225
B22-155,Data/Annotated\B22-155_0\04440_Aug4.png,1,0.49695885181427
B22-155,Data/Annotated\B22-155_0\04440_Aug5.png,1,0.497174471616745
B22-155,Data/Annotated\B22-155_0\04440_Aug6.png,1,0.4996872842311859
B22-155,Data/Annotated\B22-155_0\04440_Aug7.png,1,0.49912095069885254
B22-155,Data/Annotated\B22-155_0\04440_Aug8.png,1,0.4996509552001953
B22-155,Data/Annotated\B22-155_0\04763.png,1,0.5354306101799011
B22-155,Data/Annotated\B22-155_0\04763_Aug1.png,1,0.535821259021759
B22-155,Data/Annotated\B22-155_0\04763_Aug2.png,1,0.5353631973266602
B22-155,Data/Annotated\B22-155_0\04763_Aug3.png,1,0.5381059646606445
B22-155,Data/Annotated\B22-155_0\04763_Aug4.png,1,0.534596860408783
B22-155,Data/Annotated\B22-155_0\04763_Aug5.png,1,0.5403251051902771
B22-155,Data/Annotated\B22-155_0\04763_Aug6.png,1,0.5356779098510742
B22-155,Data/Annotated\B22-155_0\04763_Aug7.png,1,0.545018196105957
B22-155,Data/Annotated\B22-155_0\04763_Aug8.png,1,0.5346169471740723
B22-156,Data/Annotated\B22-156_0\00133.png,0,0.16199098527431488
B22-156,Data/Annotated\B22-156_0\00139.png,1,0.5040968060493469
B22-156,Data/Annotated\B22-156_0\00139_Aug1.png,1,0.48288601636886597
B22-156,Data/Annotated\B22-156_0\00139_Aug2.png,1,0.4921846389770508
B22-156,Data/Annotated\B22-156_0\00139_Aug3.png,1,0.49116232991218567
B22-156,Data/Annotated\B22-156_0\00139_Aug4.png,1,0.48962944746017456
B22-156,Data/Annotated\B22-156_0\00139_Aug5.png,1,0.5021565556526184
B22-156,Data/Annotated\B22-156_0\00139_Aug6.png,1,0.5003098845481873
B22-156,Data/Annotated\B22-156_0\00139_Aug7.png,1,0.5022031664848328
B22-156,Data/Annotated\B22-156_0\00139_Aug8.png,1,0.49998512864112854
B22-157,Data/Annotated\B22-157_0\00111.png,0,0.45739221572875977
B22-158,Data/Annotated\B22-158_0\00091.png,0,0.49127477407455444
B22-158,Data/Annotated\B22-158_0\00244.png,1,0.5028765797615051
B22-158,Data/Annotated\B22-158_0\00244_Aug1.png,1,0.5063424706459045
B22-158,Data/Annotated\B22-158_0\00244_Aug2.png,1,0.501384973526001
B22-158,Data/Annotated\B22-158_0\00244_Aug3.png,1,0.4955025017261505
B22-158,Data/Annotated\B22-158_0\00244_Aug4.png,1,0.5009672045707703
B22-158,Data/Annotated\B22-158_0\00244_Aug5.png,1,0.5054333209991455
B22-158,Data/Annotated\B22-158_0\00244_Aug6.png,1,0.4998284876346588
B22-158,Data/Annotated\B22-158_0\00244_Aug7.png,1,0.5051355957984924
B22-158,Data/Annotated\B22-158_0\00244_Aug8.png,1,0.5063210725784302
B22-158,Data/Annotated\B22-158_0\00764.png,1,0.5023729205131531
B22-158,Data/Annotated\B22-158_0\00764_Aug1.png,1,0.5031428933143616
B22-158,Data/Annotated\B22-158_0\00764_Aug2.png,1,0.4965628683567047
B22-158,Data/Annotated\B22-158_0\00764_Aug3.png,1,0.5017582178115845
B22-158,Data/Annotated\B22-158_0\00764_Aug4.png,1,0.49395355582237244
B22-158,Data/Annotated\B22-158_0\00764_Aug5.png,1,0.5003765225410461
B22-158,Data/Annotated\B22-158_0\00764_Aug6.png,1,0.4921377897262573
B22-158,Data/Annotated\B22-158_0\00764_Aug7.png,1,0.49481871724128723
B22-158,Data/Annotated\B22-158_0\00764_Aug8.png,1,0.5025123357772827
B22-158,Data/Annotated\B22-158_0\00969.png,0,0.29430216550827026
B22-158,Data/Annotated\B22-158_0\01108.png,1,0.49538272619247437
B22-158,Data/Annotated\B22-158_0\01108_Aug1.png,1,0.49947187304496765
B22-158,Data/Annotated\B22-158_0\01108_Aug2.png,1,0.491908460855484
B22-158,Data/Annotated\B22-158_0\01108_Aug3.png,1,0.4953330457210541
B22-158,Data/Annotated\B22-158_0\01108_Aug4.png,1,0.4953998029232025
B22-158,Data/Annotated\B22-158_0\01108_Aug5.png,1,0.4995133876800537
B22-158,Data/Annotated\B22-158_0\01108_Aug6.png,1,0.4918922483921051
B22-158,Data/Annotated\B22-158_0\01108_Aug7.png,1,0.49674704670906067
B22-158,Data/Annotated\B22-158_0\01108_Aug8.png,1,0.5027152299880981
B22-163,Data/Annotated\B22-163_0\00196.png,0,0.4575886130332947
B22-163,Data/Annotated\B22-163_0\00298.png,1,0.5062141418457031
B22-163,Data/Annotated\B22-163_0\00298_Aug1.png,1,0.5088115930557251
B22-163,Data/Annotated\B22-163_0\00298_Aug2.png,1,0.5070760846138
B22-163,Data/Annotated\B22-163_0\00298_Aug3.png,1,0.5108008980751038
B22-163,Data/Annotated\B22-163_0\00298_Aug4.png,1,0.5072457790374756
B22-163,Data/Annotated\B22-163_0\00298_Aug5.png,1,0.5114037990570068
B22-163,Data/Annotated\B22-163_0\00298_Aug6.png,1,0.5072331428527832
B22-163,Data/Annotated\B22-163_0\00298_Aug7.png,1,0.5118069648742676
B22-163,Data/Annotated\B22-163_0\00298_Aug8.png,1,0.5056444406509399
B22-163,Data/Annotated\B22-163_0\00357.png,0,0.22358272969722748
B22-163,Data/Annotated\B22-163_0\00387.png,1,0.5140168070793152
B22-163,Data/Annotated\B22-163_0\00387_Aug1.png,1,0.5169421434402466
B22-163,Data/Annotated\B22-163_0\00387_Aug2.png,1,0.5074492692947388
B22-163,Data/Annotated\B22-163_0\00387_Aug3.png,1,0.5202828049659729
B22-163,Data/Annotated\B22-163_0\00387_Aug4.png,1,0.4997844099998474
B22-163,Data/Annotated\B22-163_0\00387_Aug5.png,1,0.5224559903144836
B22-163,Data/Annotated\B22-163_0\00387_Aug6.png,1,0.5106316804885864
B22-163,Data/Annotated\B22-163_0\00387_Aug7.png,1,0.5244645476341248
B22-163,Data/Annotated\B22-163_0\00387_Aug8.png,1,0.5165720582008362
B22-163,Data/Annotated\B22-163_0\00390.png,0,0.25927501916885376
B22-163,Data/Annotated\B22-163_0\00413.png,0,0.40981629490852356
B22-163,Data/Annotated\B22-163_0\00417.png,0,0.49850955605506897
B22-163,Data/Annotated\B22-163_0\00444.png,1,0.5042996406555176
B22-163,Data/Annotated\B22-163_0\00444_Aug1.png,1,0.5118395686149597
B22-163,Data/Annotated\B22-163_0\00444_Aug2.png,1,0.5114254355430603
B22-163,Data/Annotated\B22-163_0\00444_Aug3.png,1,0.5158334374427795
B22-163,Data/Annotated\B22-163_0\00444_Aug4.png,1,0.5176141262054443
B22-163,Data/Annotated\B22-163_0\00444_Aug5.png,1,0.5185227990150452
B22-163,Data/Annotated\B22-163_0\00444_Aug6.png,1,0.5213391780853271
B22-163,Data/Annotated\B22-163_0\00444_Aug7.png,1,0.5190838575363159
B22-163,Data/Annotated\B22-163_0\00444_Aug8.png,1,0.5259195566177368
B22-163,Data/Annotated\B22-163_0\00452.png,1,0.5392786860466003
B22-163,Data/Annotated\B22-163_0\00452_Aug1.png,1,0.5360945463180542
B22-163,Data/Annotated\B22-163_0\00452_Aug2.png,1,0.5415403246879578
B22-163,Data/Annotated\B22-163_0\00452_Aug3.png,1,0.5320185422897339
B22-163,Data/Annotated\B22-163_0\00452_Aug4.png,1,0.5435693860054016
B22-163,Data/Annotated\B22-163_0\00452_Aug5.png,1,0.5279901623725891
B22-163,Data/Annotated\B22-163_0\00452_Aug6.png,1,0.542960524559021
B22-163,Data/Annotated\B22-163_0\00452_Aug7.png,1,0.5248072743415833
B22-163,Data/Annotated\B22-163_0\00452_Aug8.png,1,0.5419309735298157
B22-163,Data/Annotated\B22-163_0\00491.png,1,0.5367603302001953
B22-163,Data/Annotated\B22-163_0\00491_Aug1.png,1,0.5373976826667786
B22-163,Data/Annotated\B22-163_0\00491_Aug2.png,1,0.537347137928009
B22-163,Data/Annotated\B22-163_0\00491_Aug3.png,1,0.5412946343421936
B22-163,Data/Annotated\B22-163_0\00491_Aug4.png,1,0.5384764671325684
B22-163,Data/Annotated\B22-163_0\00491_Aug5.png,1,0.5448886752128601
B22-163,Data/Annotated\B22-163_0\00491_Aug6.png,1,0.5386905074119568
B22-163,Data/Annotated\B22-163_0\00491_Aug7.png,1,0.5484704971313477
B22-163,Data/Annotated\B22-163_0\00491_Aug8.png,1,0.538698673248291
B22-163,Data/Annotated\B22-163_0\00643.png,1,0.508527934551239
B22-163,Data/Annotated\B22-163_0\00643_Aug1.png,1,0.5082753300666809
B22-163,Data/Annotated\B22-163_0\00643_Aug2.png,1,0.5057201385498047
B22-163,Data/Annotated\B22-163_0\00643_Aug3.png,1,0.5080955028533936
B22-163,Data/Annotated\B22-163_0\00643_Aug4.png,1,0.5083069205284119
B22-163,Data/Annotated\B22-163_0\00643_Aug5.png,1,0.5068482160568237
B22-163,Data/Annotated\B22-163_0\00643_Aug6.png,1,0.5057421922683716
B22-163,Data/Annotated\B22-163_0\00643_Aug7.png,1,0.5047264695167542
B22-163,Data/Annotated\B22-163_0\00643_Aug8.png,1,0.5084375739097595
B22-163,Data/Annotated\B22-163_0\00657.png,1,0.5065042972564697
B22-163,Data/Annotated\B22-163_0\00657_Aug1.png,1,0.506787896156311
B22-163,Data/Annotated\B22-163_0\00657_Aug2.png,1,0.506696879863739
B22-163,Data/Annotated\B22-163_0\00657_Aug3.png,1,0.5071439146995544
B22-163,Data/Annotated\B22-163_0\00657_Aug4.png,1,0.5070609450340271
B22-163,Data/Annotated\B22-163_0\00657_Aug5.png,1,0.5054023265838623
B22-163,Data/Annotated\B22-163_0\00657_Aug6.png,1,0.5051679015159607
B22-163,Data/Annotated\B22-163_0\00657_Aug7.png,1,0.507011353969574
B22-163,Data/Annotated\B22-163_0\00657_Aug8.png,1,0.5067636370658875
B22-164,Data/Annotated\B22-164_0\00290.png,0,0.22459182143211365
B22-165,Data/Annotated\B22-165_0\00060.png,0,0.0341678149998188
B22-165,Data/Annotated\B22-165_0\00061.png,0,0.031845878809690475
B22-166,Data/Annotated\B22-166_0\00118.png,0,0.031304731965065
B22-167,Data/Annotated\B22-167_0\00004.png,0,0.03476521000266075
B22-167,Data/Annotated\B22-167_0\00005.png,0,0.021937888115644455
B22-167,Data/Annotated\B22-167_0\00006.png,0,0.16675646603107452
B22-167,Data/Annotated\B22-167_0\00159.png,0,0.032150544226169586
B22-167,Data/Annotated\B22-167_0\02942.png,0,0.1875263750553131
B22-168,Data/Annotated\B22-168_1\00156.png,0,0.035555340349674225
B22-168,Data/Annotated\B22-168_1\00343.png,0,0.3344610035419464
B22-168,Data/Annotated\B22-168_1\00379.png,0,0.33017703890800476
B22-168,Data/Annotated\B22-168_1\00389.png,0,0.16481460630893707
B22-168,Data/Annotated\B22-168_1\00407.png,0,0.14136658608913422
B22-168,Data/Annotated\B22-168_1\00828.png,0,0.03317023813724518
B22-170,Data/Annotated\B22-170_0\00055.png,0,0.011664061807096004
B22-170,Data/Annotated\B22-170_0\00254.png,0,0.38413378596305847
B22-170,Data/Annotated\B22-170_0\00303.png,0,0.24008364975452423
B22-170,Data/Annotated\B22-170_0\00793.png,0,0.3002166748046875
B22-170,Data/Annotated\B22-170_0\00949.png,1,0.4898834824562073
B22-170,Data/Annotated\B22-170_0\00949_Aug1.png,1,0.4960760176181793
B22-170,Data/Annotated\B22-170_0\00949_Aug2.png,1,0.4918922185897827
B22-170,Data/Annotated\B22-170_0\00949_Aug3.png,1,0.4920387268066406
B22-170,Data/Annotated\B22-170_0\00949_Aug4.png,1,0.48747995495796204
B22-170,Data/Annotated\B22-170_0\00949_Aug5.png,1,0.4860791862010956
B22-170,Data/Annotated\B22-170_0\00949_Aug6.png,1,0.49185818433761597
B22-170,Data/Annotated\B22-170_0\00949_Aug7.png,1,0.49606144428253174
B22-170,Data/Annotated\B22-170_0\00949_Aug8.png,1,0.4490280747413635
B22-170,Data/Annotated\B22-170_0\01015.png,1,0.4990919828414917
B22-170,Data/Annotated\B22-170_0\01015_Aug1.png,1,0.49910926818847656
B22-170,Data/Annotated\B22-170_0\01015_Aug2.png,1,0.4969687759876251
B22-170,Data/Annotated\B22-170_0\01015_Aug3.png,1,0.503238320350647
B22-170,Data/Annotated\B22-170_0\01015_Aug4.png,1,0.5037931799888611
B22-170,Data/Annotated\B22-170_0\01015_Aug5.png,1,0.5002148747444153
B22-170,Data/Annotated\B22-170_0\01015_Aug6.png,1,0.5037636160850525
B22-170,Data/Annotated\B22-170_0\01015_Aug7.png,1,0.497009813785553
B22-170,Data/Annotated\B22-170_0\01015_Aug8.png,1,0.4974038302898407
B22-170,Data/Annotated\B22-170_0\01094.png,1,0.5093386173248291
B22-170,Data/Annotated\B22-170_0\01094_Aug1.png,1,0.5085407495498657
B22-170,Data/Annotated\B22-170_0\01094_Aug2.png,1,0.5105586051940918
B22-170,Data/Annotated\B22-170_0\01094_Aug3.png,1,0.5105690956115723
B22-170,Data/Annotated\B22-170_0\01094_Aug4.png,1,0.5105296969413757
B22-170,Data/Annotated\B22-170_0\01094_Aug5.png,1,0.5124306082725525
B22-170,Data/Annotated\B22-170_0\01094_Aug6.png,1,0.5120049715042114
B22-170,Data/Annotated\B22-170_0\01094_Aug7.png,1,0.510908305644989
B22-170,Data/Annotated\B22-170_0\01094_Aug8.png,1,0.5092588663101196
B22-170,Data/Annotated\B22-170_0\01095.png,0,0.06364226341247559
B22-171,Data/Annotated\B22-171_0\01566.png,0,0.2250240296125412
B22-171,Data/Annotated\B22-171_0\01707.png,0,0.016612857580184937
B22-171,Data/Annotated\B22-171_0\01708.png,0,0.22389009594917297
B22-171,Data/Annotated\B22-171_0\02819.png,0,0.03358007222414017
B22-172,Data/Annotated\B22-172_0\00101.png,0,0.4770287871360779
B22-172,Data/Annotated\B22-172_0\00447.png,0,0.1655578911304474
B22-172,Data/Annotated\B22-172_0\01205.png,0,0.05804597958922386
B22-172,Data/Annotated\B22-172_0\01206.png,0,0.02833389677107334
B22-172,Data/Annotated\B22-172_0\01207.png,0,0.37081092596054077
B22-172,Data/Annotated\B22-172_0\01229.png,0,0.027968361973762512
B22-172,Data/Annotated\B22-172_0\01230.png,0,0.4829491376876831
B22-172,Data/Annotated\B22-172_0\01400.png,0,0.04291905090212822
B22-172,Data/Annotated\B22-172_0\01401.png,0,0.21592848002910614
B22-173,Data/Annotated\B22-173_1\00207.png,0,0.30367425084114075
B22-173,Data/Annotated\B22-173_1\00260.png,0,0.18043974041938782
B22-173,Data/Annotated\B22-173_1\00316.png,0,0.20488780736923218
B22-173,Data/Annotated\B22-173_1\00375.png,0,0.025495389476418495
B22-174,Data/Annotated\B22-174_0\00152.png,0,0.03439491614699364
B22-174,Data/Annotated\B22-174_0\00154.png,0,0.0225138608366251
B22-174,Data/Annotated\B22-174_0\00155.png,0,0.024995090439915657
B22-174,Data/Annotated\B22-174_0\00156.png,0,0.032916776835918427
B22-174,Data/Annotated\B22-174_0\00157.png,0,0.2408800572156906
B22-174,Data/Annotated\B22-174_0\00158.png,0,0.23717789351940155
B22-174,Data/Annotated\B22-174_0\00159.png,0,0.029331326484680176
B22-174,Data/Annotated\B22-174_0\00161.png,0,0.2926875948905945
B22-174,Data/Annotated\B22-174_0\00162.png,0,0.031267307698726654
B22-174,Data/Annotated\B22-174_0\00165.png,0,0.025139095261693
B22-174,Data/Annotated\B22-174_0\00166.png,0,0.011545148678123951
B22-174,Data/Annotated\B22-174_0\00167.png,0,0.3152662217617035
B22-174,Data/Annotated\B22-174_0\00168.png,0,0.35279351472854614
B22-174,Data/Annotated\B22-174_0\00170.png,0,0.27748721837997437
B22-174,Data/Annotated\B22-174_0\00172.png,0,0.0337325856089592
B22-174,Data/Annotated\B22-174_0\00173.png,0,0.3937503695487976
B22-174,Data/Annotated\B22-174_0\00174.png,0,0.03015247732400894
B22-174,Data/Annotated\B22-174_0\00175.png,0,0.027723630890250206
B22-174,Data/Annotated\B22-174_0\00177.png,0,0.11435229331254959
B22-174,Data/Annotated\B22-174_0\00178.png,0,0.032938189804553986
B22-174,Data/Annotated\B22-174_0\00180.png,0,0.007824797183275223
B22-174,Data/Annotated\B22-174_0\00181.png,0,0.009876983240246773
B22-174,Data/Annotated\B22-174_0\00182.png,0,0.010648422874510288
B22-174,Data/Annotated\B22-174_0\00183.png,0,0.004006070550531149
B22-174,Data/Annotated\B22-174_0\00184.png,0,0.01209972333163023
B22-174,Data/Annotated\B22-174_0\00186.png,0,0.01795664243400097
B22-174,Data/Annotated\B22-174_0\00187.png,0,0.005370615515857935
B22-174,Data/Annotated\B22-174_0\00188.png,0,0.03299134969711304
B22-174,Data/Annotated\B22-174_0\00189.png,0,0.03065243922173977
B22-174,Data/Annotated\B22-174_0\00190.png,0,0.3398760259151459
B22-174,Data/Annotated\B22-174_0\00191.png,0,0.2665597200393677
B22-174,Data/Annotated\B22-174_0\00192.png,0,0.03308748081326485
B22-174,Data/Annotated\B22-174_0\00193.png,0,0.02970607578754425
B22-174,Data/Annotated\B22-174_0\00194.png,0,0.008116348646581173
B22-174,Data/Annotated\B22-174_0\00195.png,0,0.030123041942715645
B22-174,Data/Annotated\B22-174_0\00196.png,0,0.003687832271680236
B22-174,Data/Annotated\B22-174_0\00197.png,0,0.24014368653297424
B22-174,Data/Annotated\B22-174_0\00198.png,0,0.46826279163360596
B22-174,Data/Annotated\B22-174_0\00199.png,0,0.034122444689273834
B22-174,Data/Annotated\B22-174_0\00201.png,0,0.024396507069468498
B22-174,Data/Annotated\B22-174_0\00202.png,0,0.03397595137357712
B22-174,Data/Annotated\B22-174_0\00204.png,0,0.36419108510017395
B22-174,Data/Annotated\B22-174_0\00205.png,0,0.4155215620994568
B22-174,Data/Annotated\B22-174_0\00207.png,0,0.3470059633255005
B22-174,Data/Annotated\B22-174_0\00208.png,0,0.02983245439827442
B22-174,Data/Annotated\B22-174_0\00210.png,0,0.027374107390642166
B22-174,Data/Annotated\B22-174_0\00211.png,0,0.37269896268844604
B22-174,Data/Annotated\B22-174_0\00214.png,0,0.02652485854923725
B22-174,Data/Annotated\B22-174_0\00215.png,0,0.025547809898853302
B22-174,Data/Annotated\B22-174_0\00216.png,0,0.03170745074748993
B22-174,Data/Annotated\B22-174_0\00217.png,0,0.029939085245132446
B22-174,Data/Annotated\B22-174_0\00219.png,0,0.33180853724479675
B22-174,Data/Annotated\B22-174_0\00222.png,0,0.03150532394647598
B22-174,Data/Annotated\B22-174_0\00224.png,1,0.5015387535095215
B22-174,Data/Annotated\B22-174_0\00224_Aug1.png,1,0.4999490976333618
B22-174,Data/Annotated\B22-174_0\00224_Aug2.png,1,0.501253604888916
B22-174,Data/Annotated\B22-174_0\00224_Aug3.png,1,0.49658310413360596
B22-174,Data/Annotated\B22-174_0\00224_Aug4.png,1,0.4973343312740326
B22-174,Data/Annotated\B22-174_0\00224_Aug5.png,1,0.44742080569267273
B22-174,Data/Annotated\B22-174_0\00224_Aug6.png,1,0.40553122758865356
B22-174,Data/Annotated\B22-174_0\00224_Aug7.png,1,0.4291467070579529
B22-174,Data/Annotated\B22-174_0\00224_Aug8.png,1,0.4456261396408081
B22-174,Data/Annotated\B22-174_0\00225.png,1,0.500974178314209
B22-174,Data/Annotated\B22-174_0\00225_Aug1.png,1,0.5012535452842712
B22-174,Data/Annotated\B22-174_0\00225_Aug2.png,1,0.5009923577308655
B22-174,Data/Annotated\B22-174_0\00225_Aug3.png,1,0.49686479568481445
B22-174,Data/Annotated\B22-174_0\00225_Aug4.png,1,0.5009580850601196
B22-174,Data/Annotated\B22-174_0\00225_Aug5.png,1,0.49862754344940186
B22-174,Data/Annotated\B22-174_0\00225_Aug6.png,1,0.49691876769065857
B22-174,Data/Annotated\B22-174_0\00225_Aug7.png,1,0.4958544373512268
B22-174,Data/Annotated\B22-174_0\00225_Aug8.png,1,0.496751606464386
B22-174,Data/Annotated\B22-174_0\00226.png,0,0.036367110908031464
B22-174,Data/Annotated\B22-174_0\00227.png,0,0.23684704303741455
B22-174,Data/Annotated\B22-174_0\00228.png,0,0.2957659959793091
B22-174,Data/Annotated\B22-174_0\00229.png,0,0.23335307836532593
B22-174,Data/Annotated\B22-174_0\00232.png,0,0.2249990999698639
B22-174,Data/Annotated\B22-174_0\00233.png,0,0.2687552571296692
B22-174,Data/Annotated\B22-174_0\00234.png,0,0.20023339986801147
B22-174,Data/Annotated\B22-174_0\00235.png,0,0.22443215548992157
B22-174,Data/Annotated\B22-174_0\00236.png,0,0.2487764209508896
B22-174,Data/Annotated\B22-174_0\00237.png,0,0.21463227272033691
B22-174,Data/Annotated\B22-174_0\00238.png,0,0.24127097427845
B22-174,Data/Annotated\B22-174_0\00239.png,1,0.5109924077987671
B22-174,Data/Annotated\B22-174_0\00239_Aug1.png,1,0.5111359357833862
B22-174,Data/Annotated\B22-174_0\00239_Aug2.png,1,0.5107775926589966
B22-174,Data/Annotated\B22-174_0\00239_Aug3.png,1,0.5083409547805786
B22-174,Data/Annotated\B22-174_0\00239_Aug4.png,1,0.5108612179756165
B22-174,Data/Annotated\B22-174_0\00239_Aug5.png,1,0.5109798908233643
B22-174,Data/Annotated\B22-174_0\00239_Aug6.png,1,0.5119299292564392
B22-174,Data/Annotated\B22-174_0\00239_Aug7.png,1,0.5099703669548035
B22-174,Data/Annotated\B22-174_0\00239_Aug8.png,1,0.5110062956809998
B22-174,Data/Annotated\B22-174_0\00240.png,0,0.107853963971138
B22-174,Data/Annotated\B22-174_0\00241.png,0,0.2230830192565918
B22-174,Data/Annotated\B22-174_0\00242.png,0,0.20325139164924622
B22-174,Data/Annotated\B22-174_0\00243.png,0,0.24015578627586365
B22-174,Data/Annotated\B22-174_0\00244.png,0,0.3222760558128357
B22-174,Data/Annotated\B22-174_0\00245.png,0,0.42886608839035034
B22-174,Data/Annotated\B22-174_0\00246.png,0,0.10426108539104462
B22-174,Data/Annotated\B22-174_0\00249.png,1,0.49256014823913574
B22-174,Data/Annotated\B22-174_0\00249_Aug1.png,1,0.48848268389701843
B22-174,Data/Annotated\B22-174_0\00249_Aug2.png,1,0.4970199465751648
B22-174,Data/Annotated\B22-174_0\00249_Aug3.png,1,0.4856330156326294
B22-174,Data/Annotated\B22-174_0\00249_Aug4.png,1,0.4919412434101105
B22-174,Data/Annotated\B22-174_0\00249_Aug5.png,1,0.4993564486503601
B22-174,Data/Annotated\B22-174_0\00249_Aug6.png,1,0.49527645111083984
B22-174,Data/Annotated\B22-174_0\00249_Aug7.png,1,0.47469982504844666
B22-174,Data/Annotated\B22-174_0\00249_Aug8.png,1,0.49444082379341125
B22-174,Data/Annotated\B22-174_0\00252.png,0,0.13780684769153595
B22-174,Data/Annotated\B22-174_0\00255.png,0,0.03901731222867966
B22-174,Data/Annotated\B22-174_0\00256.png,0,0.01787809282541275
B22-174,Data/Annotated\B22-174_0\00257.png,0,0.1145419105887413
B22-174,Data/Annotated\B22-174_0\00258.png,0,0.03192666918039322
B22-174,Data/Annotated\B22-174_0\00261.png,0,0.2519656717777252
B22-174,Data/Annotated\B22-174_0\00262.png,0,0.01994306407868862
B22-174,Data/Annotated\B22-174_0\00267.png,0,0.04107632860541344
B22-174,Data/Annotated\B22-174_0\00268.png,0,0.2538019120693207
B22-174,Data/Annotated\B22-174_0\00270.png,0,0.24336819350719452
B22-174,Data/Annotated\B22-174_0\00272.png,0,0.04496496170759201
B22-174,Data/Annotated\B22-174_0\00275.png,0,0.08259110897779465
B22-174,Data/Annotated\B22-174_0\00283.png,0,0.26605796813964844
B22-174,Data/Annotated\B22-174_0\00284.png,0,0.02989761158823967
B22-174,Data/Annotated\B22-174_0\00286.png,0,0.2866521179676056
B22-174,Data/Annotated\B22-174_0\00288.png,0,0.20485852658748627
B22-174,Data/Annotated\B22-174_0\00289.png,0,0.3836194574832916
B22-174,Data/Annotated\B22-174_0\00290.png,0,0.1660744696855545
B22-174,Data/Annotated\B22-174_0\00631.png,0,0.40377914905548096
B22-174,Data/Annotated\B22-174_0\00768.png,0,0.022308455780148506
B22-175,Data/Annotated\B22-175_1\00325.png,0,0.03188431262969971
B22-175,Data/Annotated\B22-175_1\00467.png,0,0.03856012970209122
B22-175,Data/Annotated\B22-175_1\00500.png,0,0.011016150005161762
B22-175,Data/Annotated\B22-175_1\00538.png,0,0.013238410465419292
B22-175,Data/Annotated\B22-175_1\00551.png,0,0.025949526578187943
B22-175,Data/Annotated\B22-175_1\00569.png,0,0.047614581882953644
B22-175,Data/Annotated\B22-175_1\00609.png,0,0.038345322012901306
B22-175,Data/Annotated\B22-175_1\00624.png,0,0.03543529659509659
B22-175,Data/Annotated\B22-175_1\00683.png,0,0.029071956872940063
B22-177,Data/Annotated\B22-177_1\00298.png,0,0.2560808062553406
B22-177,Data/Annotated\B22-177_1\00469.png,0,0.028766347095370293
B22-177,Data/Annotated\B22-177_1\00862.png,0,0.03759000822901726
B22-177,Data/Annotated\B22-177_1\00962.png,0,0.04119578003883362
B22-177,Data/Annotated\B22-177_1\01193.png,0,0.01767297275364399
B22-177,Data/Annotated\B22-177_1\01386.png,0,0.12129993736743927
B22-177,Data/Annotated\B22-177_1\01836.png,0,0.2424149066209793
B22-178,Data/Annotated\B22-178_0\01111.png,0,0.03203804790973663
B22-179,Data/Annotated\B22-179_1\00315.png,0,0.055490393191576004
B22-180,Data/Annotated\B22-180_1\00294.png,0,0.07735005766153336
B22-180,Data/Annotated\B22-180_1\00615.png,0,0.009785267524421215
B22-180,Data/Annotated\B22-180_1\00629.png,0,0.026740562170743942
B22-180,Data/Annotated\B22-180_1\00658.png,0,0.03531283512711525
B22-181,Data/Annotated\B22-181_1\01289.png,0,0.2804986536502838
B22-183,Data/Annotated\B22-183_1\00472.png,0,0.42815977334976196
B22-183,Data/Annotated\B22-183_1\00704.png,0,0.24214677512645721
B22-183,Data/Annotated\B22-183_1\00788.png,0,0.25406742095947266
B22-183,Data/Annotated\B22-183_1\00801.png,0,0.23360709846019745
B22-183,Data/Annotated\B22-183_1\00817.png,0,0.19296318292617798
B22-184,Data/Annotated\B22-184_0\01063.png,0,0.25439637899398804
B22-184,Data/Annotated\B22-184_0\01066.png,0,0.33142924308776855
B22-184,Data/Annotated\B22-184_0\01134.png,0,0.21371577680110931
B22-184,Data/Annotated\B22-184_0\01178.png,0,0.02260761894285679
B22-184,Data/Annotated\B22-184_0\01179.png,0,0.05456019565463066
B22-184,Data/Annotated\B22-184_0\01180.png,0,0.3976915776729584
B22-185,Data/Annotated\B22-185_0\00821.png,0,0.09911010414361954
B22-186,Data/Annotated\B22-186_0\02125.png,0,0.4065193831920624
B22-187,Data/Annotated\B22-187_0\00588.png,0,0.23843640089035034
B22-187,Data/Annotated\B22-187_0\00591.png,0,0.21184507012367249
B22-187,Data/Annotated\B22-187_0\00688.png,0,0.2564777731895447
B22-187,Data/Annotated\B22-187_0\00692.png,0,0.41207388043403625
B22-187,Data/Annotated\B22-187_0\00726.png,0,0.2183903604745865
B22-187,Data/Annotated\B22-187_0\00731.png,0,0.13742628693580627
B22-188,Data/Annotated\B22-188_0\00005.png,0,0.4751321077346802
B22-188,Data/Annotated\B22-188_0\00254.png,0,0.028492240235209465
B22-188,Data/Annotated\B22-188_0\00256.png,0,0.25416111946105957
B22-189,Data/Annotated\B22-189_1\00093.png,0,0.20504596829414368
B22-189,Data/Annotated\B22-189_1\00355.png,0,0.4853690266609192
B22-189,Data/Annotated\B22-189_1\00358.png,0,0.45709720253944397
B22-189,Data/Annotated\B22-189_1\00472.png,0,0.47259020805358887
B22-190,Data/Annotated\B22-190_1\00027.png,0,0.0960802212357521
B22-190,Data/Annotated\B22-190_1\00180.png,0,0.015209075063467026
B22-190,Data/Annotated\B22-190_1\00737.png,0,0.3562084436416626
B22-190,Data/Annotated\B22-190_1\00802.png,0,0.04265691712498665
B22-190,Data/Annotated\B22-190_1\01059.png,0,0.11735188961029053
B22-192,Data/Annotated\B22-192_1\00203.png,0,0.016073616221547127
B22-192,Data/Annotated\B22-192_1\00245.png,0,0.2090669870376587
B22-192,Data/Annotated\B22-192_1\00373.png,0,0.31621241569519043
B22-192,Data/Annotated\B22-192_1\00520.png,0,0.49257391691207886
B22-192,Data/Annotated\B22-192_1\00524.png,0,0.3913581371307373
B22-193,Data/Annotated\B22-193_0\00549.png,0,0.39983174204826355
B22-193,Data/Annotated\B22-193_0\00598.png,0,0.310488224029541
B22-195,Data/Annotated\B22-195_0\01353.png,0,0.029763229191303253
B22-195,Data/Annotated\B22-195_0\01355.png,0,0.012049663811922073
B22-197,Data/Annotated\B22-197_0\00006.png,0,0.2604402005672455
B22-210,Data/Annotated\B22-210_0\00025.png,0,0.030517177656292915
B22-214,Data/Annotated\B22-214_0\00949.png,0,0.03393542021512985
B22-214,Data/Annotated\B22-214_0\01101.png,0,0.031587328761816025
B22-218,Data/Annotated\B22-218_0\00771.png,0,0.25287336111068726
B22-218,Data/Annotated\B22-218_0\00772.png,0,0.2323547750711441
B22-218,Data/Annotated\B22-218_0\00777.png,0,0.0748170018196106
B22-218,Data/Annotated\B22-218_0\00778.png,0,0.15845251083374023
B22-218,Data/Annotated\B22-218_0\00779.png,0,0.1941041201353073
B22-218,Data/Annotated\B22-218_0\00782.png,0,0.03298107907176018
B22-218,Data/Annotated\B22-218_0\00836.png,0,0.23898059129714966
B22-218,Data/Annotated\B22-218_0\00837.png,0,0.19643330574035645
B22-218,Data/Annotated\B22-218_0\00838.png,0,0.3024589717388153
B22-218,Data/Annotated\B22-218_0\00875.png,0,0.3581891655921936
B22-218,Data/Annotated\B22-218_0\00877.png,0,0.34511247277259827
B22-218,Data/Annotated\B22-218_0\00882.png,0,0.363202303647995
B22-218,Data/Annotated\B22-218_0\00884.png,0,0.21227942407131195
B22-218,Data/Annotated\B22-218_0\00900.png,0,0.47397321462631226
B22-218,Data/Annotated\B22-218_0\00901.png,0,0.4819266200065613
B22-218,Data/Annotated\B22-218_0\00902.png,0,0.4900916516780853
B22-218,Data/Annotated\B22-218_0\01210.png,0,0.49456027150154114
B22-218,Data/Annotated\B22-218_0\01400.png,0,0.21209672093391418
B22-218,Data/Annotated\B22-218_0\01753.png,0,0.17833052575588226
B22-218,Data/Annotated\B22-218_0\01754.png,0,0.4746456444263458
B22-218,Data/Annotated\B22-218_0\01755.png,0,0.06468046456575394
B22-219,Data/Annotated\B22-219_0\00032.png,1,0.4937143921852112
B22-219,Data/Annotated\B22-219_0\00032_Aug1.png,1,0.5038489103317261
B22-219,Data/Annotated\B22-219_0\00032_Aug2.png,1,0.5009682774543762
B22-219,Data/Annotated\B22-219_0\00032_Aug3.png,1,0.50107342004776
B22-219,Data/Annotated\B22-219_0\00032_Aug4.png,1,0.4959110617637634
B22-219,Data/Annotated\B22-219_0\00032_Aug5.png,1,0.5044238567352295
B22-219,Data/Annotated\B22-219_0\00032_Aug6.png,1,0.5046851634979248
B22-219,Data/Annotated\B22-219_0\00032_Aug7.png,1,0.5124702453613281
B22-219,Data/Annotated\B22-219_0\00032_Aug8.png,1,0.510888934135437
B22-219,Data/Annotated\B22-219_0\00078.png,0,0.1903872936964035
B22-219,Data/Annotated\B22-219_0\00079.png,0,0.19347169995307922
B22-219,Data/Annotated\B22-219_0\00861.png,0,0.17277656495571136
B22-223,Data/Annotated\B22-223_0\00107.png,0,0.46877896785736084
B22-223,Data/Annotated\B22-223_0\00405.png,0,0.43787604570388794
B22-223,Data/Annotated\B22-223_0\00453.png,0,0.44452938437461853
B22-223,Data/Annotated\B22-223_0\00592.png,0,0.4621310234069824
B22-230,Data/Annotated\B22-230_0\03934.png,0,0.0319133996963501
B22-234,Data/Annotated\B22-234_0\00003.png,0,0.3935527503490448
B22-234,Data/Annotated\B22-234_0\02275.png,0,0.06747865676879883
B22-235,Data/Annotated\B22-235_0\00014.png,0,0.16831567883491516
B22-235,Data/Annotated\B22-235_0\01242.png,0,0.3506160378456116
B22-235,Data/Annotated\B22-235_0\01246.png,0,0.4895845949649811
B22-235,Data/Annotated\B22-235_0\01248.png,0,0.4827059507369995
B22-240,Data/Annotated\B22-240_0\00038.png,0,0.46024996042251587
B22-240,Data/Annotated\B22-240_0\00039.png,0,0.419961541891098
B22-240,Data/Annotated\B22-240_0\00500.png,1,0.5104432702064514
B22-240,Data/Annotated\B22-240_0\00500_Aug1.png,1,0.500137448310852
B22-240,Data/Annotated\B22-240_0\00500_Aug2.png,1,0.5089580416679382
B22-240,Data/Annotated\B22-240_0\00500_Aug3.png,1,0.5063519477844238
B22-240,Data/Annotated\B22-240_0\00500_Aug4.png,1,0.5104209780693054
B22-240,Data/Annotated\B22-240_0\00500_Aug5.png,1,0.5085535049438477
B22-240,Data/Annotated\B22-240_0\00500_Aug6.png,1,0.5101537108421326
B22-240,Data/Annotated\B22-240_0\00500_Aug7.png,1,0.5102545619010925
B22-240,Data/Annotated\B22-240_0\00500_Aug8.png,1,0.5077046751976013
B22-240,Data/Annotated\B22-240_0\00629.png,1,0.4937896728515625
B22-240,Data/Annotated\B22-240_0\00629_Aug1.png,1,0.5025674700737
B22-240,Data/Annotated\B22-240_0\00629_Aug2.png,1,0.4856438636779785
B22-240,Data/Annotated\B22-240_0\00629_Aug3.png,1,0.49720656871795654
B22-240,Data/Annotated\B22-240_0\00629_Aug4.png,1,0.49891477823257446
B22-240,Data/Annotated\B22-240_0\00629_Aug5.png,1,0.49947255849838257
B22-240,Data/Annotated\B22-240_0\00629_Aug6.png,1,0.4935649633407593
B22-240,Data/Annotated\B22-240_0\00629_Aug7.png,1,0.49085304141044617
B22-240,Data/Annotated\B22-240_0\00629_Aug8.png,1,0.49653393030166626
B22-240,Data/Annotated\B22-240_0\00740.png,1,0.4794216752052307
B22-240,Data/Annotated\B22-240_0\00740_Aug1.png,1,0.4928978681564331
B22-240,Data/Annotated\B22-240_0\00740_Aug2.png,1,0.49468669295310974
B22-240,Data/Annotated\B22-240_0\00740_Aug3.png,1,0.4794132113456726
B22-240,Data/Annotated\B22-240_0\00740_Aug4.png,1,0.49290749430656433
B22-240,Data/Annotated\B22-240_0\00740_Aug5.png,1,0.4857652485370636
B22-240,Data/Annotated\B22-240_0\00740_Aug6.png,1,0.49292293190956116
B22-240,Data/Annotated\B22-240_0\00740_Aug7.png,1,0.49168068170547485
B22-240,Data/Annotated\B22-240_0\00740_Aug8.png,1,0.49125009775161743
B22-240,Data/Annotated\B22-240_0\00807.png,0,0.42623332142829895
B22-240,Data/Annotated\B22-240_0\00814.png,0,0.46080586314201355
B22-241,Data/Annotated\B22-241_0\00237.png,0,0.5057024359703064
B22-241,Data/Annotated\B22-241_0\00239.png,0,0.48727893829345703
B22-241,Data/Annotated\B22-241_0\00495.png,0,0.45107293128967285
B22-241,Data/Annotated\B22-241_0\00498.png,0,0.4970065951347351
B22-241,Data/Annotated\B22-241_0\00536.png,1,0.5145962834358215
B22-241,Data/Annotated\B22-241_0\00536_Aug1.png,1,0.5135029554367065
B22-241,Data/Annotated\B22-241_0\00536_Aug2.png,1,0.5126962661743164
B22-241,Data/Annotated\B22-241_0\00536_Aug3.png,1,0.5138841271400452
B22-241,Data/Annotated\B22-241_0\00536_Aug4.png,1,0.509361743927002
B22-241,Data/Annotated\B22-241_0\00536_Aug5.png,1,0.5117641687393188
B22-241,Data/Annotated\B22-241_0\00536_Aug6.png,1,0.5035313367843628
B22-241,Data/Annotated\B22-241_0\00536_Aug7.png,1,0.5124925374984741
B22-241,Data/Annotated\B22-241_0\00536_Aug8.png,1,0.49120864272117615
B22-241,Data/Annotated\B22-241_0\00876.png,0,0.44052866101264954
B22-241,Data/Annotated\B22-241_0\00881.png,0,0.4458712339401245
B22-241,Data/Annotated\B22-241_0\00883.png,0,0.29283398389816284
B22-241,Data/Annotated\B22-241_0\00989.png,0,0.4162442684173584
B22-241,Data/Annotated\B22-241_0\01010.png,0,0.4749009907245636
B22-241,Data/Annotated\B22-241_0\01039.png,0,0.3143594563007355
B22-241,Data/Annotated\B22-241_0\01106.png,0,0.39383119344711304
B22-241,Data/Annotated\B22-241_0\01270.png,0,0.4012741446495056
B22-241,Data/Annotated\B22-241_0\01290.png,0,0.470375657081604
B22-241,Data/Annotated\B22-241_0\01342.png,0,0.37292420864105225
B22-241,Data/Annotated\B22-241_0\01419.png,0,0.23418653011322021
B22-241,Data/Annotated\B22-241_0\01489.png,0,0.44756433367729187
B22-241,Data/Annotated\B22-241_0\01516.png,0,0.47847840189933777
B22-241,Data/Annotated\B22-241_0\01543.png,0,0.42865899205207825
B22-241,Data/Annotated\B22-241_0\01564.png,0,0.4760787785053253
B22-241,Data/Annotated\B22-241_0\01567.png,0,0.2188534289598465
B22-241,Data/Annotated\B22-241_0\01587.png,0,0.4447633922100067
B22-241,Data/Annotated\B22-241_0\01589.png,0,0.4971308708190918
B22-244,Data/Annotated\B22-244_0\01288.png,0,0.03298969566822052
B22-244,Data/Annotated\B22-244_0\01327.png,0,0.028964554890990257
B22-244,Data/Annotated\B22-244_0\01708.png,0,0.019951026886701584
B22-244,Data/Annotated\B22-244_0\01711.png,0,0.19316937029361725
B22-245,Data/Annotated\B22-245_0\00266.png,0,0.02707553282380104
B22-245,Data/Annotated\B22-245_0\00267.png,0,0.2232954055070877
B22-248,Data/Annotated\B22-248_0\01332.png,0,0.027295567095279694
B22-248,Data/Annotated\B22-248_0\01333.png,0,0.021293357014656067
B22-248,Data/Annotated\B22-248_0\01334.png,0,0.2411518394947052
B22-248,Data/Annotated\B22-248_0\01335.png,0,0.08005508780479431
B22-248,Data/Annotated\B22-248_0\01336.png,0,0.03461667150259018
B22-248,Data/Annotated\B22-248_0\01337.png,0,0.012315304018557072
B22-248,Data/Annotated\B22-248_0\01338.png,0,0.010188065469264984
B22-248,Data/Annotated\B22-248_0\01339.png,0,0.14918355643749237
B22-248,Data/Annotated\B22-248_0\01340.png,0,0.15044303238391876
B22-249,Data/Annotated\B22-249_0\00162.png,0,0.030724333599209785
B22-249,Data/Annotated\B22-249_0\00183.png,1,0.5023115277290344
B22-249,Data/Annotated\B22-249_0\00183_Aug1.png,1,0.500948965549469
B22-249,Data/Annotated\B22-249_0\00183_Aug2.png,1,0.5009801983833313
B22-249,Data/Annotated\B22-249_0\00183_Aug3.png,1,0.501696765422821
B22-249,Data/Annotated\B22-249_0\00183_Aug4.png,1,0.4943561553955078
B22-249,Data/Annotated\B22-249_0\00183_Aug5.png,1,0.4960528016090393
B22-249,Data/Annotated\B22-249_0\00183_Aug6.png,1,0.4985659420490265
B22-249,Data/Annotated\B22-249_0\00183_Aug7.png,1,0.499955952167511
B22-249,Data/Annotated\B22-249_0\00183_Aug8.png,1,0.5023385882377625
B22-249,Data/Annotated\B22-249_0\00892.png,0,0.03825566545128822
B22-249,Data/Annotated\B22-249_0\00929.png,0,0.40647172927856445
B22-249,Data/Annotated\B22-249_0\01018.png,0,0.02948204055428505
B22-249,Data/Annotated\B22-249_0\01050.png,0,0.45585617423057556
B22-249,Data/Annotated\B22-249_0\01053.png,0,0.4705251157283783
B22-249,Data/Annotated\B22-249_0\01200.png,0,0.3820095956325531
B22-250,Data/Annotated\B22-250_0\01026.png,0,0.2655646502971649
B22-250,Data/Annotated\B22-250_0\01027.png,0,0.4819037914276123
B22-250,Data/Annotated\B22-250_0\01038.png,0,0.2814464271068573
B22-250,Data/Annotated\B22-250_0\01039.png,0,0.23728995025157928
B22-250,Data/Annotated\B22-250_0\01040.png,0,0.33055493235588074
B22-250,Data/Annotated\B22-250_0\01046.png,0,0.24187518656253815
B22-250,Data/Annotated\B22-250_0\01047.png,0,0.29327258467674255
B22-250,Data/Annotated\B22-250_0\01048.png,0,0.23638446629047394
B22-250,Data/Annotated\B22-250_0\01049.png,0,0.46981725096702576
B22-250,Data/Annotated\B22-250_0\01050.png,0,0.28723013401031494
B22-250,Data/Annotated\B22-250_0\01051.png,0,0.34780213236808777
B22-250,Data/Annotated\B22-250_0\01052.png,0,0.33262723684310913
B22-250,Data/Annotated\B22-250_0\01053.png,0,0.18926741182804108
B22-250,Data/Annotated\B22-250_0\01054.png,0,0.23872268199920654
B22-250,Data/Annotated\B22-250_0\01055.png,0,0.2682746648788452
B22-250,Data/Annotated\B22-250_0\01056.png,0,0.24324947595596313
B22-250,Data/Annotated\B22-250_0\01057.png,0,0.2373252958059311
B22-250,Data/Annotated\B22-250_0\01058.png,0,0.3598230183124542
B22-250,Data/Annotated\B22-250_0\01111.png,0,0.12236002087593079
B22-250,Data/Annotated\B22-250_0\01112.png,0,0.42199304699897766
B22-250,Data/Annotated\B22-250_0\01113.png,0,0.4993188977241516
B22-250,Data/Annotated\B22-250_0\01114.png,0,0.47653287649154663
B22-250,Data/Annotated\B22-250_0\01115.png,0,0.3200817108154297
B22-250,Data/Annotated\B22-250_0\01116.png,0,0.35423770546913147
B22-250,Data/Annotated\B22-250_0\01117.png,0,0.38503122329711914
B22-250,Data/Annotated\B22-250_0\01118.png,0,0.44737473130226135
B22-250,Data/Annotated\B22-250_0\01119.png,0,0.4209217429161072
B22-250,Data/Annotated\B22-250_0\01120.png,0,0.46957677602767944
B22-250,Data/Annotated\B22-250_0\01121.png,0,0.46684035658836365
B22-250,Data/Annotated\B22-250_0\01122.png,0,0.4535820186138153
B22-250,Data/Annotated\B22-250_0\01123.png,0,0.44949156045913696
B22-250,Data/Annotated\B22-250_0\01124.png,0,0.4674413502216339
B22-250,Data/Annotated\B22-250_0\01125.png,0,0.446097195148468
B22-250,Data/Annotated\B22-250_0\01126.png,0,0.428788423538208
B22-250,Data/Annotated\B22-250_0\01127.png,0,0.4814698100090027
B22-250,Data/Annotated\B22-250_0\01212.png,0,0.25884801149368286
B22-250,Data/Annotated\B22-250_0\01231.png,0,0.4090261161327362
B22-250,Data/Annotated\B22-250_0\01232.png,0,0.3107272982597351
B22-250,Data/Annotated\B22-250_0\01233.png,0,0.31208643317222595
B22-250,Data/Annotated\B22-250_0\01234.png,0,0.3974384665489197
B22-250,Data/Annotated\B22-250_0\01235.png,0,0.36987391114234924
B22-250,Data/Annotated\B22-250_0\01236.png,0,0.45673415064811707
B22-250,Data/Annotated\B22-250_0\01237.png,0,0.4946434497833252
B22-250,Data/Annotated\B22-250_0\01238.png,0,0.4691467881202698
B22-250,Data/Annotated\B22-250_0\01239.png,0,0.20418821275234222
B22-250,Data/Annotated\B22-250_0\01240.png,0,0.4799414873123169
B22-250,Data/Annotated\B22-250_0\01241.png,0,0.40220993757247925
B22-250,Data/Annotated\B22-250_0\01275.png,0,0.08124621957540512
B22-250,Data/Annotated\B22-250_0\01276.png,0,0.4844467341899872
B22-250,Data/Annotated\B22-250_0\01277.png,0,0.45568379759788513
B22-250,Data/Annotated\B22-250_0\01278.png,0,0.4347377419471741
B22-250,Data/Annotated\B22-250_0\01279.png,0,0.2916190028190613
B22-250,Data/Annotated\B22-250_0\01280.png,0,0.458607017993927
B22-250,Data/Annotated\B22-250_0\01281.png,0,0.500643253326416
B22-250,Data/Annotated\B22-250_0\01282.png,0,0.4497165381908417
B22-250,Data/Annotated\B22-250_0\01283.png,0,0.3293885886669159
B22-250,Data/Annotated\B22-250_0\01284.png,0,0.38922181725502014
B22-250,Data/Annotated\B22-250_0\01285.png,0,0.3277857303619385
B22-250,Data/Annotated\B22-250_0\01286.png,0,0.39520177245140076
B22-250,Data/Annotated\B22-250_0\01288.png,0,0.27073347568511963
B22-250,Data/Annotated\B22-250_0\01289.png,0,0.49319374561309814
B22-250,Data/Annotated\B22-250_0\01398.png,0,0.22022251784801483
B22-250,Data/Annotated\B22-250_0\01399.png,0,0.2545756697654724
B22-250,Data/Annotated\B22-250_0\01400.png,0,0.307868093252182
B22-250,Data/Annotated\B22-250_0\01401.png,0,0.2565724551677704
B22-250,Data/Annotated\B22-250_0\01402.png,0,0.1169576421380043
B22-250,Data/Annotated\B22-250_0\01405.png,0,0.22534237802028656
B22-250,Data/Annotated\B22-250_0\01406.png,0,0.2161933183670044
B22-250,Data/Annotated\B22-250_0\01407.png,0,0.2542322874069214
B22-250,Data/Annotated\B22-250_0\01424.png,0,0.3232285678386688
B22-250,Data/Annotated\B22-250_0\01425.png,0,0.2181970328092575
B22-250,Data/Annotated\B22-250_0\01426.png,0,0.25802081823349
B22-250,Data/Annotated\B22-250_0\01427.png,0,0.4712296724319458
B22-250,Data/Annotated\B22-250_0\01428.png,0,0.2202489823102951
B22-250,Data/Annotated\B22-250_0\01429.png,0,0.4712836444377899
B22-250,Data/Annotated\B22-250_0\01446.png,0,0.4341314136981964
B22-250,Data/Annotated\B22-250_0\01447.png,0,0.4349205195903778
B22-250,Data/Annotated\B22-250_0\01448.png,0,0.4630047678947449
B22-250,Data/Annotated\B22-250_0\01449.png,0,0.4313408136367798
B22-250,Data/Annotated\B22-250_0\01450.png,0,0.4681661128997803
B22-250,Data/Annotated\B22-250_0\01451.png,0,0.41835299134254456
B22-250,Data/Annotated\B22-250_0\01452.png,0,0.2504793107509613
B22-250,Data/Annotated\B22-250_0\01453.png,0,0.0679888129234314
B22-250,Data/Annotated\B22-250_0\01454.png,0,0.33990785479545593
B22-250,Data/Annotated\B22-250_0\01455.png,0,0.40498507022857666
B22-250,Data/Annotated\B22-250_0\01600.png,0,0.48983654379844666
B22-250,Data/Annotated\B22-250_0\01601.png,0,0.22156691551208496
B22-250,Data/Annotated\B22-250_0\01602.png,0,0.21359491348266602
B22-250,Data/Annotated\B22-250_0\01603.png,0,0.19168566167354584
B22-250,Data/Annotated\B22-250_0\01604.png,0,0.2667023539543152
B22-250,Data/Annotated\B22-250_0\01605.png,0,0.21473786234855652
B22-250,Data/Annotated\B22-250_0\01606.png,0,0.24439819157123566
B22-250,Data/Annotated\B22-250_0\01607.png,0,0.26309067010879517
B22-250,Data/Annotated\B22-250_0\01608.png,0,0.026333579793572426
B22-250,Data/Annotated\B22-250_0\01609.png,0,0.43066123127937317
B22-250,Data/Annotated\B22-250_0\01610.png,0,0.02229890413582325
B22-250,Data/Annotated\B22-250_0\01611.png,0,0.017861686646938324
B22-250,Data/Annotated\B22-250_0\01612.png,0,0.06490292400121689
B22-250,Data/Annotated\B22-250_0\01613.png,0,0.21223637461662292
B22-250,Data/Annotated\B22-250_0\01614.png,0,0.1790177822113037
B22-250,Data/Annotated\B22-250_0\01615.png,0,0.2640312910079956
B22-250,Data/Annotated\B22-250_0\01626.png,0,0.4787614047527313
B22-250,Data/Annotated\B22-250_0\01627.png,0,0.4486899971961975
B22-250,Data/Annotated\B22-250_0\01628.png,0,0.42273998260498047
B22-250,Data/Annotated\B22-250_0\01629.png,0,0.42934903502464294
B22-250,Data/Annotated\B22-250_0\01630.png,0,0.45582082867622375
B22-250,Data/Annotated\B22-250_0\01631.png,0,0.39596664905548096
B22-250,Data/Annotated\B22-250_0\01632.png,0,0.34365737438201904
B22-250,Data/Annotated\B22-250_0\01633.png,0,0.40028491616249084
B22-250,Data/Annotated\B22-250_0\01634.png,0,0.24490711092948914
B22-250,Data/Annotated\B22-250_0\01635.png,0,0.20926184952259064
B22-250,Data/Annotated\B22-250_0\01636.png,0,0.3211010694503784
B22-250,Data/Annotated\B22-250_0\01637.png,0,0.3488664925098419
B22-250,Data/Annotated\B22-250_0\01638.png,0,0.19962120056152344
B22-250,Data/Annotated\B22-250_0\01639.png,0,0.4879674017429352
B22-250,Data/Annotated\B22-250_0\01640.png,0,0.3141956031322479
B22-250,Data/Annotated\B22-250_0\01641.png,0,0.2660919725894928
B22-250,Data/Annotated\B22-250_0\01709.png,0,0.21766799688339233
B22-250,Data/Annotated\B22-250_0\01710.png,0,0.4655858874320984
B22-250,Data/Annotated\B22-250_0\01711.png,0,0.24298012256622314
B22-250,Data/Annotated\B22-250_0\01712.png,0,0.2558504343032837
B22-250,Data/Annotated\B22-250_0\01713.png,0,0.18886853754520416
B22-250,Data/Annotated\B22-250_0\01714.png,0,0.10651597380638123
B22-250,Data/Annotated\B22-250_0\01715.png,0,0.44333189725875854
B22-250,Data/Annotated\B22-250_0\01716.png,0,0.3623984158039093
B22-250,Data/Annotated\B22-250_0\01717.png,0,0.2072482407093048
B22-250,Data/Annotated\B22-250_0\01718.png,0,0.23195630311965942
B22-250,Data/Annotated\B22-250_0\01719.png,0,0.2161896973848343
B22-250,Data/Annotated\B22-250_0\01720.png,0,0.06626778095960617
B22-250,Data/Annotated\B22-250_0\01721.png,0,0.2530081272125244
B22-250,Data/Annotated\B22-250_0\01722.png,0,0.3169960081577301
B22-250,Data/Annotated\B22-250_0\01723.png,0,0.4583708643913269
B22-250,Data/Annotated\B22-250_0\01724.png,0,0.03617924079298973
B22-250,Data/Annotated\B22-250_0\01742.png,0,0.21357202529907227
B22-250,Data/Annotated\B22-250_0\01744.png,0,0.4253123104572296
B22-250,Data/Annotated\B22-250_0\01745.png,0,0.3985053598880768
B22-250,Data/Annotated\B22-250_0\01747.png,0,0.24480311572551727
B22-250,Data/Annotated\B22-250_0\01748.png,0,0.2552426755428314
B22-250,Data/Annotated\B22-250_0\01749.png,0,0.25215160846710205
B22-250,Data/Annotated\B22-250_0\01750.png,0,0.4581793248653412
B22-250,Data/Annotated\B22-250_0\01751.png,0,0.2256414145231247
B22-250,Data/Annotated\B22-250_0\01752.png,0,0.1768442839384079
B22-250,Data/Annotated\B22-250_0\01754.png,0,0.22880461812019348
B22-250,Data/Annotated\B22-250_0\01755.png,0,0.29697293043136597
B22-250,Data/Annotated\B22-250_0\01756.png,0,0.3727039694786072
B22-250,Data/Annotated\B22-250_0\01757.png,0,0.423044353723526
B22-250,Data/Annotated\B22-250_0\01759.png,0,0.4446966052055359
B22-250,Data/Annotated\B22-250_0\01760.png,0,0.4434652030467987
B22-250,Data/Annotated\B22-250_0\01761.png,0,0.20225593447685242
B22-250,Data/Annotated\B22-250_0\01762.png,0,0.21040794253349304
B22-250,Data/Annotated\B22-250_0\01765.png,0,0.21863172948360443
B22-250,Data/Annotated\B22-250_0\01766.png,0,0.2531009316444397
B22-250,Data/Annotated\B22-250_0\01767.png,0,0.3520852327346802
B22-250,Data/Annotated\B22-250_0\01768.png,0,0.3905027508735657
B22-250,Data/Annotated\B22-250_0\01769.png,0,0.2857860028743744
B22-250,Data/Annotated\B22-250_0\01770.png,0,0.3107444643974304
B22-250,Data/Annotated\B22-250_0\01771.png,0,0.34335002303123474
B22-250,Data/Annotated\B22-250_0\01772.png,0,0.5000770092010498
B22-250,Data/Annotated\B22-250_0\01773.png,0,0.5002590417861938
B22-250,Data/Annotated\B22-250_0\01774.png,0,0.20052950084209442
B22-250,Data/Annotated\B22-250_0\01775.png,0,0.24450699985027313
B22-250,Data/Annotated\B22-250_0\01776.png,0,0.4631859362125397
B22-250,Data/Annotated\B22-250_0\01777.png,0,0.43796369433403015
B22-250,Data/Annotated\B22-250_0\01778.png,0,0.4584371745586395
B22-250,Data/Annotated\B22-250_0\01779.png,0,0.22183476388454437
B22-250,Data/Annotated\B22-250_0\01797.png,0,0.3300769627094269
B22-250,Data/Annotated\B22-250_0\01798.png,0,0.23373492062091827
B22-250,Data/Annotated\B22-250_0\01799.png,0,0.32861945033073425
B22-250,Data/Annotated\B22-250_0\01800.png,0,0.4212687909603119
B22-250,Data/Annotated\B22-250_0\01801.png,0,0.3538547456264496
B22-250,Data/Annotated\B22-250_0\01802.png,0,0.41797977685928345
B22-250,Data/Annotated\B22-250_0\01803.png,0,0.3799694776535034
B22-250,Data/Annotated\B22-250_0\01804.png,0,0.48113423585891724
B22-250,Data/Annotated\B22-250_0\01805.png,0,0.4808351993560791
B22-250,Data/Annotated\B22-250_0\01806.png,0,0.41841092705726624
B22-250,Data/Annotated\B22-250_0\01807.png,0,0.070175901055336
B22-250,Data/Annotated\B22-250_0\01808.png,0,0.36818650364875793
B22-250,Data/Annotated\B22-250_0\01809.png,0,0.3515157699584961
B22-250,Data/Annotated\B22-250_0\01810.png,0,0.35346439480781555
B22-250,Data/Annotated\B22-250_0\02253.png,0,0.31067636609077454
B22-250,Data/Annotated\B22-250_0\02254.png,0,0.43349558115005493
B22-250,Data/Annotated\B22-250_0\02255.png,0,0.4281955063343048
B22-250,Data/Annotated\B22-250_0\02256.png,0,0.4361911416053772
B22-250,Data/Annotated\B22-250_0\02257.png,0,0.4326023459434509
B22-250,Data/Annotated\B22-250_0\02258.png,0,0.4357167184352875
B22-250,Data/Annotated\B22-250_0\02259.png,0,0.29861804842948914
B22-250,Data/Annotated\B22-250_0\02260.png,0,0.30181005597114563
B22-250,Data/Annotated\B22-250_0\02261.png,0,0.36363792419433594
B22-250,Data/Annotated\B22-250_0\02262.png,0,0.39739713072776794
B22-250,Data/Annotated\B22-250_0\02263.png,0,0.4766842722892761
B22-250,Data/Annotated\B22-250_0\02264.png,0,0.13304288685321808
B22-250,Data/Annotated\B22-250_0\02265.png,0,0.3704233467578888
B22-250,Data/Annotated\B22-250_0\02277.png,0,0.23185884952545166
B22-250,Data/Annotated\B22-250_0\02278.png,0,0.22575105726718903
B22-250,Data/Annotated\B22-250_0\02279.png,0,0.2532910108566284
B22-250,Data/Annotated\B22-250_0\02280.png,0,0.2624817192554474
B22-250,Data/Annotated\B22-250_0\02281.png,0,0.24972312152385712
B22-250,Data/Annotated\B22-250_0\02282.png,0,0.2820865511894226
B22-250,Data/Annotated\B22-250_0\02283.png,0,0.36520782113075256
B22-250,Data/Annotated\B22-250_0\02284.png,0,0.3239595890045166
B22-250,Data/Annotated\B22-250_0\02285.png,0,0.08556082844734192
B22-250,Data/Annotated\B22-250_0\02286.png,0,0.1747264415025711
B22-250,Data/Annotated\B22-250_0\02287.png,0,0.20825155079364777
B22-250,Data/Annotated\B22-250_0\02288.png,0,0.16097605228424072
B22-250,Data/Annotated\B22-250_0\02289.png,0,0.06041484698653221
B22-250,Data/Annotated\B22-250_0\02290.png,0,0.03470638394355774
B22-250,Data/Annotated\B22-250_0\02291.png,0,0.16376237571239471
B22-250,Data/Annotated\B22-250_0\02292.png,0,0.16910921037197113
B22-250,Data/Annotated\B22-250_0\02293.png,0,0.028348200023174286
B22-250,Data/Annotated\B22-250_0\02294.png,0,0.05897204950451851
B22-250,Data/Annotated\B22-250_0\02295.png,0,0.3035513758659363
B22-250,Data/Annotated\B22-250_0\02296.png,0,0.2581787109375
B22-250,Data/Annotated\B22-250_0\02297.png,0,0.25086650252342224
B22-250,Data/Annotated\B22-250_0\02298.png,0,0.055302198976278305
B22-250,Data/Annotated\B22-250_0\02299.png,0,0.45649248361587524
B22-250,Data/Annotated\B22-250_0\02303.png,0,0.4292999505996704
B22-250,Data/Annotated\B22-250_0\02304.png,0,0.2305186241865158
B22-250,Data/Annotated\B22-250_0\02305.png,0,0.21515491604804993
B22-250,Data/Annotated\B22-250_0\02306.png,0,0.07154031842947006
B22-250,Data/Annotated\B22-250_0\02307.png,0,0.1849612295627594
B22-250,Data/Annotated\B22-250_0\02308.png,0,0.22137300670146942
B22-250,Data/Annotated\B22-250_0\02309.png,0,0.41320469975471497
B22-250,Data/Annotated\B22-250_0\02758.png,0,0.317929744720459
B22-250,Data/Annotated\B22-250_0\02774.png,0,0.20024694502353668
B22-250,Data/Annotated\B22-250_0\02828.png,0,0.40062350034713745
B22-250,Data/Annotated\B22-250_0\02829.png,0,0.23345479369163513
B22-250,Data/Annotated\B22-250_0\02830.png,0,0.42259344458580017
B22-250,Data/Annotated\B22-250_0\02831.png,0,0.32123085856437683
B22-250,Data/Annotated\B22-250_0\02835.png,0,0.2446303367614746
B22-250,Data/Annotated\B22-250_0\02836.png,0,0.41072502732276917
B22-250,Data/Annotated\B22-250_0\02837.png,0,0.2097061723470688
B22-250,Data/Annotated\B22-250_0\02838.png,0,0.24351906776428223
B22-250,Data/Annotated\B22-250_0\02839.png,0,0.2524299919605255
B22-250,Data/Annotated\B22-250_0\02840.png,0,0.23601247370243073
B22-250,Data/Annotated\B22-250_0\02841.png,0,0.4430445730686188
B22-250,Data/Annotated\B22-250_0\02842.png,0,0.09180178493261337
B22-250,Data/Annotated\B22-250_0\02843.png,0,0.10087860375642776
B22-250,Data/Annotated\B22-250_0\02844.png,0,0.24121469259262085
B22-250,Data/Annotated\B22-250_0\02845.png,0,0.4789871871471405
B22-250,Data/Annotated\B22-250_0\02846.png,0,0.25983238220214844
B22-250,Data/Annotated\B22-250_0\02847.png,0,0.0937960296869278
B22-250,Data/Annotated\B22-250_0\02848.png,0,0.21545718610286713
B22-250,Data/Annotated\B22-250_0\02849.png,0,0.1046501100063324
B22-250,Data/Annotated\B22-250_0\02850.png,0,0.17660553753376007
B22-250,Data/Annotated\B22-250_0\02851.png,0,0.25608643889427185
B22-250,Data/Annotated\B22-250_0\02852.png,0,0.25348401069641113
B22-250,Data/Annotated\B22-250_0\02853.png,0,0.20892000198364258
B22-250,Data/Annotated\B22-250_0\02854.png,0,0.19368106126785278
B22-250,Data/Annotated\B22-250_0\02855.png,0,0.10115507245063782
B22-250,Data/Annotated\B22-250_0\02856.png,0,0.2992335855960846
B22-250,Data/Annotated\B22-250_0\02869.png,0,0.4789384603500366
B22-250,Data/Annotated\B22-250_0\02870.png,0,0.2349419742822647
B22-250,Data/Annotated\B22-250_0\02871.png,0,0.363760769367218
B22-250,Data/Annotated\B22-250_0\02872.png,0,0.27190297842025757
B22-250,Data/Annotated\B22-250_0\02873.png,0,0.370201975107193
B22-250,Data/Annotated\B22-250_0\02874.png,0,0.3768671452999115
B22-250,Data/Annotated\B22-250_0\02875.png,0,0.3575257658958435
B22-250,Data/Annotated\B22-250_0\02876.png,0,0.027710402384400368
B22-250,Data/Annotated\B22-250_0\02877.png,0,0.35507193207740784
B22-250,Data/Annotated\B22-250_0\02878.png,0,0.34673672914505005
B22-250,Data/Annotated\B22-250_0\02879.png,0,0.43922799825668335
B22-250,Data/Annotated\B22-250_0\02880.png,0,0.028591560199856758
B22-250,Data/Annotated\B22-250_0\02881.png,0,0.27425962686538696
B22-250,Data/Annotated\B22-250_0\02883.png,0,0.3058379888534546
B22-250,Data/Annotated\B22-250_0\02884.png,0,0.3362615704536438
B22-250,Data/Annotated\B22-250_0\02885.png,0,0.414106547832489
B22-250,Data/Annotated\B22-250_0\02887.png,0,0.4116908609867096
B22-250,Data/Annotated\B22-250_0\02888.png,0,0.30443644523620605
B22-250,Data/Annotated\B22-250_0\02889.png,0,0.3789590895175934
B22-250,Data/Annotated\B22-250_0\02890.png,0,0.25263214111328125
B22-250,Data/Annotated\B22-250_0\02891.png,0,0.4664437770843506
B22-250,Data/Annotated\B22-250_0\02892.png,0,0.2587924301624298
B22-250,Data/Annotated\B22-250_0\02894.png,0,0.486660361289978
B22-250,Data/Annotated\B22-250_0\02895.png,0,0.43137988448143005
B22-250,Data/Annotated\B22-250_0\02896.png,0,0.48795995116233826
B22-250,Data/Annotated\B22-250_0\02897.png,0,0.027652572840452194
B22-250,Data/Annotated\B22-250_0\02898.png,0,0.27126696705818176
B22-250,Data/Annotated\B22-250_0\02899.png,0,0.399188369512558
B22-250,Data/Annotated\B22-250_0\02900.png,0,0.33009302616119385
B22-250,Data/Annotated\B22-250_0\02901.png,0,0.21327099204063416
B22-250,Data/Annotated\B22-250_0\02902.png,0,0.2474459409713745
B22-250,Data/Annotated\B22-250_0\02904.png,0,0.24321503937244415
B22-250,Data/Annotated\B22-250_0\02905.png,0,0.2579514980316162
B22-250,Data/Annotated\B22-250_0\02906.png,0,0.31479817628860474
B22-250,Data/Annotated\B22-250_0\02907.png,0,0.2769377827644348
B22-250,Data/Annotated\B22-250_0\02908.png,0,0.3605119287967682
B22-250,Data/Annotated\B22-250_0\02909.png,0,0.34872475266456604
B22-250,Data/Annotated\B22-250_0\02910.png,0,0.2844330072402954
B22-250,Data/Annotated\B22-250_0\02911.png,0,0.2935742437839508
B22-250,Data/Annotated\B22-250_0\02912.png,0,0.359389990568161
B22-250,Data/Annotated\B22-250_0\02913.png,0,0.36641961336135864
B22-250,Data/Annotated\B22-250_0\02914.png,0,0.23876957595348358
B22-250,Data/Annotated\B22-250_0\02915.png,0,0.19403459131717682
B22-250,Data/Annotated\B22-250_0\02916.png,0,0.3240528106689453
B22-250,Data/Annotated\B22-250_0\02917.png,0,0.2775343358516693
B22-250,Data/Annotated\B22-250_0\02918.png,0,0.3377993404865265
B22-250,Data/Annotated\B22-250_0\02919.png,0,0.3940763771533966
B22-250,Data/Annotated\B22-250_0\02920.png,0,0.4597913324832916
B22-250,Data/Annotated\B22-250_0\02921.png,0,0.3559442460536957
B22-250,Data/Annotated\B22-250_0\02922.png,0,0.37550458312034607
B22-250,Data/Annotated\B22-250_0\02923.png,0,0.3783443868160248
B22-250,Data/Annotated\B22-250_0\02924.png,0,0.20539209246635437
B22-250,Data/Annotated\B22-250_0\02925.png,0,0.28405189514160156
B22-250,Data/Annotated\B22-250_0\02926.png,0,0.45113667845726013
B22-250,Data/Annotated\B22-250_0\02927.png,0,0.21818459033966064
B22-250,Data/Annotated\B22-250_0\02928.png,0,0.41778048872947693
B22-250,Data/Annotated\B22-250_0\02941.png,0,0.3024022877216339
B22-250,Data/Annotated\B22-250_0\02942.png,0,0.4568268954753876
B22-250,Data/Annotated\B22-250_0\02943.png,0,0.29443666338920593
B22-250,Data/Annotated\B22-250_0\02944.png,0,0.4750112295150757
B22-250,Data/Annotated\B22-250_0\02945.png,0,0.4397639036178589
B22-250,Data/Annotated\B22-250_0\02946.png,0,0.45534995198249817
B22-250,Data/Annotated\B22-250_0\02947.png,0,0.2187425047159195
B22-250,Data/Annotated\B22-250_0\02948.png,0,0.3924402594566345
B22-250,Data/Annotated\B22-250_0\02949.png,0,0.2542073428630829
B22-250,Data/Annotated\B22-250_0\02950.png,0,0.3520951271057129
B22-250,Data/Annotated\B22-250_0\02951.png,0,0.37608247995376587
B22-250,Data/Annotated\B22-250_0\02952.png,0,0.4174943268299103
B22-250,Data/Annotated\B22-250_0\02953.png,0,0.41992947459220886
B22-250,Data/Annotated\B22-250_0\02954.png,0,0.4239876866340637
B22-250,Data/Annotated\B22-250_0\02955.png,0,0.41989099979400635
B22-250,Data/Annotated\B22-250_0\02956.png,0,0.15310630202293396
B22-250,Data/Annotated\B22-250_0\02957.png,0,0.2892659604549408
B22-250,Data/Annotated\B22-250_0\02958.png,0,0.29138216376304626
B22-250,Data/Annotated\B22-250_0\02959.png,0,0.2038484662771225
B22-250,Data/Annotated\B22-250_0\02960.png,0,0.49974098801612854
B22-250,Data/Annotated\B22-250_0\02961.png,0,0.3863399922847748
B22-250,Data/Annotated\B22-250_0\02964.png,0,0.2271946221590042
B22-250,Data/Annotated\B22-250_0\02965.png,0,0.4435441792011261
B22-250,Data/Annotated\B22-250_0\02966.png,0,0.2055644392967224
B22-251,Data/Annotated\B22-251_0\00210.png,0,0.22395417094230652
B22-251,Data/Annotated\B22-251_0\01286.png,0,0.4854809045791626
B22-251,Data/Annotated\B22-251_0\01295.png,0,0.19478054344654083
B22-253,Data/Annotated\B22-253_0\00999.png,0,0.222262904047966
B22-253,Data/Annotated\B22-253_0\01016.png,0,0.483787477016449
B22-253,Data/Annotated\B22-253_0\01036.png,0,0.44270601868629456
B22-253,Data/Annotated\B22-253_0\01039.png,0,0.42148664593696594
B22-253,Data/Annotated\B22-253_0\01044.png,0,0.21500687301158905
B22-253,Data/Annotated\B22-253_0\01115.png,0,0.2854171395301819
B22-253,Data/Annotated\B22-253_0\01119.png,0,0.20613063871860504
B22-253,Data/Annotated\B22-253_0\01143.png,0,0.23281699419021606
B22-253,Data/Annotated\B22-253_0\01144.png,0,0.3852299749851227
B22-253,Data/Annotated\B22-253_0\01219.png,0,0.5006062984466553
B22-253,Data/Annotated\B22-253_0\01723.png,0,0.16374842822551727
B22-253,Data/Annotated\B22-253_0\01933.png,0,0.48469987511634827
B22-253,Data/Annotated\B22-253_0\01937.png,0,0.48192843794822693
B22-253,Data/Annotated\B22-253_0\02317.png,0,0.4975813925266266
B22-253,Data/Annotated\B22-253_0\02398.png,0,0.48300907015800476
B22-253,Data/Annotated\B22-253_0\02437.png,0,0.4741854965686798
B22-253,Data/Annotated\B22-253_0\02440.png,0,0.45174887776374817
B22-253,Data/Annotated\B22-253_0\02465.png,0,0.49469125270843506
B22-253,Data/Annotated\B22-253_0\02478.png,0,0.20639419555664062
B22-254,Data/Annotated\B22-254_0\00007.png,0,0.42400482296943665
B22-254,Data/Annotated\B22-254_0\00011.png,0,0.3909463882446289
B22-254,Data/Annotated\B22-254_0\03773.png,0,0.4708458483219147
B22-256,Data/Annotated\B22-256_0\00216.png,0,0.3904317021369934
B22-256,Data/Annotated\B22-256_0\00258.png,0,0.45665398240089417
B22-256,Data/Annotated\B22-256_0\00678.png,0,0.29805731773376465
B22-258,Data/Annotated\B22-258_0\00714.png,0,0.02984795905649662
B22-258,Data/Annotated\B22-258_0\00721.png,0,0.23229393362998962
B22-258,Data/Annotated\B22-258_0\00733.png,0,0.276327908039093
B22-258,Data/Annotated\B22-258_0\00745.png,0,0.4944513142108917
B22-258,Data/Annotated\B22-258_0\00747.png,0,0.44228148460388184
B22-258,Data/Annotated\B22-258_0\01007.png,0,0.19101667404174805
B22-25,Data/Annotated\B22-25_0\02816.png,0,0.16146714985370636
B22-25,Data/Annotated\B22-25_0\02817.png,0,0.38088077306747437
B22-260,Data/Annotated\B22-260_0\00931.png,0,0.02466314285993576
B22-260,Data/Annotated\B22-260_0\01113.png,0,0.2110014706850052
B22-264,Data/Annotated\B22-264_0\00267.png,0,0.24765391647815704
B22-264,Data/Annotated\B22-264_0\01511.png,1,0.5023134350776672
B22-264,Data/Annotated\B22-264_0\01511_Aug1.png,1,0.502679705619812
B22-264,Data/Annotated\B22-264_0\01511_Aug2.png,1,0.502679705619812
B22-264,Data/Annotated\B22-264_0\01511_Aug3.png,1,0.4997524917125702
B22-264,Data/Annotated\B22-264_0\01511_Aug4.png,1,0.4997524917125702
B22-264,Data/Annotated\B22-264_0\01511_Aug5.png,1,0.4978732764720917
B22-264,Data/Annotated\B22-264_0\01511_Aug6.png,1,0.4978732764720917
B22-264,Data/Annotated\B22-264_0\01511_Aug7.png,1,0.5034641027450562
B22-264,Data/Annotated\B22-264_0\01511_Aug8.png,1,0.5034641027450562
B22-264,Data/Annotated\B22-264_0\01644.png,0,0.4486601948738098
B22-265,Data/Annotated\B22-265_0\01410.png,0,0.2134983092546463
B22-265,Data/Annotated\B22-265_0\01411.png,0,0.03307167813181877
B22-265,Data/Annotated\B22-265_0\01412.png,0,0.028393829241394997
B22-265,Data/Annotated\B22-265_0\01413.png,0,0.038246363401412964
B22-265,Data/Annotated\B22-265_0\01414.png,0,0.03218403458595276
B22-26,Data/Annotated\B22-26_0\00000.png,0,0.31830254197120667
B22-26,Data/Annotated\B22-26_0\01044.png,0,0.21722514927387238
B22-270,Data/Annotated\B22-270_0\01133.png,0,0.38017094135284424
B22-270,Data/Annotated\B22-270_0\01134.png,0,0.03383496776223183
B22-274,Data/Annotated\B22-274_0\00906.png,0,0.03226235508918762
B22-274,Data/Annotated\B22-274_0\01267.png,0,0.1338934600353241
B22-275,Data/Annotated\B22-275_0\00119.png,1,0.5035942792892456
B22-275,Data/Annotated\B22-275_0\00119_Aug1.png,1,0.49699535965919495
B22-275,Data/Annotated\B22-275_0\00119_Aug2.png,1,0.5057085752487183
B22-275,Data/Annotated\B22-275_0\00119_Aug3.png,1,0.5033283233642578
B22-275,Data/Annotated\B22-275_0\00119_Aug4.png,1,0.5058884024620056
B22-275,Data/Annotated\B22-275_0\00119_Aug5.png,1,0.5021106004714966
B22-275,Data/Annotated\B22-275_0\00119_Aug6.png,1,0.5051479935646057
B22-275,Data/Annotated\B22-275_0\00119_Aug7.png,1,0.5000157356262207
B22-275,Data/Annotated\B22-275_0\00119_Aug8.png,1,0.5054695010185242
B22-275,Data/Annotated\B22-275_0\00144.png,1,0.5004662871360779
B22-275,Data/Annotated\B22-275_0\00144_Aug1.png,1,0.5021231770515442
B22-275,Data/Annotated\B22-275_0\00144_Aug2.png,1,0.5003933906555176
B22-275,Data/Annotated\B22-275_0\00144_Aug3.png,1,0.4942951202392578
B22-275,Data/Annotated\B22-275_0\00144_Aug4.png,1,0.48754361271858215
B22-275,Data/Annotated\B22-275_0\00144_Aug5.png,1,0.4962482154369354
B22-275,Data/Annotated\B22-275_0\00144_Aug6.png,1,0.48889172077178955
B22-275,Data/Annotated\B22-275_0\00144_Aug7.png,1,0.5017911791801453
B22-275,Data/Annotated\B22-275_0\00144_Aug8.png,1,0.49209609627723694
B22-275,Data/Annotated\B22-275_0\00477.png,0,0.48668622970581055
B22-276,Data/Annotated\B22-276_0\00162.png,0,0.4465637803077698
B22-276,Data/Annotated\B22-276_0\00776.png,0,0.48691344261169434
B22-276,Data/Annotated\B22-276_0\01019.png,0,0.495315819978714
B22-276,Data/Annotated\B22-276_0\01263.png,0,0.29805636405944824
B22-277,Data/Annotated\B22-277_0\00212.png,0,0.41533946990966797
B22-277,Data/Annotated\B22-277_0\00601.png,1,0.5389931797981262
B22-277,Data/Annotated\B22-277_0\00601_Aug1.png,1,0.5408774018287659
B22-277,Data/Annotated\B22-277_0\00601_Aug2.png,1,0.5411040186882019
B22-277,Data/Annotated\B22-277_0\00601_Aug3.png,1,0.5451592206954956
B22-277,Data/Annotated\B22-277_0\00601_Aug4.png,1,0.5449839234352112
B22-277,Data/Annotated\B22-277_0\00601_Aug5.png,1,0.5460253953933716
B22-277,Data/Annotated\B22-277_0\00601_Aug6.png,1,0.5471270084381104
B22-277,Data/Annotated\B22-277_0\00601_Aug7.png,1,0.5491169095039368
B22-277,Data/Annotated\B22-277_0\00601_Aug8.png,1,0.5511113405227661
B22-277,Data/Annotated\B22-277_0\00910.png,0,0.31325504183769226
B22-277,Data/Annotated\B22-277_0\01139.png,0,0.03269205987453461
B22-277,Data/Annotated\B22-277_0\01338.png,0,0.25842711329460144
B22-278,Data/Annotated\B22-278_0\00022.png,1,0.5141985416412354
B22-278,Data/Annotated\B22-278_0\00022_Aug1.png,1,0.5138098001480103
B22-278,Data/Annotated\B22-278_0\00022_Aug2.png,1,0.5127090811729431
B22-278,Data/Annotated\B22-278_0\00022_Aug3.png,1,0.5106717944145203
B22-278,Data/Annotated\B22-278_0\00022_Aug4.png,1,0.510648250579834
B22-278,Data/Annotated\B22-278_0\00022_Aug5.png,1,0.5113053321838379
B22-278,Data/Annotated\B22-278_0\00022_Aug6.png,1,0.5099761486053467
B22-278,Data/Annotated\B22-278_0\00022_Aug7.png,1,0.5100440979003906
B22-278,Data/Annotated\B22-278_0\00022_Aug8.png,1,0.5089149475097656
B22-278,Data/Annotated\B22-278_0\00155.png,0,0.42986318469047546
B22-278,Data/Annotated\B22-278_0\00234.png,1,0.4994059205055237
B22-278,Data/Annotated\B22-278_0\00234_Aug1.png,1,0.4885863959789276
B22-278,Data/Annotated\B22-278_0\00234_Aug2.png,1,0.4982679486274719
B22-278,Data/Annotated\B22-278_0\00234_Aug3.png,1,0.4878782629966736
B22-278,Data/Annotated\B22-278_0\00234_Aug4.png,1,0.5026679635047913
B22-278,Data/Annotated\B22-278_0\00234_Aug5.png,1,0.495961457490921
B22-278,Data/Annotated\B22-278_0\00234_Aug6.png,1,0.5032262802124023
B22-278,Data/Annotated\B22-278_0\00234_Aug7.png,1,0.49065348505973816
B22-278,Data/Annotated\B22-278_0\00234_Aug8.png,1,0.49829795956611633
B22-278,Data/Annotated\B22-278_0\00240.png,1,0.4829593300819397
B22-278,Data/Annotated\B22-278_0\00240_Aug1.png,1,0.48055097460746765
B22-278,Data/Annotated\B22-278_0\00240_Aug2.png,1,0.4828943610191345
B22-278,Data/Annotated\B22-278_0\00240_Aug3.png,1,0.48778843879699707
B22-278,Data/Annotated\B22-278_0\00240_Aug4.png,1,0.48825597763061523
B22-278,Data/Annotated\B22-278_0\00240_Aug5.png,1,0.4885367751121521
B22-278,Data/Annotated\B22-278_0\00240_Aug6.png,1,0.48309463262557983
B22-278,Data/Annotated\B22-278_0\00240_Aug7.png,1,0.49211907386779785
B22-278,Data/Annotated\B22-278_0\00240_Aug8.png,1,0.47759726643562317
B22-278,Data/Annotated\B22-278_0\00701.png,0,0.2651439607143402
B22-279,Data/Annotated\B22-279_0\00762.png,0,0.19528640806674957
B22-279,Data/Annotated\B22-279_0\00876.png,0,0.4470466673374176
B22-279,Data/Annotated\B22-279_0\01200.png,0,0.28667715191841125
B22-27,Data/Annotated\B22-27_0\00200.png,0,0.4078340530395508
B22-27,Data/Annotated\B22-27_0\01419.png,0,0.26641932129859924
B22-27,Data/Annotated\B22-27_0\01861.png,0,0.2254870980978012
B22-27,Data/Annotated\B22-27_0\02438.png,0,0.03170196712017059
B22-280,Data/Annotated\B22-280_0\00060.png,1,0.5061323642730713
B22-280,Data/Annotated\B22-280_0\00060_Aug1.png,1,0.5099649429321289
B22-280,Data/Annotated\B22-280_0\00060_Aug2.png,1,0.5070973634719849
B22-280,Data/Annotated\B22-280_0\00060_Aug3.png,1,0.5102369785308838
B22-280,Data/Annotated\B22-280_0\00060_Aug4.png,1,0.5089943408966064
B22-280,Data/Annotated\B22-280_0\00060_Aug5.png,1,0.5096367001533508
B22-280,Data/Annotated\B22-280_0\00060_Aug6.png,1,0.5062825679779053
B22-280,Data/Annotated\B22-280_0\00060_Aug7.png,1,0.5103031396865845
B22-280,Data/Annotated\B22-280_0\00060_Aug8.png,1,0.5075943470001221
B22-280,Data/Annotated\B22-280_0\00162.png,1,0.513523519039154
B22-280,Data/Annotated\B22-280_0\00162_Aug1.png,1,0.5145988464355469
B22-280,Data/Annotated\B22-280_0\00162_Aug2.png,1,0.5136450529098511
B22-280,Data/Annotated\B22-280_0\00162_Aug3.png,1,0.5150559544563293
B22-280,Data/Annotated\B22-280_0\00162_Aug4.png,1,0.5138738751411438
B22-280,Data/Annotated\B22-280_0\00162_Aug5.png,1,0.5140036940574646
B22-280,Data/Annotated\B22-280_0\00162_Aug6.png,1,0.5138538479804993
B22-280,Data/Annotated\B22-280_0\00162_Aug7.png,1,0.514093279838562
B22-280,Data/Annotated\B22-280_0\00162_Aug8.png,1,0.5133315324783325
B22-280,Data/Annotated\B22-280_0\00191.png,1,0.5260784029960632
B22-280,Data/Annotated\B22-280_0\00191_Aug1.png,1,0.5239490270614624
B22-280,Data/Annotated\B22-280_0\00191_Aug2.png,1,0.5287501215934753
B22-280,Data/Annotated\B22-280_0\00191_Aug3.png,1,0.5200313329696655
B22-280,Data/Annotated\B22-280_0\00191_Aug4.png,1,0.5321532487869263
B22-280,Data/Annotated\B22-280_0\00191_Aug5.png,1,0.5184336304664612
B22-280,Data/Annotated\B22-280_0\00191_Aug6.png,1,0.533328652381897
B22-280,Data/Annotated\B22-280_0\00191_Aug7.png,1,0.5154655575752258
B22-280,Data/Annotated\B22-280_0\00191_Aug8.png,1,0.533903181552887
B22-280,Data/Annotated\B22-280_0\00337.png,1,0.5247319340705872
B22-280,Data/Annotated\B22-280_0\00337_Aug1.png,1,0.5207483768463135
B22-280,Data/Annotated\B22-280_0\00337_Aug2.png,1,0.5286750793457031
B22-280,Data/Annotated\B22-280_0\00337_Aug3.png,1,0.5183723568916321
B22-280,Data/Annotated\B22-280_0\00337_Aug4.png,1,0.532027006149292
B22-280,Data/Annotated\B22-280_0\00337_Aug5.png,1,0.5153153538703918
B22-280,Data/Annotated\B22-280_0\00337_Aug6.png,1,0.5351585745811462
B22-280,Data/Annotated\B22-280_0\00337_Aug7.png,1,0.5129100680351257
B22-280,Data/Annotated\B22-280_0\00337_Aug8.png,1,0.5376914739608765
B22-280,Data/Annotated\B22-280_0\00354.png,1,0.5228127241134644
B22-280,Data/Annotated\B22-280_0\00354_Aug1.png,1,0.5246204733848572
B22-280,Data/Annotated\B22-280_0\00354_Aug2.png,1,0.5254096984863281
B22-280,Data/Annotated\B22-280_0\00354_Aug3.png,1,0.5246005654335022
B22-280,Data/Annotated\B22-280_0\00354_Aug4.png,1,0.5238233208656311
B22-280,Data/Annotated\B22-280_0\00354_Aug5.png,1,0.5236344337463379
B22-280,Data/Annotated\B22-280_0\00354_Aug6.png,1,0.5219516754150391
B22-280,Data/Annotated\B22-280_0\00354_Aug7.png,1,0.520747184753418
B22-280,Data/Annotated\B22-280_0\00354_Aug8.png,1,0.522713303565979
B22-280,Data/Annotated\B22-280_0\00397.png,0,0.04604875668883324
B22-280,Data/Annotated\B22-280_0\00771.png,1,0.5089115500450134
B22-280,Data/Annotated\B22-280_0\00771_Aug1.png,1,0.5078508853912354
B22-280,Data/Annotated\B22-280_0\00771_Aug2.png,1,0.5071954131126404
B22-280,Data/Annotated\B22-280_0\00771_Aug3.png,1,0.508171796798706
B22-280,Data/Annotated\B22-280_0\00771_Aug4.png,1,0.504841148853302
B22-280,Data/Annotated\B22-280_0\00771_Aug5.png,1,0.5088915228843689
B22-280,Data/Annotated\B22-280_0\00771_Aug6.png,1,0.5082501769065857
B22-280,Data/Annotated\B22-280_0\00771_Aug7.png,1,0.5085163712501526
B22-280,Data/Annotated\B22-280_0\00771_Aug8.png,1,0.5067766904830933
B22-280,Data/Annotated\B22-280_0\00806.png,0,0.4843423664569855
B22-284,Data/Annotated\B22-284_0\00686.png,0,0.021820101886987686
B22-284,Data/Annotated\B22-284_0\00687.png,0,0.025400575250387192
B22-284,Data/Annotated\B22-284_0\00688.png,0,0.005434088874608278
B22-284,Data/Annotated\B22-284_0\00689.png,0,0.008537909016013145
B22-284,Data/Annotated\B22-284_0\00690.png,0,0.008453184738755226
B22-284,Data/Annotated\B22-284_0\00704.png,0,0.03259657695889473
B22-284,Data/Annotated\B22-284_0\00705.png,0,0.2907186448574066
B22-284,Data/Annotated\B22-284_0\00706.png,0,0.255314439535141
B22-284,Data/Annotated\B22-284_0\00707.png,0,0.0235496424138546
B22-284,Data/Annotated\B22-284_0\00833.png,0,0.03557300567626953
B22-284,Data/Annotated\B22-284_0\00834.png,0,0.18840238451957703
B22-284,Data/Annotated\B22-284_0\00835.png,0,0.1860513836145401
B22-284,Data/Annotated\B22-284_0\00836.png,0,0.028562940657138824
B22-284,Data/Annotated\B22-284_0\00837.png,0,0.02773263491690159
B22-284,Data/Annotated\B22-284_0\00838.png,0,0.03258991241455078
B22-284,Data/Annotated\B22-284_0\00984.png,0,0.026790352538228035
B22-284,Data/Annotated\B22-284_0\00985.png,0,0.2600550651550293
B22-284,Data/Annotated\B22-284_0\00986.png,0,0.026114126667380333
B22-284,Data/Annotated\B22-284_0\00987.png,0,0.17642898857593536
B22-284,Data/Annotated\B22-284_0\00988.png,0,0.3521970510482788
B22-284,Data/Annotated\B22-284_0\00989.png,0,0.009427065961062908
B22-284,Data/Annotated\B22-284_0\00990.png,0,0.04500618204474449
B22-284,Data/Annotated\B22-284_0\01012.png,0,0.2417110949754715
B22-284,Data/Annotated\B22-284_0\01013.png,0,0.02070470154285431
B22-284,Data/Annotated\B22-284_0\01014.png,0,0.13077740371227264
B22-284,Data/Annotated\B22-284_0\01015.png,0,0.011648427695035934
B22-284,Data/Annotated\B22-284_0\01016.png,0,0.02750583551824093
B22-284,Data/Annotated\B22-284_0\01017.png,0,0.006837770342826843
B22-284,Data/Annotated\B22-284_0\01028.png,0,0.03434816375374794
B22-284,Data/Annotated\B22-284_0\01029.png,0,0.014480538666248322
B22-284,Data/Annotated\B22-284_0\01030.png,0,0.037276703864336014
B22-284,Data/Annotated\B22-284_0\01031.png,0,0.031117986887693405
B22-284,Data/Annotated\B22-284_0\01032.png,0,0.013088890351355076
B22-284,Data/Annotated\B22-284_0\01033.png,0,0.018185533583164215
B22-284,Data/Annotated\B22-284_0\01034.png,0,0.008149971254169941
B22-284,Data/Annotated\B22-284_0\01056.png,0,0.017661724239587784
B22-284,Data/Annotated\B22-284_0\01057.png,0,0.16225376725196838
B22-284,Data/Annotated\B22-284_0\01058.png,0,0.008421419188380241
B22-284,Data/Annotated\B22-284_0\01059.png,0,0.024292388930916786
B22-284,Data/Annotated\B22-284_0\01060.png,0,0.010925053618848324
B22-284,Data/Annotated\B22-284_0\01061.png,0,0.3707970082759857
B22-284,Data/Annotated\B22-284_0\01062.png,0,0.006526215001940727
B22-284,Data/Annotated\B22-284_0\01073.png,0,0.029114823788404465
B22-284,Data/Annotated\B22-284_0\01074.png,0,0.01691392809152603
B22-284,Data/Annotated\B22-284_0\01075.png,0,0.016926046460866928
B22-284,Data/Annotated\B22-284_0\01076.png,0,0.030878946185112
B22-284,Data/Annotated\B22-284_0\01100.png,0,0.012920419685542583
B22-284,Data/Annotated\B22-284_0\01101.png,0,0.02192559838294983
B22-284,Data/Annotated\B22-284_0\01102.png,0,0.029267065227031708
B22-284,Data/Annotated\B22-284_0\01103.png,0,0.09984178841114044
B22-284,Data/Annotated\B22-284_0\01104.png,0,0.018223384395241737
B22-284,Data/Annotated\B22-284_0\01105.png,0,0.09759347140789032
B22-28,Data/Annotated\B22-28_1\00025.png,0,0.39871296286582947
B22-28,Data/Annotated\B22-28_1\00029.png,0,0.36781832575798035
B22-28,Data/Annotated\B22-28_1\00095.png,0,0.2613272964954376
B22-28,Data/Annotated\B22-28_1\00131.png,0,0.06352216005325317
B22-28,Data/Annotated\B22-28_1\00249.png,0,0.2805121839046478
B22-28,Data/Annotated\B22-28_1\00272.png,0,0.4527401328086853
B22-28,Data/Annotated\B22-28_1\00349.png,0,0.06830063462257385
B22-296,Data/Annotated\B22-296_0\00307.png,1,0.4969647526741028
B22-296,Data/Annotated\B22-296_0\00307_Aug1.png,1,0.497916579246521
B22-296,Data/Annotated\B22-296_0\00307_Aug2.png,1,0.4924701750278473
B22-296,Data/Annotated\B22-296_0\00307_Aug3.png,1,0.5013927817344666
B22-296,Data/Annotated\B22-296_0\00307_Aug4.png,1,0.501190721988678
B22-296,Data/Annotated\B22-296_0\00307_Aug5.png,1,0.5014047026634216
B22-296,Data/Annotated\B22-296_0\00307_Aug6.png,1,0.4971255362033844
B22-296,Data/Annotated\B22-296_0\00307_Aug7.png,1,0.49817052483558655
B22-296,Data/Annotated\B22-296_0\00307_Aug8.png,1,0.47740861773490906
B22-297,Data/Annotated\B22-297_0\00124.png,1,0.5074858665466309
B22-297,Data/Annotated\B22-297_0\00124_Aug1.png,1,0.5092687010765076
B22-297,Data/Annotated\B22-297_0\00124_Aug2.png,1,0.5085864663124084
B22-297,Data/Annotated\B22-297_0\00124_Aug3.png,1,0.5077106952667236
B22-297,Data/Annotated\B22-297_0\00124_Aug4.png,1,0.5087957978248596
B22-297,Data/Annotated\B22-297_0\00124_Aug5.png,1,0.50644451379776
B22-297,Data/Annotated\B22-297_0\00124_Aug6.png,1,0.5090010762214661
B22-297,Data/Annotated\B22-297_0\00124_Aug7.png,1,0.5024893879890442
B22-297,Data/Annotated\B22-297_0\00124_Aug8.png,1,0.5120212435722351
B22-298,Data/Annotated\B22-298_0\00338.png,0,0.09695594757795334
B22-298,Data/Annotated\B22-298_0\01280.png,0,0.0490877702832222
B22-299,Data/Annotated\B22-299_0\00081.png,1,0.5136963725090027
B22-299,Data/Annotated\B22-299_0\00081_Aug1.png,1,0.5173093676567078
B22-299,Data/Annotated\B22-299_0\00081_Aug2.png,1,0.5155391097068787
B22-299,Data/Annotated\B22-299_0\00081_Aug3.png,1,0.5181551575660706
B22-299,Data/Annotated\B22-299_0\00081_Aug4.png,1,0.5138192176818848
B22-299,Data/Annotated\B22-299_0\00081_Aug5.png,1,0.5180931091308594
B22-299,Data/Annotated\B22-299_0\00081_Aug6.png,1,0.5119619965553284
B22-299,Data/Annotated\B22-299_0\00081_Aug7.png,1,0.5180690288543701
B22-299,Data/Annotated\B22-299_0\00081_Aug8.png,1,0.5095008015632629
B22-299,Data/Annotated\B22-299_0\00576.png,1,0.49200037121772766
B22-299,Data/Annotated\B22-299_0\00576_Aug1.png,1,0.49652349948883057
B22-299,Data/Annotated\B22-299_0\00576_Aug2.png,1,0.49382585287094116
B22-299,Data/Annotated\B22-299_0\00576_Aug3.png,1,0.49705496430397034
B22-299,Data/Annotated\B22-299_0\00576_Aug4.png,1,0.48309361934661865
B22-299,Data/Annotated\B22-299_0\00576_Aug5.png,1,0.49117010831832886
B22-299,Data/Annotated\B22-299_0\00576_Aug6.png,1,0.5014079213142395
B22-299,Data/Annotated\B22-299_0\00576_Aug7.png,1,0.5011010766029358
B22-299,Data/Annotated\B22-299_0\00576_Aug8.png,1,0.49229493737220764
B22-299,Data/Annotated\B22-299_0\00773.png,1,0.5326337218284607
B22-299,Data/Annotated\B22-299_0\00773_Aug1.png,1,0.5290524959564209
B22-299,Data/Annotated\B22-299_0\00773_Aug2.png,1,0.5358374714851379
B22-299,Data/Annotated\B22-299_0\00773_Aug3.png,1,0.5248107314109802
B22-299,Data/Annotated\B22-299_0\00773_Aug4.png,1,0.5376313328742981
B22-299,Data/Annotated\B22-299_0\00773_Aug5.png,1,0.5212117433547974
B22-299,Data/Annotated\B22-299_0\00773_Aug6.png,1,0.5395979285240173
B22-299,Data/Annotated\B22-299_0\00773_Aug7.png,1,0.5202339887619019
B22-299,Data/Annotated\B22-299_0\00773_Aug8.png,1,0.540180504322052
B22-299,Data/Annotated\B22-299_0\00880.png,0,0.44826966524124146
B22-29,Data/Annotated\B22-29_1\00000.png,0,0.20285272598266602
B22-29,Data/Annotated\B22-29_1\00004.png,0,0.4699500799179077
B22-29,Data/Annotated\B22-29_1\00012.png,0,0.019628245383501053
B22-29,Data/Annotated\B22-29_1\00024.png,0,0.23431281745433807
B22-29,Data/Annotated\B22-29_1\00084.png,0,0.3244863450527191
B22-29,Data/Annotated\B22-29_1\00129.png,0,0.40953966975212097
B22-29,Data/Annotated\B22-29_1\00154.png,0,0.48562556505203247
B22-29,Data/Annotated\B22-29_1\00180.png,0,0.48042747378349304
B22-29,Data/Annotated\B22-29_1\00187.png,0,0.2376709133386612
B22-29,Data/Annotated\B22-29_1\00195.png,0,0.10404838621616364
B22-29,Data/Annotated\B22-29_1\00203.png,0,0.37817540764808655
B22-29,Data/Annotated\B22-29_1\00242.png,0,0.07735516130924225
B22-29,Data/Annotated\B22-29_1\00245.png,0,0.26275384426116943
B22-300,Data/Annotated\B22-300_0\00148.png,0,0.44898542761802673
B22-300,Data/Annotated\B22-300_0\00842.png,0,0.24947844445705414
B22-300,Data/Annotated\B22-300_0\01062.png,0,0.46154454350471497
B22-300,Data/Annotated\B22-300_0\01116.png,0,0.2560046315193176
B22-301,Data/Annotated\B22-301_0\00225.png,0,0.2128581702709198
B22-301,Data/Annotated\B22-301_0\00254.png,0,0.3950962722301483
B22-302,Data/Annotated\B22-302_0\00154.png,1,0.5380557775497437
B22-302,Data/Annotated\B22-302_0\00154_Aug1.png,1,0.5435910820960999
B22-302,Data/Annotated\B22-302_0\00154_Aug2.png,1,0.5439853072166443
B22-302,Data/Annotated\B22-302_0\00154_Aug3.png,1,0.5466926693916321
B22-302,Data/Annotated\B22-302_0\00154_Aug4.png,1,0.5501169562339783
B22-302,Data/Annotated\B22-302_0\00154_Aug5.png,1,0.5507616400718689
B22-302,Data/Annotated\B22-302_0\00154_Aug6.png,1,0.555812656879425
B22-302,Data/Annotated\B22-302_0\00154_Aug7.png,1,0.5537517070770264
B22-302,Data/Annotated\B22-302_0\00154_Aug8.png,1,0.5576883554458618
B22-302,Data/Annotated\B22-302_0\00168.png,1,0.5293988585472107
B22-302,Data/Annotated\B22-302_0\00168_Aug1.png,1,0.5301089286804199
B22-302,Data/Annotated\B22-302_0\00168_Aug2.png,1,0.5245161652565002
B22-302,Data/Annotated\B22-302_0\00168_Aug3.png,1,0.5340375900268555
B22-302,Data/Annotated\B22-302_0\00168_Aug4.png,1,0.5221421122550964
B22-302,Data/Annotated\B22-302_0\00168_Aug5.png,1,0.5382456183433533
B22-302,Data/Annotated\B22-302_0\00168_Aug6.png,1,0.5215015411376953
B22-302,Data/Annotated\B22-302_0\00168_Aug7.png,1,0.5424880385398865
B22-302,Data/Annotated\B22-302_0\00168_Aug8.png,1,0.520195484161377
B22-302,Data/Annotated\B22-302_0\00175.png,1,0.5107170343399048
B22-302,Data/Annotated\B22-302_0\00175_Aug1.png,1,0.507040798664093
B22-302,Data/Annotated\B22-302_0\00175_Aug2.png,1,0.507040798664093
B22-302,Data/Annotated\B22-302_0\00175_Aug3.png,1,0.5039981603622437
B22-302,Data/Annotated\B22-302_0\00175_Aug4.png,1,0.5039981603622437
B22-302,Data/Annotated\B22-302_0\00175_Aug5.png,1,0.5032986998558044
B22-302,Data/Annotated\B22-302_0\00175_Aug6.png,1,0.5005035996437073
B22-302,Data/Annotated\B22-302_0\00175_Aug7.png,1,0.4906112551689148
B22-302,Data/Annotated\B22-302_0\00175_Aug8.png,1,0.4906112551689148
B22-302,Data/Annotated\B22-302_0\00231.png,1,0.505979597568512
B22-302,Data/Annotated\B22-302_0\00231_Aug1.png,1,0.5115759968757629
B22-302,Data/Annotated\B22-302_0\00231_Aug2.png,1,0.47764575481414795
B22-302,Data/Annotated\B22-302_0\00231_Aug3.png,1,0.5165706276893616
B22-302,Data/Annotated\B22-302_0\00231_Aug4.png,1,0.326638787984848
B22-302,Data/Annotated\B22-302_0\00231_Aug5.png,1,0.519791305065155
B22-302,Data/Annotated\B22-302_0\00231_Aug6.png,1,0.29866182804107666
B22-302,Data/Annotated\B22-302_0\00231_Aug7.png,1,0.5227158665657043
B22-302,Data/Annotated\B22-302_0\00231_Aug8.png,1,0.21940049529075623
B22-302,Data/Annotated\B22-302_0\00436.png,0,0.4590464234352112
B22-302,Data/Annotated\B22-302_0\00485.png,0,0.45719730854034424
B22-302,Data/Annotated\B22-302_0\00583.png,0,0.48018041253089905
B22-302,Data/Annotated\B22-302_0\00731.png,0,0.5621767044067383
B22-302,Data/Annotated\B22-302_0\00776.png,0,0.5531197786331177
B22-302,Data/Annotated\B22-302_0\00783.png,0,0.6175312995910645
B22-302,Data/Annotated\B22-302_0\00835.png,0,0.6352589726448059
B22-302,Data/Annotated\B22-302_0\00846.png,1,0.5455365180969238
B22-302,Data/Annotated\B22-302_0\00846_Aug1.png,1,0.5473281145095825
B22-302,Data/Annotated\B22-302_0\00846_Aug2.png,1,0.5515619516372681
B22-302,Data/Annotated\B22-302_0\00846_Aug3.png,1,0.5488094091415405
B22-302,Data/Annotated\B22-302_0\00846_Aug4.png,1,0.5592542886734009
B22-302,Data/Annotated\B22-302_0\00846_Aug5.png,1,0.550410270690918
B22-302,Data/Annotated\B22-302_0\00846_Aug6.png,1,0.5656268000602722
B22-302,Data/Annotated\B22-302_0\00846_Aug7.png,1,0.5491479635238647
B22-302,Data/Annotated\B22-302_0\00846_Aug8.png,1,0.572157621383667
B22-302,Data/Annotated\B22-302_0\00946.png,0,0.5474861860275269
B22-302,Data/Annotated\B22-302_0\00957.png,0,0.6143572330474854
B22-302,Data/Annotated\B22-302_0\01020.png,0,0.5356581211090088
B22-302,Data/Annotated\B22-302_0\01034.png,0,0.5307881832122803
B22-302,Data/Annotated\B22-302_0\01043.png,0,0.5215690732002258
B22-302,Data/Annotated\B22-302_0\01085.png,0,0.5573844313621521
B22-302,Data/Annotated\B22-302_0\01140.png,0,0.5409687161445618
B22-302,Data/Annotated\B22-302_0\01292.png,0,0.5946604013442993
B22-302,Data/Annotated\B22-302_0\01449.png,0,0.5652449131011963
B22-303,Data/Annotated\B22-303_0\00093.png,1,0.500552237033844
B22-303,Data/Annotated\B22-303_0\00093_Aug1.png,1,0.499847948551178
B22-303,Data/Annotated\B22-303_0\00093_Aug2.png,1,0.49986833333969116
B22-303,Data/Annotated\B22-303_0\00093_Aug3.png,1,0.5015195608139038
B22-303,Data/Annotated\B22-303_0\00093_Aug4.png,1,0.5043656229972839
B22-303,Data/Annotated\B22-303_0\00093_Aug5.png,1,0.5050173401832581
B22-303,Data/Annotated\B22-303_0\00093_Aug6.png,1,0.5045700073242188
B22-303,Data/Annotated\B22-303_0\00093_Aug7.png,1,0.5050026774406433
B22-303,Data/Annotated\B22-303_0\00093_Aug8.png,1,0.503534734249115
B22-303,Data/Annotated\B22-303_0\00106.png,1,0.49965226650238037
B22-303,Data/Annotated\B22-303_0\00106_Aug1.png,1,0.5009280443191528
B22-303,Data/Annotated\B22-303_0\00106_Aug2.png,1,0.5038949847221375
B22-303,Data/Annotated\B22-303_0\00106_Aug3.png,1,0.5037899613380432
B22-303,Data/Annotated\B22-303_0\00106_Aug4.png,1,0.5048444271087646
B22-303,Data/Annotated\B22-303_0\00106_Aug5.png,1,0.49940386414527893
B22-303,Data/Annotated\B22-303_0\00106_Aug6.png,1,0.5031129121780396
B22-303,Data/Annotated\B22-303_0\00106_Aug7.png,1,0.5013434886932373
B22-303,Data/Annotated\B22-303_0\00106_Aug8.png,1,0.5017709136009216
B22-303,Data/Annotated\B22-303_0\00123.png,1,0.4943244755268097
B22-303,Data/Annotated\B22-303_0\00123_Aug1.png,1,0.49953076243400574
B22-303,Data/Annotated\B22-303_0\00123_Aug2.png,1,0.5029336810112
B22-303,Data/Annotated\B22-303_0\00123_Aug3.png,1,0.5042771100997925
B22-303,Data/Annotated\B22-303_0\00123_Aug4.png,1,0.4990113377571106
B22-303,Data/Annotated\B22-303_0\00123_Aug5.png,1,0.4995187520980835
B22-303,Data/Annotated\B22-303_0\00123_Aug6.png,1,0.5011807084083557
B22-303,Data/Annotated\B22-303_0\00123_Aug7.png,1,0.5035997033119202
B22-303,Data/Annotated\B22-303_0\00123_Aug8.png,1,0.48851969838142395
B22-303,Data/Annotated\B22-303_0\00602.png,1,0.5047571659088135
B22-303,Data/Annotated\B22-303_0\00602_Aug1.png,1,0.5094484090805054
B22-303,Data/Annotated\B22-303_0\00602_Aug2.png,1,0.5064482092857361
B22-303,Data/Annotated\B22-303_0\00602_Aug3.png,1,0.5100334882736206
B22-303,Data/Annotated\B22-303_0\00602_Aug4.png,1,0.509890079498291
B22-303,Data/Annotated\B22-303_0\00602_Aug5.png,1,0.5094171762466431
B22-303,Data/Annotated\B22-303_0\00602_Aug6.png,1,0.49985745549201965
B22-303,Data/Annotated\B22-303_0\00602_Aug7.png,1,0.5079468488693237
B22-303,Data/Annotated\B22-303_0\00602_Aug8.png,1,0.5114192962646484
B22-304,Data/Annotated\B22-304_0\00283.png,0,0.4675929844379425
B22-304,Data/Annotated\B22-304_0\00314.png,1,0.5146214962005615
B22-304,Data/Annotated\B22-304_0\00314_Aug1.png,1,0.5120425224304199
B22-304,Data/Annotated\B22-304_0\00314_Aug2.png,1,0.5158959031105042
B22-304,Data/Annotated\B22-304_0\00314_Aug3.png,1,0.5078527331352234
B22-304,Data/Annotated\B22-304_0\00314_Aug4.png,1,0.5139010548591614
B22-304,Data/Annotated\B22-304_0\00314_Aug5.png,1,0.49713578820228577
B22-304,Data/Annotated\B22-304_0\00314_Aug6.png,1,0.5119931101799011
B22-304,Data/Annotated\B22-304_0\00314_Aug7.png,1,0.49963825941085815
B22-304,Data/Annotated\B22-304_0\00314_Aug8.png,1,0.5105032920837402
B22-304,Data/Annotated\B22-304_0\00318.png,1,0.5169363021850586
B22-304,Data/Annotated\B22-304_0\00318_Aug1.png,1,0.5147009491920471
B22-304,Data/Annotated\B22-304_0\00318_Aug2.png,1,0.5147009491920471
B22-304,Data/Annotated\B22-304_0\00318_Aug3.png,1,0.5115025639533997
B22-304,Data/Annotated\B22-304_0\00318_Aug4.png,1,0.5115025639533997
B22-304,Data/Annotated\B22-304_0\00318_Aug5.png,1,0.5114933252334595
B22-304,Data/Annotated\B22-304_0\00318_Aug6.png,1,0.5114933252334595
B22-304,Data/Annotated\B22-304_0\00318_Aug7.png,1,0.5074312090873718
B22-304,Data/Annotated\B22-304_0\00318_Aug8.png,1,0.5074312090873718
B22-304,Data/Annotated\B22-304_0\00381.png,1,0.4984656572341919
B22-304,Data/Annotated\B22-304_0\00381_Aug1.png,1,0.5087011456489563
B22-304,Data/Annotated\B22-304_0\00381_Aug2.png,1,0.49948757886886597
B22-304,Data/Annotated\B22-304_0\00381_Aug3.png,1,0.5017114281654358
B22-304,Data/Annotated\B22-304_0\00381_Aug4.png,1,0.50682532787323
B22-304,Data/Annotated\B22-304_0\00381_Aug5.png,1,0.5092563033103943
B22-304,Data/Annotated\B22-304_0\00381_Aug6.png,1,0.504915177822113
B22-304,Data/Annotated\B22-304_0\00381_Aug7.png,1,0.5187250375747681
B22-304,Data/Annotated\B22-304_0\00381_Aug8.png,1,0.5040364861488342
B22-304,Data/Annotated\B22-304_0\00716.png,0,0.37367475032806396
B22-304,Data/Annotated\B22-304_0\00783.png,1,0.51925128698349
B22-304,Data/Annotated\B22-304_0\00783_Aug1.png,1,0.5171398520469666
B22-304,Data/Annotated\B22-304_0\00783_Aug2.png,1,0.5192986130714417
B22-304,Data/Annotated\B22-304_0\00783_Aug3.png,1,0.521105945110321
B22-304,Data/Annotated\B22-304_0\00783_Aug4.png,1,0.5178371071815491
B22-304,Data/Annotated\B22-304_0\00783_Aug5.png,1,0.5209580063819885
B22-304,Data/Annotated\B22-304_0\00783_Aug6.png,1,0.5203118920326233
B22-304,Data/Annotated\B22-304_0\00783_Aug7.png,1,0.5249266028404236
B22-304,Data/Annotated\B22-304_0\00783_Aug8.png,1,0.5179272294044495
B22-304,Data/Annotated\B22-304_0\00799.png,0,0.4456580877304077
B22-304,Data/Annotated\B22-304_0\00973.png,1,0.5097224712371826
B22-304,Data/Annotated\B22-304_0\00973_Aug1.png,1,0.510122537612915
B22-304,Data/Annotated\B22-304_0\00973_Aug2.png,1,0.5092813372612
B22-304,Data/Annotated\B22-304_0\00973_Aug3.png,1,0.510245144367218
B22-304,Data/Annotated\B22-304_0\00973_Aug4.png,1,0.5105571150779724
B22-304,Data/Annotated\B22-304_0\00973_Aug5.png,1,0.5112420320510864
B22-304,Data/Annotated\B22-304_0\00973_Aug6.png,1,0.5084916353225708
B22-304,Data/Annotated\B22-304_0\00973_Aug7.png,1,0.5111639499664307
B22-304,Data/Annotated\B22-304_0\00973_Aug8.png,1,0.5067555904388428
B22-304,Data/Annotated\B22-304_0\01044.png,1,0.5876528024673462
B22-304,Data/Annotated\B22-304_0\01044_Aug1.png,1,0.5788162350654602
B22-304,Data/Annotated\B22-304_0\01044_Aug2.png,1,0.59194415807724
B22-304,Data/Annotated\B22-304_0\01044_Aug3.png,1,0.566884458065033
B22-304,Data/Annotated\B22-304_0\01044_Aug4.png,1,0.5925644040107727
B22-304,Data/Annotated\B22-304_0\01044_Aug5.png,1,0.5585388541221619
B22-304,Data/Annotated\B22-304_0\01044_Aug6.png,1,0.5886367559432983
B22-304,Data/Annotated\B22-304_0\01044_Aug7.png,1,0.5492463111877441
B22-304,Data/Annotated\B22-304_0\01044_Aug8.png,1,0.5845201015472412
B22-304,Data/Annotated\B22-304_0\01100.png,1,0.5077599287033081
B22-304,Data/Annotated\B22-304_0\01100_Aug1.png,1,0.5069482922554016
B22-304,Data/Annotated\B22-304_0\01100_Aug2.png,1,0.5076801776885986
B22-304,Data/Annotated\B22-304_0\01100_Aug3.png,1,0.5024786591529846
B22-304,Data/Annotated\B22-304_0\01100_Aug4.png,1,0.5091787576675415
B22-304,Data/Annotated\B22-304_0\01100_Aug5.png,1,0.5031174421310425
B22-304,Data/Annotated\B22-304_0\01100_Aug6.png,1,0.514132022857666
B22-304,Data/Annotated\B22-304_0\01100_Aug7.png,1,0.5039195418357849
B22-304,Data/Annotated\B22-304_0\01100_Aug8.png,1,0.51795893907547
B22-304,Data/Annotated\B22-304_0\01342.png,0,0.3844384253025055
B22-304,Data/Annotated\B22-304_0\01658.png,1,0.5062154531478882
B22-304,Data/Annotated\B22-304_0\01658_Aug1.png,1,0.5015182495117188
B22-304,Data/Annotated\B22-304_0\01658_Aug2.png,1,0.5035175085067749
B22-304,Data/Annotated\B22-304_0\01658_Aug3.png,1,0.49736011028289795
B22-304,Data/Annotated\B22-304_0\01658_Aug4.png,1,0.5044629573822021
B22-304,Data/Annotated\B22-304_0\01658_Aug5.png,1,0.503804624080658
B22-304,Data/Annotated\B22-304_0\01658_Aug6.png,1,0.5026799440383911
B22-304,Data/Annotated\B22-304_0\01658_Aug7.png,1,0.498396098613739
B22-304,Data/Annotated\B22-304_0\01658_Aug8.png,1,0.5053046345710754
B22-304,Data/Annotated\B22-304_0\01757.png,1,0.4974103569984436
B22-304,Data/Annotated\B22-304_0\01757_Aug1.png,1,0.4978058934211731
B22-304,Data/Annotated\B22-304_0\01757_Aug2.png,1,0.4930644631385803
B22-304,Data/Annotated\B22-304_0\01757_Aug3.png,1,0.501201868057251
B22-304,Data/Annotated\B22-304_0\01757_Aug4.png,1,0.5029340982437134
B22-304,Data/Annotated\B22-304_0\01757_Aug5.png,1,0.5025866627693176
B22-304,Data/Annotated\B22-304_0\01757_Aug6.png,1,0.5010174512863159
B22-304,Data/Annotated\B22-304_0\01757_Aug7.png,1,0.5080380439758301
B22-304,Data/Annotated\B22-304_0\01757_Aug8.png,1,0.5066717267036438
B22-305,Data/Annotated\B22-305_0\00252.png,0,0.2484845072031021
B22-305,Data/Annotated\B22-305_0\00365.png,0,0.44500795006752014
B22-305,Data/Annotated\B22-305_0\00367.png,0,0.44513601064682007
B22-305,Data/Annotated\B22-305_0\00561.png,0,0.12155159562826157
B22-306,Data/Annotated\B22-306_0\01039.png,0,0.0345442071557045
B22-307,Data/Annotated\B22-307_0\00261.png,0,0.42356619238853455
B22-307,Data/Annotated\B22-307_0\00284.png,0,0.48001158237457275
B22-307,Data/Annotated\B22-307_0\00300.png,0,0.0760350227355957
B22-308,Data/Annotated\B22-308_0\00086.png,0,0.4444824457168579
B22-30,Data/Annotated\B22-30_0\00018.png,0,0.041353654116392136
B22-30,Data/Annotated\B22-30_0\00178.png,0,0.2505926489830017
B22-30,Data/Annotated\B22-30_0\00535.png,0,0.1507965475320816
B22-30,Data/Annotated\B22-30_0\00536.png,0,0.23851701617240906
B22-30,Data/Annotated\B22-30_0\00629.png,0,0.3565376400947571
B22-311,Data/Annotated\B22-311_0\00002.png,0,0.46808362007141113
B22-311,Data/Annotated\B22-311_0\00529.png,0,0.3787790536880493
B22-312,Data/Annotated\B22-312_0\00000.png,0,0.5061826109886169
B22-312,Data/Annotated\B22-312_0\00010.png,0,0.03411871939897537
B22-312,Data/Annotated\B22-312_0\00096.png,0,0.030201222747564316
B22-312,Data/Annotated\B22-312_0\00097.png,0,0.029351426288485527
B22-312,Data/Annotated\B22-312_0\00235.png,0,0.03786159306764603
B22-312,Data/Annotated\B22-312_0\00308.png,0,0.17263838648796082
B22-312,Data/Annotated\B22-312_0\00600.png,0,0.4087427854537964
B22-312,Data/Annotated\B22-312_0\00891.png,0,0.045769449323415756
B22-312,Data/Annotated\B22-312_0\00910.png,0,0.05556948855519295
B22-312,Data/Annotated\B22-312_0\00957.png,1,0.5015779733657837
B22-312,Data/Annotated\B22-312_0\00957_Aug1.png,1,0.5009775757789612
B22-312,Data/Annotated\B22-312_0\00957_Aug2.png,1,0.4998264014720917
B22-312,Data/Annotated\B22-312_0\00957_Aug3.png,1,0.5001521110534668
B22-312,Data/Annotated\B22-312_0\00957_Aug4.png,1,0.5011177659034729
B22-312,Data/Annotated\B22-312_0\00957_Aug5.png,1,0.5027594566345215
B22-312,Data/Annotated\B22-312_0\00957_Aug6.png,1,0.49774718284606934
B22-312,Data/Annotated\B22-312_0\00957_Aug7.png,1,0.49902603030204773
B22-312,Data/Annotated\B22-312_0\00957_Aug8.png,1,0.4988592267036438
B22-312,Data/Annotated\B22-312_0\01047.png,0,0.44444942474365234
B22-312,Data/Annotated\B22-312_0\01154.png,1,0.5029048323631287
B22-312,Data/Annotated\B22-312_0\01154_Aug1.png,1,0.5022942423820496
B22-312,Data/Annotated\B22-312_0\01154_Aug2.png,1,0.49886640906333923
B22-312,Data/Annotated\B22-312_0\01154_Aug3.png,1,0.5018132925033569
B22-312,Data/Annotated\B22-312_0\01154_Aug4.png,1,0.5029104948043823
B22-312,Data/Annotated\B22-312_0\01154_Aug5.png,1,0.4962489604949951
B22-312,Data/Annotated\B22-312_0\01154_Aug6.png,1,0.4988681972026825
B22-312,Data/Annotated\B22-312_0\01154_Aug7.png,1,0.5003936886787415
B22-312,Data/Annotated\B22-312_0\01154_Aug8.png,1,0.5029106140136719
B22-312,Data/Annotated\B22-312_0\01343.png,0,0.011394673027098179
B22-312,Data/Annotated\B22-312_0\01347.png,0,0.032460350543260574
B22-312,Data/Annotated\B22-312_0\01461.png,1,0.4986746609210968
B22-312,Data/Annotated\B22-312_0\01461_Aug1.png,1,0.46538710594177246
B22-312,Data/Annotated\B22-312_0\01461_Aug2.png,1,0.4912261366844177
B22-312,Data/Annotated\B22-312_0\01461_Aug3.png,1,0.46444302797317505
B22-312,Data/Annotated\B22-312_0\01461_Aug4.png,1,0.473571240901947
B22-312,Data/Annotated\B22-312_0\01461_Aug5.png,1,0.48115915060043335
B22-312,Data/Annotated\B22-312_0\01461_Aug6.png,1,0.4985271990299225
B22-312,Data/Annotated\B22-312_0\01461_Aug7.png,1,0.45462146401405334
B22-312,Data/Annotated\B22-312_0\01461_Aug8.png,1,0.46017569303512573
B22-312,Data/Annotated\B22-312_0\01468.png,0,0.08027990907430649
B22-312,Data/Annotated\B22-312_0\01679.png,0,0.1508919596672058
B22-312,Data/Annotated\B22-312_0\01739.png,0,0.04819649085402489
B22-312,Data/Annotated\B22-312_0\01755.png,0,0.011631420813500881
B22-312,Data/Annotated\B22-312_0\01758.png,0,0.17645566165447235
B22-312,Data/Annotated\B22-312_0\01763.png,0,0.21207208931446075
B22-312,Data/Annotated\B22-312_0\01764.png,0,0.17062072455883026
B22-312,Data/Annotated\B22-312_0\01780.png,1,0.49554434418678284
B22-312,Data/Annotated\B22-312_0\01780_Aug1.png,1,0.4931814670562744
B22-312,Data/Annotated\B22-312_0\01780_Aug2.png,1,0.4979080557823181
B22-312,Data/Annotated\B22-312_0\01780_Aug3.png,1,0.4947880804538727
B22-312,Data/Annotated\B22-312_0\01780_Aug4.png,1,0.49858102202415466
B22-312,Data/Annotated\B22-312_0\01780_Aug5.png,1,0.501194417476654
B22-312,Data/Annotated\B22-312_0\01780_Aug6.png,1,0.4985612630844116
B22-312,Data/Annotated\B22-312_0\01780_Aug7.png,1,0.48815998435020447
B22-312,Data/Annotated\B22-312_0\01780_Aug8.png,1,0.4948435127735138
B22-313,Data/Annotated\B22-313_0\00105.png,1,0.5081887245178223
B22-313,Data/Annotated\B22-313_0\00105_Aug1.png,1,0.504867434501648
B22-313,Data/Annotated\B22-313_0\00105_Aug2.png,1,0.5079449415206909
B22-313,Data/Annotated\B22-313_0\00105_Aug3.png,1,0.506736159324646
B22-313,Data/Annotated\B22-313_0\00105_Aug4.png,1,0.505137026309967
B22-313,Data/Annotated\B22-313_0\00105_Aug5.png,1,0.5018008351325989
B22-313,Data/Annotated\B22-313_0\00105_Aug6.png,1,0.5008556842803955
B22-313,Data/Annotated\B22-313_0\00105_Aug7.png,1,0.5033940076828003
B22-313,Data/Annotated\B22-313_0\00105_Aug8.png,1,0.5018124580383301
B22-313,Data/Annotated\B22-313_0\00178.png,0,0.24555480480194092
B22-313,Data/Annotated\B22-313_0\00200.png,0,0.030025100335478783
B22-313,Data/Annotated\B22-313_0\00210.png,0,0.030758026987314224
B22-313,Data/Annotated\B22-313_0\00245.png,0,0.057767532765865326
B22-313,Data/Annotated\B22-313_0\00619.png,0,0.017838994041085243
B22-313,Data/Annotated\B22-313_0\01310.png,1,0.5116836428642273
B22-313,Data/Annotated\B22-313_0\01310_Aug1.png,1,0.5131582617759705
B22-313,Data/Annotated\B22-313_0\01310_Aug2.png,1,0.5081554055213928
B22-313,Data/Annotated\B22-313_0\01310_Aug3.png,1,0.5135011672973633
B22-313,Data/Annotated\B22-313_0\01310_Aug4.png,1,0.5111567974090576
B22-313,Data/Annotated\B22-313_0\01310_Aug5.png,1,0.514571487903595
B22-313,Data/Annotated\B22-313_0\01310_Aug6.png,1,0.5099107623100281
B22-313,Data/Annotated\B22-313_0\01310_Aug7.png,1,0.5152848362922668
B22-313,Data/Annotated\B22-313_0\01310_Aug8.png,1,0.5063208937644958
B22-313,Data/Annotated\B22-313_0\01364.png,0,0.0525655560195446
B22-313,Data/Annotated\B22-313_0\01474.png,0,0.19175399839878082
B22-313,Data/Annotated\B22-313_0\01552.png,1,0.5012452006340027
B22-313,Data/Annotated\B22-313_0\01552_Aug1.png,1,0.5014395117759705
B22-313,Data/Annotated\B22-313_0\01552_Aug2.png,1,0.5059887170791626
B22-313,Data/Annotated\B22-313_0\01552_Aug3.png,1,0.49652713537216187
B22-313,Data/Annotated\B22-313_0\01552_Aug4.png,1,0.5060703158378601
B22-313,Data/Annotated\B22-313_0\01552_Aug5.png,1,0.4883921146392822
B22-313,Data/Annotated\B22-313_0\01552_Aug6.png,1,0.5087329149246216
B22-313,Data/Annotated\B22-313_0\01552_Aug7.png,1,0.4922387897968292
B22-313,Data/Annotated\B22-313_0\01552_Aug8.png,1,0.5100443959236145
B22-313,Data/Annotated\B22-313_0\01647.png,0,0.026975635439157486
B22-313,Data/Annotated\B22-313_0\01713.png,0,0.047544557601213455
B22-34,Data/Annotated\B22-34_1\00592.png,0,0.029647773131728172
B22-34,Data/Annotated\B22-34_1\00629.png,0,0.03089596889913082
B22-34,Data/Annotated\B22-34_1\00767.png,0,0.03088669665157795
B22-35,Data/Annotated\B22-35_0\00332.png,0,0.03243410587310791
B22-37,Data/Annotated\B22-37_0\00045.png,1,0.49449923634529114
B22-37,Data/Annotated\B22-37_0\00045_Aug1.png,1,0.497994065284729
B22-37,Data/Annotated\B22-37_0\00045_Aug2.png,1,0.5010371208190918
B22-37,Data/Annotated\B22-37_0\00045_Aug3.png,1,0.49930980801582336
B22-37,Data/Annotated\B22-37_0\00045_Aug4.png,1,0.48983827233314514
B22-37,Data/Annotated\B22-37_0\00045_Aug5.png,1,0.49960875511169434
B22-37,Data/Annotated\B22-37_0\00045_Aug6.png,1,0.494884192943573
B22-37,Data/Annotated\B22-37_0\00045_Aug7.png,1,0.4951566457748413
B22-37,Data/Annotated\B22-37_0\00045_Aug8.png,1,0.49579429626464844
B22-37,Data/Annotated\B22-37_0\00054.png,0,0.02778504602611065
B22-37,Data/Annotated\B22-37_0\00272.png,1,0.4932056963443756
B22-37,Data/Annotated\B22-37_0\00272_Aug1.png,1,0.49557533860206604
B22-37,Data/Annotated\B22-37_0\00272_Aug2.png,1,0.49557533860206604
B22-37,Data/Annotated\B22-37_0\00272_Aug3.png,1,0.49691376090049744
B22-37,Data/Annotated\B22-37_0\00272_Aug4.png,1,0.49848780035972595
B22-37,Data/Annotated\B22-37_0\00272_Aug5.png,1,0.49792927503585815
B22-37,Data/Annotated\B22-37_0\00272_Aug6.png,1,0.49792927503585815
B22-37,Data/Annotated\B22-37_0\00272_Aug7.png,1,0.499217689037323
B22-37,Data/Annotated\B22-37_0\00272_Aug8.png,1,0.5030062794685364
B22-37,Data/Annotated\B22-37_0\00604.png,0,0.01195087842643261
B22-37,Data/Annotated\B22-37_0\00759.png,0,0.02093628980219364
B22-37,Data/Annotated\B22-37_0\00919.png,1,0.47833073139190674
B22-37,Data/Annotated\B22-37_0\00919_Aug1.png,1,0.4859309196472168
B22-37,Data/Annotated\B22-37_0\00919_Aug2.png,1,0.49444136023521423
B22-37,Data/Annotated\B22-37_0\00919_Aug3.png,1,0.49465447664260864
B22-37,Data/Annotated\B22-37_0\00919_Aug4.png,1,0.486085444688797
B22-37,Data/Annotated\B22-37_0\00919_Aug5.png,1,0.4744139611721039
B22-37,Data/Annotated\B22-37_0\00919_Aug6.png,1,0.46444809436798096
B22-37,Data/Annotated\B22-37_0\00919_Aug7.png,1,0.4744127094745636
B22-37,Data/Annotated\B22-37_0\00919_Aug8.png,1,0.4954124689102173
B22-38,Data/Annotated\B22-38_0\00283.png,1,0.5025728344917297
B22-38,Data/Annotated\B22-38_0\00283_Aug1.png,1,0.4975658357143402
B22-38,Data/Annotated\B22-38_0\00283_Aug2.png,1,0.5024749636650085
B22-38,Data/Annotated\B22-38_0\00283_Aug3.png,1,0.49648386240005493
B22-38,Data/Annotated\B22-38_0\00283_Aug4.png,1,0.5006207227706909
B22-38,Data/Annotated\B22-38_0\00283_Aug5.png,1,0.4968816339969635
B22-38,Data/Annotated\B22-38_0\00283_Aug6.png,1,0.5020751953125
B22-38,Data/Annotated\B22-38_0\00283_Aug7.png,1,0.49567902088165283
B22-38,Data/Annotated\B22-38_0\00283_Aug8.png,1,0.4960726797580719
B22-38,Data/Annotated\B22-38_0\00341.png,1,0.491915225982666
B22-38,Data/Annotated\B22-38_0\00341_Aug1.png,1,0.500176191329956
B22-38,Data/Annotated\B22-38_0\00341_Aug2.png,1,0.4915793538093567
B22-38,Data/Annotated\B22-38_0\00341_Aug3.png,1,0.49918609857559204
B22-38,Data/Annotated\B22-38_0\00341_Aug4.png,1,0.490779846906662
B22-38,Data/Annotated\B22-38_0\00341_Aug5.png,1,0.5026692152023315
B22-38,Data/Annotated\B22-38_0\00341_Aug6.png,1,0.49982866644859314
B22-38,Data/Annotated\B22-38_0\00341_Aug7.png,1,0.5029866695404053
B22-38,Data/Annotated\B22-38_0\00341_Aug8.png,1,0.503640353679657
B22-38,Data/Annotated\B22-38_0\00703.png,0,0.03685997426509857
B22-38,Data/Annotated\B22-38_0\01284.png,1,0.4946171045303345
B22-38,Data/Annotated\B22-38_0\01284_Aug1.png,1,0.4956178665161133
B22-38,Data/Annotated\B22-38_0\01284_Aug2.png,1,0.4956253468990326
B22-38,Data/Annotated\B22-38_0\01284_Aug3.png,1,0.48305314779281616
B22-38,Data/Annotated\B22-38_0\01284_Aug4.png,1,0.48306432366371155
B22-38,Data/Annotated\B22-38_0\01284_Aug5.png,1,0.4956122934818268
B22-38,Data/Annotated\B22-38_0\01284_Aug6.png,1,0.49563077092170715
B22-38,Data/Annotated\B22-38_0\01284_Aug7.png,1,0.48304325342178345
B22-38,Data/Annotated\B22-38_0\01284_Aug8.png,1,0.4830685257911682
B22-38,Data/Annotated\B22-38_0\01409.png,0,0.3499946892261505
B22-38,Data/Annotated\B22-38_0\01525.png,1,0.5071846842765808
B22-38,Data/Annotated\B22-38_0\01525_Aug1.png,1,0.5093669295310974
B22-38,Data/Annotated\B22-38_0\01525_Aug2.png,1,0.508456826210022
B22-38,Data/Annotated\B22-38_0\01525_Aug3.png,1,0.5082923769950867
B22-38,Data/Annotated\B22-38_0\01525_Aug4.png,1,0.5095848441123962
B22-38,Data/Annotated\B22-38_0\01525_Aug5.png,1,0.5063308477401733
B22-38,Data/Annotated\B22-38_0\01525_Aug6.png,1,0.50745689868927
B22-38,Data/Annotated\B22-38_0\01525_Aug7.png,1,0.5086700916290283
B22-38,Data/Annotated\B22-38_0\01525_Aug8.png,1,0.5078302025794983
B22-38,Data/Annotated\B22-38_0\01855.png,0,0.022329233586788177
B22-45,Data/Annotated\B22-45_0\00741.png,1,0.48308220505714417
B22-45,Data/Annotated\B22-45_0\00741_Aug1.png,1,0.48753592371940613
B22-45,Data/Annotated\B22-45_0\00741_Aug2.png,1,0.4798577129840851
B22-45,Data/Annotated\B22-45_0\00741_Aug3.png,1,0.4720701575279236
B22-45,Data/Annotated\B22-45_0\00741_Aug4.png,1,0.4793567955493927
B22-45,Data/Annotated\B22-45_0\00741_Aug5.png,1,0.47831809520721436
B22-45,Data/Annotated\B22-45_0\00741_Aug6.png,1,0.4821231961250305
B22-45,Data/Annotated\B22-45_0\00741_Aug7.png,1,0.4715864062309265
B22-45,Data/Annotated\B22-45_0\00741_Aug8.png,1,0.4654570519924164
B22-45,Data/Annotated\B22-45_0\01027.png,1,0.49219265580177307
B22-45,Data/Annotated\B22-45_0\01027_Aug1.png,1,0.4830061197280884
B22-45,Data/Annotated\B22-45_0\01027_Aug2.png,1,0.48999401926994324
B22-45,Data/Annotated\B22-45_0\01027_Aug3.png,1,0.48999497294425964
B22-45,Data/Annotated\B22-45_0\01027_Aug4.png,1,0.4869881868362427
B22-45,Data/Annotated\B22-45_0\01027_Aug5.png,1,0.49309632182121277
B22-45,Data/Annotated\B22-45_0\01027_Aug6.png,1,0.4852060377597809
B22-45,Data/Annotated\B22-45_0\01027_Aug7.png,1,0.4980231523513794
B22-45,Data/Annotated\B22-45_0\01027_Aug8.png,1,0.49218955636024475
B22-45,Data/Annotated\B22-45_0\01050.png,0,0.02367207780480385
B22-45,Data/Annotated\B22-45_0\01059.png,1,0.5057668089866638
B22-45,Data/Annotated\B22-45_0\01059_Aug1.png,1,0.5018896460533142
B22-45,Data/Annotated\B22-45_0\01059_Aug2.png,1,0.5060744285583496
B22-45,Data/Annotated\B22-45_0\01059_Aug3.png,1,0.5033726692199707
B22-45,Data/Annotated\B22-45_0\01059_Aug4.png,1,0.5058351755142212
B22-45,Data/Annotated\B22-45_0\01059_Aug5.png,1,0.5049540400505066
B22-45,Data/Annotated\B22-45_0\01059_Aug6.png,1,0.5051500797271729
B22-45,Data/Annotated\B22-45_0\01059_Aug7.png,1,0.5048512816429138
B22-45,Data/Annotated\B22-45_0\01059_Aug8.png,1,0.5049618482589722
B22-46,Data/Annotated\B22-46_0\00182.png,0,0.299336701631546
B22-46,Data/Annotated\B22-46_0\00649.png,0,0.40343335270881653
B22-46,Data/Annotated\B22-46_0\00943.png,0,0.46718528866767883
B22-46,Data/Annotated\B22-46_0\01039.png,1,0.5197206735610962
B22-46,Data/Annotated\B22-46_0\01039_Aug1.png,1,0.5218021869659424
B22-46,Data/Annotated\B22-46_0\01039_Aug2.png,1,0.5211912989616394
B22-46,Data/Annotated\B22-46_0\01039_Aug3.png,1,0.5227494835853577
B22-46,Data/Annotated\B22-46_0\01039_Aug4.png,1,0.5232547521591187
B22-46,Data/Annotated\B22-46_0\01039_Aug5.png,1,0.5237933397293091
B22-46,Data/Annotated\B22-46_0\01039_Aug6.png,1,0.5243653655052185
B22-46,Data/Annotated\B22-46_0\01039_Aug7.png,1,0.5243164300918579
B22-46,Data/Annotated\B22-46_0\01039_Aug8.png,1,0.5274683237075806
B22-46,Data/Annotated\B22-46_0\01291.png,1,0.5014777183532715
B22-46,Data/Annotated\B22-46_0\01291_Aug1.png,1,0.5070793628692627
B22-46,Data/Annotated\B22-46_0\01291_Aug2.png,1,0.49900761246681213
B22-46,Data/Annotated\B22-46_0\01291_Aug3.png,1,0.5060557126998901
B22-46,Data/Annotated\B22-46_0\01291_Aug4.png,1,0.5012730360031128
B22-46,Data/Annotated\B22-46_0\01291_Aug5.png,1,0.509527862071991
B22-46,Data/Annotated\B22-46_0\01291_Aug6.png,1,0.49501487612724304
B22-46,Data/Annotated\B22-46_0\01291_Aug7.png,1,0.5080415606498718
B22-46,Data/Annotated\B22-46_0\01291_Aug8.png,1,0.4849489629268646
B22-46,Data/Annotated\B22-46_0\01338.png,1,0.5030856728553772
B22-46,Data/Annotated\B22-46_0\01338_Aug1.png,1,0.5063491463661194
B22-46,Data/Annotated\B22-46_0\01338_Aug2.png,1,0.5006397366523743
B22-46,Data/Annotated\B22-46_0\01338_Aug3.png,1,0.5014594793319702
B22-46,Data/Annotated\B22-46_0\01338_Aug4.png,1,0.49491605162620544
B22-46,Data/Annotated\B22-46_0\01338_Aug5.png,1,0.5041760802268982
B22-46,Data/Annotated\B22-46_0\01338_Aug6.png,1,0.5006223320960999
B22-46,Data/Annotated\B22-46_0\01338_Aug7.png,1,0.5039410591125488
B22-46,Data/Annotated\B22-46_0\01338_Aug8.png,1,0.4990123212337494
B22-46,Data/Annotated\B22-46_0\01340.png,1,0.5095678567886353
B22-46,Data/Annotated\B22-46_0\01340_Aug1.png,1,0.5063189268112183
B22-46,Data/Annotated\B22-46_0\01340_Aug2.png,1,0.5066749453544617
B22-46,Data/Annotated\B22-46_0\01340_Aug3.png,1,0.5110482573509216
B22-46,Data/Annotated\B22-46_0\01340_Aug4.png,1,0.5064482688903809
B22-46,Data/Annotated\B22-46_0\01340_Aug5.png,1,0.5107058882713318
B22-46,Data/Annotated\B22-46_0\01340_Aug6.png,1,0.507296621799469
B22-46,Data/Annotated\B22-46_0\01340_Aug7.png,1,0.5136022567749023
B22-46,Data/Annotated\B22-46_0\01340_Aug8.png,1,0.5044168829917908
B22-46,Data/Annotated\B22-46_0\01470.png,0,0.2541893720626831
B22-46,Data/Annotated\B22-46_0\01547.png,0,0.4712064862251282
B22-46,Data/Annotated\B22-46_0\01852.png,0,0.2839600741863251
B22-46,Data/Annotated\B22-46_0\02336.png,0,0.22214260697364807
B22-46,Data/Annotated\B22-46_0\02771.png,0,0.48770788311958313
B22-46,Data/Annotated\B22-46_0\02831.png,0,0.41245904564857483
B22-46,Data/Annotated\B22-46_0\02888.png,0,0.20199914276599884
B22-46,Data/Annotated\B22-46_0\03030.png,0,0.040538255125284195
B22-47,Data/Annotated\B22-47_0\00285.png,0,0.3080213963985443
B22-47,Data/Annotated\B22-47_0\00390.png,0,0.4691351652145386
B22-47,Data/Annotated\B22-47_0\00435.png,0,0.4952285587787628
B22-47,Data/Annotated\B22-47_0\01092.png,0,0.5002232193946838
B22-47,Data/Annotated\B22-47_0\01236.png,0,0.33804839849472046
B22-47,Data/Annotated\B22-47_0\01239.png,0,0.4970707893371582
B22-47,Data/Annotated\B22-47_0\01371.png,0,0.39685049653053284
B22-47,Data/Annotated\B22-47_0\01539.png,0,0.4895997643470764
B22-47,Data/Annotated\B22-47_0\01549.png,0,0.4932497441768646
B22-47,Data/Annotated\B22-47_0\01650.png,0,0.2848440110683441
B22-47,Data/Annotated\B22-47_0\01653.png,1,0.510867714881897
B22-47,Data/Annotated\B22-47_0\01653_Aug1.png,1,0.5099458694458008
B22-47,Data/Annotated\B22-47_0\01653_Aug2.png,1,0.5047981142997742
B22-47,Data/Annotated\B22-47_0\01653_Aug3.png,1,0.5063177347183228
B22-47,Data/Annotated\B22-47_0\01653_Aug4.png,1,0.5037757754325867
B22-47,Data/Annotated\B22-47_0\01653_Aug5.png,1,0.5051435828208923
B22-47,Data/Annotated\B22-47_0\01653_Aug6.png,1,0.5040772557258606
B22-47,Data/Annotated\B22-47_0\01653_Aug7.png,1,0.5096704363822937
B22-47,Data/Annotated\B22-47_0\01653_Aug8.png,1,0.5033736228942871
B22-47,Data/Annotated\B22-47_0\01729.png,0,0.2510471045970917
B22-50,Data/Annotated\B22-50_0\00429.png,0,0.42748066782951355
B22-50,Data/Annotated\B22-50_0\00709.png,0,0.4695722162723541
B22-50,Data/Annotated\B22-50_0\00865.png,1,0.482007771730423
B22-50,Data/Annotated\B22-50_0\00865_Aug1.png,1,0.49723735451698303
B22-50,Data/Annotated\B22-50_0\00865_Aug2.png,1,0.4969954788684845
B22-50,Data/Annotated\B22-50_0\00865_Aug3.png,1,0.48973211646080017
B22-50,Data/Annotated\B22-50_0\00865_Aug4.png,1,0.4949647784233093
B22-50,Data/Annotated\B22-50_0\00865_Aug5.png,1,0.495401531457901
B22-50,Data/Annotated\B22-50_0\00865_Aug6.png,1,0.4897637367248535
B22-50,Data/Annotated\B22-50_0\00865_Aug7.png,1,0.49708905816078186
B22-50,Data/Annotated\B22-50_0\00865_Aug8.png,1,0.479181706905365
B22-50,Data/Annotated\B22-50_0\00990.png,0,0.31900179386138916
B22-50,Data/Annotated\B22-50_0\00992.png,0,0.3174240291118622
B22-50,Data/Annotated\B22-50_0\01000.png,0,0.4445609748363495
B22-50,Data/Annotated\B22-50_0\01090.png,1,0.5017480254173279
B22-50,Data/Annotated\B22-50_0\01090_Aug1.png,1,0.49716928601264954
B22-50,Data/Annotated\B22-50_0\01090_Aug2.png,1,0.5013326406478882
B22-50,Data/Annotated\B22-50_0\01090_Aug3.png,1,0.49434715509414673
B22-50,Data/Annotated\B22-50_0\01090_Aug4.png,1,0.5009893774986267
B22-50,Data/Annotated\B22-50_0\01090_Aug5.png,1,0.492719829082489
B22-50,Data/Annotated\B22-50_0\01090_Aug6.png,1,0.49042221903800964
B22-50,Data/Annotated\B22-50_0\01090_Aug7.png,1,0.4965268075466156
B22-50,Data/Annotated\B22-50_0\01090_Aug8.png,1,0.49042484164237976
B22-50,Data/Annotated\B22-50_0\01342.png,1,0.4938942492008209
B22-50,Data/Annotated\B22-50_0\01342_Aug1.png,1,0.500700056552887
B22-50,Data/Annotated\B22-50_0\01342_Aug2.png,1,0.49415940046310425
B22-50,Data/Annotated\B22-50_0\01342_Aug3.png,1,0.5035027265548706
B22-50,Data/Annotated\B22-50_0\01342_Aug4.png,1,0.48692867159843445
B22-50,Data/Annotated\B22-50_0\01342_Aug5.png,1,0.5040456056594849
B22-50,Data/Annotated\B22-50_0\01342_Aug6.png,1,0.4811180830001831
B22-50,Data/Annotated\B22-50_0\01342_Aug7.png,1,0.5032107830047607
B22-50,Data/Annotated\B22-50_0\01342_Aug8.png,1,0.4986185133457184
B22-51,Data/Annotated\B22-51_0\00226.png,0,0.4080601930618286
B22-51,Data/Annotated\B22-51_0\00242.png,0,0.48920732736587524
B22-51,Data/Annotated\B22-51_0\00317.png,0,0.43974965810775757
B22-51,Data/Annotated\B22-51_0\00392.png,1,0.5069794058799744
B22-51,Data/Annotated\B22-51_0\00392_Aug1.png,1,0.5035085678100586
B22-51,Data/Annotated\B22-51_0\00392_Aug2.png,1,0.5077555775642395
B22-51,Data/Annotated\B22-51_0\00392_Aug3.png,1,0.5053810477256775
B22-51,Data/Annotated\B22-51_0\00392_Aug4.png,1,0.5052313804626465
B22-51,Data/Annotated\B22-51_0\00392_Aug5.png,1,0.505595326423645
B22-51,Data/Annotated\B22-51_0\00392_Aug6.png,1,0.5092940330505371
B22-51,Data/Annotated\B22-51_0\00392_Aug7.png,1,0.5043681263923645
B22-51,Data/Annotated\B22-51_0\00392_Aug8.png,1,0.5111343860626221
B22-51,Data/Annotated\B22-51_0\00652.png,0,0.2466650903224945
B22-52,Data/Annotated\B22-52_0\00760.png,0,0.20136728882789612
B22-53,Data/Annotated\B22-53_1\00047.png,0,0.04023202508687973
B22-53,Data/Annotated\B22-53_1\00074.png,0,0.03661883622407913
B22-53,Data/Annotated\B22-53_1\00100.png,0,0.026137366890907288
B22-53,Data/Annotated\B22-53_1\00141.png,0,0.03829353302717209
B22-54,Data/Annotated\B22-54_1\00118.png,0,0.014415965415537357
B22-54,Data/Annotated\B22-54_1\00194.png,0,0.053787291049957275
B22-54,Data/Annotated\B22-54_1\00266.png,0,0.01677221804857254
B22-54,Data/Annotated\B22-54_1\00486.png,0,0.031135939061641693
B22-55,Data/Annotated\B22-55_0\00314.png,0,0.014572413638234138
B22-56,Data/Annotated\B22-56_0\00015.png,0,0.49015387892723083
B22-56,Data/Annotated\B22-56_0\00016.png,0,0.4369998276233673
B22-56,Data/Annotated\B22-56_0\00017.png,0,0.41470542550086975
B22-56,Data/Annotated\B22-56_0\00021.png,0,0.19656789302825928
B22-56,Data/Annotated\B22-56_0\00316.png,0,0.26182329654693604
B22-56,Data/Annotated\B22-56_0\00320.png,0,0.4446646273136139
B22-56,Data/Annotated\B22-56_0\00519.png,0,0.19625088572502136
B22-56,Data/Annotated\B22-56_0\02617.png,0,0.2616698443889618
B22-57,Data/Annotated\B22-57_0\00001.png,0,0.3053755760192871
B22-57,Data/Annotated\B22-57_0\01142.png,0,0.3039202094078064
B22-57,Data/Annotated\B22-57_0\01144.png,0,0.16514763236045837
B22-57,Data/Annotated\B22-57_0\01145.png,0,0.16381403803825378
B22-59,Data/Annotated\B22-59_1\00137.png,0,0.28911930322647095
B22-59,Data/Annotated\B22-59_1\00198.png,0,0.2238062471151352
B22-59,Data/Annotated\B22-59_1\00254.png,0,0.04493929073214531
B22-59,Data/Annotated\B22-59_1\00355.png,0,0.20323507487773895
B22-60,Data/Annotated\B22-60_0\00339.png,0,0.4840719401836395
B22-60,Data/Annotated\B22-60_0\00636.png,0,0.33095502853393555
B22-60,Data/Annotated\B22-60_0\00743.png,0,0.3100191056728363
B22-60,Data/Annotated\B22-60_0\00900.png,0,0.2581881880760193
B22-60,Data/Annotated\B22-60_0\01473.png,0,0.4954273998737335
B22-60,Data/Annotated\B22-60_0\01474.png,0,0.4499950408935547
B22-61,Data/Annotated\B22-61_0\01100.png,0,0.013087115250527859
B22-68,Data/Annotated\B22-68_0\00131.png,0,0.49532097578048706
B22-68,Data/Annotated\B22-68_0\00141.png,0,0.3887288272380829
B22-68,Data/Annotated\B22-68_0\00290.png,0,0.2813417911529541
B22-68,Data/Annotated\B22-68_0\00298.png,0,0.05576593056321144
B22-68,Data/Annotated\B22-68_0\00315.png,0,0.11562608182430267
B22-68,Data/Annotated\B22-68_0\00352.png,0,0.10547938942909241
B22-70,Data/Annotated\B22-70_0\00038.png,0,0.04019555076956749
B22-70,Data/Annotated\B22-70_0\00042.png,0,0.2718941569328308
B22-70,Data/Annotated\B22-70_0\00154.png,1,0.5120636224746704
B22-70,Data/Annotated\B22-70_0\00154_Aug1.png,1,0.5126438736915588
B22-70,Data/Annotated\B22-70_0\00154_Aug2.png,1,0.5123984217643738
B22-70,Data/Annotated\B22-70_0\00154_Aug3.png,1,0.5130223035812378
B22-70,Data/Annotated\B22-70_0\00154_Aug4.png,1,0.5131588578224182
B22-70,Data/Annotated\B22-70_0\00154_Aug5.png,1,0.5132378935813904
B22-70,Data/Annotated\B22-70_0\00154_Aug6.png,1,0.5126695036888123
B22-70,Data/Annotated\B22-70_0\00154_Aug7.png,1,0.5124936699867249
B22-70,Data/Annotated\B22-70_0\00154_Aug8.png,1,0.5138092041015625
B22-71,Data/Annotated\B22-71_0\00048.png,1,0.5184013843536377
B22-71,Data/Annotated\B22-71_0\00048_Aug1.png,1,0.5183709263801575
B22-71,Data/Annotated\B22-71_0\00048_Aug2.png,1,0.5184746384620667
B22-71,Data/Annotated\B22-71_0\00048_Aug3.png,1,0.5188091397285461
B22-71,Data/Annotated\B22-71_0\00048_Aug4.png,1,0.5171211957931519
B22-71,Data/Annotated\B22-71_0\00048_Aug5.png,1,0.5187659859657288
B22-71,Data/Annotated\B22-71_0\00048_Aug6.png,1,0.5169340372085571
B22-71,Data/Annotated\B22-71_0\00048_Aug7.png,1,0.5192809700965881
B22-71,Data/Annotated\B22-71_0\00048_Aug8.png,1,0.5156951546669006
B22-71,Data/Annotated\B22-71_0\00332.png,0,0.3114754855632782
B22-74,Data/Annotated\B22-74_0\00011.png,0,0.3559039533138275
B22-74,Data/Annotated\B22-74_0\00415.png,0,0.4777972400188446
B22-74,Data/Annotated\B22-74_0\00420.png,0,0.49050426483154297
B22-74,Data/Annotated\B22-74_0\00759.png,0,0.03085196763277054
B22-74,Data/Annotated\B22-74_0\00762.png,0,0.029988693073391914
B22-74,Data/Annotated\B22-74_0\00890.png,1,0.5026392936706543
B22-74,Data/Annotated\B22-74_0\00890_Aug1.png,1,0.5068471431732178
B22-74,Data/Annotated\B22-74_0\00890_Aug2.png,1,0.5015432834625244
B22-74,Data/Annotated\B22-74_0\00890_Aug3.png,1,0.503358006477356
B22-74,Data/Annotated\B22-74_0\00890_Aug4.png,1,0.5003435611724854
B22-74,Data/Annotated\B22-74_0\00890_Aug5.png,1,0.5070980191230774
B22-74,Data/Annotated\B22-74_0\00890_Aug6.png,1,0.4919494390487671
B22-74,Data/Annotated\B22-74_0\00890_Aug7.png,1,0.5022749304771423
B22-74,Data/Annotated\B22-74_0\00890_Aug8.png,1,0.5010570883750916
B22-77,Data/Annotated\B22-77_0\00442.png,0,0.34131333231925964
B22-77,Data/Annotated\B22-77_0\01326.png,0,0.38244864344596863
B22-77,Data/Annotated\B22-77_0\01649.png,0,0.033532362431287766
B22-77,Data/Annotated\B22-77_0\01657.png,0,0.024006668478250504
B22-83,Data/Annotated\B22-83_0\01018.png,1,0.5077650547027588
B22-83,Data/Annotated\B22-83_0\01018_Aug1.png,1,0.5040451288223267
B22-83,Data/Annotated\B22-83_0\01018_Aug2.png,1,0.5058491826057434
B22-83,Data/Annotated\B22-83_0\01018_Aug3.png,1,0.5040470361709595
B22-83,Data/Annotated\B22-83_0\01018_Aug4.png,1,0.5067652463912964
B22-83,Data/Annotated\B22-83_0\01018_Aug5.png,1,0.5022767782211304
B22-83,Data/Annotated\B22-83_0\01018_Aug6.png,1,0.5091755986213684
B22-83,Data/Annotated\B22-83_0\01018_Aug7.png,1,0.5016722679138184
B22-83,Data/Annotated\B22-83_0\01018_Aug8.png,1,0.509326696395874
B22-83,Data/Annotated\B22-83_0\01061.png,0,0.03953250125050545
B22-83,Data/Annotated\B22-83_0\01063.png,0,0.21096569299697876
B22-83,Data/Annotated\B22-83_0\01076.png,0,0.22243651747703552
B22-84,Data/Annotated\B22-84_0\00099.png,1,0.4844926595687866
B22-84,Data/Annotated\B22-84_0\00099_Aug1.png,1,0.4844922423362732
B22-84,Data/Annotated\B22-84_0\00099_Aug2.png,1,0.49377793073654175
B22-84,Data/Annotated\B22-84_0\00099_Aug3.png,1,0.48449385166168213
B22-84,Data/Annotated\B22-84_0\00099_Aug4.png,1,0.4858502745628357
B22-84,Data/Annotated\B22-84_0\00099_Aug5.png,1,0.4845263659954071
B22-84,Data/Annotated\B22-84_0\00099_Aug6.png,1,0.4881821274757385
B22-84,Data/Annotated\B22-84_0\00099_Aug7.png,1,0.48451903462409973
B22-84,Data/Annotated\B22-84_0\00099_Aug8.png,1,0.4631204307079315
B22-84,Data/Annotated\B22-84_0\00220.png,0,0.026232728734612465
B22-84,Data/Annotated\B22-84_0\00582.png,1,0.48769715428352356
B22-84,Data/Annotated\B22-84_0\00582_Aug1.png,1,0.475185364484787
B22-84,Data/Annotated\B22-84_0\00582_Aug2.png,1,0.48916497826576233
B22-84,Data/Annotated\B22-84_0\00582_Aug3.png,1,0.4882093071937561
B22-84,Data/Annotated\B22-84_0\00582_Aug4.png,1,0.47631126642227173
B22-84,Data/Annotated\B22-84_0\00582_Aug5.png,1,0.49978670477867126
B22-84,Data/Annotated\B22-84_0\00582_Aug6.png,1,0.4844735562801361
B22-84,Data/Annotated\B22-84_0\00582_Aug7.png,1,0.48446565866470337
B22-84,Data/Annotated\B22-84_0\00582_Aug8.png,1,0.4898153841495514
B22-84,Data/Annotated\B22-84_0\00627.png,1,0.5075868368148804
B22-84,Data/Annotated\B22-84_0\00627_Aug1.png,1,0.5031607747077942
B22-84,Data/Annotated\B22-84_0\00627_Aug2.png,1,0.5088881254196167
B22-84,Data/Annotated\B22-84_0\00627_Aug3.png,1,0.5047580599784851
B22-84,Data/Annotated\B22-84_0\00627_Aug4.png,1,0.5090195536613464
B22-84,Data/Annotated\B22-84_0\00627_Aug5.png,1,0.49495258927345276
B22-84,Data/Annotated\B22-84_0\00627_Aug6.png,1,0.5083321928977966
B22-84,Data/Annotated\B22-84_0\00627_Aug7.png,1,0.49541175365448
B22-84,Data/Annotated\B22-84_0\00627_Aug8.png,1,0.505980908870697
B22-84,Data/Annotated\B22-84_0\00739.png,1,0.49900001287460327
B22-84,Data/Annotated\B22-84_0\00739_Aug1.png,1,0.5049668550491333
B22-84,Data/Annotated\B22-84_0\00739_Aug2.png,1,0.49598684906959534
B22-84,Data/Annotated\B22-84_0\00739_Aug3.png,1,0.5036908388137817
B22-84,Data/Annotated\B22-84_0\00739_Aug4.png,1,0.5019952058792114
B22-84,Data/Annotated\B22-84_0\00739_Aug5.png,1,0.4992595613002777
B22-84,Data/Annotated\B22-84_0\00739_Aug6.png,1,0.5022122263908386
B22-84,Data/Annotated\B22-84_0\00739_Aug7.png,1,0.5007320046424866
B22-84,Data/Annotated\B22-84_0\00739_Aug8.png,1,0.5001075267791748
B22-84,Data/Annotated\B22-84_0\00959.png,0,0.22060398757457733
B22-84,Data/Annotated\B22-84_0\01006.png,0,0.036719098687171936
B22-84,Data/Annotated\B22-84_0\01013.png,0,0.38587555289268494
B22-84,Data/Annotated\B22-84_0\01016.png,0,0.042833954095840454
B22-84,Data/Annotated\B22-84_0\01214.png,0,0.12376685440540314
B22-84,Data/Annotated\B22-84_0\01522.png,0,0.2884986102581024
B22-84,Data/Annotated\B22-84_0\01534.png,0,0.4086739122867584
B22-84,Data/Annotated\B22-84_0\01978.png,1,0.4956355690956116
B22-84,Data/Annotated\B22-84_0\01978_Aug1.png,1,0.4956430196762085
B22-84,Data/Annotated\B22-84_0\01978_Aug2.png,1,0.4974186420440674
B22-84,Data/Annotated\B22-84_0\01978_Aug3.png,1,0.4956587553024292
B22-84,Data/Annotated\B22-84_0\01978_Aug4.png,1,0.48766884207725525
B22-84,Data/Annotated\B22-84_0\01978_Aug5.png,1,0.4868980348110199
B22-84,Data/Annotated\B22-84_0\01978_Aug6.png,1,0.4868144989013672
B22-84,Data/Annotated\B22-84_0\01978_Aug7.png,1,0.48690569400787354
B22-84,Data/Annotated\B22-84_0\01978_Aug8.png,1,0.4754888415336609
B22-84,Data/Annotated\B22-84_0\01982.png,1,0.491660475730896
B22-84,Data/Annotated\B22-84_0\01982_Aug1.png,1,0.49418532848358154
B22-84,Data/Annotated\B22-84_0\01982_Aug2.png,1,0.49009793996810913
B22-84,Data/Annotated\B22-84_0\01982_Aug3.png,1,0.4941885471343994
B22-84,Data/Annotated\B22-84_0\01982_Aug4.png,1,0.48217126727104187
B22-84,Data/Annotated\B22-84_0\01982_Aug5.png,1,0.49366363883018494
B22-84,Data/Annotated\B22-84_0\01982_Aug6.png,1,0.3900316655635834
B22-84,Data/Annotated\B22-84_0\01982_Aug7.png,1,0.4936591386795044
B22-84,Data/Annotated\B22-84_0\01982_Aug8.png,1,0.38048112392425537
B22-84,Data/Annotated\B22-84_0\02890.png,0,0.2784174680709839
B22-84,Data/Annotated\B22-84_0\02891.png,0,0.4850849509239197
B22-84,Data/Annotated\B22-84_0\03675.png,0,0.008802358992397785
B22-84,Data/Annotated\B22-84_0\03689.png,0,0.00985859613865614
B22-86,Data/Annotated\B22-86_0\00266.png,0,0.047798480838537216
B22-87,Data/Annotated\B22-87_1\00152.png,0,0.5022228360176086
B22-87,Data/Annotated\B22-87_1\00372.png,0,0.04131639003753662
B22-87,Data/Annotated\B22-87_1\00624.png,0,0.21539206802845
B22-91,Data/Annotated\B22-91_1\00087.png,0,0.14820098876953125
B22-91,Data/Annotated\B22-91_1\00165.png,0,0.034137923270463943
B22-91,Data/Annotated\B22-91_1\00275.png,0,0.034636229276657104
B22-91,Data/Annotated\B22-91_1\00360.png,0,0.056418612599372864
B22-92,Data/Annotated\B22-92_1\00235.png,0,0.012763823382556438
B22-92,Data/Annotated\B22-92_1\00305.png,0,0.06548517197370529
B22-92,Data/Annotated\B22-92_1\00307.png,0,0.027894308790564537
B22-92,Data/Annotated\B22-92_1\00341.png,0,0.029714301228523254
B22-92,Data/Annotated\B22-92_1\00346.png,0,0.030866868793964386
B22-92,Data/Annotated\B22-92_1\00395.png,0,0.018602242693305016
B22-92,Data/Annotated\B22-92_1\00485.png,0,0.023453734815120697
B22-92,Data/Annotated\B22-92_1\00517.png,0,0.05032293498516083
B22-92,Data/Annotated\B22-92_1\00558.png,0,0.2539367377758026
B22-92,Data/Annotated\B22-92_1\00586.png,0,0.013544546440243721
B22-92,Data/Annotated\B22-92_1\00619.png,0,0.021540779620409012
B22-92,Data/Annotated\B22-92_1\00676.png,0,0.2500629723072052
B22-92,Data/Annotated\B22-92_1\00678.png,0,0.029776347801089287
B22-93,Data/Annotated\B22-93_0\00639.png,0,0.033082883805036545
B22-93,Data/Annotated\B22-93_0\00641.png,0,0.02096082642674446
B22-93,Data/Annotated\B22-93_0\00675.png,0,0.0351787693798542
B22-93,Data/Annotated\B22-93_0\00677.png,0,0.025382690131664276
B22-93,Data/Annotated\B22-93_0\00678.png,0,0.24260297417640686
B22-94,Data/Annotated\B22-94_1\00068.png,0,0.016633234918117523
B22-94,Data/Annotated\B22-94_1\00159.png,0,0.02982831746339798
B22-94,Data/Annotated\B22-94_1\00164.png,0,0.013769698329269886
B22-94,Data/Annotated\B22-94_1\00171.png,0,0.02960745431482792
B22-95,Data/Annotated\B22-95_1\00178.png,0,0.028410322964191437
B22-95,Data/Annotated\B22-95_1\00255.png,0,0.3398887515068054
B22-95,Data/Annotated\B22-95_1\00361.png,0,0.010943545028567314
B22-95,Data/Annotated\B22-95_1\00766.png,0,0.027934111654758453
B22-95,Data/Annotated\B22-95_1\00781.png,0,0.2478124350309372
B22-95,Data/Annotated\B22-95_1\00908.png,0,0.02038460224866867
B22-95,Data/Annotated\B22-95_1\01131.png,0,0.050893258303403854
B22-99,Data/Annotated\B22-99_0\00521.png,0,0.025530856102705002
