CODI,PATH,PRESENCE,ERROR
B22-270,/fhome/maed/HelicoDataSet/CrossValidation/Annotated/B22-270_0/01134.png,0,0.006794511340558529
B22-270,/fhome/maed/HelicoDataSet/CrossValidation/Annotated/B22-270_0/01133.png,0,0.01222201157361269
B22-47,/fhome/maed/HelicoDataSet/CrossValidation/Annotated/B22-47_0/01236.png,0,0.016298023983836174
B22-47,/fhome/maed/HelicoDataSet/CrossValidation/Annotated/B22-47_0/00285.png,0,0.09313780069351196
B22-47,/fhome/maed/HelicoDataSet/CrossValidation/Annotated/B22-47_0/01549.png,0,0.06060601770877838
B22-47,/fhome/maed/HelicoDataSet/CrossValidation/Annotated/B22-47_0/01092.png,0,0.1382780522108078
B22-47,/fhome/maed/HelicoDataSet/CrossValidation/Annotated/B22-47_0/01653_Aug8.png,1,0.1746927946805954
B22-47,/fhome/maed/HelicoDataSet/CrossValidation/Annotated/B22-47_0/01653_Aug6.png,1,0.17270824313163757
B22-47,/fhome/maed/HelicoDataSet/CrossValidation/Annotated/B22-47_0/01371.png,0,0.033044446259737015
B22-47,/fhome/maed/HelicoDataSet/CrossValidation/Annotated/B22-47_0/01653.png,1,0.1665416657924652
B22-47,/fhome/maed/HelicoDataSet/CrossValidation/Annotated/B22-47_0/01539.png,0,0.1485498547554016
B22-47,/fhome/maed/HelicoDataSet/CrossValidation/Annotated/B22-47_0/00435.png,0,0.12003074586391449
B22-47,/fhome/maed/HelicoDataSet/CrossValidation/Annotated/B22-47_0/01653_Aug3.png,1,0.1702001690864563
B22-47,/fhome/maed/HelicoDataSet/CrossValidation/Annotated/B22-47_0/01653_Aug5.png,1,0.17708443105220795
B22-47,/fhome/maed/HelicoDataSet/CrossValidation/Annotated/B22-47_0/01653_Aug4.png,1,0.17361944913864136
B22-47,/fhome/maed/HelicoDataSet/CrossValidation/Annotated/B22-47_0/01729.png,0,0.020779674872756004
B22-47,/fhome/maed/HelicoDataSet/CrossValidation/Annotated/B22-47_0/01653_Aug2.png,1,0.1749447137117386
B22-47,/fhome/maed/HelicoDataSet/CrossValidation/Annotated/B22-47_0/01239.png,0,0.1287078857421875
B22-47,/fhome/maed/HelicoDataSet/CrossValidation/Annotated/B22-47_0/00390.png,0,0.02739611268043518
B22-47,/fhome/maed/HelicoDataSet/CrossValidation/Annotated/B22-47_0/01650.png,0,0.016493748873472214
B22-47,/fhome/maed/HelicoDataSet/CrossValidation/Annotated/B22-47_0/01653_Aug1.png,1,0.16992667317390442
B22-47,/fhome/maed/HelicoDataSet/CrossValidation/Annotated/B22-47_0/01653_Aug7.png,1,0.18052376806735992
B22-84,/fhome/maed/HelicoDataSet/CrossValidation/Annotated/B22-84_0/00582_Aug7.png,1,0.10114201158285141
B22-84,/fhome/maed/HelicoDataSet/CrossValidation/Annotated/B22-84_0/01978_Aug8.png,1,0.025756310671567917
B22-84,/fhome/maed/HelicoDataSet/CrossValidation/Annotated/B22-84_0/00099.png,1,0.0996592789888382
B22-84,/fhome/maed/HelicoDataSet/CrossValidation/Annotated/B22-84_0/01978_Aug4.png,1,0.14154386520385742
B22-84,/fhome/maed/HelicoDataSet/CrossValidation/Annotated/B22-84_0/00627_Aug1.png,1,0.16554637253284454
B22-84,/fhome/maed/HelicoDataSet/CrossValidation/Annotated/B22-84_0/00627_Aug7.png,1,0.13772067427635193
B22-84,/fhome/maed/HelicoDataSet/CrossValidation/Annotated/B22-84_0/01522.png,0,0.007675066590309143
B22-84,/fhome/maed/HelicoDataSet/CrossValidation/Annotated/B22-84_0/00582_Aug4.png,1,0.061122193932533264
B22-84,/fhome/maed/HelicoDataSet/CrossValidation/Annotated/B22-84_0/00739_Aug6.png,1,0.1723533421754837
B22-84,/fhome/maed/HelicoDataSet/CrossValidation/Annotated/B22-84_0/03689.png,0,0.002177185146138072
B22-84,/fhome/maed/HelicoDataSet/CrossValidation/Annotated/B22-84_0/00099_Aug3.png,1,0.09965845942497253
B22-84,/fhome/maed/HelicoDataSet/CrossValidation/Annotated/B22-84_0/01982_Aug5.png,1,0.149759441614151
B22-84,/fhome/maed/HelicoDataSet/CrossValidation/Annotated/B22-84_0/01006.png,0,0.0033424326684325933
B22-84,/fhome/maed/HelicoDataSet/CrossValidation/Annotated/B22-84_0/01982.png,1,0.1567334681749344
B22-84,/fhome/maed/HelicoDataSet/CrossValidation/Annotated/B22-84_0/00739_Aug4.png,1,0.23388494551181793
B22-84,/fhome/maed/HelicoDataSet/CrossValidation/Annotated/B22-84_0/02891.png,0,0.019971953704953194
B22-84,/fhome/maed/HelicoDataSet/CrossValidation/Annotated/B22-84_0/01978_Aug5.png,1,0.14396977424621582
B22-84,/fhome/maed/HelicoDataSet/CrossValidation/Annotated/B22-84_0/00582_Aug2.png,1,0.10157470405101776
B22-84,/fhome/maed/HelicoDataSet/CrossValidation/Annotated/B22-84_0/01534.png,0,0.01415802352130413
B22-84,/fhome/maed/HelicoDataSet/CrossValidation/Annotated/B22-84_0/00739.png,1,0.17046628892421722
B22-84,/fhome/maed/HelicoDataSet/CrossValidation/Annotated/B22-84_0/00582.png,1,0.08295650780200958
B22-84,/fhome/maed/HelicoDataSet/CrossValidation/Annotated/B22-84_0/00099_Aug4.png,1,0.10430347919464111
B22-84,/fhome/maed/HelicoDataSet/CrossValidation/Annotated/B22-84_0/01978_Aug1.png,1,0.15821920335292816
B22-84,/fhome/maed/HelicoDataSet/CrossValidation/Annotated/B22-84_0/00739_Aug7.png,1,0.16414158046245575
B22-84,/fhome/maed/HelicoDataSet/CrossValidation/Annotated/B22-84_0/01982_Aug3.png,1,0.15528497099876404
B22-84,/fhome/maed/HelicoDataSet/CrossValidation/Annotated/B22-84_0/01978_Aug7.png,1,0.1593012660741806
B22-84,/fhome/maed/HelicoDataSet/CrossValidation/Annotated/B22-84_0/01982_Aug7.png,1,0.16933391988277435
B22-84,/fhome/maed/HelicoDataSet/CrossValidation/Annotated/B22-84_0/03675.png,0,0.00503792567178607
B22-84,/fhome/maed/HelicoDataSet/CrossValidation/Annotated/B22-84_0/01978_Aug3.png,1,0.1626705825328827
B22-84,/fhome/maed/HelicoDataSet/CrossValidation/Annotated/B22-84_0/00099_Aug1.png,1,0.09965857863426208
B22-84,/fhome/maed/HelicoDataSet/CrossValidation/Annotated/B22-84_0/01982_Aug8.png,1,0.01276840828359127
B22-84,/fhome/maed/HelicoDataSet/CrossValidation/Annotated/B22-84_0/00627.png,1,0.16368204355239868
B22-84,/fhome/maed/HelicoDataSet/CrossValidation/Annotated/B22-84_0/00627_Aug8.png,1,0.19830824434757233
B22-84,/fhome/maed/HelicoDataSet/CrossValidation/Annotated/B22-84_0/00739_Aug1.png,1,0.16338582336902618
B22-84,/fhome/maed/HelicoDataSet/CrossValidation/Annotated/B22-84_0/00099_Aug2.png,1,0.07456138730049133
B22-84,/fhome/maed/HelicoDataSet/CrossValidation/Annotated/B22-84_0/00627_Aug5.png,1,0.14582093060016632
B22-84,/fhome/maed/HelicoDataSet/CrossValidation/Annotated/B22-84_0/00627_Aug2.png,1,0.18300098180770874
B22-84,/fhome/maed/HelicoDataSet/CrossValidation/Annotated/B22-84_0/00582_Aug8.png,1,0.07205155491828918
B22-84,/fhome/maed/HelicoDataSet/CrossValidation/Annotated/B22-84_0/01214.png,0,0.0024966876953840256
B22-84,/fhome/maed/HelicoDataSet/CrossValidation/Annotated/B22-84_0/01978_Aug6.png,1,0.14061522483825684
B22-84,/fhome/maed/HelicoDataSet/CrossValidation/Annotated/B22-84_0/00627_Aug6.png,1,0.17525750398635864
B22-84,/fhome/maed/HelicoDataSet/CrossValidation/Annotated/B22-84_0/00627_Aug3.png,1,0.1737142652273178
B22-84,/fhome/maed/HelicoDataSet/CrossValidation/Annotated/B22-84_0/00099_Aug5.png,1,0.0997094064950943
B22-84,/fhome/maed/HelicoDataSet/CrossValidation/Annotated/B22-84_0/00099_Aug6.png,1,0.0958022028207779
B22-84,/fhome/maed/HelicoDataSet/CrossValidation/Annotated/B22-84_0/00582_Aug1.png,1,0.10560006648302078
B22-84,/fhome/maed/HelicoDataSet/CrossValidation/Annotated/B22-84_0/02890.png,0,0.003185850568115711
B22-84,/fhome/maed/HelicoDataSet/CrossValidation/Annotated/B22-84_0/00739_Aug5.png,1,0.16991287469863892
B22-84,/fhome/maed/HelicoDataSet/CrossValidation/Annotated/B22-84_0/01982_Aug6.png,1,0.016589920967817307
B22-84,/fhome/maed/HelicoDataSet/CrossValidation/Annotated/B22-84_0/00739_Aug3.png,1,0.1787836253643036
B22-84,/fhome/maed/HelicoDataSet/CrossValidation/Annotated/B22-84_0/01982_Aug4.png,1,0.054479118436574936
B22-84,/fhome/maed/HelicoDataSet/CrossValidation/Annotated/B22-84_0/00582_Aug5.png,1,0.13215228915214539
B22-84,/fhome/maed/HelicoDataSet/CrossValidation/Annotated/B22-84_0/01016.png,0,0.00614287331700325
B22-84,/fhome/maed/HelicoDataSet/CrossValidation/Annotated/B22-84_0/01978_Aug2.png,1,0.15853914618492126
B22-84,/fhome/maed/HelicoDataSet/CrossValidation/Annotated/B22-84_0/00627_Aug4.png,1,0.1753816306591034
B22-84,/fhome/maed/HelicoDataSet/CrossValidation/Annotated/B22-84_0/00739_Aug8.png,1,0.16366244852542877
B22-84,/fhome/maed/HelicoDataSet/CrossValidation/Annotated/B22-84_0/00582_Aug6.png,1,0.062403302639722824
B22-84,/fhome/maed/HelicoDataSet/CrossValidation/Annotated/B22-84_0/01982_Aug1.png,1,0.15588024258613586
B22-84,/fhome/maed/HelicoDataSet/CrossValidation/Annotated/B22-84_0/00220.png,0,0.0022455130238085985
B22-84,/fhome/maed/HelicoDataSet/CrossValidation/Annotated/B22-84_0/00739_Aug2.png,1,0.16601219773292542
B22-84,/fhome/maed/HelicoDataSet/CrossValidation/Annotated/B22-84_0/00959.png,0,0.006309790071099997
B22-84,/fhome/maed/HelicoDataSet/CrossValidation/Annotated/B22-84_0/00099_Aug8.png,1,0.061854105442762375
B22-84,/fhome/maed/HelicoDataSet/CrossValidation/Annotated/B22-84_0/01982_Aug2.png,1,0.12508124113082886
B22-84,/fhome/maed/HelicoDataSet/CrossValidation/Annotated/B22-84_0/01013.png,0,0.010198208503425121
B22-84,/fhome/maed/HelicoDataSet/CrossValidation/Annotated/B22-84_0/00582_Aug3.png,1,0.07710104435682297
B22-84,/fhome/maed/HelicoDataSet/CrossValidation/Annotated/B22-84_0/01978.png,1,0.16267265379428864
B22-84,/fhome/maed/HelicoDataSet/CrossValidation/Annotated/B22-84_0/00099_Aug7.png,1,0.0997113585472107
B22-45,/fhome/maed/HelicoDataSet/CrossValidation/Annotated/B22-45_0/01059_Aug3.png,1,0.1775074303150177
B22-45,/fhome/maed/HelicoDataSet/CrossValidation/Annotated/B22-45_0/01027_Aug5.png,1,0.13988089561462402
B22-45,/fhome/maed/HelicoDataSet/CrossValidation/Annotated/B22-45_0/01059_Aug8.png,1,0.16313838958740234
B22-45,/fhome/maed/HelicoDataSet/CrossValidation/Annotated/B22-45_0/01050.png,0,0.006023188587278128
B22-45,/fhome/maed/HelicoDataSet/CrossValidation/Annotated/B22-45_0/00741_Aug3.png,1,0.07235034555196762
B22-45,/fhome/maed/HelicoDataSet/CrossValidation/Annotated/B22-45_0/01027_Aug2.png,1,0.13077515363693237
B22-45,/fhome/maed/HelicoDataSet/CrossValidation/Annotated/B22-45_0/01027.png,1,0.14160004258155823
B22-45,/fhome/maed/HelicoDataSet/CrossValidation/Annotated/B22-45_0/00741_Aug5.png,1,0.06083839759230614
B22-45,/fhome/maed/HelicoDataSet/CrossValidation/Annotated/B22-45_0/01059_Aug7.png,1,0.16844157874584198
B22-45,/fhome/maed/HelicoDataSet/CrossValidation/Annotated/B22-45_0/01059_Aug4.png,1,0.15990658104419708
B22-45,/fhome/maed/HelicoDataSet/CrossValidation/Annotated/B22-45_0/01059_Aug1.png,1,0.1658661961555481
B22-45,/fhome/maed/HelicoDataSet/CrossValidation/Annotated/B22-45_0/01027_Aug6.png,1,0.15253371000289917
B22-45,/fhome/maed/HelicoDataSet/CrossValidation/Annotated/B22-45_0/01027_Aug8.png,1,0.10415882617235184
B22-45,/fhome/maed/HelicoDataSet/CrossValidation/Annotated/B22-45_0/00741.png,1,0.0624409019947052
B22-45,/fhome/maed/HelicoDataSet/CrossValidation/Annotated/B22-45_0/01027_Aug4.png,1,0.1415873020887375
B22-45,/fhome/maed/HelicoDataSet/CrossValidation/Annotated/B22-45_0/01059.png,1,0.15519095957279205
B22-45,/fhome/maed/HelicoDataSet/CrossValidation/Annotated/B22-45_0/01027_Aug1.png,1,0.10276881605386734
B22-45,/fhome/maed/HelicoDataSet/CrossValidation/Annotated/B22-45_0/01027_Aug3.png,1,0.14431288838386536
B22-45,/fhome/maed/HelicoDataSet/CrossValidation/Annotated/B22-45_0/00741_Aug2.png,1,0.0608941875398159
B22-45,/fhome/maed/HelicoDataSet/CrossValidation/Annotated/B22-45_0/00741_Aug8.png,1,0.11253346502780914
B22-45,/fhome/maed/HelicoDataSet/CrossValidation/Annotated/B22-45_0/01059_Aug5.png,1,0.1688259094953537
B22-45,/fhome/maed/HelicoDataSet/CrossValidation/Annotated/B22-45_0/00741_Aug7.png,1,0.06456410884857178
B22-45,/fhome/maed/HelicoDataSet/CrossValidation/Annotated/B22-45_0/00741_Aug4.png,1,0.09826537221670151
B22-45,/fhome/maed/HelicoDataSet/CrossValidation/Annotated/B22-45_0/01027_Aug7.png,1,0.0922502651810646
B22-45,/fhome/maed/HelicoDataSet/CrossValidation/Annotated/B22-45_0/01059_Aug2.png,1,0.16781367361545563
B22-45,/fhome/maed/HelicoDataSet/CrossValidation/Annotated/B22-45_0/01059_Aug6.png,1,0.16862154006958008
B22-45,/fhome/maed/HelicoDataSet/CrossValidation/Annotated/B22-45_0/00741_Aug6.png,1,0.10987637937068939
B22-45,/fhome/maed/HelicoDataSet/CrossValidation/Annotated/B22-45_0/00741_Aug1.png,1,0.060417868196964264
B22-54,/fhome/maed/HelicoDataSet/CrossValidation/Annotated/B22-54_1/00266.png,0,0.001719098538160324
B22-54,/fhome/maed/HelicoDataSet/CrossValidation/Annotated/B22-54_1/00486.png,0,0.005084062926471233
B22-54,/fhome/maed/HelicoDataSet/CrossValidation/Annotated/B22-54_1/00118.png,0,0.0024573667906224728
B22-54,/fhome/maed/HelicoDataSet/CrossValidation/Annotated/B22-54_1/00194.png,0,0.006041679996997118
B22-34,/fhome/maed/HelicoDataSet/CrossValidation/Annotated/B22-34_1/00629.png,0,0.006747384089976549
B22-34,/fhome/maed/HelicoDataSet/CrossValidation/Annotated/B22-34_1/00592.png,0,0.005166871473193169
B22-34,/fhome/maed/HelicoDataSet/CrossValidation/Annotated/B22-34_1/00767.png,0,0.002568115247413516
B22-311,/fhome/maed/HelicoDataSet/CrossValidation/Annotated/B22-311_0/00529.png,0,0.028134742751717567
B22-311,/fhome/maed/HelicoDataSet/CrossValidation/Annotated/B22-311_0/00002.png,0,0.1557949036359787
B22-167,/fhome/maed/HelicoDataSet/CrossValidation/Annotated/B22-167_0/00005.png,0,0.001966675743460655
B22-167,/fhome/maed/HelicoDataSet/CrossValidation/Annotated/B22-167_0/02942.png,0,0.004773015156388283
B22-167,/fhome/maed/HelicoDataSet/CrossValidation/Annotated/B22-167_0/00159.png,0,0.00546969985589385
B22-167,/fhome/maed/HelicoDataSet/CrossValidation/Annotated/B22-167_0/00004.png,0,0.006564233917742968
B22-167,/fhome/maed/HelicoDataSet/CrossValidation/Annotated/B22-167_0/00006.png,0,0.004296408500522375
B22-284,/fhome/maed/HelicoDataSet/CrossValidation/Annotated/B22-284_0/01017.png,0,0.003905976889654994
B22-284,/fhome/maed/HelicoDataSet/CrossValidation/Annotated/B22-284_0/00707.png,0,0.003912276588380337
B22-284,/fhome/maed/HelicoDataSet/CrossValidation/Annotated/B22-284_0/01101.png,0,0.0054628257639706135
B22-284,/fhome/maed/HelicoDataSet/CrossValidation/Annotated/B22-284_0/01058.png,0,0.001947756507433951
B22-284,/fhome/maed/HelicoDataSet/CrossValidation/Annotated/B22-284_0/01060.png,0,0.00264124502427876
B22-284,/fhome/maed/HelicoDataSet/CrossValidation/Annotated/B22-284_0/00833.png,0,0.007804232183843851
B22-284,/fhome/maed/HelicoDataSet/CrossValidation/Annotated/B22-284_0/01057.png,0,0.003062089439481497
B22-284,/fhome/maed/HelicoDataSet/CrossValidation/Annotated/B22-284_0/00706.png,0,0.01002900768071413
B22-284,/fhome/maed/HelicoDataSet/CrossValidation/Annotated/B22-284_0/01074.png,0,0.0029998018871992826
B22-284,/fhome/maed/HelicoDataSet/CrossValidation/Annotated/B22-284_0/00989.png,0,0.0032714996486902237
B22-284,/fhome/maed/HelicoDataSet/CrossValidation/Annotated/B22-284_0/01033.png,0,0.005647899117320776
B22-284,/fhome/maed/HelicoDataSet/CrossValidation/Annotated/B22-284_0/00687.png,0,0.004960685968399048
B22-284,/fhome/maed/HelicoDataSet/CrossValidation/Annotated/B22-284_0/01100.png,0,0.0022233640775084496
B22-284,/fhome/maed/HelicoDataSet/CrossValidation/Annotated/B22-284_0/00838.png,0,0.005271436180919409
B22-284,/fhome/maed/HelicoDataSet/CrossValidation/Annotated/B22-284_0/01062.png,0,0.002627200447022915
B22-284,/fhome/maed/HelicoDataSet/CrossValidation/Annotated/B22-284_0/01012.png,0,0.0030657625757157803
B22-284,/fhome/maed/HelicoDataSet/CrossValidation/Annotated/B22-284_0/01103.png,0,0.0025688207242637873
B22-284,/fhome/maed/HelicoDataSet/CrossValidation/Annotated/B22-284_0/01032.png,0,0.00500841299071908
B22-284,/fhome/maed/HelicoDataSet/CrossValidation/Annotated/B22-284_0/00984.png,0,0.006139129400253296
B22-284,/fhome/maed/HelicoDataSet/CrossValidation/Annotated/B22-284_0/00686.png,0,0.00190264533739537
B22-284,/fhome/maed/HelicoDataSet/CrossValidation/Annotated/B22-284_0/00705.png,0,0.007503747474402189
B22-284,/fhome/maed/HelicoDataSet/CrossValidation/Annotated/B22-284_0/01061.png,0,0.014076562598347664
B22-284,/fhome/maed/HelicoDataSet/CrossValidation/Annotated/B22-284_0/00986.png,0,0.00413732323795557
B22-284,/fhome/maed/HelicoDataSet/CrossValidation/Annotated/B22-284_0/01059.png,0,0.005159840453416109
B22-284,/fhome/maed/HelicoDataSet/CrossValidation/Annotated/B22-284_0/01073.png,0,0.005834509152919054
B22-284,/fhome/maed/HelicoDataSet/CrossValidation/Annotated/B22-284_0/01029.png,0,0.003739115549251437
B22-284,/fhome/maed/HelicoDataSet/CrossValidation/Annotated/B22-284_0/00835.png,0,0.007117134053260088
B22-284,/fhome/maed/HelicoDataSet/CrossValidation/Annotated/B22-284_0/01102.png,0,0.0036140710581094027
B22-284,/fhome/maed/HelicoDataSet/CrossValidation/Annotated/B22-284_0/01034.png,0,0.0019288999028503895
B22-284,/fhome/maed/HelicoDataSet/CrossValidation/Annotated/B22-284_0/01075.png,0,0.004818405956029892
B22-284,/fhome/maed/HelicoDataSet/CrossValidation/Annotated/B22-284_0/00688.png,0,0.003822058904916048
B22-284,/fhome/maed/HelicoDataSet/CrossValidation/Annotated/B22-284_0/00987.png,0,0.00235931109637022
B22-284,/fhome/maed/HelicoDataSet/CrossValidation/Annotated/B22-284_0/01076.png,0,0.008326170034706593
B22-284,/fhome/maed/HelicoDataSet/CrossValidation/Annotated/B22-284_0/01014.png,0,0.002608413575217128
B22-284,/fhome/maed/HelicoDataSet/CrossValidation/Annotated/B22-284_0/00985.png,0,0.007100433576852083
B22-284,/fhome/maed/HelicoDataSet/CrossValidation/Annotated/B22-284_0/01031.png,0,0.00606558145955205
B22-284,/fhome/maed/HelicoDataSet/CrossValidation/Annotated/B22-284_0/00990.png,0,0.003186379559338093
B22-284,/fhome/maed/HelicoDataSet/CrossValidation/Annotated/B22-284_0/00704.png,0,0.007379602175205946
B22-284,/fhome/maed/HelicoDataSet/CrossValidation/Annotated/B22-284_0/01056.png,0,0.002266789088025689
B22-284,/fhome/maed/HelicoDataSet/CrossValidation/Annotated/B22-284_0/01105.png,0,0.0024475452955812216
B22-284,/fhome/maed/HelicoDataSet/CrossValidation/Annotated/B22-284_0/00837.png,0,0.00427502766251564
B22-284,/fhome/maed/HelicoDataSet/CrossValidation/Annotated/B22-284_0/00988.png,0,0.01834902912378311
B22-284,/fhome/maed/HelicoDataSet/CrossValidation/Annotated/B22-284_0/01028.png,0,0.0037219016812741756
B22-284,/fhome/maed/HelicoDataSet/CrossValidation/Annotated/B22-284_0/01016.png,0,0.006251094397157431
B22-284,/fhome/maed/HelicoDataSet/CrossValidation/Annotated/B22-284_0/01104.png,0,0.0035412542056292295
B22-284,/fhome/maed/HelicoDataSet/CrossValidation/Annotated/B22-284_0/00690.png,0,0.00286122877150774
B22-284,/fhome/maed/HelicoDataSet/CrossValidation/Annotated/B22-284_0/00689.png,0,0.0013954313471913338
B22-284,/fhome/maed/HelicoDataSet/CrossValidation/Annotated/B22-284_0/01013.png,0,0.002536875195801258
B22-284,/fhome/maed/HelicoDataSet/CrossValidation/Annotated/B22-284_0/01030.png,0,0.0042572710663080215
B22-284,/fhome/maed/HelicoDataSet/CrossValidation/Annotated/B22-284_0/01015.png,0,0.0020197785925120115
B22-284,/fhome/maed/HelicoDataSet/CrossValidation/Annotated/B22-284_0/00834.png,0,0.0061268275603652
B22-284,/fhome/maed/HelicoDataSet/CrossValidation/Annotated/B22-284_0/00836.png,0,0.0034422227181494236
B22-190,/fhome/maed/HelicoDataSet/CrossValidation/Annotated/B22-190_1/00737.png,0,0.020789803937077522
B22-190,/fhome/maed/HelicoDataSet/CrossValidation/Annotated/B22-190_1/01059.png,0,0.005167393945157528
B22-190,/fhome/maed/HelicoDataSet/CrossValidation/Annotated/B22-190_1/00027.png,0,0.005479028448462486
B22-190,/fhome/maed/HelicoDataSet/CrossValidation/Annotated/B22-190_1/00802.png,0,0.0068747843615710735
B22-190,/fhome/maed/HelicoDataSet/CrossValidation/Annotated/B22-190_1/00180.png,0,0.003765749279409647
B22-307,/fhome/maed/HelicoDataSet/CrossValidation/Annotated/B22-307_0/00284.png,0,0.14671550691127777
B22-307,/fhome/maed/HelicoDataSet/CrossValidation/Annotated/B22-307_0/00261.png,0,0.04597088694572449
B22-307,/fhome/maed/HelicoDataSet/CrossValidation/Annotated/B22-307_0/00300.png,0,0.003799936966970563
B22-123,/fhome/maed/HelicoDataSet/CrossValidation/Annotated/B22-123_0/01063_Aug2.png,1,0.15531325340270996
B22-123,/fhome/maed/HelicoDataSet/CrossValidation/Annotated/B22-123_0/01063_Aug7.png,1,0.1554218977689743
B22-123,/fhome/maed/HelicoDataSet/CrossValidation/Annotated/B22-123_0/00687_Aug2.png,1,0.17292290925979614
B22-123,/fhome/maed/HelicoDataSet/CrossValidation/Annotated/B22-123_0/01063_Aug8.png,1,0.1569412797689438
B22-123,/fhome/maed/HelicoDataSet/CrossValidation/Annotated/B22-123_0/00696_Aug3.png,1,0.20192092657089233
B22-123,/fhome/maed/HelicoDataSet/CrossValidation/Annotated/B22-123_0/00696_Aug2.png,1,0.2000330090522766
B22-123,/fhome/maed/HelicoDataSet/CrossValidation/Annotated/B22-123_0/00994.png,0,0.010033298283815384
B22-123,/fhome/maed/HelicoDataSet/CrossValidation/Annotated/B22-123_0/00839.png,0,0.02395087480545044
B22-123,/fhome/maed/HelicoDataSet/CrossValidation/Annotated/B22-123_0/00687_Aug6.png,1,0.17680326104164124
B22-123,/fhome/maed/HelicoDataSet/CrossValidation/Annotated/B22-123_0/00696_Aug4.png,1,0.2044440656900406
B22-123,/fhome/maed/HelicoDataSet/CrossValidation/Annotated/B22-123_0/00308.png,0,0.07723014056682587
B22-123,/fhome/maed/HelicoDataSet/CrossValidation/Annotated/B22-123_0/00687.png,1,0.1756434291601181
B22-123,/fhome/maed/HelicoDataSet/CrossValidation/Annotated/B22-123_0/00993.png,0,0.0264072697609663
B22-123,/fhome/maed/HelicoDataSet/CrossValidation/Annotated/B22-123_0/00696_Aug1.png,1,0.19502650201320648
B22-123,/fhome/maed/HelicoDataSet/CrossValidation/Annotated/B22-123_0/00047.png,0,0.09839335083961487
B22-123,/fhome/maed/HelicoDataSet/CrossValidation/Annotated/B22-123_0/01063_Aug6.png,1,0.1458512544631958
B22-123,/fhome/maed/HelicoDataSet/CrossValidation/Annotated/B22-123_0/00687_Aug8.png,1,0.1741940975189209
B22-123,/fhome/maed/HelicoDataSet/CrossValidation/Annotated/B22-123_0/00696_Aug7.png,1,0.20785728096961975
B22-123,/fhome/maed/HelicoDataSet/CrossValidation/Annotated/B22-123_0/01063_Aug5.png,1,0.13682612776756287
B22-123,/fhome/maed/HelicoDataSet/CrossValidation/Annotated/B22-123_0/00696_Aug5.png,1,0.20154203474521637
B22-123,/fhome/maed/HelicoDataSet/CrossValidation/Annotated/B22-123_0/00696.png,1,0.19110286235809326
B22-123,/fhome/maed/HelicoDataSet/CrossValidation/Annotated/B22-123_0/01063_Aug3.png,1,0.12682309746742249
B22-123,/fhome/maed/HelicoDataSet/CrossValidation/Annotated/B22-123_0/00696_Aug8.png,1,0.21337221562862396
B22-123,/fhome/maed/HelicoDataSet/CrossValidation/Annotated/B22-123_0/00687_Aug4.png,1,0.17062586545944214
B22-123,/fhome/maed/HelicoDataSet/CrossValidation/Annotated/B22-123_0/00687_Aug7.png,1,0.1842992901802063
B22-123,/fhome/maed/HelicoDataSet/CrossValidation/Annotated/B22-123_0/01063_Aug1.png,1,0.15532715618610382
B22-123,/fhome/maed/HelicoDataSet/CrossValidation/Annotated/B22-123_0/00687_Aug5.png,1,0.17692895233631134
B22-123,/fhome/maed/HelicoDataSet/CrossValidation/Annotated/B22-123_0/00696_Aug6.png,1,0.20626752078533173
B22-123,/fhome/maed/HelicoDataSet/CrossValidation/Annotated/B22-123_0/00687_Aug3.png,1,0.1825810819864273
B22-123,/fhome/maed/HelicoDataSet/CrossValidation/Annotated/B22-123_0/00687_Aug1.png,1,0.18009048700332642
B22-123,/fhome/maed/HelicoDataSet/CrossValidation/Annotated/B22-123_0/01063.png,1,0.14816004037857056
B22-123,/fhome/maed/HelicoDataSet/CrossValidation/Annotated/B22-123_0/01063_Aug4.png,1,0.15365836024284363
B22-244,/fhome/maed/HelicoDataSet/CrossValidation/Annotated/B22-244_0/01327.png,0,0.005487533751875162
B22-244,/fhome/maed/HelicoDataSet/CrossValidation/Annotated/B22-244_0/01708.png,0,0.012536904774606228
B22-244,/fhome/maed/HelicoDataSet/CrossValidation/Annotated/B22-244_0/01288.png,0,0.00596459349617362
B22-244,/fhome/maed/HelicoDataSet/CrossValidation/Annotated/B22-244_0/01711.png,0,0.005001907702535391
B22-214,/fhome/maed/HelicoDataSet/CrossValidation/Annotated/B22-214_0/01101.png,0,0.006616841070353985
B22-214,/fhome/maed/HelicoDataSet/CrossValidation/Annotated/B22-214_0/00949.png,0,0.006350429262965918
B22-188,/fhome/maed/HelicoDataSet/CrossValidation/Annotated/B22-188_0/00005.png,0,0.16372592747211456
B22-188,/fhome/maed/HelicoDataSet/CrossValidation/Annotated/B22-188_0/00254.png,0,0.002578163519501686
B22-188,/fhome/maed/HelicoDataSet/CrossValidation/Annotated/B22-188_0/00256.png,0,0.031802378594875336
B22-185,/fhome/maed/HelicoDataSet/CrossValidation/Annotated/B22-185_0/00821.png,0,0.005896951537579298
B22-175,/fhome/maed/HelicoDataSet/CrossValidation/Annotated/B22-175_1/00551.png,0,0.005622453987598419
B22-175,/fhome/maed/HelicoDataSet/CrossValidation/Annotated/B22-175_1/00683.png,0,0.005746877286583185
B22-175,/fhome/maed/HelicoDataSet/CrossValidation/Annotated/B22-175_1/00609.png,0,0.006225364748388529
B22-175,/fhome/maed/HelicoDataSet/CrossValidation/Annotated/B22-175_1/00467.png,0,0.005761557724326849
B22-175,/fhome/maed/HelicoDataSet/CrossValidation/Annotated/B22-175_1/00325.png,0,0.006423091981559992
B22-175,/fhome/maed/HelicoDataSet/CrossValidation/Annotated/B22-175_1/00624.png,0,0.005463548470288515
B22-175,/fhome/maed/HelicoDataSet/CrossValidation/Annotated/B22-175_1/00538.png,0,0.001884372322820127
B22-175,/fhome/maed/HelicoDataSet/CrossValidation/Annotated/B22-175_1/00569.png,0,0.002503652125597
B22-175,/fhome/maed/HelicoDataSet/CrossValidation/Annotated/B22-175_1/00500.png,0,0.001912026316858828
B22-152,/fhome/maed/HelicoDataSet/CrossValidation/Annotated/B22-152_1/00214.png,0,0.003710698103532195
B22-152,/fhome/maed/HelicoDataSet/CrossValidation/Annotated/B22-152_1/00556.png,0,0.0036083171144127846
B22-152,/fhome/maed/HelicoDataSet/CrossValidation/Annotated/B22-152_1/00102.png,0,0.0023972932249307632
B22-152,/fhome/maed/HelicoDataSet/CrossValidation/Annotated/B22-152_1/00416.png,0,0.00361624569632113
B22-157,/fhome/maed/HelicoDataSet/CrossValidation/Annotated/B22-157_0/00111.png,0,0.15687893331050873
B22-275,/fhome/maed/HelicoDataSet/CrossValidation/Annotated/B22-275_0/00119.png,1,0.15227319300174713
B22-275,/fhome/maed/HelicoDataSet/CrossValidation/Annotated/B22-275_0/00119_Aug5.png,1,0.14618952572345734
B22-275,/fhome/maed/HelicoDataSet/CrossValidation/Annotated/B22-275_0/00119_Aug6.png,1,0.16628670692443848
B22-275,/fhome/maed/HelicoDataSet/CrossValidation/Annotated/B22-275_0/00119_Aug8.png,1,0.15903106331825256
B22-275,/fhome/maed/HelicoDataSet/CrossValidation/Annotated/B22-275_0/00119_Aug2.png,1,0.1505228728055954
B22-275,/fhome/maed/HelicoDataSet/CrossValidation/Annotated/B22-275_0/00144_Aug6.png,1,0.14467406272888184
B22-275,/fhome/maed/HelicoDataSet/CrossValidation/Annotated/B22-275_0/00144_Aug8.png,1,0.15721826255321503
B22-275,/fhome/maed/HelicoDataSet/CrossValidation/Annotated/B22-275_0/00144_Aug5.png,1,0.13698625564575195
B22-275,/fhome/maed/HelicoDataSet/CrossValidation/Annotated/B22-275_0/00144_Aug3.png,1,0.1537223607301712
B22-275,/fhome/maed/HelicoDataSet/CrossValidation/Annotated/B22-275_0/00119_Aug7.png,1,0.15148569643497467
B22-275,/fhome/maed/HelicoDataSet/CrossValidation/Annotated/B22-275_0/00119_Aug4.png,1,0.16490553319454193
B22-275,/fhome/maed/HelicoDataSet/CrossValidation/Annotated/B22-275_0/00119_Aug1.png,1,0.1557781845331192
B22-275,/fhome/maed/HelicoDataSet/CrossValidation/Annotated/B22-275_0/00144_Aug1.png,1,0.14319442212581635
B22-275,/fhome/maed/HelicoDataSet/CrossValidation/Annotated/B22-275_0/00119_Aug3.png,1,0.14834202826023102
B22-275,/fhome/maed/HelicoDataSet/CrossValidation/Annotated/B22-275_0/00477.png,0,0.06666414439678192
B22-275,/fhome/maed/HelicoDataSet/CrossValidation/Annotated/B22-275_0/00144_Aug4.png,1,0.13799631595611572
B22-275,/fhome/maed/HelicoDataSet/CrossValidation/Annotated/B22-275_0/00144_Aug7.png,1,0.10886184871196747
B22-275,/fhome/maed/HelicoDataSet/CrossValidation/Annotated/B22-275_0/00144.png,1,0.16226503252983093
B22-275,/fhome/maed/HelicoDataSet/CrossValidation/Annotated/B22-275_0/00144_Aug2.png,1,0.1618318408727646
B22-298,/fhome/maed/HelicoDataSet/CrossValidation/Annotated/B22-298_0/01280.png,0,0.0060172672383487225
B22-298,/fhome/maed/HelicoDataSet/CrossValidation/Annotated/B22-298_0/00338.png,0,0.007614292670041323
B22-35,/fhome/maed/HelicoDataSet/CrossValidation/Annotated/B22-35_0/00332.png,0,0.0062640514224767685
B22-148,/fhome/maed/HelicoDataSet/CrossValidation/Annotated/B22-148_1/00035.png,0,0.0054456391371786594
B22-148,/fhome/maed/HelicoDataSet/CrossValidation/Annotated/B22-148_1/00193.png,0,0.002859204774722457
B22-56,/fhome/maed/HelicoDataSet/CrossValidation/Annotated/B22-56_0/02617.png,0,0.007005654741078615
B22-56,/fhome/maed/HelicoDataSet/CrossValidation/Annotated/B22-56_0/00015.png,0,0.10864867269992828
B22-56,/fhome/maed/HelicoDataSet/CrossValidation/Annotated/B22-56_0/00021.png,0,0.010283916257321835
B22-56,/fhome/maed/HelicoDataSet/CrossValidation/Annotated/B22-56_0/00017.png,0,0.0205230675637722
B22-56,/fhome/maed/HelicoDataSet/CrossValidation/Annotated/B22-56_0/00519.png,0,0.012037370353937149
B22-56,/fhome/maed/HelicoDataSet/CrossValidation/Annotated/B22-56_0/00320.png,0,0.08974732458591461
B22-56,/fhome/maed/HelicoDataSet/CrossValidation/Annotated/B22-56_0/00316.png,0,0.022926751524209976
B22-56,/fhome/maed/HelicoDataSet/CrossValidation/Annotated/B22-56_0/00016.png,0,0.046738408505916595
B22-101,/fhome/maed/HelicoDataSet/CrossValidation/Annotated/B22-101_0/00201_Aug1.png,1,0.151376873254776
B22-101,/fhome/maed/HelicoDataSet/CrossValidation/Annotated/B22-101_0/00201_Aug7.png,1,0.1342545747756958
B22-101,/fhome/maed/HelicoDataSet/CrossValidation/Annotated/B22-101_0/00201.png,1,0.15114204585552216
B22-101,/fhome/maed/HelicoDataSet/CrossValidation/Annotated/B22-101_0/00201_Aug6.png,1,0.1530838906764984
B22-101,/fhome/maed/HelicoDataSet/CrossValidation/Annotated/B22-101_0/00280.png,0,0.011151870712637901
B22-101,/fhome/maed/HelicoDataSet/CrossValidation/Annotated/B22-101_0/00415.png,0,0.0073067015036940575
B22-101,/fhome/maed/HelicoDataSet/CrossValidation/Annotated/B22-101_0/00201_Aug3.png,1,0.13611984252929688
B22-101,/fhome/maed/HelicoDataSet/CrossValidation/Annotated/B22-101_0/00201_Aug5.png,1,0.1372794806957245
B22-101,/fhome/maed/HelicoDataSet/CrossValidation/Annotated/B22-101_0/00180.png,0,0.009835872799158096
B22-101,/fhome/maed/HelicoDataSet/CrossValidation/Annotated/B22-101_0/00201_Aug2.png,1,0.15143948793411255
B22-101,/fhome/maed/HelicoDataSet/CrossValidation/Annotated/B22-101_0/00201_Aug8.png,1,0.14473669230937958
B22-101,/fhome/maed/HelicoDataSet/CrossValidation/Annotated/B22-101_0/00201_Aug4.png,1,0.1517190784215927
B22-193,/fhome/maed/HelicoDataSet/CrossValidation/Annotated/B22-193_0/00549.png,0,0.005179315805435181
B22-193,/fhome/maed/HelicoDataSet/CrossValidation/Annotated/B22-193_0/00598.png,0,0.015688011422753334
B22-104,/fhome/maed/HelicoDataSet/CrossValidation/Annotated/B22-104_0/00555.png,0,0.007499807048588991
B22-104,/fhome/maed/HelicoDataSet/CrossValidation/Annotated/B22-104_0/00557.png,0,0.007157573476433754
B22-104,/fhome/maed/HelicoDataSet/CrossValidation/Annotated/B22-104_0/00398.png,0,0.002332837088033557
B22-104,/fhome/maed/HelicoDataSet/CrossValidation/Annotated/B22-104_0/00553.png,0,0.0037692768964916468
B22-104,/fhome/maed/HelicoDataSet/CrossValidation/Annotated/B22-104_0/00438.png,0,0.007162824738770723
B22-112,/fhome/maed/HelicoDataSet/CrossValidation/Annotated/B22-112_1/00279.png,0,0.002787185600027442
B22-112,/fhome/maed/HelicoDataSet/CrossValidation/Annotated/B22-112_1/00061.png,0,0.007203647401183844
B22-112,/fhome/maed/HelicoDataSet/CrossValidation/Annotated/B22-112_1/00341.png,0,0.03588378056883812
B22-112,/fhome/maed/HelicoDataSet/CrossValidation/Annotated/B22-112_1/00050.png,0,0.13132372498512268
B22-112,/fhome/maed/HelicoDataSet/CrossValidation/Annotated/B22-112_1/00237.png,0,0.005860942881554365
B22-112,/fhome/maed/HelicoDataSet/CrossValidation/Annotated/B22-112_1/00038.png,0,0.0019611124880611897
B22-112,/fhome/maed/HelicoDataSet/CrossValidation/Annotated/B22-112_1/00109.png,0,0.003541551297530532
B22-112,/fhome/maed/HelicoDataSet/CrossValidation/Annotated/B22-112_1/00245.png,0,0.0031503951177001
B22-300,/fhome/maed/HelicoDataSet/CrossValidation/Annotated/B22-300_0/01116.png,0,0.006546619813889265
B22-300,/fhome/maed/HelicoDataSet/CrossValidation/Annotated/B22-300_0/01062.png,0,0.0742841511964798
B22-300,/fhome/maed/HelicoDataSet/CrossValidation/Annotated/B22-300_0/00842.png,0,0.009725182317197323
B22-300,/fhome/maed/HelicoDataSet/CrossValidation/Annotated/B22-300_0/00148.png,0,0.1299120932817459
B22-165,/fhome/maed/HelicoDataSet/CrossValidation/Annotated/B22-165_0/00060.png,0,0.00424305722117424
B22-165,/fhome/maed/HelicoDataSet/CrossValidation/Annotated/B22-165_0/00061.png,0,0.006632987409830093
B22-51,/fhome/maed/HelicoDataSet/CrossValidation/Annotated/B22-51_0/00392_Aug8.png,1,0.16602692008018494
B22-51,/fhome/maed/HelicoDataSet/CrossValidation/Annotated/B22-51_0/00392_Aug5.png,1,0.163632333278656
B22-51,/fhome/maed/HelicoDataSet/CrossValidation/Annotated/B22-51_0/00392_Aug1.png,1,0.15863078832626343
B22-51,/fhome/maed/HelicoDataSet/CrossValidation/Annotated/B22-51_0/00392_Aug6.png,1,0.16405512392520905
B22-51,/fhome/maed/HelicoDataSet/CrossValidation/Annotated/B22-51_0/00652.png,0,0.003264855360612273
B22-51,/fhome/maed/HelicoDataSet/CrossValidation/Annotated/B22-51_0/00226.png,0,0.014097499661147594
B22-51,/fhome/maed/HelicoDataSet/CrossValidation/Annotated/B22-51_0/00392.png,1,0.16549529135227203
B22-51,/fhome/maed/HelicoDataSet/CrossValidation/Annotated/B22-51_0/00392_Aug7.png,1,0.15226230025291443
B22-51,/fhome/maed/HelicoDataSet/CrossValidation/Annotated/B22-51_0/00392_Aug4.png,1,0.16525408625602722
B22-51,/fhome/maed/HelicoDataSet/CrossValidation/Annotated/B22-51_0/00392_Aug2.png,1,0.15635809302330017
B22-51,/fhome/maed/HelicoDataSet/CrossValidation/Annotated/B22-51_0/00392_Aug3.png,1,0.16126395761966705
B22-51,/fhome/maed/HelicoDataSet/CrossValidation/Annotated/B22-51_0/00242.png,0,0.15516524016857147
B22-51,/fhome/maed/HelicoDataSet/CrossValidation/Annotated/B22-51_0/00317.png,0,0.13103415071964264
B22-174,/fhome/maed/HelicoDataSet/CrossValidation/Annotated/B22-174_0/00249_Aug1.png,1,0.1482381969690323
B22-174,/fhome/maed/HelicoDataSet/CrossValidation/Annotated/B22-174_0/00249_Aug2.png,1,0.1459176242351532
B22-174,/fhome/maed/HelicoDataSet/CrossValidation/Annotated/B22-174_0/00249_Aug8.png,1,0.16288124024868011
B22-174,/fhome/maed/HelicoDataSet/CrossValidation/Annotated/B22-174_0/00167.png,0,0.014383474364876747
B22-174,/fhome/maed/HelicoDataSet/CrossValidation/Annotated/B22-174_0/00234.png,0,0.004491084720939398
B22-174,/fhome/maed/HelicoDataSet/CrossValidation/Annotated/B22-174_0/00249_Aug3.png,1,0.14138489961624146
B22-174,/fhome/maed/HelicoDataSet/CrossValidation/Annotated/B22-174_0/00159.png,0,0.006181403994560242
B22-174,/fhome/maed/HelicoDataSet/CrossValidation/Annotated/B22-174_0/00224_Aug4.png,1,0.1487835794687271
B22-174,/fhome/maed/HelicoDataSet/CrossValidation/Annotated/B22-174_0/00166.png,0,0.0027664685621857643
B22-174,/fhome/maed/HelicoDataSet/CrossValidation/Annotated/B22-174_0/00288.png,0,0.006984284147620201
B22-174,/fhome/maed/HelicoDataSet/CrossValidation/Annotated/B22-174_0/00235.png,0,0.009830964729189873
B22-174,/fhome/maed/HelicoDataSet/CrossValidation/Annotated/B22-174_0/00155.png,0,0.0022304926533252
B22-174,/fhome/maed/HelicoDataSet/CrossValidation/Annotated/B22-174_0/00191.png,0,0.007432886864989996
B22-174,/fhome/maed/HelicoDataSet/CrossValidation/Annotated/B22-174_0/00224_Aug1.png,1,0.15557445585727692
B22-174,/fhome/maed/HelicoDataSet/CrossValidation/Annotated/B22-174_0/00201.png,0,0.004771690350025892
B22-174,/fhome/maed/HelicoDataSet/CrossValidation/Annotated/B22-174_0/00225_Aug6.png,1,0.17926041781902313
B22-174,/fhome/maed/HelicoDataSet/CrossValidation/Annotated/B22-174_0/00168.png,0,0.0069824205711483955
B22-174,/fhome/maed/HelicoDataSet/CrossValidation/Annotated/B22-174_0/00216.png,0,0.006635076366364956
B22-174,/fhome/maed/HelicoDataSet/CrossValidation/Annotated/B22-174_0/00239.png,1,0.17438150942325592
B22-174,/fhome/maed/HelicoDataSet/CrossValidation/Annotated/B22-174_0/00170.png,0,0.013379854150116444
B22-174,/fhome/maed/HelicoDataSet/CrossValidation/Annotated/B22-174_0/00270.png,0,0.006576156709343195
B22-174,/fhome/maed/HelicoDataSet/CrossValidation/Annotated/B22-174_0/00224_Aug2.png,1,0.16623350977897644
B22-174,/fhome/maed/HelicoDataSet/CrossValidation/Annotated/B22-174_0/00215.png,0,0.0036598786246031523
B22-174,/fhome/maed/HelicoDataSet/CrossValidation/Annotated/B22-174_0/00249_Aug6.png,1,0.1551746428012848
B22-174,/fhome/maed/HelicoDataSet/CrossValidation/Annotated/B22-174_0/00239_Aug4.png,1,0.17167975008487701
B22-174,/fhome/maed/HelicoDataSet/CrossValidation/Annotated/B22-174_0/00198.png,0,0.055939070880413055
B22-174,/fhome/maed/HelicoDataSet/CrossValidation/Annotated/B22-174_0/00183.png,0,0.0033608432859182358
B22-174,/fhome/maed/HelicoDataSet/CrossValidation/Annotated/B22-174_0/00224_Aug6.png,1,0.03614747151732445
B22-174,/fhome/maed/HelicoDataSet/CrossValidation/Annotated/B22-174_0/00239_Aug1.png,1,0.16539600491523743
B22-174,/fhome/maed/HelicoDataSet/CrossValidation/Annotated/B22-174_0/00228.png,0,0.003745303489267826
B22-174,/fhome/maed/HelicoDataSet/CrossValidation/Annotated/B22-174_0/00272.png,0,0.0060573844239115715
B22-174,/fhome/maed/HelicoDataSet/CrossValidation/Annotated/B22-174_0/00188.png,0,0.0068363104946911335
B22-174,/fhome/maed/HelicoDataSet/CrossValidation/Annotated/B22-174_0/00243.png,0,0.01168125495314598
B22-174,/fhome/maed/HelicoDataSet/CrossValidation/Annotated/B22-174_0/00249_Aug5.png,1,0.14579543471336365
B22-174,/fhome/maed/HelicoDataSet/CrossValidation/Annotated/B22-174_0/00238.png,0,0.0078642088919878
B22-174,/fhome/maed/HelicoDataSet/CrossValidation/Annotated/B22-174_0/00222.png,0,0.006077606230974197
B22-174,/fhome/maed/HelicoDataSet/CrossValidation/Annotated/B22-174_0/00239_Aug7.png,1,0.17321810126304626
B22-174,/fhome/maed/HelicoDataSet/CrossValidation/Annotated/B22-174_0/00214.png,0,0.004603740759193897
B22-174,/fhome/maed/HelicoDataSet/CrossValidation/Annotated/B22-174_0/00210.png,0,0.007506646681576967
B22-174,/fhome/maed/HelicoDataSet/CrossValidation/Annotated/B22-174_0/00249_Aug4.png,1,0.1598859280347824
B22-174,/fhome/maed/HelicoDataSet/CrossValidation/Annotated/B22-174_0/00224_Aug5.png,1,0.022784320637583733
B22-174,/fhome/maed/HelicoDataSet/CrossValidation/Annotated/B22-174_0/00267.png,0,0.006799008697271347
B22-174,/fhome/maed/HelicoDataSet/CrossValidation/Annotated/B22-174_0/00256.png,0,0.005756108555942774
B22-174,/fhome/maed/HelicoDataSet/CrossValidation/Annotated/B22-174_0/00768.png,0,0.004478571005165577
B22-174,/fhome/maed/HelicoDataSet/CrossValidation/Annotated/B22-174_0/00195.png,0,0.0032214431557804346
B22-174,/fhome/maed/HelicoDataSet/CrossValidation/Annotated/B22-174_0/00226.png,0,0.0033711770083755255
B22-174,/fhome/maed/HelicoDataSet/CrossValidation/Annotated/B22-174_0/00204.png,0,0.010503538884222507
B22-174,/fhome/maed/HelicoDataSet/CrossValidation/Annotated/B22-174_0/00239_Aug2.png,1,0.174162819981575
B22-174,/fhome/maed/HelicoDataSet/CrossValidation/Annotated/B22-174_0/00232.png,0,0.004315184894949198
B22-174,/fhome/maed/HelicoDataSet/CrossValidation/Annotated/B22-174_0/00187.png,0,0.006916927173733711
B22-174,/fhome/maed/HelicoDataSet/CrossValidation/Annotated/B22-174_0/00190.png,0,0.010585127398371696
B22-174,/fhome/maed/HelicoDataSet/CrossValidation/Annotated/B22-174_0/00225_Aug1.png,1,0.17221905291080475
B22-174,/fhome/maed/HelicoDataSet/CrossValidation/Annotated/B22-174_0/00289.png,0,0.0052420939318835735
B22-174,/fhome/maed/HelicoDataSet/CrossValidation/Annotated/B22-174_0/00172.png,0,0.00687409657984972
B22-174,/fhome/maed/HelicoDataSet/CrossValidation/Annotated/B22-174_0/00225_Aug5.png,1,0.16796596348285675
B22-174,/fhome/maed/HelicoDataSet/CrossValidation/Annotated/B22-174_0/00284.png,0,0.004979534540325403
B22-174,/fhome/maed/HelicoDataSet/CrossValidation/Annotated/B22-174_0/00241.png,0,0.013141125440597534
B22-174,/fhome/maed/HelicoDataSet/CrossValidation/Annotated/B22-174_0/00161.png,0,0.009002763777971268
B22-174,/fhome/maed/HelicoDataSet/CrossValidation/Annotated/B22-174_0/00237.png,0,0.009238368831574917
B22-174,/fhome/maed/HelicoDataSet/CrossValidation/Annotated/B22-174_0/00224_Aug3.png,1,0.13787595927715302
B22-174,/fhome/maed/HelicoDataSet/CrossValidation/Annotated/B22-174_0/00225_Aug3.png,1,0.16937889158725739
B22-174,/fhome/maed/HelicoDataSet/CrossValidation/Annotated/B22-174_0/00182.png,0,0.006688348948955536
B22-174,/fhome/maed/HelicoDataSet/CrossValidation/Annotated/B22-174_0/00199.png,0,0.0025119485799223185
B22-174,/fhome/maed/HelicoDataSet/CrossValidation/Annotated/B22-174_0/00196.png,0,0.006831551901996136
B22-174,/fhome/maed/HelicoDataSet/CrossValidation/Annotated/B22-174_0/00211.png,0,0.01177076157182455
B22-174,/fhome/maed/HelicoDataSet/CrossValidation/Annotated/B22-174_0/00205.png,0,0.014976645819842815
B22-174,/fhome/maed/HelicoDataSet/CrossValidation/Annotated/B22-174_0/00225.png,1,0.1652269810438156
B22-174,/fhome/maed/HelicoDataSet/CrossValidation/Annotated/B22-174_0/00162.png,0,0.003180311294272542
B22-174,/fhome/maed/HelicoDataSet/CrossValidation/Annotated/B22-174_0/00180.png,0,0.0070966132916510105
B22-174,/fhome/maed/HelicoDataSet/CrossValidation/Annotated/B22-174_0/00225_Aug2.png,1,0.16602490842342377
B22-174,/fhome/maed/HelicoDataSet/CrossValidation/Annotated/B22-174_0/00244.png,0,0.014260349795222282
B22-174,/fhome/maed/HelicoDataSet/CrossValidation/Annotated/B22-174_0/00224_Aug8.png,1,0.0661642849445343
B22-174,/fhome/maed/HelicoDataSet/CrossValidation/Annotated/B22-174_0/00197.png,0,0.017274660989642143
B22-174,/fhome/maed/HelicoDataSet/CrossValidation/Annotated/B22-174_0/00268.png,0,0.005570968147367239
B22-174,/fhome/maed/HelicoDataSet/CrossValidation/Annotated/B22-174_0/00192.png,0,0.006750784814357758
B22-174,/fhome/maed/HelicoDataSet/CrossValidation/Annotated/B22-174_0/00236.png,0,0.009176461957395077
B22-174,/fhome/maed/HelicoDataSet/CrossValidation/Annotated/B22-174_0/00156.png,0,0.002473596017807722
B22-174,/fhome/maed/HelicoDataSet/CrossValidation/Annotated/B22-174_0/00178.png,0,0.0039058132097125053
B22-174,/fhome/maed/HelicoDataSet/CrossValidation/Annotated/B22-174_0/00175.png,0,0.002572376513853669
B22-174,/fhome/maed/HelicoDataSet/CrossValidation/Annotated/B22-174_0/00255.png,0,0.007138035260140896
B22-174,/fhome/maed/HelicoDataSet/CrossValidation/Annotated/B22-174_0/00240.png,0,0.006278703920543194
B22-174,/fhome/maed/HelicoDataSet/CrossValidation/Annotated/B22-174_0/00290.png,0,0.006437647622078657
B22-174,/fhome/maed/HelicoDataSet/CrossValidation/Annotated/B22-174_0/00246.png,0,0.006786284036934376
B22-174,/fhome/maed/HelicoDataSet/CrossValidation/Annotated/B22-174_0/00181.png,0,0.0017126543680205941
B22-174,/fhome/maed/HelicoDataSet/CrossValidation/Annotated/B22-174_0/00208.png,0,0.005932674743235111
B22-174,/fhome/maed/HelicoDataSet/CrossValidation/Annotated/B22-174_0/00173.png,0,0.01743803545832634
B22-174,/fhome/maed/HelicoDataSet/CrossValidation/Annotated/B22-174_0/00174.png,0,0.0041298880241811275
B22-174,/fhome/maed/HelicoDataSet/CrossValidation/Annotated/B22-174_0/00152.png,0,0.0018556147115305066
B22-174,/fhome/maed/HelicoDataSet/CrossValidation/Annotated/B22-174_0/00262.png,0,0.0047088079154491425
B22-174,/fhome/maed/HelicoDataSet/CrossValidation/Annotated/B22-174_0/00261.png,0,0.003034518100321293
B22-174,/fhome/maed/HelicoDataSet/CrossValidation/Annotated/B22-174_0/00242.png,0,0.006714696530252695
B22-174,/fhome/maed/HelicoDataSet/CrossValidation/Annotated/B22-174_0/00189.png,0,0.0066807749681174755
B22-174,/fhome/maed/HelicoDataSet/CrossValidation/Annotated/B22-174_0/00283.png,0,0.0076180389150977135
B22-174,/fhome/maed/HelicoDataSet/CrossValidation/Annotated/B22-174_0/00193.png,0,0.007488462142646313
B22-174,/fhome/maed/HelicoDataSet/CrossValidation/Annotated/B22-174_0/00186.png,0,0.0038491280283778906
B22-174,/fhome/maed/HelicoDataSet/CrossValidation/Annotated/B22-174_0/00225_Aug4.png,1,0.16677165031433105
B22-174,/fhome/maed/HelicoDataSet/CrossValidation/Annotated/B22-174_0/00225_Aug8.png,1,0.16673800349235535
B22-174,/fhome/maed/HelicoDataSet/CrossValidation/Annotated/B22-174_0/00207.png,0,0.005641804076731205
B22-174,/fhome/maed/HelicoDataSet/CrossValidation/Annotated/B22-174_0/00258.png,0,0.004410977941006422
B22-174,/fhome/maed/HelicoDataSet/CrossValidation/Annotated/B22-174_0/00249.png,1,0.1716388761997223
B22-174,/fhome/maed/HelicoDataSet/CrossValidation/Annotated/B22-174_0/00219.png,0,0.009085300378501415
B22-174,/fhome/maed/HelicoDataSet/CrossValidation/Annotated/B22-174_0/00224_Aug7.png,1,0.03862776607275009
B22-174,/fhome/maed/HelicoDataSet/CrossValidation/Annotated/B22-174_0/00239_Aug8.png,1,0.17316614091396332
B22-174,/fhome/maed/HelicoDataSet/CrossValidation/Annotated/B22-174_0/00154.png,0,0.00640369625762105
B22-174,/fhome/maed/HelicoDataSet/CrossValidation/Annotated/B22-174_0/00239_Aug6.png,1,0.17439648509025574
B22-174,/fhome/maed/HelicoDataSet/CrossValidation/Annotated/B22-174_0/00202.png,0,0.007233882322907448
B22-174,/fhome/maed/HelicoDataSet/CrossValidation/Annotated/B22-174_0/00227.png,0,0.007428956218063831
B22-174,/fhome/maed/HelicoDataSet/CrossValidation/Annotated/B22-174_0/00229.png,0,0.007026840932667255
B22-174,/fhome/maed/HelicoDataSet/CrossValidation/Annotated/B22-174_0/00217.png,0,0.0055631352588534355
B22-174,/fhome/maed/HelicoDataSet/CrossValidation/Annotated/B22-174_0/00286.png,0,0.006379804573953152
B22-174,/fhome/maed/HelicoDataSet/CrossValidation/Annotated/B22-174_0/00194.png,0,0.003322580363601446
B22-174,/fhome/maed/HelicoDataSet/CrossValidation/Annotated/B22-174_0/00165.png,0,0.005665047559887171
B22-174,/fhome/maed/HelicoDataSet/CrossValidation/Annotated/B22-174_0/00184.png,0,0.002578235464170575
B22-174,/fhome/maed/HelicoDataSet/CrossValidation/Annotated/B22-174_0/00158.png,0,0.004646439105272293
B22-174,/fhome/maed/HelicoDataSet/CrossValidation/Annotated/B22-174_0/00239_Aug3.png,1,0.17694011330604553
B22-174,/fhome/maed/HelicoDataSet/CrossValidation/Annotated/B22-174_0/00177.png,0,0.005607605446130037
B22-174,/fhome/maed/HelicoDataSet/CrossValidation/Annotated/B22-174_0/00252.png,0,0.003900485811755061
B22-174,/fhome/maed/HelicoDataSet/CrossValidation/Annotated/B22-174_0/00233.png,0,0.004290854092687368
B22-174,/fhome/maed/HelicoDataSet/CrossValidation/Annotated/B22-174_0/00257.png,0,0.004564614500850439
B22-174,/fhome/maed/HelicoDataSet/CrossValidation/Annotated/B22-174_0/00275.png,0,0.004233753774315119
B22-174,/fhome/maed/HelicoDataSet/CrossValidation/Annotated/B22-174_0/00249_Aug7.png,1,0.154172882437706
B22-174,/fhome/maed/HelicoDataSet/CrossValidation/Annotated/B22-174_0/00225_Aug7.png,1,0.16982397437095642
B22-174,/fhome/maed/HelicoDataSet/CrossValidation/Annotated/B22-174_0/00245.png,0,0.1489729881286621
B22-174,/fhome/maed/HelicoDataSet/CrossValidation/Annotated/B22-174_0/00631.png,0,0.028009261935949326
B22-174,/fhome/maed/HelicoDataSet/CrossValidation/Annotated/B22-174_0/00239_Aug5.png,1,0.17954537272453308
B22-174,/fhome/maed/HelicoDataSet/CrossValidation/Annotated/B22-174_0/00224.png,1,0.1698063462972641
B22-174,/fhome/maed/HelicoDataSet/CrossValidation/Annotated/B22-174_0/00157.png,0,0.017876343801617622
B22-308,/fhome/maed/HelicoDataSet/CrossValidation/Annotated/B22-308_0/00086.png,0,0.14363832771778107
B22-183,/fhome/maed/HelicoDataSet/CrossValidation/Annotated/B22-183_1/00817.png,0,0.006118178367614746
B22-183,/fhome/maed/HelicoDataSet/CrossValidation/Annotated/B22-183_1/00788.png,0,0.015591255389153957
B22-183,/fhome/maed/HelicoDataSet/CrossValidation/Annotated/B22-183_1/00704.png,0,0.008526247926056385
B22-183,/fhome/maed/HelicoDataSet/CrossValidation/Annotated/B22-183_1/00801.png,0,0.009849902242422104
B22-183,/fhome/maed/HelicoDataSet/CrossValidation/Annotated/B22-183_1/00472.png,0,0.02111227624118328
B22-59,/fhome/maed/HelicoDataSet/CrossValidation/Annotated/B22-59_1/00254.png,0,0.002706487663090229
B22-59,/fhome/maed/HelicoDataSet/CrossValidation/Annotated/B22-59_1/00198.png,0,0.004398999735713005
B22-59,/fhome/maed/HelicoDataSet/CrossValidation/Annotated/B22-59_1/00355.png,0,0.007636589463800192
B22-59,/fhome/maed/HelicoDataSet/CrossValidation/Annotated/B22-59_1/00137.png,0,0.010599741712212563
B22-158,/fhome/maed/HelicoDataSet/CrossValidation/Annotated/B22-158_0/01108_Aug4.png,1,0.16442693769931793
B22-158,/fhome/maed/HelicoDataSet/CrossValidation/Annotated/B22-158_0/00764_Aug6.png,1,0.15205781161785126
B22-158,/fhome/maed/HelicoDataSet/CrossValidation/Annotated/B22-158_0/00764_Aug5.png,1,0.17490547895431519
B22-158,/fhome/maed/HelicoDataSet/CrossValidation/Annotated/B22-158_0/00764_Aug1.png,1,0.1586584895849228
B22-158,/fhome/maed/HelicoDataSet/CrossValidation/Annotated/B22-158_0/00244_Aug3.png,1,0.16763919591903687
B22-158,/fhome/maed/HelicoDataSet/CrossValidation/Annotated/B22-158_0/00244_Aug2.png,1,0.1618283987045288
B22-158,/fhome/maed/HelicoDataSet/CrossValidation/Annotated/B22-158_0/00244_Aug5.png,1,0.17695344984531403
B22-158,/fhome/maed/HelicoDataSet/CrossValidation/Annotated/B22-158_0/01108_Aug8.png,1,0.15306931734085083
B22-158,/fhome/maed/HelicoDataSet/CrossValidation/Annotated/B22-158_0/01108_Aug2.png,1,0.16506034135818481
B22-158,/fhome/maed/HelicoDataSet/CrossValidation/Annotated/B22-158_0/01108_Aug5.png,1,0.17149680852890015
B22-158,/fhome/maed/HelicoDataSet/CrossValidation/Annotated/B22-158_0/00244_Aug1.png,1,0.1583992838859558
B22-158,/fhome/maed/HelicoDataSet/CrossValidation/Annotated/B22-158_0/00764.png,1,0.16026711463928223
B22-158,/fhome/maed/HelicoDataSet/CrossValidation/Annotated/B22-158_0/01108.png,1,0.1531359702348709
B22-158,/fhome/maed/HelicoDataSet/CrossValidation/Annotated/B22-158_0/00764_Aug4.png,1,0.16058553755283356
B22-158,/fhome/maed/HelicoDataSet/CrossValidation/Annotated/B22-158_0/00764_Aug7.png,1,0.15774591267108917
B22-158,/fhome/maed/HelicoDataSet/CrossValidation/Annotated/B22-158_0/00764_Aug2.png,1,0.16009521484375
B22-158,/fhome/maed/HelicoDataSet/CrossValidation/Annotated/B22-158_0/00244.png,1,0.15245334804058075
B22-158,/fhome/maed/HelicoDataSet/CrossValidation/Annotated/B22-158_0/00244_Aug8.png,1,0.16327285766601562
B22-158,/fhome/maed/HelicoDataSet/CrossValidation/Annotated/B22-158_0/01108_Aug1.png,1,0.16338184475898743
B22-158,/fhome/maed/HelicoDataSet/CrossValidation/Annotated/B22-158_0/01108_Aug3.png,1,0.16656282544136047
B22-158,/fhome/maed/HelicoDataSet/CrossValidation/Annotated/B22-158_0/00764_Aug3.png,1,0.15104906260967255
B22-158,/fhome/maed/HelicoDataSet/CrossValidation/Annotated/B22-158_0/01108_Aug6.png,1,0.1644381880760193
B22-158,/fhome/maed/HelicoDataSet/CrossValidation/Annotated/B22-158_0/00244_Aug6.png,1,0.15523678064346313
B22-158,/fhome/maed/HelicoDataSet/CrossValidation/Annotated/B22-158_0/00244_Aug7.png,1,0.16584670543670654
B22-158,/fhome/maed/HelicoDataSet/CrossValidation/Annotated/B22-158_0/00244_Aug4.png,1,0.17931483685970306
B22-158,/fhome/maed/HelicoDataSet/CrossValidation/Annotated/B22-158_0/00764_Aug8.png,1,0.14876504242420197
B22-158,/fhome/maed/HelicoDataSet/CrossValidation/Annotated/B22-158_0/00091.png,0,0.1495475172996521
B22-158,/fhome/maed/HelicoDataSet/CrossValidation/Annotated/B22-158_0/01108_Aug7.png,1,0.15198783576488495
B22-158,/fhome/maed/HelicoDataSet/CrossValidation/Annotated/B22-158_0/00969.png,0,0.045451004058122635
B22-251,/fhome/maed/HelicoDataSet/CrossValidation/Annotated/B22-251_0/01295.png,0,0.008566873148083687
B22-251,/fhome/maed/HelicoDataSet/CrossValidation/Annotated/B22-251_0/00210.png,0,0.02576155588030815
B22-251,/fhome/maed/HelicoDataSet/CrossValidation/Annotated/B22-251_0/01286.png,0,0.07713910192251205
B22-151,/fhome/maed/HelicoDataSet/CrossValidation/Annotated/B22-151_0/04625.png,0,0.007021553348749876
B22-151,/fhome/maed/HelicoDataSet/CrossValidation/Annotated/B22-151_0/00142.png,0,0.006835185457020998
B22-151,/fhome/maed/HelicoDataSet/CrossValidation/Annotated/B22-151_0/00678.png,0,0.13329638540744781
B22-151,/fhome/maed/HelicoDataSet/CrossValidation/Annotated/B22-151_0/07681.png,0,0.010941741988062859
B22-151,/fhome/maed/HelicoDataSet/CrossValidation/Annotated/B22-151_0/00458.png,0,0.13050149381160736
B22-151,/fhome/maed/HelicoDataSet/CrossValidation/Annotated/B22-151_0/00002.png,0,0.1525232344865799
B22-151,/fhome/maed/HelicoDataSet/CrossValidation/Annotated/B22-151_0/04353.png,0,0.1136319488286972
B22-151,/fhome/maed/HelicoDataSet/CrossValidation/Annotated/B22-151_0/00147.png,0,0.0064669023267924786
B22-151,/fhome/maed/HelicoDataSet/CrossValidation/Annotated/B22-151_0/00146.png,0,0.004631396383047104
B22-151,/fhome/maed/HelicoDataSet/CrossValidation/Annotated/B22-151_0/07330.png,0,0.01400456577539444
B22-151,/fhome/maed/HelicoDataSet/CrossValidation/Annotated/B22-151_0/03310.png,0,0.00503381434828043
B22-151,/fhome/maed/HelicoDataSet/CrossValidation/Annotated/B22-151_0/00092.png,0,0.006742255762219429
B22-151,/fhome/maed/HelicoDataSet/CrossValidation/Annotated/B22-151_0/00100.png,0,0.021397000178694725
B22-151,/fhome/maed/HelicoDataSet/CrossValidation/Annotated/B22-151_0/00095.png,0,0.009302865713834763
B22-151,/fhome/maed/HelicoDataSet/CrossValidation/Annotated/B22-151_0/03312.png,0,0.06750059127807617
B22-151,/fhome/maed/HelicoDataSet/CrossValidation/Annotated/B22-151_0/05153.png,0,0.0072110602632164955
B22-151,/fhome/maed/HelicoDataSet/CrossValidation/Annotated/B22-151_0/00677.png,0,0.029031021520495415
B22-151,/fhome/maed/HelicoDataSet/CrossValidation/Annotated/B22-151_0/00140.png,0,0.011216139420866966
B22-151,/fhome/maed/HelicoDataSet/CrossValidation/Annotated/B22-151_0/00676.png,0,0.13290052115917206
B22-151,/fhome/maed/HelicoDataSet/CrossValidation/Annotated/B22-151_0/00186.png,0,0.006839253939688206
B22-151,/fhome/maed/HelicoDataSet/CrossValidation/Annotated/B22-151_0/00148.png,0,0.0051135895773768425
B22-151,/fhome/maed/HelicoDataSet/CrossValidation/Annotated/B22-151_0/07374.png,0,0.011963216587901115
B22-151,/fhome/maed/HelicoDataSet/CrossValidation/Annotated/B22-151_0/00093.png,0,0.005454762373119593
B22-151,/fhome/maed/HelicoDataSet/CrossValidation/Annotated/B22-151_0/06042.png,0,0.00537625839933753
B22-151,/fhome/maed/HelicoDataSet/CrossValidation/Annotated/B22-151_0/06132.png,0,0.13174113631248474
B22-151,/fhome/maed/HelicoDataSet/CrossValidation/Annotated/B22-151_0/06558.png,0,0.008139305748045444
B22-92,/fhome/maed/HelicoDataSet/CrossValidation/Annotated/B22-92_1/00586.png,0,0.0022365290205925703
B22-92,/fhome/maed/HelicoDataSet/CrossValidation/Annotated/B22-92_1/00235.png,0,0.0031707044690847397
B22-92,/fhome/maed/HelicoDataSet/CrossValidation/Annotated/B22-92_1/00678.png,0,0.0065124910324811935
B22-92,/fhome/maed/HelicoDataSet/CrossValidation/Annotated/B22-92_1/00346.png,0,0.005424629431217909
B22-92,/fhome/maed/HelicoDataSet/CrossValidation/Annotated/B22-92_1/00341.png,0,0.005992559716105461
B22-92,/fhome/maed/HelicoDataSet/CrossValidation/Annotated/B22-92_1/00485.png,0,0.006806197576224804
B22-92,/fhome/maed/HelicoDataSet/CrossValidation/Annotated/B22-92_1/00307.png,0,0.00556772667914629
B22-92,/fhome/maed/HelicoDataSet/CrossValidation/Annotated/B22-92_1/00517.png,0,0.008280185982584953
B22-92,/fhome/maed/HelicoDataSet/CrossValidation/Annotated/B22-92_1/00395.png,0,0.003441167064011097
B22-92,/fhome/maed/HelicoDataSet/CrossValidation/Annotated/B22-92_1/00676.png,0,0.0060119605623185635
B22-92,/fhome/maed/HelicoDataSet/CrossValidation/Annotated/B22-92_1/00558.png,0,0.004935115575790405
B22-92,/fhome/maed/HelicoDataSet/CrossValidation/Annotated/B22-92_1/00619.png,0,0.003205475863069296
B22-92,/fhome/maed/HelicoDataSet/CrossValidation/Annotated/B22-92_1/00305.png,0,0.0055092391557991505
B22-276,/fhome/maed/HelicoDataSet/CrossValidation/Annotated/B22-276_0/00776.png,0,0.1557973176240921
B22-276,/fhome/maed/HelicoDataSet/CrossValidation/Annotated/B22-276_0/01019.png,0,0.14175204932689667
B22-276,/fhome/maed/HelicoDataSet/CrossValidation/Annotated/B22-276_0/00162.png,0,0.12985388934612274
B22-276,/fhome/maed/HelicoDataSet/CrossValidation/Annotated/B22-276_0/01263.png,0,0.0228875819593668
B22-77,/fhome/maed/HelicoDataSet/CrossValidation/Annotated/B22-77_0/00442.png,0,0.01085650734603405
B22-77,/fhome/maed/HelicoDataSet/CrossValidation/Annotated/B22-77_0/01326.png,0,0.017594441771507263
B22-77,/fhome/maed/HelicoDataSet/CrossValidation/Annotated/B22-77_0/01657.png,0,0.0056397514417767525
B22-77,/fhome/maed/HelicoDataSet/CrossValidation/Annotated/B22-77_0/01649.png,0,0.006502147763967514
B22-277,/fhome/maed/HelicoDataSet/CrossValidation/Annotated/B22-277_0/00601_Aug5.png,1,0.2034207284450531
B22-277,/fhome/maed/HelicoDataSet/CrossValidation/Annotated/B22-277_0/01139.png,0,0.0035525362472981215
B22-277,/fhome/maed/HelicoDataSet/CrossValidation/Annotated/B22-277_0/00601_Aug4.png,1,0.2006731927394867
B22-277,/fhome/maed/HelicoDataSet/CrossValidation/Annotated/B22-277_0/00910.png,0,0.012173931114375591
B22-277,/fhome/maed/HelicoDataSet/CrossValidation/Annotated/B22-277_0/00601_Aug6.png,1,0.2027803361415863
B22-277,/fhome/maed/HelicoDataSet/CrossValidation/Annotated/B22-277_0/00212.png,0,0.09495094418525696
B22-277,/fhome/maed/HelicoDataSet/CrossValidation/Annotated/B22-277_0/00601_Aug2.png,1,0.20234237611293793
B22-277,/fhome/maed/HelicoDataSet/CrossValidation/Annotated/B22-277_0/01338.png,0,0.004859494511038065
B22-277,/fhome/maed/HelicoDataSet/CrossValidation/Annotated/B22-277_0/00601_Aug7.png,1,0.2045455276966095
B22-277,/fhome/maed/HelicoDataSet/CrossValidation/Annotated/B22-277_0/00601.png,1,0.19826087355613708
B22-277,/fhome/maed/HelicoDataSet/CrossValidation/Annotated/B22-277_0/00601_Aug3.png,1,0.2012159526348114
B22-277,/fhome/maed/HelicoDataSet/CrossValidation/Annotated/B22-277_0/00601_Aug1.png,1,0.1919490098953247
B22-277,/fhome/maed/HelicoDataSet/CrossValidation/Annotated/B22-277_0/00601_Aug8.png,1,0.20264184474945068
B22-192,/fhome/maed/HelicoDataSet/CrossValidation/Annotated/B22-192_1/00524.png,0,0.014856482855975628
B22-192,/fhome/maed/HelicoDataSet/CrossValidation/Annotated/B22-192_1/00520.png,0,0.05833624303340912
B22-192,/fhome/maed/HelicoDataSet/CrossValidation/Annotated/B22-192_1/00373.png,0,0.005602438468486071
B22-192,/fhome/maed/HelicoDataSet/CrossValidation/Annotated/B22-192_1/00203.png,0,0.007451056502759457
B22-192,/fhome/maed/HelicoDataSet/CrossValidation/Annotated/B22-192_1/00245.png,0,0.01036307867616415
B22-178,/fhome/maed/HelicoDataSet/CrossValidation/Annotated/B22-178_0/01111.png,0,0.004283835180103779
B22-248,/fhome/maed/HelicoDataSet/CrossValidation/Annotated/B22-248_0/01335.png,0,0.0034830619115382433
B22-248,/fhome/maed/HelicoDataSet/CrossValidation/Annotated/B22-248_0/01337.png,0,0.0021188100799918175
B22-248,/fhome/maed/HelicoDataSet/CrossValidation/Annotated/B22-248_0/01340.png,0,0.06321670114994049
B22-248,/fhome/maed/HelicoDataSet/CrossValidation/Annotated/B22-248_0/01338.png,0,0.030965596437454224
B22-248,/fhome/maed/HelicoDataSet/CrossValidation/Annotated/B22-248_0/01336.png,0,0.010932364501059055
B22-248,/fhome/maed/HelicoDataSet/CrossValidation/Annotated/B22-248_0/01333.png,0,0.0019201551331207156
B22-248,/fhome/maed/HelicoDataSet/CrossValidation/Annotated/B22-248_0/01332.png,0,0.005904995370656252
B22-248,/fhome/maed/HelicoDataSet/CrossValidation/Annotated/B22-248_0/01334.png,0,0.004185815807431936
B22-248,/fhome/maed/HelicoDataSet/CrossValidation/Annotated/B22-248_0/01339.png,0,0.002769544254988432
B22-181,/fhome/maed/HelicoDataSet/CrossValidation/Annotated/B22-181_1/01289.png,0,0.012704222463071346
B22-27,/fhome/maed/HelicoDataSet/CrossValidation/Annotated/B22-27_0/00200.png,0,0.06831175833940506
B22-27,/fhome/maed/HelicoDataSet/CrossValidation/Annotated/B22-27_0/02438.png,0,0.0059960088692605495
B22-27,/fhome/maed/HelicoDataSet/CrossValidation/Annotated/B22-27_0/01419.png,0,0.003972163423895836
B22-27,/fhome/maed/HelicoDataSet/CrossValidation/Annotated/B22-27_0/01861.png,0,0.021160326898097992
B22-126,/fhome/maed/HelicoDataSet/CrossValidation/Annotated/B22-126_0/01535_Aug6.png,1,0.18517473340034485
B22-126,/fhome/maed/HelicoDataSet/CrossValidation/Annotated/B22-126_0/00664_Aug5.png,1,0.1659897416830063
B22-126,/fhome/maed/HelicoDataSet/CrossValidation/Annotated/B22-126_0/00667_Aug5.png,1,0.168930321931839
B22-126,/fhome/maed/HelicoDataSet/CrossValidation/Annotated/B22-126_0/01535_Aug3.png,1,0.1994473934173584
B22-126,/fhome/maed/HelicoDataSet/CrossValidation/Annotated/B22-126_0/01176_Aug5.png,1,0.13039597868919373
B22-126,/fhome/maed/HelicoDataSet/CrossValidation/Annotated/B22-126_0/01144_Aug3.png,1,0.1766330599784851
B22-126,/fhome/maed/HelicoDataSet/CrossValidation/Annotated/B22-126_0/01239_Aug7.png,1,0.1539202779531479
B22-126,/fhome/maed/HelicoDataSet/CrossValidation/Annotated/B22-126_0/01537_Aug1.png,1,0.22477558255195618
B22-126,/fhome/maed/HelicoDataSet/CrossValidation/Annotated/B22-126_0/01387_Aug3.png,1,0.2082008272409439
B22-126,/fhome/maed/HelicoDataSet/CrossValidation/Annotated/B22-126_0/01176_Aug8.png,1,0.08042639493942261
B22-126,/fhome/maed/HelicoDataSet/CrossValidation/Annotated/B22-126_0/00664_Aug1.png,1,0.16702121496200562
B22-126,/fhome/maed/HelicoDataSet/CrossValidation/Annotated/B22-126_0/01728.png,1,0.1412372589111328
B22-126,/fhome/maed/HelicoDataSet/CrossValidation/Annotated/B22-126_0/01734_Aug5.png,1,0.12205354124307632
B22-126,/fhome/maed/HelicoDataSet/CrossValidation/Annotated/B22-126_0/01535_Aug2.png,1,0.19686540961265564
B22-126,/fhome/maed/HelicoDataSet/CrossValidation/Annotated/B22-126_0/01144_Aug8.png,1,0.14648552238941193
B22-126,/fhome/maed/HelicoDataSet/CrossValidation/Annotated/B22-126_0/01387_Aug1.png,1,0.20234304666519165
B22-126,/fhome/maed/HelicoDataSet/CrossValidation/Annotated/B22-126_0/01483_Aug8.png,1,0.13906042277812958
B22-126,/fhome/maed/HelicoDataSet/CrossValidation/Annotated/B22-126_0/00667_Aug1.png,1,0.15655916929244995
B22-126,/fhome/maed/HelicoDataSet/CrossValidation/Annotated/B22-126_0/01562_Aug8.png,1,0.16121642291545868
B22-126,/fhome/maed/HelicoDataSet/CrossValidation/Annotated/B22-126_0/01535_Aug4.png,1,0.18400804698467255
B22-126,/fhome/maed/HelicoDataSet/CrossValidation/Annotated/B22-126_0/00664_Aug4.png,1,0.16617384552955627
B22-126,/fhome/maed/HelicoDataSet/CrossValidation/Annotated/B22-126_0/01728_Aug1.png,1,0.13467301428318024
B22-126,/fhome/maed/HelicoDataSet/CrossValidation/Annotated/B22-126_0/01728_Aug5.png,1,0.16071651875972748
B22-126,/fhome/maed/HelicoDataSet/CrossValidation/Annotated/B22-126_0/03081_Aug6.png,1,4.411459445953369
B22-126,/fhome/maed/HelicoDataSet/CrossValidation/Annotated/B22-126_0/01537_Aug7.png,1,0.1820097118616104
B22-126,/fhome/maed/HelicoDataSet/CrossValidation/Annotated/B22-126_0/01537_Aug2.png,1,0.18949417769908905
B22-126,/fhome/maed/HelicoDataSet/CrossValidation/Annotated/B22-126_0/01239_Aug5.png,1,0.1518855094909668
B22-126,/fhome/maed/HelicoDataSet/CrossValidation/Annotated/B22-126_0/01387_Aug6.png,1,0.19202232360839844
B22-126,/fhome/maed/HelicoDataSet/CrossValidation/Annotated/B22-126_0/02490.png,0,0.0031790146604180336
B22-126,/fhome/maed/HelicoDataSet/CrossValidation/Annotated/B22-126_0/03081_Aug7.png,1,0.18334922194480896
B22-126,/fhome/maed/HelicoDataSet/CrossValidation/Annotated/B22-126_0/03081.png,1,2.8676228523254395
B22-126,/fhome/maed/HelicoDataSet/CrossValidation/Annotated/B22-126_0/01483_Aug6.png,1,0.14540548622608185
B22-126,/fhome/maed/HelicoDataSet/CrossValidation/Annotated/B22-126_0/01734_Aug8.png,1,0.14223112165927887
B22-126,/fhome/maed/HelicoDataSet/CrossValidation/Annotated/B22-126_0/03081_Aug3.png,1,0.28186142444610596
B22-126,/fhome/maed/HelicoDataSet/CrossValidation/Annotated/B22-126_0/01387_Aug7.png,1,0.18902476131916046
B22-126,/fhome/maed/HelicoDataSet/CrossValidation/Annotated/B22-126_0/01387_Aug5.png,1,0.1930885910987854
B22-126,/fhome/maed/HelicoDataSet/CrossValidation/Annotated/B22-126_0/01387_Aug8.png,1,0.1935548037290573
B22-126,/fhome/maed/HelicoDataSet/CrossValidation/Annotated/B22-126_0/01728_Aug2.png,1,0.14504370093345642
B22-126,/fhome/maed/HelicoDataSet/CrossValidation/Annotated/B22-126_0/03081_Aug5.png,1,4.411472797393799
B22-126,/fhome/maed/HelicoDataSet/CrossValidation/Annotated/B22-126_0/01537_Aug3.png,1,0.19607099890708923
B22-126,/fhome/maed/HelicoDataSet/CrossValidation/Annotated/B22-126_0/03081_Aug4.png,1,0.28186142444610596
B22-126,/fhome/maed/HelicoDataSet/CrossValidation/Annotated/B22-126_0/01239_Aug4.png,1,0.15182068943977356
B22-126,/fhome/maed/HelicoDataSet/CrossValidation/Annotated/B22-126_0/00667_Aug3.png,1,0.1502760797739029
B22-126,/fhome/maed/HelicoDataSet/CrossValidation/Annotated/B22-126_0/01537_Aug5.png,1,0.19353261590003967
B22-126,/fhome/maed/HelicoDataSet/CrossValidation/Annotated/B22-126_0/01387_Aug4.png,1,0.20254994928836823
B22-126,/fhome/maed/HelicoDataSet/CrossValidation/Annotated/B22-126_0/00667_Aug2.png,1,0.1633816510438919
B22-126,/fhome/maed/HelicoDataSet/CrossValidation/Annotated/B22-126_0/01176_Aug7.png,1,0.08045642822980881
B22-126,/fhome/maed/HelicoDataSet/CrossValidation/Annotated/B22-126_0/01483_Aug1.png,1,0.15799783170223236
B22-126,/fhome/maed/HelicoDataSet/CrossValidation/Annotated/B22-126_0/00664_Aug2.png,1,0.1623060703277588
B22-126,/fhome/maed/HelicoDataSet/CrossValidation/Annotated/B22-126_0/01144_Aug1.png,1,0.19330483675003052
B22-126,/fhome/maed/HelicoDataSet/CrossValidation/Annotated/B22-126_0/00667.png,1,0.16726240515708923
B22-126,/fhome/maed/HelicoDataSet/CrossValidation/Annotated/B22-126_0/01535_Aug7.png,1,0.19301043450832367
B22-126,/fhome/maed/HelicoDataSet/CrossValidation/Annotated/B22-126_0/01535.png,1,0.19969329237937927
B22-126,/fhome/maed/HelicoDataSet/CrossValidation/Annotated/B22-126_0/01535_Aug5.png,1,0.2267640233039856
B22-126,/fhome/maed/HelicoDataSet/CrossValidation/Annotated/B22-126_0/01144_Aug6.png,1,0.16066890954971313
B22-126,/fhome/maed/HelicoDataSet/CrossValidation/Annotated/B22-126_0/01239_Aug3.png,1,0.15651537477970123
B22-126,/fhome/maed/HelicoDataSet/CrossValidation/Annotated/B22-126_0/01734.png,1,0.11568144708871841
B22-126,/fhome/maed/HelicoDataSet/CrossValidation/Annotated/B22-126_0/01176_Aug4.png,1,0.0666837990283966
B22-126,/fhome/maed/HelicoDataSet/CrossValidation/Annotated/B22-126_0/01176_Aug3.png,1,0.07330794632434845
B22-126,/fhome/maed/HelicoDataSet/CrossValidation/Annotated/B22-126_0/01144_Aug7.png,1,0.1671820431947708
B22-126,/fhome/maed/HelicoDataSet/CrossValidation/Annotated/B22-126_0/00664_Aug7.png,1,0.159568190574646
B22-126,/fhome/maed/HelicoDataSet/CrossValidation/Annotated/B22-126_0/00664.png,1,0.15928059816360474
B22-126,/fhome/maed/HelicoDataSet/CrossValidation/Annotated/B22-126_0/01483_Aug2.png,1,0.1384999006986618
B22-126,/fhome/maed/HelicoDataSet/CrossValidation/Annotated/B22-126_0/00664_Aug8.png,1,0.22871685028076172
B22-126,/fhome/maed/HelicoDataSet/CrossValidation/Annotated/B22-126_0/00667_Aug4.png,1,0.17016038298606873
B22-126,/fhome/maed/HelicoDataSet/CrossValidation/Annotated/B22-126_0/01483_Aug4.png,1,0.14206059277057648
B22-126,/fhome/maed/HelicoDataSet/CrossValidation/Annotated/B22-126_0/00664_Aug6.png,1,0.2425352782011032
B22-126,/fhome/maed/HelicoDataSet/CrossValidation/Annotated/B22-126_0/00667_Aug7.png,1,0.1690373420715332
B22-126,/fhome/maed/HelicoDataSet/CrossValidation/Annotated/B22-126_0/01239_Aug1.png,1,0.14732487499713898
B22-126,/fhome/maed/HelicoDataSet/CrossValidation/Annotated/B22-126_0/01144_Aug2.png,1,0.17461004853248596
B22-126,/fhome/maed/HelicoDataSet/CrossValidation/Annotated/B22-126_0/01562_Aug6.png,1,0.16540701687335968
B22-126,/fhome/maed/HelicoDataSet/CrossValidation/Annotated/B22-126_0/03081_Aug8.png,1,0.18334923684597015
B22-126,/fhome/maed/HelicoDataSet/CrossValidation/Annotated/B22-126_0/01239_Aug2.png,1,0.14694690704345703
B22-126,/fhome/maed/HelicoDataSet/CrossValidation/Annotated/B22-126_0/01239_Aug8.png,1,0.15133731067180634
B22-126,/fhome/maed/HelicoDataSet/CrossValidation/Annotated/B22-126_0/01537.png,1,0.17475080490112305
B22-126,/fhome/maed/HelicoDataSet/CrossValidation/Annotated/B22-126_0/01734_Aug3.png,1,0.10291815549135208
B22-126,/fhome/maed/HelicoDataSet/CrossValidation/Annotated/B22-126_0/01728_Aug8.png,1,0.14502331614494324
B22-126,/fhome/maed/HelicoDataSet/CrossValidation/Annotated/B22-126_0/01176_Aug1.png,1,0.15415750443935394
B22-126,/fhome/maed/HelicoDataSet/CrossValidation/Annotated/B22-126_0/01483_Aug3.png,1,0.1528460681438446
B22-126,/fhome/maed/HelicoDataSet/CrossValidation/Annotated/B22-126_0/01728_Aug6.png,1,0.1450342983007431
B22-126,/fhome/maed/HelicoDataSet/CrossValidation/Annotated/B22-126_0/01387_Aug2.png,1,0.1919354796409607
B22-126,/fhome/maed/HelicoDataSet/CrossValidation/Annotated/B22-126_0/01562.png,1,0.1721602827310562
B22-126,/fhome/maed/HelicoDataSet/CrossValidation/Annotated/B22-126_0/01239_Aug6.png,1,0.1562875360250473
B22-126,/fhome/maed/HelicoDataSet/CrossValidation/Annotated/B22-126_0/01483.png,1,0.16156551241874695
B22-126,/fhome/maed/HelicoDataSet/CrossValidation/Annotated/B22-126_0/01535_Aug8.png,1,0.1912316530942917
B22-126,/fhome/maed/HelicoDataSet/CrossValidation/Annotated/B22-126_0/01483_Aug5.png,1,0.16615664958953857
B22-126,/fhome/maed/HelicoDataSet/CrossValidation/Annotated/B22-126_0/01483_Aug7.png,1,0.16044603288173676
B22-126,/fhome/maed/HelicoDataSet/CrossValidation/Annotated/B22-126_0/01176_Aug2.png,1,0.06268814951181412
B22-126,/fhome/maed/HelicoDataSet/CrossValidation/Annotated/B22-126_0/01728_Aug3.png,1,0.15211661159992218
B22-126,/fhome/maed/HelicoDataSet/CrossValidation/Annotated/B22-126_0/01537_Aug6.png,1,0.16432951390743256
B22-126,/fhome/maed/HelicoDataSet/CrossValidation/Annotated/B22-126_0/01734_Aug2.png,1,0.08735290169715881
B22-126,/fhome/maed/HelicoDataSet/CrossValidation/Annotated/B22-126_0/01562_Aug4.png,1,0.14921146631240845
B22-126,/fhome/maed/HelicoDataSet/CrossValidation/Annotated/B22-126_0/00667_Aug6.png,1,0.16369839012622833
B22-126,/fhome/maed/HelicoDataSet/CrossValidation/Annotated/B22-126_0/01176.png,1,0.1021035835146904
B22-126,/fhome/maed/HelicoDataSet/CrossValidation/Annotated/B22-126_0/01239.png,1,0.1572934091091156
B22-126,/fhome/maed/HelicoDataSet/CrossValidation/Annotated/B22-126_0/01734_Aug7.png,1,0.135659858584404
B22-126,/fhome/maed/HelicoDataSet/CrossValidation/Annotated/B22-126_0/03081_Aug2.png,1,0.17989303171634674
B22-126,/fhome/maed/HelicoDataSet/CrossValidation/Annotated/B22-126_0/01535_Aug1.png,1,0.19453486800193787
B22-126,/fhome/maed/HelicoDataSet/CrossValidation/Annotated/B22-126_0/00664_Aug3.png,1,0.15434730052947998
B22-126,/fhome/maed/HelicoDataSet/CrossValidation/Annotated/B22-126_0/01734_Aug4.png,1,0.12185247242450714
B22-126,/fhome/maed/HelicoDataSet/CrossValidation/Annotated/B22-126_0/01144.png,1,0.16730265319347382
B22-126,/fhome/maed/HelicoDataSet/CrossValidation/Annotated/B22-126_0/01176_Aug6.png,1,0.10893283784389496
B22-126,/fhome/maed/HelicoDataSet/CrossValidation/Annotated/B22-126_0/01734_Aug6.png,1,0.11852823942899704
B22-126,/fhome/maed/HelicoDataSet/CrossValidation/Annotated/B22-126_0/01728_Aug7.png,1,0.14289052784442902
B22-126,/fhome/maed/HelicoDataSet/CrossValidation/Annotated/B22-126_0/01387.png,1,1.1968573331832886
B22-126,/fhome/maed/HelicoDataSet/CrossValidation/Annotated/B22-126_0/01537_Aug4.png,1,0.18627643585205078
B22-126,/fhome/maed/HelicoDataSet/CrossValidation/Annotated/B22-126_0/01144_Aug4.png,1,0.16873933374881744
B22-126,/fhome/maed/HelicoDataSet/CrossValidation/Annotated/B22-126_0/01734_Aug1.png,1,0.1062583401799202
B22-126,/fhome/maed/HelicoDataSet/CrossValidation/Annotated/B22-126_0/01537_Aug8.png,1,0.1669078916311264
B22-126,/fhome/maed/HelicoDataSet/CrossValidation/Annotated/B22-126_0/00667_Aug8.png,1,0.15355674922466278
B22-126,/fhome/maed/HelicoDataSet/CrossValidation/Annotated/B22-126_0/01728_Aug4.png,1,0.14504292607307434
B22-126,/fhome/maed/HelicoDataSet/CrossValidation/Annotated/B22-126_0/01144_Aug5.png,1,0.19094952940940857
B22-126,/fhome/maed/HelicoDataSet/CrossValidation/Annotated/B22-126_0/01562_Aug2.png,1,0.15867619216442108
B22-126,/fhome/maed/HelicoDataSet/CrossValidation/Annotated/B22-126_0/03081_Aug1.png,1,0.17989303171634674
B22-187,/fhome/maed/HelicoDataSet/CrossValidation/Annotated/B22-187_0/00692.png,0,0.12505951523780823
B22-187,/fhome/maed/HelicoDataSet/CrossValidation/Annotated/B22-187_0/00588.png,0,0.005657036788761616
B22-187,/fhome/maed/HelicoDataSet/CrossValidation/Annotated/B22-187_0/00688.png,0,0.021950341761112213
B22-187,/fhome/maed/HelicoDataSet/CrossValidation/Annotated/B22-187_0/00591.png,0,0.0055257645435631275
B22-187,/fhome/maed/HelicoDataSet/CrossValidation/Annotated/B22-187_0/00726.png,0,0.02886376716196537
B22-187,/fhome/maed/HelicoDataSet/CrossValidation/Annotated/B22-187_0/00731.png,0,0.004928929731249809
B22-173,/fhome/maed/HelicoDataSet/CrossValidation/Annotated/B22-173_1/00375.png,0,0.0055435169488191605
B22-173,/fhome/maed/HelicoDataSet/CrossValidation/Annotated/B22-173_1/00260.png,0,0.004742319229990244
B22-173,/fhome/maed/HelicoDataSet/CrossValidation/Annotated/B22-173_1/00207.png,0,0.09374803304672241
B22-173,/fhome/maed/HelicoDataSet/CrossValidation/Annotated/B22-173_1/00316.png,0,0.002785492455586791
B22-28,/fhome/maed/HelicoDataSet/CrossValidation/Annotated/B22-28_1/00131.png,0,0.007258763536810875
B22-28,/fhome/maed/HelicoDataSet/CrossValidation/Annotated/B22-28_1/00025.png,0,0.08699961751699448
B22-28,/fhome/maed/HelicoDataSet/CrossValidation/Annotated/B22-28_1/00349.png,0,0.006386717781424522
B22-28,/fhome/maed/HelicoDataSet/CrossValidation/Annotated/B22-28_1/00272.png,0,0.08441496640443802
B22-28,/fhome/maed/HelicoDataSet/CrossValidation/Annotated/B22-28_1/00095.png,0,0.006123433355242014
B22-28,/fhome/maed/HelicoDataSet/CrossValidation/Annotated/B22-28_1/00029.png,0,0.06912440806627274
B22-28,/fhome/maed/HelicoDataSet/CrossValidation/Annotated/B22-28_1/00249.png,0,0.010991247370839119
B22-110,/fhome/maed/HelicoDataSet/CrossValidation/Annotated/B22-110_1/00614.png,0,0.0025341962464153767
B22-110,/fhome/maed/HelicoDataSet/CrossValidation/Annotated/B22-110_1/00045.png,0,0.0038234239909797907
B22-110,/fhome/maed/HelicoDataSet/CrossValidation/Annotated/B22-110_1/00006.png,0,0.005485298112034798
B22-249,/fhome/maed/HelicoDataSet/CrossValidation/Annotated/B22-249_0/00183_Aug5.png,1,0.14616625010967255
B22-249,/fhome/maed/HelicoDataSet/CrossValidation/Annotated/B22-249_0/01018.png,0,0.0055957576259970665
B22-249,/fhome/maed/HelicoDataSet/CrossValidation/Annotated/B22-249_0/00929.png,0,0.06448250263929367
B22-249,/fhome/maed/HelicoDataSet/CrossValidation/Annotated/B22-249_0/01050.png,0,0.05633477121591568
B22-249,/fhome/maed/HelicoDataSet/CrossValidation/Annotated/B22-249_0/00892.png,0,0.0035304557532072067
B22-249,/fhome/maed/HelicoDataSet/CrossValidation/Annotated/B22-249_0/00183_Aug6.png,1,0.14989863336086273
B22-249,/fhome/maed/HelicoDataSet/CrossValidation/Annotated/B22-249_0/00183_Aug2.png,1,0.14962239563465118
B22-249,/fhome/maed/HelicoDataSet/CrossValidation/Annotated/B22-249_0/00183.png,1,0.1674659252166748
B22-249,/fhome/maed/HelicoDataSet/CrossValidation/Annotated/B22-249_0/00183_Aug3.png,1,0.1645757555961609
B22-249,/fhome/maed/HelicoDataSet/CrossValidation/Annotated/B22-249_0/00183_Aug4.png,1,0.1525309532880783
B22-249,/fhome/maed/HelicoDataSet/CrossValidation/Annotated/B22-249_0/00183_Aug7.png,1,0.13829626142978668
B22-249,/fhome/maed/HelicoDataSet/CrossValidation/Annotated/B22-249_0/00162.png,0,0.008044367656111717
B22-249,/fhome/maed/HelicoDataSet/CrossValidation/Annotated/B22-249_0/00183_Aug1.png,1,0.14556066691875458
B22-249,/fhome/maed/HelicoDataSet/CrossValidation/Annotated/B22-249_0/00183_Aug8.png,1,0.1571895182132721
B22-249,/fhome/maed/HelicoDataSet/CrossValidation/Annotated/B22-249_0/01200.png,0,0.05400707200169563
B22-249,/fhome/maed/HelicoDataSet/CrossValidation/Annotated/B22-249_0/01053.png,0,0.08052893728017807
B22-179,/fhome/maed/HelicoDataSet/CrossValidation/Annotated/B22-179_1/00315.png,0,0.006169627886265516
B22-25,/fhome/maed/HelicoDataSet/CrossValidation/Annotated/B22-25_0/02817.png,0,0.08965257555246353
B22-25,/fhome/maed/HelicoDataSet/CrossValidation/Annotated/B22-25_0/02816.png,0,0.004622315522283316
B22-108,/fhome/maed/HelicoDataSet/CrossValidation/Annotated/B22-108_0/00080.png,0,0.026311928406357765
B22-108,/fhome/maed/HelicoDataSet/CrossValidation/Annotated/B22-108_0/00022.png,0,0.0064443498849868774
B22-108,/fhome/maed/HelicoDataSet/CrossValidation/Annotated/B22-108_0/00023.png,0,0.00536588579416275
B22-57,/fhome/maed/HelicoDataSet/CrossValidation/Annotated/B22-57_0/01142.png,0,0.015208625234663486
B22-57,/fhome/maed/HelicoDataSet/CrossValidation/Annotated/B22-57_0/01145.png,0,0.0063216183334589005
B22-57,/fhome/maed/HelicoDataSet/CrossValidation/Annotated/B22-57_0/01144.png,0,0.004377938807010651
B22-57,/fhome/maed/HelicoDataSet/CrossValidation/Annotated/B22-57_0/00001.png,0,0.023112112656235695
B22-172,/fhome/maed/HelicoDataSet/CrossValidation/Annotated/B22-172_0/01401.png,0,0.006426235660910606
B22-172,/fhome/maed/HelicoDataSet/CrossValidation/Annotated/B22-172_0/00101.png,0,0.06516274064779282
B22-172,/fhome/maed/HelicoDataSet/CrossValidation/Annotated/B22-172_0/01205.png,0,0.02182948775589466
B22-172,/fhome/maed/HelicoDataSet/CrossValidation/Annotated/B22-172_0/00447.png,0,0.006045304238796234
B22-172,/fhome/maed/HelicoDataSet/CrossValidation/Annotated/B22-172_0/01230.png,0,0.05427204445004463
B22-172,/fhome/maed/HelicoDataSet/CrossValidation/Annotated/B22-172_0/01400.png,0,0.003444644622504711
B22-172,/fhome/maed/HelicoDataSet/CrossValidation/Annotated/B22-172_0/01207.png,0,0.01898260787129402
B22-172,/fhome/maed/HelicoDataSet/CrossValidation/Annotated/B22-172_0/01206.png,0,0.002823425456881523
B22-172,/fhome/maed/HelicoDataSet/CrossValidation/Annotated/B22-172_0/01229.png,0,0.002164403675124049
B22-142,/fhome/maed/HelicoDataSet/CrossValidation/Annotated/B22-142_0/00087.png,0,0.0065083010122179985
B22-170,/fhome/maed/HelicoDataSet/CrossValidation/Annotated/B22-170_0/01015_Aug7.png,1,0.1693412959575653
B22-170,/fhome/maed/HelicoDataSet/CrossValidation/Annotated/B22-170_0/00949_Aug6.png,1,0.1604079008102417
B22-170,/fhome/maed/HelicoDataSet/CrossValidation/Annotated/B22-170_0/01094_Aug1.png,1,0.18118932843208313
B22-170,/fhome/maed/HelicoDataSet/CrossValidation/Annotated/B22-170_0/01094_Aug4.png,1,0.1773710995912552
B22-170,/fhome/maed/HelicoDataSet/CrossValidation/Annotated/B22-170_0/00949_Aug3.png,1,0.12141826003789902
B22-170,/fhome/maed/HelicoDataSet/CrossValidation/Annotated/B22-170_0/00949_Aug7.png,1,0.13020393252372742
B22-170,/fhome/maed/HelicoDataSet/CrossValidation/Annotated/B22-170_0/00949.png,1,0.1591741293668747
B22-170,/fhome/maed/HelicoDataSet/CrossValidation/Annotated/B22-170_0/00254.png,0,0.0131478700786829
B22-170,/fhome/maed/HelicoDataSet/CrossValidation/Annotated/B22-170_0/01094_Aug8.png,1,0.18156698346138
B22-170,/fhome/maed/HelicoDataSet/CrossValidation/Annotated/B22-170_0/01015_Aug6.png,1,0.1701822727918625
B22-170,/fhome/maed/HelicoDataSet/CrossValidation/Annotated/B22-170_0/01094_Aug3.png,1,0.17548859119415283
B22-170,/fhome/maed/HelicoDataSet/CrossValidation/Annotated/B22-170_0/00793.png,0,0.008883804082870483
B22-170,/fhome/maed/HelicoDataSet/CrossValidation/Annotated/B22-170_0/01015_Aug3.png,1,0.17015673220157623
B22-170,/fhome/maed/HelicoDataSet/CrossValidation/Annotated/B22-170_0/01015_Aug8.png,1,0.16722984611988068
B22-170,/fhome/maed/HelicoDataSet/CrossValidation/Annotated/B22-170_0/01094_Aug7.png,1,0.17436036467552185
B22-170,/fhome/maed/HelicoDataSet/CrossValidation/Annotated/B22-170_0/01094.png,1,0.18090121448040009
B22-170,/fhome/maed/HelicoDataSet/CrossValidation/Annotated/B22-170_0/00949_Aug8.png,1,0.15098106861114502
B22-170,/fhome/maed/HelicoDataSet/CrossValidation/Annotated/B22-170_0/01015_Aug4.png,1,0.1701900064945221
B22-170,/fhome/maed/HelicoDataSet/CrossValidation/Annotated/B22-170_0/00949_Aug1.png,1,0.1302255243062973
B22-170,/fhome/maed/HelicoDataSet/CrossValidation/Annotated/B22-170_0/00949_Aug4.png,1,0.1570223718881607
B22-170,/fhome/maed/HelicoDataSet/CrossValidation/Annotated/B22-170_0/00949_Aug2.png,1,0.16841627657413483
B22-170,/fhome/maed/HelicoDataSet/CrossValidation/Annotated/B22-170_0/01095.png,0,0.0073223109357059
B22-170,/fhome/maed/HelicoDataSet/CrossValidation/Annotated/B22-170_0/01094_Aug6.png,1,0.18015770614147186
B22-170,/fhome/maed/HelicoDataSet/CrossValidation/Annotated/B22-170_0/01094_Aug5.png,1,0.1776493340730667
B22-170,/fhome/maed/HelicoDataSet/CrossValidation/Annotated/B22-170_0/00303.png,0,0.007017459254711866
B22-170,/fhome/maed/HelicoDataSet/CrossValidation/Annotated/B22-170_0/01015_Aug5.png,1,0.1644110381603241
B22-170,/fhome/maed/HelicoDataSet/CrossValidation/Annotated/B22-170_0/01015_Aug2.png,1,0.17052632570266724
B22-170,/fhome/maed/HelicoDataSet/CrossValidation/Annotated/B22-170_0/01094_Aug2.png,1,0.1828336864709854
B22-170,/fhome/maed/HelicoDataSet/CrossValidation/Annotated/B22-170_0/00055.png,0,0.0019332384690642357
B22-170,/fhome/maed/HelicoDataSet/CrossValidation/Annotated/B22-170_0/00949_Aug5.png,1,0.14686189591884613
B22-170,/fhome/maed/HelicoDataSet/CrossValidation/Annotated/B22-170_0/01015.png,1,0.17128218710422516
B22-170,/fhome/maed/HelicoDataSet/CrossValidation/Annotated/B22-170_0/01015_Aug1.png,1,0.17244255542755127
B22-296,/fhome/maed/HelicoDataSet/CrossValidation/Annotated/B22-296_0/00307_Aug8.png,1,0.12917637825012207
B22-296,/fhome/maed/HelicoDataSet/CrossValidation/Annotated/B22-296_0/00307_Aug2.png,1,0.15772885084152222
B22-296,/fhome/maed/HelicoDataSet/CrossValidation/Annotated/B22-296_0/00307_Aug4.png,1,0.17184147238731384
B22-296,/fhome/maed/HelicoDataSet/CrossValidation/Annotated/B22-296_0/00307_Aug7.png,1,0.15083806216716766
B22-296,/fhome/maed/HelicoDataSet/CrossValidation/Annotated/B22-296_0/00307.png,1,0.16324669122695923
B22-296,/fhome/maed/HelicoDataSet/CrossValidation/Annotated/B22-296_0/00307_Aug3.png,1,0.14911474287509918
B22-296,/fhome/maed/HelicoDataSet/CrossValidation/Annotated/B22-296_0/00307_Aug6.png,1,0.16733990609645844
B22-296,/fhome/maed/HelicoDataSet/CrossValidation/Annotated/B22-296_0/00307_Aug5.png,1,0.1656317114830017
B22-296,/fhome/maed/HelicoDataSet/CrossValidation/Annotated/B22-296_0/00307_Aug1.png,1,0.17291642725467682
B22-109,/fhome/maed/HelicoDataSet/CrossValidation/Annotated/B22-109_0/00322.png,0,0.0032476300839334726
B22-109,/fhome/maed/HelicoDataSet/CrossValidation/Annotated/B22-109_0/00323.png,0,0.006025903392583132
B22-109,/fhome/maed/HelicoDataSet/CrossValidation/Annotated/B22-109_0/00017.png,0,0.003926169127225876
B22-109,/fhome/maed/HelicoDataSet/CrossValidation/Annotated/B22-109_0/00320.png,0,0.006087680347263813
B22-303,/fhome/maed/HelicoDataSet/CrossValidation/Annotated/B22-303_0/00123_Aug6.png,1,0.1493578553199768
B22-303,/fhome/maed/HelicoDataSet/CrossValidation/Annotated/B22-303_0/00106_Aug7.png,1,0.1649128645658493
B22-303,/fhome/maed/HelicoDataSet/CrossValidation/Annotated/B22-303_0/00093_Aug2.png,1,0.16923312842845917
B22-303,/fhome/maed/HelicoDataSet/CrossValidation/Annotated/B22-303_0/00093_Aug3.png,1,0.1621687412261963
B22-303,/fhome/maed/HelicoDataSet/CrossValidation/Annotated/B22-303_0/00602_Aug8.png,1,0.1592811793088913
B22-303,/fhome/maed/HelicoDataSet/CrossValidation/Annotated/B22-303_0/00093_Aug8.png,1,0.1694754660129547
B22-303,/fhome/maed/HelicoDataSet/CrossValidation/Annotated/B22-303_0/00123_Aug4.png,1,0.16172149777412415
B22-303,/fhome/maed/HelicoDataSet/CrossValidation/Annotated/B22-303_0/00106.png,1,0.16194535791873932
B22-303,/fhome/maed/HelicoDataSet/CrossValidation/Annotated/B22-303_0/00602_Aug1.png,1,0.16864901781082153
B22-303,/fhome/maed/HelicoDataSet/CrossValidation/Annotated/B22-303_0/00106_Aug8.png,1,0.16169926524162292
B22-303,/fhome/maed/HelicoDataSet/CrossValidation/Annotated/B22-303_0/00106_Aug2.png,1,0.16177886724472046
B22-303,/fhome/maed/HelicoDataSet/CrossValidation/Annotated/B22-303_0/00106_Aug4.png,1,0.1603362113237381
B22-303,/fhome/maed/HelicoDataSet/CrossValidation/Annotated/B22-303_0/00106_Aug1.png,1,0.16446824371814728
B22-303,/fhome/maed/HelicoDataSet/CrossValidation/Annotated/B22-303_0/00093_Aug7.png,1,0.16728585958480835
B22-303,/fhome/maed/HelicoDataSet/CrossValidation/Annotated/B22-303_0/00106_Aug6.png,1,0.15863636136054993
B22-303,/fhome/maed/HelicoDataSet/CrossValidation/Annotated/B22-303_0/00602_Aug7.png,1,0.16885153949260712
B22-303,/fhome/maed/HelicoDataSet/CrossValidation/Annotated/B22-303_0/00093_Aug5.png,1,0.16216200590133667
B22-303,/fhome/maed/HelicoDataSet/CrossValidation/Annotated/B22-303_0/00123.png,1,0.15840363502502441
B22-303,/fhome/maed/HelicoDataSet/CrossValidation/Annotated/B22-303_0/00123_Aug3.png,1,0.15385986864566803
B22-303,/fhome/maed/HelicoDataSet/CrossValidation/Annotated/B22-303_0/00106_Aug5.png,1,0.1586115062236786
B22-303,/fhome/maed/HelicoDataSet/CrossValidation/Annotated/B22-303_0/00123_Aug1.png,1,0.15750332176685333
B22-303,/fhome/maed/HelicoDataSet/CrossValidation/Annotated/B22-303_0/00123_Aug2.png,1,0.16037563979625702
B22-303,/fhome/maed/HelicoDataSet/CrossValidation/Annotated/B22-303_0/00093_Aug1.png,1,0.15146557986736298
B22-303,/fhome/maed/HelicoDataSet/CrossValidation/Annotated/B22-303_0/00602.png,1,0.16404688358306885
B22-303,/fhome/maed/HelicoDataSet/CrossValidation/Annotated/B22-303_0/00123_Aug5.png,1,0.16318030655384064
B22-303,/fhome/maed/HelicoDataSet/CrossValidation/Annotated/B22-303_0/00602_Aug5.png,1,0.14715257287025452
B22-303,/fhome/maed/HelicoDataSet/CrossValidation/Annotated/B22-303_0/00602_Aug6.png,1,0.16571035981178284
B22-303,/fhome/maed/HelicoDataSet/CrossValidation/Annotated/B22-303_0/00123_Aug7.png,1,0.15550030767917633
B22-303,/fhome/maed/HelicoDataSet/CrossValidation/Annotated/B22-303_0/00602_Aug4.png,1,0.15244074165821075
B22-303,/fhome/maed/HelicoDataSet/CrossValidation/Annotated/B22-303_0/00093_Aug4.png,1,0.1705804318189621
B22-303,/fhome/maed/HelicoDataSet/CrossValidation/Annotated/B22-303_0/00602_Aug2.png,1,0.16180643439292908
B22-303,/fhome/maed/HelicoDataSet/CrossValidation/Annotated/B22-303_0/00602_Aug3.png,1,0.1674192100763321
B22-303,/fhome/maed/HelicoDataSet/CrossValidation/Annotated/B22-303_0/00106_Aug3.png,1,0.1617388278245926
B22-303,/fhome/maed/HelicoDataSet/CrossValidation/Annotated/B22-303_0/00093.png,1,0.176650270819664
B22-303,/fhome/maed/HelicoDataSet/CrossValidation/Annotated/B22-303_0/00093_Aug6.png,1,0.17072688043117523
B22-303,/fhome/maed/HelicoDataSet/CrossValidation/Annotated/B22-303_0/00123_Aug8.png,1,0.1592126041650772
B22-184,/fhome/maed/HelicoDataSet/CrossValidation/Annotated/B22-184_0/01180.png,0,0.029653197154402733
B22-184,/fhome/maed/HelicoDataSet/CrossValidation/Annotated/B22-184_0/01066.png,0,0.06855001300573349
B22-184,/fhome/maed/HelicoDataSet/CrossValidation/Annotated/B22-184_0/01179.png,0,0.004621314816176891
B22-184,/fhome/maed/HelicoDataSet/CrossValidation/Annotated/B22-184_0/01134.png,0,0.016062069684267044
B22-184,/fhome/maed/HelicoDataSet/CrossValidation/Annotated/B22-184_0/01178.png,0,0.0029804965015500784
B22-184,/fhome/maed/HelicoDataSet/CrossValidation/Annotated/B22-184_0/01063.png,0,0.02796618640422821
B22-91,/fhome/maed/HelicoDataSet/CrossValidation/Annotated/B22-91_1/00087.png,0,0.007026891224086285
B22-91,/fhome/maed/HelicoDataSet/CrossValidation/Annotated/B22-91_1/00360.png,0,0.0034438050352036953
B22-91,/fhome/maed/HelicoDataSet/CrossValidation/Annotated/B22-91_1/00165.png,0,0.0023712036199867725
B22-91,/fhome/maed/HelicoDataSet/CrossValidation/Annotated/B22-91_1/00275.png,0,0.0025154459290206432
B22-312,/fhome/maed/HelicoDataSet/CrossValidation/Annotated/B22-312_0/01780_Aug3.png,1,0.14762280881404877
B22-312,/fhome/maed/HelicoDataSet/CrossValidation/Annotated/B22-312_0/01154_Aug1.png,1,0.16574372351169586
B22-312,/fhome/maed/HelicoDataSet/CrossValidation/Annotated/B22-312_0/00010.png,0,0.0021404281724244356
B22-312,/fhome/maed/HelicoDataSet/CrossValidation/Annotated/B22-312_0/00957.png,1,0.1678408831357956
B22-312,/fhome/maed/HelicoDataSet/CrossValidation/Annotated/B22-312_0/01780_Aug7.png,1,0.15639768540859222
B22-312,/fhome/maed/HelicoDataSet/CrossValidation/Annotated/B22-312_0/01780_Aug6.png,1,0.15176747739315033
B22-312,/fhome/maed/HelicoDataSet/CrossValidation/Annotated/B22-312_0/00957_Aug4.png,1,0.164541095495224
B22-312,/fhome/maed/HelicoDataSet/CrossValidation/Annotated/B22-312_0/01764.png,0,0.004263013135641813
B22-312,/fhome/maed/HelicoDataSet/CrossValidation/Annotated/B22-312_0/00097.png,0,0.00292411632835865
B22-312,/fhome/maed/HelicoDataSet/CrossValidation/Annotated/B22-312_0/01461_Aug4.png,1,0.07525226473808289
B22-312,/fhome/maed/HelicoDataSet/CrossValidation/Annotated/B22-312_0/01780_Aug2.png,1,0.14254052937030792
B22-312,/fhome/maed/HelicoDataSet/CrossValidation/Annotated/B22-312_0/00235.png,0,0.007466692011803389
B22-312,/fhome/maed/HelicoDataSet/CrossValidation/Annotated/B22-312_0/01343.png,0,0.0022057450842112303
B22-312,/fhome/maed/HelicoDataSet/CrossValidation/Annotated/B22-312_0/01154_Aug8.png,1,0.16852524876594543
B22-312,/fhome/maed/HelicoDataSet/CrossValidation/Annotated/B22-312_0/01461.png,1,0.06421899050474167
B22-312,/fhome/maed/HelicoDataSet/CrossValidation/Annotated/B22-312_0/01347.png,0,0.0031016170978546143
B22-312,/fhome/maed/HelicoDataSet/CrossValidation/Annotated/B22-312_0/01679.png,0,0.006194788496941328
B22-312,/fhome/maed/HelicoDataSet/CrossValidation/Annotated/B22-312_0/00910.png,0,0.004416034556925297
B22-312,/fhome/maed/HelicoDataSet/CrossValidation/Annotated/B22-312_0/01763.png,0,0.004753347486257553
B22-312,/fhome/maed/HelicoDataSet/CrossValidation/Annotated/B22-312_0/01755.png,0,0.0024839392863214016
B22-312,/fhome/maed/HelicoDataSet/CrossValidation/Annotated/B22-312_0/00957_Aug8.png,1,0.17049375176429749
B22-312,/fhome/maed/HelicoDataSet/CrossValidation/Annotated/B22-312_0/00308.png,0,0.003114009276032448
B22-312,/fhome/maed/HelicoDataSet/CrossValidation/Annotated/B22-312_0/01739.png,0,0.0017300993204116821
B22-312,/fhome/maed/HelicoDataSet/CrossValidation/Annotated/B22-312_0/00957_Aug1.png,1,0.1709136813879013
B22-312,/fhome/maed/HelicoDataSet/CrossValidation/Annotated/B22-312_0/00957_Aug2.png,1,0.16256284713745117
B22-312,/fhome/maed/HelicoDataSet/CrossValidation/Annotated/B22-312_0/01154_Aug5.png,1,0.16497348248958588
B22-312,/fhome/maed/HelicoDataSet/CrossValidation/Annotated/B22-312_0/00957_Aug3.png,1,0.1648963838815689
B22-312,/fhome/maed/HelicoDataSet/CrossValidation/Annotated/B22-312_0/01154.png,1,0.1685565859079361
B22-312,/fhome/maed/HelicoDataSet/CrossValidation/Annotated/B22-312_0/01780_Aug4.png,1,0.1469782292842865
B22-312,/fhome/maed/HelicoDataSet/CrossValidation/Annotated/B22-312_0/01461_Aug8.png,1,0.08173295110464096
B22-312,/fhome/maed/HelicoDataSet/CrossValidation/Annotated/B22-312_0/01461_Aug5.png,1,0.06692496687173843
B22-312,/fhome/maed/HelicoDataSet/CrossValidation/Annotated/B22-312_0/01780_Aug5.png,1,0.14355118572711945
B22-312,/fhome/maed/HelicoDataSet/CrossValidation/Annotated/B22-312_0/01780_Aug8.png,1,0.1359046846628189
B22-312,/fhome/maed/HelicoDataSet/CrossValidation/Annotated/B22-312_0/01154_Aug6.png,1,0.1685531884431839
B22-312,/fhome/maed/HelicoDataSet/CrossValidation/Annotated/B22-312_0/01047.png,0,0.06295260787010193
B22-312,/fhome/maed/HelicoDataSet/CrossValidation/Annotated/B22-312_0/01461_Aug7.png,1,0.07375019788742065
B22-312,/fhome/maed/HelicoDataSet/CrossValidation/Annotated/B22-312_0/00957_Aug7.png,1,0.17384742200374603
B22-312,/fhome/maed/HelicoDataSet/CrossValidation/Annotated/B22-312_0/01468.png,0,0.0034892617259174585
B22-312,/fhome/maed/HelicoDataSet/CrossValidation/Annotated/B22-312_0/01154_Aug4.png,1,0.16326862573623657
B22-312,/fhome/maed/HelicoDataSet/CrossValidation/Annotated/B22-312_0/01461_Aug3.png,1,0.06821803748607635
B22-312,/fhome/maed/HelicoDataSet/CrossValidation/Annotated/B22-312_0/00600.png,0,0.02569648064672947
B22-312,/fhome/maed/HelicoDataSet/CrossValidation/Annotated/B22-312_0/00891.png,0,0.004104225896298885
B22-312,/fhome/maed/HelicoDataSet/CrossValidation/Annotated/B22-312_0/01780_Aug1.png,1,0.1695852428674698
B22-312,/fhome/maed/HelicoDataSet/CrossValidation/Annotated/B22-312_0/00957_Aug5.png,1,0.15583324432373047
B22-312,/fhome/maed/HelicoDataSet/CrossValidation/Annotated/B22-312_0/01780.png,1,0.15650112926959991
B22-312,/fhome/maed/HelicoDataSet/CrossValidation/Annotated/B22-312_0/01461_Aug1.png,1,0.0722016841173172
B22-312,/fhome/maed/HelicoDataSet/CrossValidation/Annotated/B22-312_0/01461_Aug6.png,1,0.07425672560930252
B22-312,/fhome/maed/HelicoDataSet/CrossValidation/Annotated/B22-312_0/01154_Aug2.png,1,0.1732836663722992
B22-312,/fhome/maed/HelicoDataSet/CrossValidation/Annotated/B22-312_0/00000.png,0,0.16397272050380707
B22-312,/fhome/maed/HelicoDataSet/CrossValidation/Annotated/B22-312_0/01461_Aug2.png,1,0.0713193416595459
B22-312,/fhome/maed/HelicoDataSet/CrossValidation/Annotated/B22-312_0/01154_Aug3.png,1,0.1659371554851532
B22-312,/fhome/maed/HelicoDataSet/CrossValidation/Annotated/B22-312_0/00957_Aug6.png,1,0.16026853024959564
B22-312,/fhome/maed/HelicoDataSet/CrossValidation/Annotated/B22-312_0/01758.png,0,0.010165075771510601
B22-312,/fhome/maed/HelicoDataSet/CrossValidation/Annotated/B22-312_0/00096.png,0,0.0038445645477622747
B22-312,/fhome/maed/HelicoDataSet/CrossValidation/Annotated/B22-312_0/01154_Aug7.png,1,0.17307177186012268
B22-122,/fhome/maed/HelicoDataSet/CrossValidation/Annotated/B22-122_0/00368.png,0,0.0032267700880765915
B22-122,/fhome/maed/HelicoDataSet/CrossValidation/Annotated/B22-122_0/00366.png,0,0.015491708181798458
B22-245,/fhome/maed/HelicoDataSet/CrossValidation/Annotated/B22-245_0/00266.png,0,0.0053328583016991615
B22-245,/fhome/maed/HelicoDataSet/CrossValidation/Annotated/B22-245_0/00267.png,0,0.007149074226617813
B22-102,/fhome/maed/HelicoDataSet/CrossValidation/Annotated/B22-102_0/03685_Aug1.png,1,0.17650428414344788
B22-102,/fhome/maed/HelicoDataSet/CrossValidation/Annotated/B22-102_0/01468_Aug1.png,1,0.08310537040233612
B22-102,/fhome/maed/HelicoDataSet/CrossValidation/Annotated/B22-102_0/03685_Aug5.png,1,0.17714086174964905
B22-102,/fhome/maed/HelicoDataSet/CrossValidation/Annotated/B22-102_0/03685.png,1,0.17591093480587006
B22-102,/fhome/maed/HelicoDataSet/CrossValidation/Annotated/B22-102_0/01468_Aug2.png,1,0.09840851277112961
B22-102,/fhome/maed/HelicoDataSet/CrossValidation/Annotated/B22-102_0/03685_Aug8.png,1,0.16776081919670105
B22-102,/fhome/maed/HelicoDataSet/CrossValidation/Annotated/B22-102_0/03685_Aug4.png,1,0.17347829043865204
B22-102,/fhome/maed/HelicoDataSet/CrossValidation/Annotated/B22-102_0/01468_Aug7.png,1,0.0051108174957334995
B22-102,/fhome/maed/HelicoDataSet/CrossValidation/Annotated/B22-102_0/03798.png,0,0.006767130456864834
B22-102,/fhome/maed/HelicoDataSet/CrossValidation/Annotated/B22-102_0/01468_Aug5.png,1,0.0025227731093764305
B22-102,/fhome/maed/HelicoDataSet/CrossValidation/Annotated/B22-102_0/03685_Aug7.png,1,0.18000313639640808
B22-102,/fhome/maed/HelicoDataSet/CrossValidation/Annotated/B22-102_0/01468_Aug6.png,1,0.0028580795042216778
B22-102,/fhome/maed/HelicoDataSet/CrossValidation/Annotated/B22-102_0/01468_Aug3.png,1,0.06349398195743561
B22-102,/fhome/maed/HelicoDataSet/CrossValidation/Annotated/B22-102_0/03685_Aug3.png,1,0.1753060519695282
B22-102,/fhome/maed/HelicoDataSet/CrossValidation/Annotated/B22-102_0/01468.png,1,0.06952288001775742
B22-102,/fhome/maed/HelicoDataSet/CrossValidation/Annotated/B22-102_0/01468_Aug8.png,1,0.003748966148123145
B22-102,/fhome/maed/HelicoDataSet/CrossValidation/Annotated/B22-102_0/03838.png,0,0.00507262023165822
B22-102,/fhome/maed/HelicoDataSet/CrossValidation/Annotated/B22-102_0/01468_Aug4.png,1,0.06348632276058197
B22-102,/fhome/maed/HelicoDataSet/CrossValidation/Annotated/B22-102_0/03685_Aug6.png,1,0.17175540328025818
B22-102,/fhome/maed/HelicoDataSet/CrossValidation/Annotated/B22-102_0/03685_Aug2.png,1,0.17467284202575684
B22-177,/fhome/maed/HelicoDataSet/CrossValidation/Annotated/B22-177_1/00298.png,0,0.003757940838113427
B22-177,/fhome/maed/HelicoDataSet/CrossValidation/Annotated/B22-177_1/00862.png,0,0.0051216850988566875
B22-177,/fhome/maed/HelicoDataSet/CrossValidation/Annotated/B22-177_1/00469.png,0,0.005894631613045931
B22-177,/fhome/maed/HelicoDataSet/CrossValidation/Annotated/B22-177_1/01193.png,0,0.003677504602819681
B22-177,/fhome/maed/HelicoDataSet/CrossValidation/Annotated/B22-177_1/00962.png,0,0.007184417452663183
B22-177,/fhome/maed/HelicoDataSet/CrossValidation/Annotated/B22-177_1/01386.png,0,0.0033188844099640846
B22-177,/fhome/maed/HelicoDataSet/CrossValidation/Annotated/B22-177_1/01836.png,0,0.004056479316204786
B22-156,/fhome/maed/HelicoDataSet/CrossValidation/Annotated/B22-156_0/00139_Aug7.png,1,0.13779278099536896
B22-156,/fhome/maed/HelicoDataSet/CrossValidation/Annotated/B22-156_0/00139_Aug2.png,1,0.14453257620334625
B22-156,/fhome/maed/HelicoDataSet/CrossValidation/Annotated/B22-156_0/00139_Aug4.png,1,0.13873335719108582
B22-156,/fhome/maed/HelicoDataSet/CrossValidation/Annotated/B22-156_0/00139_Aug5.png,1,0.13776686787605286
B22-156,/fhome/maed/HelicoDataSet/CrossValidation/Annotated/B22-156_0/00139_Aug6.png,1,0.1504591703414917
B22-156,/fhome/maed/HelicoDataSet/CrossValidation/Annotated/B22-156_0/00139_Aug1.png,1,0.14957982301712036
B22-156,/fhome/maed/HelicoDataSet/CrossValidation/Annotated/B22-156_0/00139_Aug3.png,1,0.1657126396894455
B22-156,/fhome/maed/HelicoDataSet/CrossValidation/Annotated/B22-156_0/00139_Aug8.png,1,0.1434858739376068
B22-156,/fhome/maed/HelicoDataSet/CrossValidation/Annotated/B22-156_0/00133.png,0,0.006963343825191259
B22-156,/fhome/maed/HelicoDataSet/CrossValidation/Annotated/B22-156_0/00139.png,1,0.15067645907402039
B22-74,/fhome/maed/HelicoDataSet/CrossValidation/Annotated/B22-74_0/00890_Aug7.png,1,0.1582166701555252
B22-74,/fhome/maed/HelicoDataSet/CrossValidation/Annotated/B22-74_0/00890_Aug8.png,1,0.1245642676949501
B22-74,/fhome/maed/HelicoDataSet/CrossValidation/Annotated/B22-74_0/00890_Aug2.png,1,0.1514991819858551
B22-74,/fhome/maed/HelicoDataSet/CrossValidation/Annotated/B22-74_0/00759.png,0,0.00663368497043848
B22-74,/fhome/maed/HelicoDataSet/CrossValidation/Annotated/B22-74_0/00890_Aug1.png,1,0.1552310287952423
B22-74,/fhome/maed/HelicoDataSet/CrossValidation/Annotated/B22-74_0/00415.png,0,0.1553606241941452
B22-74,/fhome/maed/HelicoDataSet/CrossValidation/Annotated/B22-74_0/00890.png,1,0.15409938991069794
B22-74,/fhome/maed/HelicoDataSet/CrossValidation/Annotated/B22-74_0/00890_Aug5.png,1,0.1545179784297943
B22-74,/fhome/maed/HelicoDataSet/CrossValidation/Annotated/B22-74_0/00890_Aug6.png,1,0.14132291078567505
B22-74,/fhome/maed/HelicoDataSet/CrossValidation/Annotated/B22-74_0/00890_Aug4.png,1,0.16364356875419617
B22-74,/fhome/maed/HelicoDataSet/CrossValidation/Annotated/B22-74_0/00890_Aug3.png,1,0.1556684821844101
B22-74,/fhome/maed/HelicoDataSet/CrossValidation/Annotated/B22-74_0/00762.png,0,0.006514537148177624
B22-74,/fhome/maed/HelicoDataSet/CrossValidation/Annotated/B22-74_0/00420.png,0,0.15585468709468842
B22-74,/fhome/maed/HelicoDataSet/CrossValidation/Annotated/B22-74_0/00011.png,0,0.051181111484766006
B22-180,/fhome/maed/HelicoDataSet/CrossValidation/Annotated/B22-180_1/00629.png,0,0.003363771364092827
B22-180,/fhome/maed/HelicoDataSet/CrossValidation/Annotated/B22-180_1/00294.png,0,0.005184668581932783
B22-180,/fhome/maed/HelicoDataSet/CrossValidation/Annotated/B22-180_1/00658.png,0,0.0051583596505224705
B22-180,/fhome/maed/HelicoDataSet/CrossValidation/Annotated/B22-180_1/00615.png,0,0.0019368871580809355
B22-124,/fhome/maed/HelicoDataSet/CrossValidation/Annotated/B22-124_0/00759.png,0,0.00663368497043848
B22-124,/fhome/maed/HelicoDataSet/CrossValidation/Annotated/B22-124_0/00902_Aug8.png,1,0.08863073587417603
B22-124,/fhome/maed/HelicoDataSet/CrossValidation/Annotated/B22-124_0/00902_Aug7.png,1,0.08033621311187744
B22-124,/fhome/maed/HelicoDataSet/CrossValidation/Annotated/B22-124_0/00902_Aug1.png,1,0.1616491824388504
B22-124,/fhome/maed/HelicoDataSet/CrossValidation/Annotated/B22-124_0/00902.png,1,0.13923469185829163
B22-124,/fhome/maed/HelicoDataSet/CrossValidation/Annotated/B22-124_0/00902_Aug6.png,1,0.1459716409444809
B22-124,/fhome/maed/HelicoDataSet/CrossValidation/Annotated/B22-124_0/00902_Aug3.png,1,0.13350912928581238
B22-124,/fhome/maed/HelicoDataSet/CrossValidation/Annotated/B22-124_0/00902_Aug5.png,1,0.16458457708358765
B22-124,/fhome/maed/HelicoDataSet/CrossValidation/Annotated/B22-124_0/00762.png,0,0.006514537148177624
B22-124,/fhome/maed/HelicoDataSet/CrossValidation/Annotated/B22-124_0/00902_Aug4.png,1,0.08006224781274796
B22-124,/fhome/maed/HelicoDataSet/CrossValidation/Annotated/B22-124_0/01143.png,0,0.06955964863300323
B22-124,/fhome/maed/HelicoDataSet/CrossValidation/Annotated/B22-124_0/00902_Aug2.png,1,0.11364442855119705
B22-124,/fhome/maed/HelicoDataSet/CrossValidation/Annotated/B22-124_0/01419.png,0,0.006870451383292675
B22-124,/fhome/maed/HelicoDataSet/CrossValidation/Annotated/B22-124_0/00011.png,0,0.0511811263859272
B22-253,/fhome/maed/HelicoDataSet/CrossValidation/Annotated/B22-253_0/01723.png,0,0.008727050386369228
B22-253,/fhome/maed/HelicoDataSet/CrossValidation/Annotated/B22-253_0/02465.png,0,0.0830184742808342
B22-253,/fhome/maed/HelicoDataSet/CrossValidation/Annotated/B22-253_0/02440.png,0,0.06599897146224976
B22-253,/fhome/maed/HelicoDataSet/CrossValidation/Annotated/B22-253_0/01933.png,0,0.04090174287557602
B22-253,/fhome/maed/HelicoDataSet/CrossValidation/Annotated/B22-253_0/02317.png,0,0.07054673135280609
B22-253,/fhome/maed/HelicoDataSet/CrossValidation/Annotated/B22-253_0/01044.png,0,0.01547246240079403
B22-253,/fhome/maed/HelicoDataSet/CrossValidation/Annotated/B22-253_0/01036.png,0,0.13139210641384125
B22-253,/fhome/maed/HelicoDataSet/CrossValidation/Annotated/B22-253_0/01119.png,0,0.00976427923887968
B22-253,/fhome/maed/HelicoDataSet/CrossValidation/Annotated/B22-253_0/01219.png,0,0.07482216507196426
B22-253,/fhome/maed/HelicoDataSet/CrossValidation/Annotated/B22-253_0/00999.png,0,0.010211735032498837
B22-253,/fhome/maed/HelicoDataSet/CrossValidation/Annotated/B22-253_0/01115.png,0,0.022235266864299774
B22-253,/fhome/maed/HelicoDataSet/CrossValidation/Annotated/B22-253_0/02437.png,0,0.12831014394760132
B22-253,/fhome/maed/HelicoDataSet/CrossValidation/Annotated/B22-253_0/01016.png,0,0.08126991987228394
B22-253,/fhome/maed/HelicoDataSet/CrossValidation/Annotated/B22-253_0/01039.png,0,0.013431900180876255
B22-253,/fhome/maed/HelicoDataSet/CrossValidation/Annotated/B22-253_0/02398.png,0,0.11012286692857742
B22-253,/fhome/maed/HelicoDataSet/CrossValidation/Annotated/B22-253_0/01937.png,0,0.02357908897101879
B22-253,/fhome/maed/HelicoDataSet/CrossValidation/Annotated/B22-253_0/01144.png,0,0.01678498648107052
B22-253,/fhome/maed/HelicoDataSet/CrossValidation/Annotated/B22-253_0/01143.png,0,0.009408324025571346
B22-253,/fhome/maed/HelicoDataSet/CrossValidation/Annotated/B22-253_0/02478.png,0,0.01804271899163723
B22-129,/fhome/maed/HelicoDataSet/CrossValidation/Annotated/B22-129_0/00659.png,0,0.007275777403265238
B22-240,/fhome/maed/HelicoDataSet/CrossValidation/Annotated/B22-240_0/00500_Aug5.png,1,0.16551120579242706
B22-240,/fhome/maed/HelicoDataSet/CrossValidation/Annotated/B22-240_0/00500_Aug3.png,1,0.15214243531227112
B22-240,/fhome/maed/HelicoDataSet/CrossValidation/Annotated/B22-240_0/00500_Aug1.png,1,0.15955844521522522
B22-240,/fhome/maed/HelicoDataSet/CrossValidation/Annotated/B22-240_0/00629_Aug3.png,1,0.1478147953748703
B22-240,/fhome/maed/HelicoDataSet/CrossValidation/Annotated/B22-240_0/00629_Aug7.png,1,0.1625484973192215
B22-240,/fhome/maed/HelicoDataSet/CrossValidation/Annotated/B22-240_0/00629.png,1,0.1629817932844162
B22-240,/fhome/maed/HelicoDataSet/CrossValidation/Annotated/B22-240_0/00629_Aug4.png,1,0.16435883939266205
B22-240,/fhome/maed/HelicoDataSet/CrossValidation/Annotated/B22-240_0/00500_Aug6.png,1,0.1671522855758667
B22-240,/fhome/maed/HelicoDataSet/CrossValidation/Annotated/B22-240_0/00500_Aug7.png,1,0.15129220485687256
B22-240,/fhome/maed/HelicoDataSet/CrossValidation/Annotated/B22-240_0/00500_Aug4.png,1,0.17174018919467926
B22-240,/fhome/maed/HelicoDataSet/CrossValidation/Annotated/B22-240_0/00629_Aug2.png,1,0.14656567573547363
B22-240,/fhome/maed/HelicoDataSet/CrossValidation/Annotated/B22-240_0/00740_Aug8.png,1,0.12111639976501465
B22-240,/fhome/maed/HelicoDataSet/CrossValidation/Annotated/B22-240_0/00740_Aug3.png,1,0.12436223030090332
B22-240,/fhome/maed/HelicoDataSet/CrossValidation/Annotated/B22-240_0/00740_Aug4.png,1,0.12916399538516998
B22-240,/fhome/maed/HelicoDataSet/CrossValidation/Annotated/B22-240_0/00740_Aug5.png,1,0.11633044481277466
B22-240,/fhome/maed/HelicoDataSet/CrossValidation/Annotated/B22-240_0/00807.png,0,0.06633463501930237
B22-240,/fhome/maed/HelicoDataSet/CrossValidation/Annotated/B22-240_0/00629_Aug8.png,1,0.16839955747127533
B22-240,/fhome/maed/HelicoDataSet/CrossValidation/Annotated/B22-240_0/00740_Aug6.png,1,0.12749096751213074
B22-240,/fhome/maed/HelicoDataSet/CrossValidation/Annotated/B22-240_0/00740_Aug1.png,1,0.11886074393987656
B22-240,/fhome/maed/HelicoDataSet/CrossValidation/Annotated/B22-240_0/00740.png,1,0.1233581081032753
B22-240,/fhome/maed/HelicoDataSet/CrossValidation/Annotated/B22-240_0/00740_Aug7.png,1,0.1088806614279747
B22-240,/fhome/maed/HelicoDataSet/CrossValidation/Annotated/B22-240_0/00629_Aug1.png,1,0.1602381020784378
B22-240,/fhome/maed/HelicoDataSet/CrossValidation/Annotated/B22-240_0/00629_Aug6.png,1,0.15088136494159698
B22-240,/fhome/maed/HelicoDataSet/CrossValidation/Annotated/B22-240_0/00500_Aug8.png,1,0.15756838023662567
B22-240,/fhome/maed/HelicoDataSet/CrossValidation/Annotated/B22-240_0/00039.png,0,0.021325310692191124
B22-240,/fhome/maed/HelicoDataSet/CrossValidation/Annotated/B22-240_0/00038.png,0,0.11426988989114761
B22-240,/fhome/maed/HelicoDataSet/CrossValidation/Annotated/B22-240_0/00500_Aug2.png,1,0.15829584002494812
B22-240,/fhome/maed/HelicoDataSet/CrossValidation/Annotated/B22-240_0/00814.png,0,0.08947025239467621
B22-240,/fhome/maed/HelicoDataSet/CrossValidation/Annotated/B22-240_0/00629_Aug5.png,1,0.1450161635875702
B22-240,/fhome/maed/HelicoDataSet/CrossValidation/Annotated/B22-240_0/00500.png,1,0.15677617490291595
B22-240,/fhome/maed/HelicoDataSet/CrossValidation/Annotated/B22-240_0/00740_Aug2.png,1,0.10764644294977188
B22-55,/fhome/maed/HelicoDataSet/CrossValidation/Annotated/B22-55_0/00314.png,0,0.004740589763969183
B22-106,/fhome/maed/HelicoDataSet/CrossValidation/Annotated/B22-106_1/00071.png,0,0.0057835932821035385
B22-106,/fhome/maed/HelicoDataSet/CrossValidation/Annotated/B22-106_1/00079.png,0,0.006350249983370304
B22-106,/fhome/maed/HelicoDataSet/CrossValidation/Annotated/B22-106_1/00166.png,0,0.0028355440590530634
B22-106,/fhome/maed/HelicoDataSet/CrossValidation/Annotated/B22-106_1/00281.png,0,0.006304438691586256
B22-106,/fhome/maed/HelicoDataSet/CrossValidation/Annotated/B22-106_1/00389.png,0,0.006652247626334429
B22-106,/fhome/maed/HelicoDataSet/CrossValidation/Annotated/B22-106_1/00125.png,0,0.006259480025619268
B22-106,/fhome/maed/HelicoDataSet/CrossValidation/Annotated/B22-106_1/00344.png,0,0.007493587676435709
B22-106,/fhome/maed/HelicoDataSet/CrossValidation/Annotated/B22-106_1/00469.png,0,0.006588558200746775
B22-106,/fhome/maed/HelicoDataSet/CrossValidation/Annotated/B22-106_1/00319.png,0,0.0068998923525214195
B22-106,/fhome/maed/HelicoDataSet/CrossValidation/Annotated/B22-106_1/00128.png,0,0.0060121165588498116
B22-106,/fhome/maed/HelicoDataSet/CrossValidation/Annotated/B22-106_1/00269.png,0,0.006265638861805201
B22-114,/fhome/maed/HelicoDataSet/CrossValidation/Annotated/B22-114_0/00112_Aug5.png,1,0.18519052863121033
B22-114,/fhome/maed/HelicoDataSet/CrossValidation/Annotated/B22-114_0/00080_Aug7.png,1,0.1936774104833603
B22-114,/fhome/maed/HelicoDataSet/CrossValidation/Annotated/B22-114_0/00112_Aug4.png,1,0.25019940733909607
B22-114,/fhome/maed/HelicoDataSet/CrossValidation/Annotated/B22-114_0/00054_Aug7.png,1,0.13338826596736908
B22-114,/fhome/maed/HelicoDataSet/CrossValidation/Annotated/B22-114_0/00238_Aug3.png,1,0.18331356346607208
B22-114,/fhome/maed/HelicoDataSet/CrossValidation/Annotated/B22-114_0/00054_Aug2.png,1,0.12887848913669586
B22-114,/fhome/maed/HelicoDataSet/CrossValidation/Annotated/B22-114_0/00080_Aug8.png,1,0.1535787284374237
B22-114,/fhome/maed/HelicoDataSet/CrossValidation/Annotated/B22-114_0/00112.png,1,0.17896674573421478
B22-114,/fhome/maed/HelicoDataSet/CrossValidation/Annotated/B22-114_0/00238_Aug1.png,1,0.17439661920070648
B22-114,/fhome/maed/HelicoDataSet/CrossValidation/Annotated/B22-114_0/00238_Aug5.png,1,0.1781245470046997
B22-114,/fhome/maed/HelicoDataSet/CrossValidation/Annotated/B22-114_0/00080_Aug3.png,1,0.1987929493188858
B22-114,/fhome/maed/HelicoDataSet/CrossValidation/Annotated/B22-114_0/00080.png,1,0.18013744056224823
B22-114,/fhome/maed/HelicoDataSet/CrossValidation/Annotated/B22-114_0/00080_Aug5.png,1,0.18747806549072266
B22-114,/fhome/maed/HelicoDataSet/CrossValidation/Annotated/B22-114_0/00054_Aug8.png,1,0.09117873013019562
B22-114,/fhome/maed/HelicoDataSet/CrossValidation/Annotated/B22-114_0/00112_Aug7.png,1,0.1943894475698471
B22-114,/fhome/maed/HelicoDataSet/CrossValidation/Annotated/B22-114_0/00238.png,1,0.18718165159225464
B22-114,/fhome/maed/HelicoDataSet/CrossValidation/Annotated/B22-114_0/00238_Aug2.png,1,0.18099434673786163
B22-114,/fhome/maed/HelicoDataSet/CrossValidation/Annotated/B22-114_0/00054_Aug3.png,1,0.13578855991363525
B22-114,/fhome/maed/HelicoDataSet/CrossValidation/Annotated/B22-114_0/00112_Aug2.png,1,0.17720986902713776
B22-114,/fhome/maed/HelicoDataSet/CrossValidation/Annotated/B22-114_0/00080_Aug6.png,1,0.14819858968257904
B22-114,/fhome/maed/HelicoDataSet/CrossValidation/Annotated/B22-114_0/00112_Aug3.png,1,0.1830100417137146
B22-114,/fhome/maed/HelicoDataSet/CrossValidation/Annotated/B22-114_0/00080_Aug2.png,1,0.17890919744968414
B22-114,/fhome/maed/HelicoDataSet/CrossValidation/Annotated/B22-114_0/00112_Aug6.png,1,0.1772596538066864
B22-114,/fhome/maed/HelicoDataSet/CrossValidation/Annotated/B22-114_0/00054_Aug1.png,1,0.1303091049194336
B22-114,/fhome/maed/HelicoDataSet/CrossValidation/Annotated/B22-114_0/00238_Aug4.png,1,0.17290747165679932
B22-114,/fhome/maed/HelicoDataSet/CrossValidation/Annotated/B22-114_0/00080_Aug1.png,1,0.21593055129051208
B22-114,/fhome/maed/HelicoDataSet/CrossValidation/Annotated/B22-114_0/00112_Aug8.png,1,0.17864742875099182
B22-114,/fhome/maed/HelicoDataSet/CrossValidation/Annotated/B22-114_0/00238_Aug6.png,1,0.1786871999502182
B22-114,/fhome/maed/HelicoDataSet/CrossValidation/Annotated/B22-114_0/00080_Aug4.png,1,0.18623757362365723
B22-114,/fhome/maed/HelicoDataSet/CrossValidation/Annotated/B22-114_0/00054.png,1,0.12782251834869385
B22-114,/fhome/maed/HelicoDataSet/CrossValidation/Annotated/B22-114_0/00112_Aug1.png,1,0.17336490750312805
B22-114,/fhome/maed/HelicoDataSet/CrossValidation/Annotated/B22-114_0/00238_Aug8.png,1,0.16485604643821716
B22-114,/fhome/maed/HelicoDataSet/CrossValidation/Annotated/B22-114_0/00238_Aug7.png,1,0.1851126104593277
B22-114,/fhome/maed/HelicoDataSet/CrossValidation/Annotated/B22-114_0/00054_Aug4.png,1,0.1165061891078949
B22-114,/fhome/maed/HelicoDataSet/CrossValidation/Annotated/B22-114_0/00054_Aug5.png,1,0.13836710155010223
B22-114,/fhome/maed/HelicoDataSet/CrossValidation/Annotated/B22-114_0/00054_Aug6.png,1,0.08796915411949158
B22-114,/fhome/maed/HelicoDataSet/CrossValidation/Annotated/B22-114_0/00158.png,0,0.13928036391735077
B22-114,/fhome/maed/HelicoDataSet/CrossValidation/Annotated/B22-114_0/00012.png,0,0.009093910455703735
B22-234,/fhome/maed/HelicoDataSet/CrossValidation/Annotated/B22-234_0/02275.png,0,0.004768666345626116
B22-234,/fhome/maed/HelicoDataSet/CrossValidation/Annotated/B22-234_0/00003.png,0,0.10805543512105942
B22-115,/fhome/maed/HelicoDataSet/CrossValidation/Annotated/B22-115_0/00234.png,0,0.13418814539909363
B22-115,/fhome/maed/HelicoDataSet/CrossValidation/Annotated/B22-115_0/00122.png,0,0.0288306325674057
B22-306,/fhome/maed/HelicoDataSet/CrossValidation/Annotated/B22-306_0/01039.png,0,0.006130407098680735
B22-154,/fhome/maed/HelicoDataSet/CrossValidation/Annotated/B22-154_0/00166.png,0,0.12716415524482727
B22-154,/fhome/maed/HelicoDataSet/CrossValidation/Annotated/B22-154_0/00437.png,0,0.020565511658787727
B22-103,/fhome/maed/HelicoDataSet/CrossValidation/Annotated/B22-103_0/02245_Aug2.png,1,0.15597786009311676
B22-103,/fhome/maed/HelicoDataSet/CrossValidation/Annotated/B22-103_0/02201_Aug5.png,1,0.002638881327584386
B22-103,/fhome/maed/HelicoDataSet/CrossValidation/Annotated/B22-103_0/02245_Aug7.png,1,0.15771600604057312
B22-103,/fhome/maed/HelicoDataSet/CrossValidation/Annotated/B22-103_0/02245_Aug5.png,1,0.16054852306842804
B22-103,/fhome/maed/HelicoDataSet/CrossValidation/Annotated/B22-103_0/02245_Aug1.png,1,0.16265597939491272
B22-103,/fhome/maed/HelicoDataSet/CrossValidation/Annotated/B22-103_0/02201_Aug4.png,1,0.040509358048439026
B22-103,/fhome/maed/HelicoDataSet/CrossValidation/Annotated/B22-103_0/02201_Aug7.png,1,0.0024011428467929363
B22-103,/fhome/maed/HelicoDataSet/CrossValidation/Annotated/B22-103_0/02201_Aug1.png,1,0.021968303248286247
B22-103,/fhome/maed/HelicoDataSet/CrossValidation/Annotated/B22-103_0/02201_Aug3.png,1,0.006339432671666145
B22-103,/fhome/maed/HelicoDataSet/CrossValidation/Annotated/B22-103_0/02201.png,1,0.03378213942050934
B22-103,/fhome/maed/HelicoDataSet/CrossValidation/Annotated/B22-103_0/02245_Aug3.png,1,0.15757976472377777
B22-103,/fhome/maed/HelicoDataSet/CrossValidation/Annotated/B22-103_0/02201_Aug2.png,1,0.042710427194833755
B22-103,/fhome/maed/HelicoDataSet/CrossValidation/Annotated/B22-103_0/02245.png,1,0.1631038933992386
B22-103,/fhome/maed/HelicoDataSet/CrossValidation/Annotated/B22-103_0/02201_Aug6.png,1,0.03288338705897331
B22-103,/fhome/maed/HelicoDataSet/CrossValidation/Annotated/B22-103_0/02201_Aug8.png,1,0.04927303269505501
B22-103,/fhome/maed/HelicoDataSet/CrossValidation/Annotated/B22-103_0/02245_Aug4.png,1,0.16104844212532043
B22-103,/fhome/maed/HelicoDataSet/CrossValidation/Annotated/B22-103_0/02245_Aug8.png,1,0.15925239026546478
B22-103,/fhome/maed/HelicoDataSet/CrossValidation/Annotated/B22-103_0/02245_Aug6.png,1,0.16324296593666077
B22-103,/fhome/maed/HelicoDataSet/CrossValidation/Annotated/B22-103_0/02790.png,0,0.004571201279759407
B22-218,/fhome/maed/HelicoDataSet/CrossValidation/Annotated/B22-218_0/00901.png,0,0.08457465469837189
B22-218,/fhome/maed/HelicoDataSet/CrossValidation/Annotated/B22-218_0/00782.png,0,0.005283811595290899
B22-218,/fhome/maed/HelicoDataSet/CrossValidation/Annotated/B22-218_0/00771.png,0,0.005302411504089832
B22-218,/fhome/maed/HelicoDataSet/CrossValidation/Annotated/B22-218_0/00884.png,0,0.004561807028949261
B22-218,/fhome/maed/HelicoDataSet/CrossValidation/Annotated/B22-218_0/01755.png,0,0.004602363798767328
B22-218,/fhome/maed/HelicoDataSet/CrossValidation/Annotated/B22-218_0/00838.png,0,0.01799567975103855
B22-218,/fhome/maed/HelicoDataSet/CrossValidation/Annotated/B22-218_0/01400.png,0,0.005804791115224361
B22-218,/fhome/maed/HelicoDataSet/CrossValidation/Annotated/B22-218_0/00777.png,0,0.004964006133377552
B22-218,/fhome/maed/HelicoDataSet/CrossValidation/Annotated/B22-218_0/01753.png,0,0.007642617914825678
B22-218,/fhome/maed/HelicoDataSet/CrossValidation/Annotated/B22-218_0/00902.png,0,0.08356334269046783
B22-218,/fhome/maed/HelicoDataSet/CrossValidation/Annotated/B22-218_0/00875.png,0,0.059661298990249634
B22-218,/fhome/maed/HelicoDataSet/CrossValidation/Annotated/B22-218_0/00877.png,0,0.006632149685174227
B22-218,/fhome/maed/HelicoDataSet/CrossValidation/Annotated/B22-218_0/00882.png,0,0.01032993197441101
B22-218,/fhome/maed/HelicoDataSet/CrossValidation/Annotated/B22-218_0/00837.png,0,0.012384151108562946
B22-218,/fhome/maed/HelicoDataSet/CrossValidation/Annotated/B22-218_0/00779.png,0,0.01662900112569332
B22-218,/fhome/maed/HelicoDataSet/CrossValidation/Annotated/B22-218_0/01210.png,0,0.08183164149522781
B22-218,/fhome/maed/HelicoDataSet/CrossValidation/Annotated/B22-218_0/00900.png,0,0.01716070994734764
B22-218,/fhome/maed/HelicoDataSet/CrossValidation/Annotated/B22-218_0/01754.png,0,0.12918761372566223
B22-218,/fhome/maed/HelicoDataSet/CrossValidation/Annotated/B22-218_0/00772.png,0,0.007390410639345646
B22-218,/fhome/maed/HelicoDataSet/CrossValidation/Annotated/B22-218_0/00836.png,0,0.09145895391702652
B22-218,/fhome/maed/HelicoDataSet/CrossValidation/Annotated/B22-218_0/00778.png,0,0.01123566459864378
B22-30,/fhome/maed/HelicoDataSet/CrossValidation/Annotated/B22-30_0/00018.png,0,0.0057532284408807755
B22-30,/fhome/maed/HelicoDataSet/CrossValidation/Annotated/B22-30_0/00629.png,0,0.08412656933069229
B22-30,/fhome/maed/HelicoDataSet/CrossValidation/Annotated/B22-30_0/00536.png,0,0.018656151369214058
B22-30,/fhome/maed/HelicoDataSet/CrossValidation/Annotated/B22-30_0/00178.png,0,0.020441796630620956
B22-30,/fhome/maed/HelicoDataSet/CrossValidation/Annotated/B22-30_0/00535.png,0,0.012094623409211636
B22-53,/fhome/maed/HelicoDataSet/CrossValidation/Annotated/B22-53_1/00141.png,0,0.0064549013040959835
B22-53,/fhome/maed/HelicoDataSet/CrossValidation/Annotated/B22-53_1/00047.png,0,0.006903484463691711
B22-53,/fhome/maed/HelicoDataSet/CrossValidation/Annotated/B22-53_1/00100.png,0,0.003245268017053604
B22-53,/fhome/maed/HelicoDataSet/CrossValidation/Annotated/B22-53_1/00074.png,0,0.005317897070199251
B22-301,/fhome/maed/HelicoDataSet/CrossValidation/Annotated/B22-301_0/00254.png,0,0.010243085213005543
B22-301,/fhome/maed/HelicoDataSet/CrossValidation/Annotated/B22-301_0/00225.png,0,0.026012584567070007
B22-29,/fhome/maed/HelicoDataSet/CrossValidation/Annotated/B22-29_1/00084.png,0,0.02858801744878292
B22-29,/fhome/maed/HelicoDataSet/CrossValidation/Annotated/B22-29_1/00195.png,0,0.005638350732624531
B22-29,/fhome/maed/HelicoDataSet/CrossValidation/Annotated/B22-29_1/00187.png,0,0.013566773384809494
B22-29,/fhome/maed/HelicoDataSet/CrossValidation/Annotated/B22-29_1/00024.png,0,0.021277638152241707
B22-29,/fhome/maed/HelicoDataSet/CrossValidation/Annotated/B22-29_1/00180.png,0,0.07838380336761475
B22-29,/fhome/maed/HelicoDataSet/CrossValidation/Annotated/B22-29_1/00129.png,0,0.12450382858514786
B22-29,/fhome/maed/HelicoDataSet/CrossValidation/Annotated/B22-29_1/00242.png,0,0.006701616570353508
B22-29,/fhome/maed/HelicoDataSet/CrossValidation/Annotated/B22-29_1/00000.png,0,0.02598671056330204
B22-29,/fhome/maed/HelicoDataSet/CrossValidation/Annotated/B22-29_1/00154.png,0,0.06498509645462036
B22-29,/fhome/maed/HelicoDataSet/CrossValidation/Annotated/B22-29_1/00004.png,0,0.038514621555805206
B22-29,/fhome/maed/HelicoDataSet/CrossValidation/Annotated/B22-29_1/00012.png,0,0.004767522215843201
B22-29,/fhome/maed/HelicoDataSet/CrossValidation/Annotated/B22-29_1/00203.png,0,0.08059009909629822
B22-29,/fhome/maed/HelicoDataSet/CrossValidation/Annotated/B22-29_1/00245.png,0,0.006448306143283844
B22-186,/fhome/maed/HelicoDataSet/CrossValidation/Annotated/B22-186_0/02125.png,0,0.01377915870398283
B22-143,/fhome/maed/HelicoDataSet/CrossValidation/Annotated/B22-143_1/00448.png,0,0.0019639732781797647
B22-143,/fhome/maed/HelicoDataSet/CrossValidation/Annotated/B22-143_1/00656.png,0,0.007019583601504564
B22-143,/fhome/maed/HelicoDataSet/CrossValidation/Annotated/B22-143_1/00412.png,0,0.005867233034223318
B22-143,/fhome/maed/HelicoDataSet/CrossValidation/Annotated/B22-143_1/00346.png,0,0.004801143892109394
B22-143,/fhome/maed/HelicoDataSet/CrossValidation/Annotated/B22-143_1/00064.png,0,0.004314297344535589
B22-143,/fhome/maed/HelicoDataSet/CrossValidation/Annotated/B22-143_1/00549.png,0,0.010120794177055359
B22-143,/fhome/maed/HelicoDataSet/CrossValidation/Annotated/B22-143_1/00116.png,0,0.0042557609267532825
B22-143,/fhome/maed/HelicoDataSet/CrossValidation/Annotated/B22-143_1/00300.png,0,0.003501133993268013
B22-143,/fhome/maed/HelicoDataSet/CrossValidation/Annotated/B22-143_1/00585.png,0,0.003468017792329192
B22-143,/fhome/maed/HelicoDataSet/CrossValidation/Annotated/B22-143_1/00494.png,0,0.0028485581278800964
B22-143,/fhome/maed/HelicoDataSet/CrossValidation/Annotated/B22-143_1/00430.png,0,0.005883385427296162
B22-143,/fhome/maed/HelicoDataSet/CrossValidation/Annotated/B22-143_1/00001.png,0,0.005518884398043156
B22-38,/fhome/maed/HelicoDataSet/CrossValidation/Annotated/B22-38_0/00283_Aug6.png,1,0.16930516064167023
B22-38,/fhome/maed/HelicoDataSet/CrossValidation/Annotated/B22-38_0/00283_Aug7.png,1,0.16313661634922028
B22-38,/fhome/maed/HelicoDataSet/CrossValidation/Annotated/B22-38_0/00341_Aug7.png,1,0.15428780019283295
B22-38,/fhome/maed/HelicoDataSet/CrossValidation/Annotated/B22-38_0/00283_Aug8.png,1,0.16178995370864868
B22-38,/fhome/maed/HelicoDataSet/CrossValidation/Annotated/B22-38_0/01284_Aug4.png,1,0.13868947327136993
B22-38,/fhome/maed/HelicoDataSet/CrossValidation/Annotated/B22-38_0/01525_Aug6.png,1,0.17213159799575806
B22-38,/fhome/maed/HelicoDataSet/CrossValidation/Annotated/B22-38_0/01855.png,0,0.005264171864837408
B22-38,/fhome/maed/HelicoDataSet/CrossValidation/Annotated/B22-38_0/01525_Aug7.png,1,0.17595693469047546
B22-38,/fhome/maed/HelicoDataSet/CrossValidation/Annotated/B22-38_0/00283_Aug2.png,1,0.1619914174079895
B22-38,/fhome/maed/HelicoDataSet/CrossValidation/Annotated/B22-38_0/01525_Aug8.png,1,0.17227882146835327
B22-38,/fhome/maed/HelicoDataSet/CrossValidation/Annotated/B22-38_0/01284_Aug3.png,1,0.13869023323059082
B22-38,/fhome/maed/HelicoDataSet/CrossValidation/Annotated/B22-38_0/01284_Aug5.png,1,0.11931119859218597
B22-38,/fhome/maed/HelicoDataSet/CrossValidation/Annotated/B22-38_0/00341_Aug5.png,1,0.17340052127838135
B22-38,/fhome/maed/HelicoDataSet/CrossValidation/Annotated/B22-38_0/00341.png,1,0.16111192107200623
B22-38,/fhome/maed/HelicoDataSet/CrossValidation/Annotated/B22-38_0/01525_Aug3.png,1,0.2633986473083496
B22-38,/fhome/maed/HelicoDataSet/CrossValidation/Annotated/B22-38_0/00283_Aug4.png,1,0.1678808182477951
B22-38,/fhome/maed/HelicoDataSet/CrossValidation/Annotated/B22-38_0/01525_Aug5.png,1,0.1685832142829895
B22-38,/fhome/maed/HelicoDataSet/CrossValidation/Annotated/B22-38_0/01284_Aug1.png,1,0.1341373473405838
B22-38,/fhome/maed/HelicoDataSet/CrossValidation/Annotated/B22-38_0/01525_Aug4.png,1,0.1760675311088562
B22-38,/fhome/maed/HelicoDataSet/CrossValidation/Annotated/B22-38_0/00341_Aug2.png,1,0.15940241515636444
B22-38,/fhome/maed/HelicoDataSet/CrossValidation/Annotated/B22-38_0/00283_Aug3.png,1,0.1702045351266861
B22-38,/fhome/maed/HelicoDataSet/CrossValidation/Annotated/B22-38_0/01284_Aug2.png,1,0.11930517852306366
B22-38,/fhome/maed/HelicoDataSet/CrossValidation/Annotated/B22-38_0/01284_Aug7.png,1,0.13511832058429718
B22-38,/fhome/maed/HelicoDataSet/CrossValidation/Annotated/B22-38_0/00341_Aug3.png,1,0.16903242468833923
B22-38,/fhome/maed/HelicoDataSet/CrossValidation/Annotated/B22-38_0/01525.png,1,0.183183953166008
B22-38,/fhome/maed/HelicoDataSet/CrossValidation/Annotated/B22-38_0/00703.png,0,0.0072309295646846294
B22-38,/fhome/maed/HelicoDataSet/CrossValidation/Annotated/B22-38_0/00283_Aug5.png,1,0.17102734744548798
B22-38,/fhome/maed/HelicoDataSet/CrossValidation/Annotated/B22-38_0/01525_Aug2.png,1,0.17275142669677734
B22-38,/fhome/maed/HelicoDataSet/CrossValidation/Annotated/B22-38_0/01284_Aug6.png,1,0.1341460794210434
B22-38,/fhome/maed/HelicoDataSet/CrossValidation/Annotated/B22-38_0/00341_Aug6.png,1,0.1494339108467102
B22-38,/fhome/maed/HelicoDataSet/CrossValidation/Annotated/B22-38_0/00283.png,1,0.16872626543045044
B22-38,/fhome/maed/HelicoDataSet/CrossValidation/Annotated/B22-38_0/00283_Aug1.png,1,0.16451765596866608
B22-38,/fhome/maed/HelicoDataSet/CrossValidation/Annotated/B22-38_0/00341_Aug8.png,1,0.1608971357345581
B22-38,/fhome/maed/HelicoDataSet/CrossValidation/Annotated/B22-38_0/01284.png,1,0.13449573516845703
B22-38,/fhome/maed/HelicoDataSet/CrossValidation/Annotated/B22-38_0/01525_Aug1.png,1,0.1859237104654312
B22-38,/fhome/maed/HelicoDataSet/CrossValidation/Annotated/B22-38_0/00341_Aug1.png,1,0.16341759264469147
B22-38,/fhome/maed/HelicoDataSet/CrossValidation/Annotated/B22-38_0/01409.png,0,0.016663722693920135
B22-38,/fhome/maed/HelicoDataSet/CrossValidation/Annotated/B22-38_0/01284_Aug8.png,1,0.13512730598449707
B22-38,/fhome/maed/HelicoDataSet/CrossValidation/Annotated/B22-38_0/00341_Aug4.png,1,0.14172819256782532
B22-52,/fhome/maed/HelicoDataSet/CrossValidation/Annotated/B22-52_0/00760.png,0,0.027423813939094543
B22-83,/fhome/maed/HelicoDataSet/CrossValidation/Annotated/B22-83_0/01018.png,1,0.1625221222639084
B22-83,/fhome/maed/HelicoDataSet/CrossValidation/Annotated/B22-83_0/01018_Aug2.png,1,0.162175253033638
B22-83,/fhome/maed/HelicoDataSet/CrossValidation/Annotated/B22-83_0/01018_Aug6.png,1,0.17273391783237457
B22-83,/fhome/maed/HelicoDataSet/CrossValidation/Annotated/B22-83_0/01018_Aug5.png,1,0.1496897041797638
B22-83,/fhome/maed/HelicoDataSet/CrossValidation/Annotated/B22-83_0/01018_Aug8.png,1,0.17202883958816528
B22-83,/fhome/maed/HelicoDataSet/CrossValidation/Annotated/B22-83_0/01018_Aug3.png,1,0.16364584863185883
B22-83,/fhome/maed/HelicoDataSet/CrossValidation/Annotated/B22-83_0/01018_Aug1.png,1,0.15538159012794495
B22-83,/fhome/maed/HelicoDataSet/CrossValidation/Annotated/B22-83_0/01061.png,0,0.009105967357754707
B22-83,/fhome/maed/HelicoDataSet/CrossValidation/Annotated/B22-83_0/01076.png,0,0.008782908320426941
B22-83,/fhome/maed/HelicoDataSet/CrossValidation/Annotated/B22-83_0/01018_Aug7.png,1,0.14018939435482025
B22-83,/fhome/maed/HelicoDataSet/CrossValidation/Annotated/B22-83_0/01063.png,0,0.01053970493376255
B22-83,/fhome/maed/HelicoDataSet/CrossValidation/Annotated/B22-83_0/01018_Aug4.png,1,0.16849921643733978
B22-138,/fhome/maed/HelicoDataSet/CrossValidation/Annotated/B22-138_0/01017.png,0,0.011756799183785915
B22-138,/fhome/maed/HelicoDataSet/CrossValidation/Annotated/B22-138_0/01330_Aug4.png,1,0.16186508536338806
B22-138,/fhome/maed/HelicoDataSet/CrossValidation/Annotated/B22-138_0/00200_Aug1.png,1,0.14286650717258453
B22-138,/fhome/maed/HelicoDataSet/CrossValidation/Annotated/B22-138_0/01018.png,0,0.018824415281414986
B22-138,/fhome/maed/HelicoDataSet/CrossValidation/Annotated/B22-138_0/01355_Aug5.png,1,0.17657047510147095
B22-138,/fhome/maed/HelicoDataSet/CrossValidation/Annotated/B22-138_0/01366_Aug4.png,1,0.04855668172240257
B22-138,/fhome/maed/HelicoDataSet/CrossValidation/Annotated/B22-138_0/01799.png,0,0.007842732593417168
B22-138,/fhome/maed/HelicoDataSet/CrossValidation/Annotated/B22-138_0/00555.png,0,0.007094631902873516
B22-138,/fhome/maed/HelicoDataSet/CrossValidation/Annotated/B22-138_0/01365_Aug1.png,1,0.13136686384677887
B22-138,/fhome/maed/HelicoDataSet/CrossValidation/Annotated/B22-138_0/00351_Aug8.png,1,0.14733779430389404
B22-138,/fhome/maed/HelicoDataSet/CrossValidation/Annotated/B22-138_0/01019.png,0,0.019365418702363968
B22-138,/fhome/maed/HelicoDataSet/CrossValidation/Annotated/B22-138_0/01401.png,0,0.016335995867848396
B22-138,/fhome/maed/HelicoDataSet/CrossValidation/Annotated/B22-138_0/01506.png,0,0.1011340394616127
B22-138,/fhome/maed/HelicoDataSet/CrossValidation/Annotated/B22-138_0/01500.png,1,0.15043659508228302
B22-138,/fhome/maed/HelicoDataSet/CrossValidation/Annotated/B22-138_0/01365_Aug7.png,1,0.13367146253585815
B22-138,/fhome/maed/HelicoDataSet/CrossValidation/Annotated/B22-138_0/01366_Aug1.png,1,0.1471041738986969
B22-138,/fhome/maed/HelicoDataSet/CrossValidation/Annotated/B22-138_0/00361_Aug3.png,1,0.1559741050004959
B22-138,/fhome/maed/HelicoDataSet/CrossValidation/Annotated/B22-138_0/01011.png,0,0.14540694653987885
B22-138,/fhome/maed/HelicoDataSet/CrossValidation/Annotated/B22-138_0/01366_Aug6.png,1,0.05673935264348984
B22-138,/fhome/maed/HelicoDataSet/CrossValidation/Annotated/B22-138_0/00607.png,0,0.0027836263179779053
B22-138,/fhome/maed/HelicoDataSet/CrossValidation/Annotated/B22-138_0/00351_Aug2.png,1,0.1579923927783966
B22-138,/fhome/maed/HelicoDataSet/CrossValidation/Annotated/B22-138_0/01648_Aug3.png,1,0.16770219802856445
B22-138,/fhome/maed/HelicoDataSet/CrossValidation/Annotated/B22-138_0/00361_Aug4.png,1,0.14823167026042938
B22-138,/fhome/maed/HelicoDataSet/CrossValidation/Annotated/B22-138_0/00200_Aug6.png,1,0.1315147578716278
B22-138,/fhome/maed/HelicoDataSet/CrossValidation/Annotated/B22-138_0/00200_Aug4.png,1,0.1656951904296875
B22-138,/fhome/maed/HelicoDataSet/CrossValidation/Annotated/B22-138_0/00961.png,0,0.028386805206537247
B22-138,/fhome/maed/HelicoDataSet/CrossValidation/Annotated/B22-138_0/00879_Aug2.png,1,0.1694476157426834
B22-138,/fhome/maed/HelicoDataSet/CrossValidation/Annotated/B22-138_0/00699_Aug7.png,1,0.16440033912658691
B22-138,/fhome/maed/HelicoDataSet/CrossValidation/Annotated/B22-138_0/00892.png,1,0.11657410860061646
B22-138,/fhome/maed/HelicoDataSet/CrossValidation/Annotated/B22-138_0/00361_Aug6.png,1,0.14388065040111542
B22-138,/fhome/maed/HelicoDataSet/CrossValidation/Annotated/B22-138_0/01355_Aug2.png,1,0.1655326783657074
B22-138,/fhome/maed/HelicoDataSet/CrossValidation/Annotated/B22-138_0/00497_Aug4.png,1,0.17876026034355164
B22-138,/fhome/maed/HelicoDataSet/CrossValidation/Annotated/B22-138_0/00759.png,0,0.005589030683040619
B22-138,/fhome/maed/HelicoDataSet/CrossValidation/Annotated/B22-138_0/01500_Aug7.png,1,0.06705619394779205
B22-138,/fhome/maed/HelicoDataSet/CrossValidation/Annotated/B22-138_0/00511.png,0,0.01906771771609783
B22-138,/fhome/maed/HelicoDataSet/CrossValidation/Annotated/B22-138_0/01538.png,0,0.009889895096421242
B22-138,/fhome/maed/HelicoDataSet/CrossValidation/Annotated/B22-138_0/01366_Aug2.png,1,0.051278647035360336
B22-138,/fhome/maed/HelicoDataSet/CrossValidation/Annotated/B22-138_0/00497_Aug3.png,1,0.18917034566402435
B22-138,/fhome/maed/HelicoDataSet/CrossValidation/Annotated/B22-138_0/01416.png,0,0.028938839212059975
B22-138,/fhome/maed/HelicoDataSet/CrossValidation/Annotated/B22-138_0/00699_Aug4.png,1,0.12924127280712128
B22-138,/fhome/maed/HelicoDataSet/CrossValidation/Annotated/B22-138_0/01679.png,0,0.017450090497732162
B22-138,/fhome/maed/HelicoDataSet/CrossValidation/Annotated/B22-138_0/01271.png,0,0.014299426227807999
B22-138,/fhome/maed/HelicoDataSet/CrossValidation/Annotated/B22-138_0/00379_Aug3.png,1,0.16118665039539337
B22-138,/fhome/maed/HelicoDataSet/CrossValidation/Annotated/B22-138_0/01649_Aug7.png,1,0.1772652268409729
B22-138,/fhome/maed/HelicoDataSet/CrossValidation/Annotated/B22-138_0/01646_Aug8.png,1,0.13012661039829254
B22-138,/fhome/maed/HelicoDataSet/CrossValidation/Annotated/B22-138_0/00879_Aug4.png,1,0.1647571176290512
B22-138,/fhome/maed/HelicoDataSet/CrossValidation/Annotated/B22-138_0/01330_Aug7.png,1,0.15990851819515228
B22-138,/fhome/maed/HelicoDataSet/CrossValidation/Annotated/B22-138_0/01366_Aug5.png,1,0.133649542927742
B22-138,/fhome/maed/HelicoDataSet/CrossValidation/Annotated/B22-138_0/00699_Aug2.png,1,0.12636464834213257
B22-138,/fhome/maed/HelicoDataSet/CrossValidation/Annotated/B22-138_0/01598.png,0,0.002505813492462039
B22-138,/fhome/maed/HelicoDataSet/CrossValidation/Annotated/B22-138_0/01646.png,1,0.1636246293783188
B22-138,/fhome/maed/HelicoDataSet/CrossValidation/Annotated/B22-138_0/01649_Aug4.png,1,0.16887423396110535
B22-138,/fhome/maed/HelicoDataSet/CrossValidation/Annotated/B22-138_0/00198.png,0,0.008526063524186611
B22-138,/fhome/maed/HelicoDataSet/CrossValidation/Annotated/B22-138_0/01273.png,0,0.019131502136588097
B22-138,/fhome/maed/HelicoDataSet/CrossValidation/Annotated/B22-138_0/00200_Aug7.png,1,0.06863344460725784
B22-138,/fhome/maed/HelicoDataSet/CrossValidation/Annotated/B22-138_0/01735.png,0,0.009164086543023586
B22-138,/fhome/maed/HelicoDataSet/CrossValidation/Annotated/B22-138_0/01355.png,1,0.16739080846309662
B22-138,/fhome/maed/HelicoDataSet/CrossValidation/Annotated/B22-138_0/00200_Aug3.png,1,0.14750279486179352
B22-138,/fhome/maed/HelicoDataSet/CrossValidation/Annotated/B22-138_0/01649_Aug5.png,1,0.17687977850437164
B22-138,/fhome/maed/HelicoDataSet/CrossValidation/Annotated/B22-138_0/00525.png,0,0.009170906618237495
B22-138,/fhome/maed/HelicoDataSet/CrossValidation/Annotated/B22-138_0/00200_Aug5.png,1,0.004904371686279774
B22-138,/fhome/maed/HelicoDataSet/CrossValidation/Annotated/B22-138_0/01649_Aug6.png,1,0.170823335647583
B22-138,/fhome/maed/HelicoDataSet/CrossValidation/Annotated/B22-138_0/00497_Aug6.png,1,0.1788295954465866
B22-138,/fhome/maed/HelicoDataSet/CrossValidation/Annotated/B22-138_0/00409.png,0,0.02248172089457512
B22-138,/fhome/maed/HelicoDataSet/CrossValidation/Annotated/B22-138_0/01727.png,0,0.06342408806085587
B22-138,/fhome/maed/HelicoDataSet/CrossValidation/Annotated/B22-138_0/01648_Aug8.png,1,0.16557492315769196
B22-138,/fhome/maed/HelicoDataSet/CrossValidation/Annotated/B22-138_0/01330_Aug3.png,1,0.1590074896812439
B22-138,/fhome/maed/HelicoDataSet/CrossValidation/Annotated/B22-138_0/01366_Aug3.png,1,0.1406901329755783
B22-138,/fhome/maed/HelicoDataSet/CrossValidation/Annotated/B22-138_0/01648_Aug6.png,1,0.1637733280658722
B22-138,/fhome/maed/HelicoDataSet/CrossValidation/Annotated/B22-138_0/00542.png,0,0.010456551797688007
B22-138,/fhome/maed/HelicoDataSet/CrossValidation/Annotated/B22-138_0/01366.png,1,0.16192753612995148
B22-138,/fhome/maed/HelicoDataSet/CrossValidation/Annotated/B22-138_0/00892_Aug5.png,1,0.14187858998775482
B22-138,/fhome/maed/HelicoDataSet/CrossValidation/Annotated/B22-138_0/00351_Aug3.png,1,0.1499144285917282
B22-138,/fhome/maed/HelicoDataSet/CrossValidation/Annotated/B22-138_0/00879_Aug3.png,1,0.14945130050182343
B22-138,/fhome/maed/HelicoDataSet/CrossValidation/Annotated/B22-138_0/00699_Aug3.png,1,0.12055322527885437
B22-138,/fhome/maed/HelicoDataSet/CrossValidation/Annotated/B22-138_0/00699_Aug6.png,1,0.12431011348962784
B22-138,/fhome/maed/HelicoDataSet/CrossValidation/Annotated/B22-138_0/00442.png,0,0.0031228431034833193
B22-138,/fhome/maed/HelicoDataSet/CrossValidation/Annotated/B22-138_0/00892_Aug2.png,1,0.13139910995960236
B22-138,/fhome/maed/HelicoDataSet/CrossValidation/Annotated/B22-138_0/01442.png,0,0.055705513805150986
B22-138,/fhome/maed/HelicoDataSet/CrossValidation/Annotated/B22-138_0/01330_Aug6.png,1,0.16983601450920105
B22-138,/fhome/maed/HelicoDataSet/CrossValidation/Annotated/B22-138_0/00378.png,0,0.005396801047027111
B22-138,/fhome/maed/HelicoDataSet/CrossValidation/Annotated/B22-138_0/00351_Aug4.png,1,0.1523994356393814
B22-138,/fhome/maed/HelicoDataSet/CrossValidation/Annotated/B22-138_0/01263_Aug3.png,1,0.08862397074699402
B22-138,/fhome/maed/HelicoDataSet/CrossValidation/Annotated/B22-138_0/01714.png,0,0.02263299748301506
B22-138,/fhome/maed/HelicoDataSet/CrossValidation/Annotated/B22-138_0/00879_Aug8.png,1,0.1582927107810974
B22-138,/fhome/maed/HelicoDataSet/CrossValidation/Annotated/B22-138_0/00351_Aug6.png,1,0.15430651605129242
B22-138,/fhome/maed/HelicoDataSet/CrossValidation/Annotated/B22-138_0/01648_Aug5.png,1,0.16566897928714752
B22-138,/fhome/maed/HelicoDataSet/CrossValidation/Annotated/B22-138_0/01500_Aug6.png,1,0.12348604947328568
B22-138,/fhome/maed/HelicoDataSet/CrossValidation/Annotated/B22-138_0/01813.png,0,0.006857873871922493
B22-138,/fhome/maed/HelicoDataSet/CrossValidation/Annotated/B22-138_0/01648_Aug1.png,1,0.16914065182209015
B22-138,/fhome/maed/HelicoDataSet/CrossValidation/Annotated/B22-138_0/01646_Aug6.png,1,0.15216529369354248
B22-138,/fhome/maed/HelicoDataSet/CrossValidation/Annotated/B22-138_0/01500_Aug3.png,1,0.15978768467903137
B22-138,/fhome/maed/HelicoDataSet/CrossValidation/Annotated/B22-138_0/00699.png,1,0.1326306015253067
B22-138,/fhome/maed/HelicoDataSet/CrossValidation/Annotated/B22-138_0/00361_Aug5.png,1,0.15756215155124664
B22-138,/fhome/maed/HelicoDataSet/CrossValidation/Annotated/B22-138_0/01330_Aug5.png,1,0.13866785168647766
B22-138,/fhome/maed/HelicoDataSet/CrossValidation/Annotated/B22-138_0/00879_Aug6.png,1,0.15340721607208252
B22-138,/fhome/maed/HelicoDataSet/CrossValidation/Annotated/B22-138_0/00567.png,0,0.004136212635785341
B22-138,/fhome/maed/HelicoDataSet/CrossValidation/Annotated/B22-138_0/01508.png,0,0.0077849989756941795
B22-138,/fhome/maed/HelicoDataSet/CrossValidation/Annotated/B22-138_0/01263_Aug2.png,1,0.06620504707098007
B22-138,/fhome/maed/HelicoDataSet/CrossValidation/Annotated/B22-138_0/00497.png,1,0.1770976185798645
B22-138,/fhome/maed/HelicoDataSet/CrossValidation/Annotated/B22-138_0/01608.png,0,0.13314206898212433
B22-138,/fhome/maed/HelicoDataSet/CrossValidation/Annotated/B22-138_0/01380.png,0,0.0277163814753294
B22-138,/fhome/maed/HelicoDataSet/CrossValidation/Annotated/B22-138_0/01355_Aug3.png,1,0.16936589777469635
B22-138,/fhome/maed/HelicoDataSet/CrossValidation/Annotated/B22-138_0/00967.png,0,0.01783234067261219
B22-138,/fhome/maed/HelicoDataSet/CrossValidation/Annotated/B22-138_0/00892_Aug6.png,1,0.0928337424993515
B22-138,/fhome/maed/HelicoDataSet/CrossValidation/Annotated/B22-138_0/01649_Aug3.png,1,0.1759616881608963
B22-138,/fhome/maed/HelicoDataSet/CrossValidation/Annotated/B22-138_0/01330_Aug2.png,1,0.1583167016506195
B22-138,/fhome/maed/HelicoDataSet/CrossValidation/Annotated/B22-138_0/00699_Aug8.png,1,0.11565976589918137
B22-138,/fhome/maed/HelicoDataSet/CrossValidation/Annotated/B22-138_0/00221.png,0,0.0050748069770634174
B22-138,/fhome/maed/HelicoDataSet/CrossValidation/Annotated/B22-138_0/00497_Aug5.png,1,0.16982297599315643
B22-138,/fhome/maed/HelicoDataSet/CrossValidation/Annotated/B22-138_0/00361_Aug1.png,1,0.1335618942975998
B22-138,/fhome/maed/HelicoDataSet/CrossValidation/Annotated/B22-138_0/00879_Aug5.png,1,0.1409589797258377
B22-138,/fhome/maed/HelicoDataSet/CrossValidation/Annotated/B22-138_0/00361.png,1,0.1396607756614685
B22-138,/fhome/maed/HelicoDataSet/CrossValidation/Annotated/B22-138_0/00361_Aug7.png,1,0.14665409922599792
B22-138,/fhome/maed/HelicoDataSet/CrossValidation/Annotated/B22-138_0/01396.png,0,0.05648176372051239
B22-138,/fhome/maed/HelicoDataSet/CrossValidation/Annotated/B22-138_0/00116.png,0,0.1412135809659958
B22-138,/fhome/maed/HelicoDataSet/CrossValidation/Annotated/B22-138_0/01500_Aug5.png,1,0.07677590101957321
B22-138,/fhome/maed/HelicoDataSet/CrossValidation/Annotated/B22-138_0/00497_Aug2.png,1,0.1809333711862564
B22-138,/fhome/maed/HelicoDataSet/CrossValidation/Annotated/B22-138_0/00879.png,1,0.16028708219528198
B22-138,/fhome/maed/HelicoDataSet/CrossValidation/Annotated/B22-138_0/00379_Aug5.png,1,0.15206283330917358
B22-138,/fhome/maed/HelicoDataSet/CrossValidation/Annotated/B22-138_0/00361_Aug8.png,1,0.1372116655111313
B22-138,/fhome/maed/HelicoDataSet/CrossValidation/Annotated/B22-138_0/01095.png,0,0.07453681528568268
B22-138,/fhome/maed/HelicoDataSet/CrossValidation/Annotated/B22-138_0/00056.png,0,0.11567779630422592
B22-138,/fhome/maed/HelicoDataSet/CrossValidation/Annotated/B22-138_0/01263_Aug8.png,1,0.055548470467329025
B22-138,/fhome/maed/HelicoDataSet/CrossValidation/Annotated/B22-138_0/00978.png,0,0.15816204249858856
B22-138,/fhome/maed/HelicoDataSet/CrossValidation/Annotated/B22-138_0/01365_Aug6.png,1,0.1354779154062271
B22-138,/fhome/maed/HelicoDataSet/CrossValidation/Annotated/B22-138_0/01263_Aug6.png,1,0.07952097803354263
B22-138,/fhome/maed/HelicoDataSet/CrossValidation/Annotated/B22-138_0/00361_Aug2.png,1,0.14008748531341553
B22-138,/fhome/maed/HelicoDataSet/CrossValidation/Annotated/B22-138_0/01263.png,1,0.06457763910293579
B22-138,/fhome/maed/HelicoDataSet/CrossValidation/Annotated/B22-138_0/01388.png,0,0.006297933869063854
B22-138,/fhome/maed/HelicoDataSet/CrossValidation/Annotated/B22-138_0/00200.png,1,0.13437210023403168
B22-138,/fhome/maed/HelicoDataSet/CrossValidation/Annotated/B22-138_0/00379_Aug4.png,1,0.12961050868034363
B22-138,/fhome/maed/HelicoDataSet/CrossValidation/Annotated/B22-138_0/01365_Aug3.png,1,0.13261349499225616
B22-138,/fhome/maed/HelicoDataSet/CrossValidation/Annotated/B22-138_0/01648_Aug2.png,1,0.17036175727844238
B22-138,/fhome/maed/HelicoDataSet/CrossValidation/Annotated/B22-138_0/00351_Aug5.png,1,0.16031596064567566
B22-138,/fhome/maed/HelicoDataSet/CrossValidation/Annotated/B22-138_0/00892_Aug8.png,1,0.12200836837291718
B22-138,/fhome/maed/HelicoDataSet/CrossValidation/Annotated/B22-138_0/01495.png,0,0.020620882511138916
B22-138,/fhome/maed/HelicoDataSet/CrossValidation/Annotated/B22-138_0/00497_Aug7.png,1,0.1766853630542755
B22-138,/fhome/maed/HelicoDataSet/CrossValidation/Annotated/B22-138_0/00351_Aug7.png,1,0.1594802737236023
B22-138,/fhome/maed/HelicoDataSet/CrossValidation/Annotated/B22-138_0/00733.png,0,0.003937157802283764
B22-138,/fhome/maed/HelicoDataSet/CrossValidation/Annotated/B22-138_0/00647.png,0,0.004630761686712503
B22-138,/fhome/maed/HelicoDataSet/CrossValidation/Annotated/B22-138_0/00892_Aug4.png,1,0.14153264462947845
B22-138,/fhome/maed/HelicoDataSet/CrossValidation/Annotated/B22-138_0/01263_Aug7.png,1,0.061388418078422546
B22-138,/fhome/maed/HelicoDataSet/CrossValidation/Annotated/B22-138_0/01713.png,0,0.007615730166435242
B22-138,/fhome/maed/HelicoDataSet/CrossValidation/Annotated/B22-138_0/00958.png,0,0.00690773781388998
B22-138,/fhome/maed/HelicoDataSet/CrossValidation/Annotated/B22-138_0/01355_Aug6.png,1,0.16869528591632843
B22-138,/fhome/maed/HelicoDataSet/CrossValidation/Annotated/B22-138_0/01355_Aug4.png,1,0.16402800381183624
B22-138,/fhome/maed/HelicoDataSet/CrossValidation/Annotated/B22-138_0/01646_Aug1.png,1,0.1618964672088623
B22-138,/fhome/maed/HelicoDataSet/CrossValidation/Annotated/B22-138_0/01355_Aug8.png,1,0.16983304917812347
B22-138,/fhome/maed/HelicoDataSet/CrossValidation/Annotated/B22-138_0/00497_Aug1.png,1,0.18330582976341248
B22-138,/fhome/maed/HelicoDataSet/CrossValidation/Annotated/B22-138_0/00550.png,0,0.005143806803971529
B22-138,/fhome/maed/HelicoDataSet/CrossValidation/Annotated/B22-138_0/00985.png,0,0.021505432203412056
B22-138,/fhome/maed/HelicoDataSet/CrossValidation/Annotated/B22-138_0/01363.png,0,0.010019856505095959
B22-138,/fhome/maed/HelicoDataSet/CrossValidation/Annotated/B22-138_0/01678.png,0,0.1492149829864502
B22-138,/fhome/maed/HelicoDataSet/CrossValidation/Annotated/B22-138_0/00561.png,0,0.1383202224969864
B22-138,/fhome/maed/HelicoDataSet/CrossValidation/Annotated/B22-138_0/01209.png,0,0.051825910806655884
B22-138,/fhome/maed/HelicoDataSet/CrossValidation/Annotated/B22-138_0/01646_Aug7.png,1,0.1691787987947464
B22-138,/fhome/maed/HelicoDataSet/CrossValidation/Annotated/B22-138_0/00379_Aug8.png,1,0.05465108901262283
B22-138,/fhome/maed/HelicoDataSet/CrossValidation/Annotated/B22-138_0/01263_Aug5.png,1,0.10634373873472214
B22-138,/fhome/maed/HelicoDataSet/CrossValidation/Annotated/B22-138_0/01366_Aug7.png,1,0.14298799633979797
B22-138,/fhome/maed/HelicoDataSet/CrossValidation/Annotated/B22-138_0/01648_Aug4.png,1,0.1708507388830185
B22-138,/fhome/maed/HelicoDataSet/CrossValidation/Annotated/B22-138_0/01330_Aug1.png,1,0.16315612196922302
B22-138,/fhome/maed/HelicoDataSet/CrossValidation/Annotated/B22-138_0/01504.png,0,0.020075969398021698
B22-138,/fhome/maed/HelicoDataSet/CrossValidation/Annotated/B22-138_0/01366_Aug8.png,1,0.010931114666163921
B22-138,/fhome/maed/HelicoDataSet/CrossValidation/Annotated/B22-138_0/01649_Aug8.png,1,0.15643452107906342
B22-138,/fhome/maed/HelicoDataSet/CrossValidation/Annotated/B22-138_0/00379_Aug7.png,1,0.09388353675603867
B22-138,/fhome/maed/HelicoDataSet/CrossValidation/Annotated/B22-138_0/00699_Aug5.png,1,0.14292801916599274
B22-138,/fhome/maed/HelicoDataSet/CrossValidation/Annotated/B22-138_0/01500_Aug8.png,1,0.15051297843456268
B22-138,/fhome/maed/HelicoDataSet/CrossValidation/Annotated/B22-138_0/00892_Aug1.png,1,0.14079609513282776
B22-138,/fhome/maed/HelicoDataSet/CrossValidation/Annotated/B22-138_0/01365_Aug5.png,1,0.13215427100658417
B22-138,/fhome/maed/HelicoDataSet/CrossValidation/Annotated/B22-138_0/01355_Aug7.png,1,0.16940194368362427
B22-138,/fhome/maed/HelicoDataSet/CrossValidation/Annotated/B22-138_0/01330_Aug8.png,1,0.16035093367099762
B22-138,/fhome/maed/HelicoDataSet/CrossValidation/Annotated/B22-138_0/00699_Aug1.png,1,0.1495412439107895
B22-138,/fhome/maed/HelicoDataSet/CrossValidation/Annotated/B22-138_0/01648_Aug7.png,1,0.16857245564460754
B22-138,/fhome/maed/HelicoDataSet/CrossValidation/Annotated/B22-138_0/01649_Aug2.png,1,0.16940222680568695
B22-138,/fhome/maed/HelicoDataSet/CrossValidation/Annotated/B22-138_0/00379.png,1,0.11025708168745041
B22-138,/fhome/maed/HelicoDataSet/CrossValidation/Annotated/B22-138_0/00351_Aug1.png,1,0.16354061663150787
B22-138,/fhome/maed/HelicoDataSet/CrossValidation/Annotated/B22-138_0/01424.png,0,0.007450452074408531
B22-138,/fhome/maed/HelicoDataSet/CrossValidation/Annotated/B22-138_0/01008.png,0,0.012121769599616528
B22-138,/fhome/maed/HelicoDataSet/CrossValidation/Annotated/B22-138_0/00527.png,0,0.01447319332510233
B22-138,/fhome/maed/HelicoDataSet/CrossValidation/Annotated/B22-138_0/01430.png,0,0.09236017614603043
B22-138,/fhome/maed/HelicoDataSet/CrossValidation/Annotated/B22-138_0/01200.png,0,0.02335229329764843
B22-138,/fhome/maed/HelicoDataSet/CrossValidation/Annotated/B22-138_0/01646_Aug5.png,1,0.1710052341222763
B22-138,/fhome/maed/HelicoDataSet/CrossValidation/Annotated/B22-138_0/01185.png,0,0.0035188253968954086
B22-138,/fhome/maed/HelicoDataSet/CrossValidation/Annotated/B22-138_0/01731.png,0,0.0726376622915268
B22-138,/fhome/maed/HelicoDataSet/CrossValidation/Annotated/B22-138_0/01365.png,1,0.13979005813598633
B22-138,/fhome/maed/HelicoDataSet/CrossValidation/Annotated/B22-138_0/01210.png,0,0.05727377533912659
B22-138,/fhome/maed/HelicoDataSet/CrossValidation/Annotated/B22-138_0/01646_Aug4.png,1,0.14965444803237915
B22-138,/fhome/maed/HelicoDataSet/CrossValidation/Annotated/B22-138_0/01263_Aug1.png,1,0.09741814434528351
B22-138,/fhome/maed/HelicoDataSet/CrossValidation/Annotated/B22-138_0/01365_Aug2.png,1,0.13730372488498688
B22-138,/fhome/maed/HelicoDataSet/CrossValidation/Annotated/B22-138_0/01500_Aug1.png,1,0.14785143733024597
B22-138,/fhome/maed/HelicoDataSet/CrossValidation/Annotated/B22-138_0/01648.png,1,0.17206056416034698
B22-138,/fhome/maed/HelicoDataSet/CrossValidation/Annotated/B22-138_0/01263_Aug4.png,1,0.11889757961034775
B22-138,/fhome/maed/HelicoDataSet/CrossValidation/Annotated/B22-138_0/00892_Aug7.png,1,0.1463679075241089
B22-138,/fhome/maed/HelicoDataSet/CrossValidation/Annotated/B22-138_0/01500_Aug4.png,1,0.1281006634235382
B22-138,/fhome/maed/HelicoDataSet/CrossValidation/Annotated/B22-138_0/00497_Aug8.png,1,0.1764868199825287
B22-138,/fhome/maed/HelicoDataSet/CrossValidation/Annotated/B22-138_0/01594.png,0,0.005514872260391712
B22-138,/fhome/maed/HelicoDataSet/CrossValidation/Annotated/B22-138_0/01646_Aug3.png,1,0.15105228126049042
B22-138,/fhome/maed/HelicoDataSet/CrossValidation/Annotated/B22-138_0/01365_Aug8.png,1,0.10030122101306915
B22-138,/fhome/maed/HelicoDataSet/CrossValidation/Annotated/B22-138_0/00959.png,0,0.025966860353946686
B22-138,/fhome/maed/HelicoDataSet/CrossValidation/Annotated/B22-138_0/01649_Aug1.png,1,0.17492589354515076
B22-138,/fhome/maed/HelicoDataSet/CrossValidation/Annotated/B22-138_0/01192.png,0,0.015056608244776726
B22-138,/fhome/maed/HelicoDataSet/CrossValidation/Annotated/B22-138_0/00200_Aug8.png,1,0.05294027924537659
B22-138,/fhome/maed/HelicoDataSet/CrossValidation/Annotated/B22-138_0/01355_Aug1.png,1,0.1671122908592224
B22-138,/fhome/maed/HelicoDataSet/CrossValidation/Annotated/B22-138_0/01264.png,0,0.0101543590426445
B22-138,/fhome/maed/HelicoDataSet/CrossValidation/Annotated/B22-138_0/00574.png,0,0.004704954102635384
B22-138,/fhome/maed/HelicoDataSet/CrossValidation/Annotated/B22-138_0/00351.png,1,0.1517818719148636
B22-138,/fhome/maed/HelicoDataSet/CrossValidation/Annotated/B22-138_0/00379_Aug2.png,1,0.09464478492736816
B22-138,/fhome/maed/HelicoDataSet/CrossValidation/Annotated/B22-138_0/00526.png,0,0.010912597179412842
B22-138,/fhome/maed/HelicoDataSet/CrossValidation/Annotated/B22-138_0/01262.png,0,0.020624784752726555
B22-138,/fhome/maed/HelicoDataSet/CrossValidation/Annotated/B22-138_0/01256.png,0,0.018433362245559692
B22-138,/fhome/maed/HelicoDataSet/CrossValidation/Annotated/B22-138_0/00879_Aug7.png,1,0.15795616805553436
B22-138,/fhome/maed/HelicoDataSet/CrossValidation/Annotated/B22-138_0/00200_Aug2.png,1,0.15230441093444824
B22-138,/fhome/maed/HelicoDataSet/CrossValidation/Annotated/B22-138_0/00379_Aug1.png,1,0.11149764060974121
B22-138,/fhome/maed/HelicoDataSet/CrossValidation/Annotated/B22-138_0/01365_Aug4.png,1,0.11084340512752533
B22-138,/fhome/maed/HelicoDataSet/CrossValidation/Annotated/B22-138_0/00892_Aug3.png,1,0.12642879784107208
B22-138,/fhome/maed/HelicoDataSet/CrossValidation/Annotated/B22-138_0/01649.png,1,0.17357835173606873
B22-138,/fhome/maed/HelicoDataSet/CrossValidation/Annotated/B22-138_0/00879_Aug1.png,1,0.15813234448432922
B22-138,/fhome/maed/HelicoDataSet/CrossValidation/Annotated/B22-138_0/01577.png,0,0.02239958383142948
B22-138,/fhome/maed/HelicoDataSet/CrossValidation/Annotated/B22-138_0/00379_Aug6.png,1,0.06295640766620636
B22-138,/fhome/maed/HelicoDataSet/CrossValidation/Annotated/B22-138_0/01646_Aug2.png,1,0.14979366958141327
B22-138,/fhome/maed/HelicoDataSet/CrossValidation/Annotated/B22-138_0/01500_Aug2.png,1,0.1302012950181961
B22-138,/fhome/maed/HelicoDataSet/CrossValidation/Annotated/B22-138_0/01330.png,1,0.16227184236049652
B22-141,/fhome/maed/HelicoDataSet/CrossValidation/Annotated/B22-141_0/00131.png,0,0.0226585790514946
B22-141,/fhome/maed/HelicoDataSet/CrossValidation/Annotated/B22-141_0/00141.png,0,0.0844729021191597
B22-141,/fhome/maed/HelicoDataSet/CrossValidation/Annotated/B22-141_0/00298.png,0,0.004577610641717911
B22-141,/fhome/maed/HelicoDataSet/CrossValidation/Annotated/B22-141_0/00315.png,0,0.010358749888837337
B22-141,/fhome/maed/HelicoDataSet/CrossValidation/Annotated/B22-141_0/00352.png,0,0.011928052641451359
B22-141,/fhome/maed/HelicoDataSet/CrossValidation/Annotated/B22-141_0/00290.png,0,0.0610932931303978
B22-93,/fhome/maed/HelicoDataSet/CrossValidation/Annotated/B22-93_0/00641.png,0,0.004309867508709431
B22-93,/fhome/maed/HelicoDataSet/CrossValidation/Annotated/B22-93_0/00678.png,0,0.010921438224613667
B22-93,/fhome/maed/HelicoDataSet/CrossValidation/Annotated/B22-93_0/00675.png,0,0.005369455087929964
B22-93,/fhome/maed/HelicoDataSet/CrossValidation/Annotated/B22-93_0/00639.png,0,0.003690203418955207
B22-93,/fhome/maed/HelicoDataSet/CrossValidation/Annotated/B22-93_0/00677.png,0,0.005388037301599979
B22-166,/fhome/maed/HelicoDataSet/CrossValidation/Annotated/B22-166_0/00118.png,0,0.006964389234781265
B22-258,/fhome/maed/HelicoDataSet/CrossValidation/Annotated/B22-258_0/00714.png,0,0.021719053387641907
B22-258,/fhome/maed/HelicoDataSet/CrossValidation/Annotated/B22-258_0/00733.png,0,0.008013147860765457
B22-258,/fhome/maed/HelicoDataSet/CrossValidation/Annotated/B22-258_0/01007.png,0,0.03307681903243065
B22-258,/fhome/maed/HelicoDataSet/CrossValidation/Annotated/B22-258_0/00747.png,0,0.07003980875015259
B22-258,/fhome/maed/HelicoDataSet/CrossValidation/Annotated/B22-258_0/00721.png,0,0.0069700018502771854
B22-258,/fhome/maed/HelicoDataSet/CrossValidation/Annotated/B22-258_0/00745.png,0,0.06736908107995987
B22-127,/fhome/maed/HelicoDataSet/CrossValidation/Annotated/B22-127_0/00117.png,0,0.006418722216039896
B22-127,/fhome/maed/HelicoDataSet/CrossValidation/Annotated/B22-127_0/00754.png,0,0.01659020408987999
B22-127,/fhome/maed/HelicoDataSet/CrossValidation/Annotated/B22-127_0/00624.png,0,0.008161574602127075
B22-125,/fhome/maed/HelicoDataSet/CrossValidation/Annotated/B22-125_0/03857.png,0,0.015440372750163078
B22-125,/fhome/maed/HelicoDataSet/CrossValidation/Annotated/B22-125_0/03028.png,0,0.008782973513007164
B22-230,/fhome/maed/HelicoDataSet/CrossValidation/Annotated/B22-230_0/03934.png,0,0.0047021666541695595
B22-302,/fhome/maed/HelicoDataSet/CrossValidation/Annotated/B22-302_0/00846_Aug7.png,1,0.18540187180042267
B22-302,/fhome/maed/HelicoDataSet/CrossValidation/Annotated/B22-302_0/00231_Aug7.png,1,0.23925693333148956
B22-302,/fhome/maed/HelicoDataSet/CrossValidation/Annotated/B22-302_0/00957.png,0,0.2229229360818863
B22-302,/fhome/maed/HelicoDataSet/CrossValidation/Annotated/B22-302_0/00175_Aug7.png,1,0.14930059015750885
B22-302,/fhome/maed/HelicoDataSet/CrossValidation/Annotated/B22-302_0/00776.png,0,0.18183167278766632
B22-302,/fhome/maed/HelicoDataSet/CrossValidation/Annotated/B22-302_0/00175_Aug5.png,1,0.13339672982692719
B22-302,/fhome/maed/HelicoDataSet/CrossValidation/Annotated/B22-302_0/00175_Aug3.png,1,0.14563985168933868
B22-302,/fhome/maed/HelicoDataSet/CrossValidation/Annotated/B22-302_0/01020.png,0,0.1788625419139862
B22-302,/fhome/maed/HelicoDataSet/CrossValidation/Annotated/B22-302_0/00168_Aug6.png,1,0.22497589886188507
B22-302,/fhome/maed/HelicoDataSet/CrossValidation/Annotated/B22-302_0/00154_Aug8.png,1,0.22700472176074982
B22-302,/fhome/maed/HelicoDataSet/CrossValidation/Annotated/B22-302_0/00846.png,1,0.18810394406318665
B22-302,/fhome/maed/HelicoDataSet/CrossValidation/Annotated/B22-302_0/00846_Aug3.png,1,0.18867483735084534
B22-302,/fhome/maed/HelicoDataSet/CrossValidation/Annotated/B22-302_0/00168_Aug1.png,1,0.20265595614910126
B22-302,/fhome/maed/HelicoDataSet/CrossValidation/Annotated/B22-302_0/01449.png,0,0.18897952139377594
B22-302,/fhome/maed/HelicoDataSet/CrossValidation/Annotated/B22-302_0/00168.png,1,0.1980624794960022
B22-302,/fhome/maed/HelicoDataSet/CrossValidation/Annotated/B22-302_0/00175_Aug1.png,1,0.17266952991485596
B22-302,/fhome/maed/HelicoDataSet/CrossValidation/Annotated/B22-302_0/00946.png,0,0.1864490658044815
B22-302,/fhome/maed/HelicoDataSet/CrossValidation/Annotated/B22-302_0/00846_Aug5.png,1,0.18551288545131683
B22-302,/fhome/maed/HelicoDataSet/CrossValidation/Annotated/B22-302_0/00231_Aug8.png,1,0.011529991403222084
B22-302,/fhome/maed/HelicoDataSet/CrossValidation/Annotated/B22-302_0/00783.png,0,0.2106575071811676
B22-302,/fhome/maed/HelicoDataSet/CrossValidation/Annotated/B22-302_0/01292.png,0,0.20790526270866394
B22-302,/fhome/maed/HelicoDataSet/CrossValidation/Annotated/B22-302_0/00231_Aug1.png,1,0.18962636590003967
B22-302,/fhome/maed/HelicoDataSet/CrossValidation/Annotated/B22-302_0/00154_Aug6.png,1,0.2257988452911377
B22-302,/fhome/maed/HelicoDataSet/CrossValidation/Annotated/B22-302_0/01140.png,0,0.18049708008766174
B22-302,/fhome/maed/HelicoDataSet/CrossValidation/Annotated/B22-302_0/00846_Aug8.png,1,0.19991107285022736
B22-302,/fhome/maed/HelicoDataSet/CrossValidation/Annotated/B22-302_0/00846_Aug2.png,1,0.1908874213695526
B22-302,/fhome/maed/HelicoDataSet/CrossValidation/Annotated/B22-302_0/00168_Aug8.png,1,2.5067577362060547
B22-302,/fhome/maed/HelicoDataSet/CrossValidation/Annotated/B22-302_0/00168_Aug2.png,1,0.24599498510360718
B22-302,/fhome/maed/HelicoDataSet/CrossValidation/Annotated/B22-302_0/00175_Aug8.png,1,0.14930059015750885
B22-302,/fhome/maed/HelicoDataSet/CrossValidation/Annotated/B22-302_0/00168_Aug4.png,1,0.2213762402534485
B22-302,/fhome/maed/HelicoDataSet/CrossValidation/Annotated/B22-302_0/00485.png,0,0.1596214771270752
B22-302,/fhome/maed/HelicoDataSet/CrossValidation/Annotated/B22-302_0/00835.png,0,0.21278730034828186
B22-302,/fhome/maed/HelicoDataSet/CrossValidation/Annotated/B22-302_0/00154_Aug7.png,1,0.2040969431400299
B22-302,/fhome/maed/HelicoDataSet/CrossValidation/Annotated/B22-302_0/00231_Aug4.png,1,0.016289612278342247
B22-302,/fhome/maed/HelicoDataSet/CrossValidation/Annotated/B22-302_0/01034.png,0,0.17745764553546906
B22-302,/fhome/maed/HelicoDataSet/CrossValidation/Annotated/B22-302_0/00168_Aug5.png,1,0.20335495471954346
B22-302,/fhome/maed/HelicoDataSet/CrossValidation/Annotated/B22-302_0/00583.png,0,0.12127521634101868
B22-302,/fhome/maed/HelicoDataSet/CrossValidation/Annotated/B22-302_0/00168_Aug7.png,1,0.22463083267211914
B22-302,/fhome/maed/HelicoDataSet/CrossValidation/Annotated/B22-302_0/01085.png,0,0.18706724047660828
B22-302,/fhome/maed/HelicoDataSet/CrossValidation/Annotated/B22-302_0/00175.png,1,0.16151422262191772
B22-302,/fhome/maed/HelicoDataSet/CrossValidation/Annotated/B22-302_0/00231.png,1,0.16628272831439972
B22-302,/fhome/maed/HelicoDataSet/CrossValidation/Annotated/B22-302_0/00731.png,0,0.19182735681533813
B22-302,/fhome/maed/HelicoDataSet/CrossValidation/Annotated/B22-302_0/00175_Aug6.png,1,0.14017120003700256
B22-302,/fhome/maed/HelicoDataSet/CrossValidation/Annotated/B22-302_0/00175_Aug2.png,1,0.17266999185085297
B22-302,/fhome/maed/HelicoDataSet/CrossValidation/Annotated/B22-302_0/00168_Aug3.png,1,0.22988475859165192
B22-302,/fhome/maed/HelicoDataSet/CrossValidation/Annotated/B22-302_0/00154_Aug2.png,1,0.20261308550834656
B22-302,/fhome/maed/HelicoDataSet/CrossValidation/Annotated/B22-302_0/00231_Aug3.png,1,94.04125213623047
B22-302,/fhome/maed/HelicoDataSet/CrossValidation/Annotated/B22-302_0/00154_Aug3.png,1,2.0025017261505127
B22-302,/fhome/maed/HelicoDataSet/CrossValidation/Annotated/B22-302_0/00231_Aug5.png,1,0.800248384475708
B22-302,/fhome/maed/HelicoDataSet/CrossValidation/Annotated/B22-302_0/00231_Aug2.png,1,0.13502870500087738
B22-302,/fhome/maed/HelicoDataSet/CrossValidation/Annotated/B22-302_0/00436.png,0,0.027038535103201866
B22-302,/fhome/maed/HelicoDataSet/CrossValidation/Annotated/B22-302_0/00154.png,1,0.19806547462940216
B22-302,/fhome/maed/HelicoDataSet/CrossValidation/Annotated/B22-302_0/00154_Aug5.png,1,0.966837465763092
B22-302,/fhome/maed/HelicoDataSet/CrossValidation/Annotated/B22-302_0/00154_Aug1.png,1,0.19439832866191864
B22-302,/fhome/maed/HelicoDataSet/CrossValidation/Annotated/B22-302_0/00231_Aug6.png,1,0.01672551967203617
B22-302,/fhome/maed/HelicoDataSet/CrossValidation/Annotated/B22-302_0/00175_Aug4.png,1,0.14563985168933868
B22-302,/fhome/maed/HelicoDataSet/CrossValidation/Annotated/B22-302_0/00846_Aug1.png,1,0.18873319029808044
B22-302,/fhome/maed/HelicoDataSet/CrossValidation/Annotated/B22-302_0/00846_Aug4.png,1,0.19429154694080353
B22-302,/fhome/maed/HelicoDataSet/CrossValidation/Annotated/B22-302_0/00846_Aug6.png,1,0.1969950646162033
B22-302,/fhome/maed/HelicoDataSet/CrossValidation/Annotated/B22-302_0/00154_Aug4.png,1,0.20077157020568848
B22-302,/fhome/maed/HelicoDataSet/CrossValidation/Annotated/B22-302_0/01043.png,0,0.1697925180196762
B22-46,/fhome/maed/HelicoDataSet/CrossValidation/Annotated/B22-46_0/01039_Aug4.png,1,0.36215266585350037
B22-46,/fhome/maed/HelicoDataSet/CrossValidation/Annotated/B22-46_0/01039_Aug8.png,1,0.19134290516376495
B22-46,/fhome/maed/HelicoDataSet/CrossValidation/Annotated/B22-46_0/01039_Aug7.png,1,0.18582113087177277
B22-46,/fhome/maed/HelicoDataSet/CrossValidation/Annotated/B22-46_0/01039_Aug5.png,1,0.18583804368972778
B22-46,/fhome/maed/HelicoDataSet/CrossValidation/Annotated/B22-46_0/01547.png,0,0.1417941451072693
B22-46,/fhome/maed/HelicoDataSet/CrossValidation/Annotated/B22-46_0/01340_Aug8.png,1,0.16336847841739655
B22-46,/fhome/maed/HelicoDataSet/CrossValidation/Annotated/B22-46_0/01338_Aug7.png,1,0.16818587481975555
B22-46,/fhome/maed/HelicoDataSet/CrossValidation/Annotated/B22-46_0/01340_Aug3.png,1,0.16812139749526978
B22-46,/fhome/maed/HelicoDataSet/CrossValidation/Annotated/B22-46_0/01039_Aug1.png,1,0.184804305434227
B22-46,/fhome/maed/HelicoDataSet/CrossValidation/Annotated/B22-46_0/01291_Aug7.png,1,0.17268356680870056
B22-46,/fhome/maed/HelicoDataSet/CrossValidation/Annotated/B22-46_0/01338_Aug1.png,1,0.15695820748806
B22-46,/fhome/maed/HelicoDataSet/CrossValidation/Annotated/B22-46_0/01340_Aug4.png,1,0.17597128450870514
B22-46,/fhome/maed/HelicoDataSet/CrossValidation/Annotated/B22-46_0/02336.png,0,0.017810000106692314
B22-46,/fhome/maed/HelicoDataSet/CrossValidation/Annotated/B22-46_0/01340_Aug5.png,1,0.17044968903064728
B22-46,/fhome/maed/HelicoDataSet/CrossValidation/Annotated/B22-46_0/01852.png,0,0.007911920547485352
B22-46,/fhome/maed/HelicoDataSet/CrossValidation/Annotated/B22-46_0/01338_Aug8.png,1,0.1554330587387085
B22-46,/fhome/maed/HelicoDataSet/CrossValidation/Annotated/B22-46_0/01291_Aug4.png,1,0.14980529248714447
B22-46,/fhome/maed/HelicoDataSet/CrossValidation/Annotated/B22-46_0/01340.png,1,0.17325638234615326
B22-46,/fhome/maed/HelicoDataSet/CrossValidation/Annotated/B22-46_0/01338_Aug3.png,1,0.15938222408294678
B22-46,/fhome/maed/HelicoDataSet/CrossValidation/Annotated/B22-46_0/01340_Aug2.png,1,0.17117911577224731
B22-46,/fhome/maed/HelicoDataSet/CrossValidation/Annotated/B22-46_0/01039_Aug3.png,1,0.18313734233379364
B22-46,/fhome/maed/HelicoDataSet/CrossValidation/Annotated/B22-46_0/01338_Aug6.png,1,0.1544739454984665
B22-46,/fhome/maed/HelicoDataSet/CrossValidation/Annotated/B22-46_0/01338.png,1,0.16867968440055847
B22-46,/fhome/maed/HelicoDataSet/CrossValidation/Annotated/B22-46_0/02831.png,0,0.03474771976470947
B22-46,/fhome/maed/HelicoDataSet/CrossValidation/Annotated/B22-46_0/02771.png,0,0.09522385895252228
B22-46,/fhome/maed/HelicoDataSet/CrossValidation/Annotated/B22-46_0/02888.png,0,0.009562380611896515
B22-46,/fhome/maed/HelicoDataSet/CrossValidation/Annotated/B22-46_0/01338_Aug5.png,1,0.17382384836673737
B22-46,/fhome/maed/HelicoDataSet/CrossValidation/Annotated/B22-46_0/01340_Aug1.png,1,0.17157849669456482
B22-46,/fhome/maed/HelicoDataSet/CrossValidation/Annotated/B22-46_0/01291_Aug1.png,1,0.16342855989933014
B22-46,/fhome/maed/HelicoDataSet/CrossValidation/Annotated/B22-46_0/00182.png,0,0.04156264290213585
B22-46,/fhome/maed/HelicoDataSet/CrossValidation/Annotated/B22-46_0/00649.png,0,0.06672172993421555
B22-46,/fhome/maed/HelicoDataSet/CrossValidation/Annotated/B22-46_0/01291_Aug6.png,1,0.15091215074062347
B22-46,/fhome/maed/HelicoDataSet/CrossValidation/Annotated/B22-46_0/01340_Aug6.png,1,0.16645407676696777
B22-46,/fhome/maed/HelicoDataSet/CrossValidation/Annotated/B22-46_0/01039_Aug6.png,1,0.19570571184158325
B22-46,/fhome/maed/HelicoDataSet/CrossValidation/Annotated/B22-46_0/01291.png,1,0.15867580473423004
B22-46,/fhome/maed/HelicoDataSet/CrossValidation/Annotated/B22-46_0/03030.png,0,0.0034124371595680714
B22-46,/fhome/maed/HelicoDataSet/CrossValidation/Annotated/B22-46_0/01338_Aug4.png,1,0.15433433651924133
B22-46,/fhome/maed/HelicoDataSet/CrossValidation/Annotated/B22-46_0/01039.png,1,0.1803560107946396
B22-46,/fhome/maed/HelicoDataSet/CrossValidation/Annotated/B22-46_0/01039_Aug2.png,1,0.19500046968460083
B22-46,/fhome/maed/HelicoDataSet/CrossValidation/Annotated/B22-46_0/01291_Aug2.png,1,0.15233896672725677
B22-46,/fhome/maed/HelicoDataSet/CrossValidation/Annotated/B22-46_0/01338_Aug2.png,1,0.15531489253044128
B22-46,/fhome/maed/HelicoDataSet/CrossValidation/Annotated/B22-46_0/01470.png,0,0.03663049265742302
B22-46,/fhome/maed/HelicoDataSet/CrossValidation/Annotated/B22-46_0/01340_Aug7.png,1,0.1673719584941864
B22-46,/fhome/maed/HelicoDataSet/CrossValidation/Annotated/B22-46_0/00943.png,0,0.05814088135957718
B22-46,/fhome/maed/HelicoDataSet/CrossValidation/Annotated/B22-46_0/01291_Aug5.png,1,0.1994124948978424
B22-46,/fhome/maed/HelicoDataSet/CrossValidation/Annotated/B22-46_0/01291_Aug8.png,1,0.13804051280021667
B22-46,/fhome/maed/HelicoDataSet/CrossValidation/Annotated/B22-46_0/01291_Aug3.png,1,0.16930998861789703
B22-117,/fhome/maed/HelicoDataSet/CrossValidation/Annotated/B22-117_0/01180.png,0,0.006230862345546484
B22-117,/fhome/maed/HelicoDataSet/CrossValidation/Annotated/B22-117_0/00952.png,0,0.021579772233963013
B22-117,/fhome/maed/HelicoDataSet/CrossValidation/Annotated/B22-117_0/01202.png,0,0.007742708083242178
B22-256,/fhome/maed/HelicoDataSet/CrossValidation/Annotated/B22-256_0/00216.png,0,0.02083023451268673
B22-256,/fhome/maed/HelicoDataSet/CrossValidation/Annotated/B22-256_0/00678.png,0,0.01241458859294653
B22-256,/fhome/maed/HelicoDataSet/CrossValidation/Annotated/B22-256_0/00258.png,0,0.06766382604837418
B22-71,/fhome/maed/HelicoDataSet/CrossValidation/Annotated/B22-71_0/00048_Aug6.png,1,0.1797153651714325
B22-71,/fhome/maed/HelicoDataSet/CrossValidation/Annotated/B22-71_0/00048_Aug8.png,1,0.17983955144882202
B22-71,/fhome/maed/HelicoDataSet/CrossValidation/Annotated/B22-71_0/00048_Aug2.png,1,0.18099232017993927
B22-71,/fhome/maed/HelicoDataSet/CrossValidation/Annotated/B22-71_0/00048_Aug4.png,1,0.1806589961051941
B22-71,/fhome/maed/HelicoDataSet/CrossValidation/Annotated/B22-71_0/00332.png,0,0.07501348108053207
B22-71,/fhome/maed/HelicoDataSet/CrossValidation/Annotated/B22-71_0/00048_Aug5.png,1,0.1792174130678177
B22-71,/fhome/maed/HelicoDataSet/CrossValidation/Annotated/B22-71_0/00048_Aug1.png,1,0.1778065264225006
B22-71,/fhome/maed/HelicoDataSet/CrossValidation/Annotated/B22-71_0/00048_Aug3.png,1,0.17806756496429443
B22-71,/fhome/maed/HelicoDataSet/CrossValidation/Annotated/B22-71_0/00048_Aug7.png,1,0.1781601458787918
B22-71,/fhome/maed/HelicoDataSet/CrossValidation/Annotated/B22-71_0/00048.png,1,0.17772093415260315
B22-60,/fhome/maed/HelicoDataSet/CrossValidation/Annotated/B22-60_0/01473.png,0,0.13646046817302704
B22-60,/fhome/maed/HelicoDataSet/CrossValidation/Annotated/B22-60_0/00339.png,0,0.015261881053447723
B22-60,/fhome/maed/HelicoDataSet/CrossValidation/Annotated/B22-60_0/00900.png,0,0.023399336263537407
B22-60,/fhome/maed/HelicoDataSet/CrossValidation/Annotated/B22-60_0/01474.png,0,0.09364248812198639
B22-60,/fhome/maed/HelicoDataSet/CrossValidation/Annotated/B22-60_0/00743.png,0,0.003263455582782626
B22-60,/fhome/maed/HelicoDataSet/CrossValidation/Annotated/B22-60_0/00636.png,0,0.006116204895079136
B22-26,/fhome/maed/HelicoDataSet/CrossValidation/Annotated/B22-26_0/01044.png,0,0.0035636373795568943
B22-26,/fhome/maed/HelicoDataSet/CrossValidation/Annotated/B22-26_0/00000.png,0,0.1051245629787445
B22-94,/fhome/maed/HelicoDataSet/CrossValidation/Annotated/B22-94_1/00159.png,0,0.005391675513237715
B22-94,/fhome/maed/HelicoDataSet/CrossValidation/Annotated/B22-94_1/00164.png,0,0.002858259715139866
B22-94,/fhome/maed/HelicoDataSet/CrossValidation/Annotated/B22-94_1/00171.png,0,0.005838118493556976
B22-94,/fhome/maed/HelicoDataSet/CrossValidation/Annotated/B22-94_1/00068.png,0,0.0036480713170021772
B22-280,/fhome/maed/HelicoDataSet/CrossValidation/Annotated/B22-280_0/00337_Aug3.png,1,0.22100421786308289
B22-280,/fhome/maed/HelicoDataSet/CrossValidation/Annotated/B22-280_0/00354_Aug8.png,1,0.17929254472255707
B22-280,/fhome/maed/HelicoDataSet/CrossValidation/Annotated/B22-280_0/00060.png,1,0.16856110095977783
B22-280,/fhome/maed/HelicoDataSet/CrossValidation/Annotated/B22-280_0/00162_Aug2.png,1,0.16962149739265442
B22-280,/fhome/maed/HelicoDataSet/CrossValidation/Annotated/B22-280_0/00771.png,1,0.16615600883960724
B22-280,/fhome/maed/HelicoDataSet/CrossValidation/Annotated/B22-280_0/00337_Aug8.png,1,0.19256620109081268
B22-280,/fhome/maed/HelicoDataSet/CrossValidation/Annotated/B22-280_0/00354_Aug2.png,1,0.19218505918979645
B22-280,/fhome/maed/HelicoDataSet/CrossValidation/Annotated/B22-280_0/00191.png,1,0.18419429659843445
B22-280,/fhome/maed/HelicoDataSet/CrossValidation/Annotated/B22-280_0/00162_Aug3.png,1,0.1742268204689026
B22-280,/fhome/maed/HelicoDataSet/CrossValidation/Annotated/B22-280_0/00771_Aug1.png,1,0.16571342945098877
B22-280,/fhome/maed/HelicoDataSet/CrossValidation/Annotated/B22-280_0/00162_Aug6.png,1,0.1770850270986557
B22-280,/fhome/maed/HelicoDataSet/CrossValidation/Annotated/B22-280_0/00162_Aug8.png,1,0.17378373444080353
B22-280,/fhome/maed/HelicoDataSet/CrossValidation/Annotated/B22-280_0/00060_Aug7.png,1,0.1710973083972931
B22-280,/fhome/maed/HelicoDataSet/CrossValidation/Annotated/B22-280_0/00162_Aug4.png,1,0.1792210191488266
B22-280,/fhome/maed/HelicoDataSet/CrossValidation/Annotated/B22-280_0/00191_Aug5.png,1,0.17514729499816895
B22-280,/fhome/maed/HelicoDataSet/CrossValidation/Annotated/B22-280_0/00162_Aug7.png,1,0.17491364479064941
B22-280,/fhome/maed/HelicoDataSet/CrossValidation/Annotated/B22-280_0/00337_Aug6.png,1,0.18982268869876862
B22-280,/fhome/maed/HelicoDataSet/CrossValidation/Annotated/B22-280_0/00060_Aug1.png,1,0.16826990246772766
B22-280,/fhome/maed/HelicoDataSet/CrossValidation/Annotated/B22-280_0/00060_Aug8.png,1,0.1711256057024002
B22-280,/fhome/maed/HelicoDataSet/CrossValidation/Annotated/B22-280_0/00354_Aug4.png,1,0.18179476261138916
B22-280,/fhome/maed/HelicoDataSet/CrossValidation/Annotated/B22-280_0/00354_Aug5.png,1,0.18666668236255646
B22-280,/fhome/maed/HelicoDataSet/CrossValidation/Annotated/B22-280_0/00354.png,1,0.18448886275291443
B22-280,/fhome/maed/HelicoDataSet/CrossValidation/Annotated/B22-280_0/00162_Aug5.png,1,0.17609252035617828
B22-280,/fhome/maed/HelicoDataSet/CrossValidation/Annotated/B22-280_0/00354_Aug7.png,1,0.19171972572803497
B22-280,/fhome/maed/HelicoDataSet/CrossValidation/Annotated/B22-280_0/00337.png,1,0.19111353158950806
B22-280,/fhome/maed/HelicoDataSet/CrossValidation/Annotated/B22-280_0/00191_Aug4.png,1,0.21657778322696686
B22-280,/fhome/maed/HelicoDataSet/CrossValidation/Annotated/B22-280_0/00337_Aug7.png,1,0.18452651798725128
B22-280,/fhome/maed/HelicoDataSet/CrossValidation/Annotated/B22-280_0/00191_Aug1.png,1,0.18424749374389648
B22-280,/fhome/maed/HelicoDataSet/CrossValidation/Annotated/B22-280_0/00337_Aug4.png,1,0.19769765436649323
B22-280,/fhome/maed/HelicoDataSet/CrossValidation/Annotated/B22-280_0/00771_Aug7.png,1,0.1725880652666092
B22-280,/fhome/maed/HelicoDataSet/CrossValidation/Annotated/B22-280_0/00060_Aug4.png,1,0.1698264479637146
B22-280,/fhome/maed/HelicoDataSet/CrossValidation/Annotated/B22-280_0/00162.png,1,0.17242662608623505
B22-280,/fhome/maed/HelicoDataSet/CrossValidation/Annotated/B22-280_0/00337_Aug1.png,1,0.1850544512271881
B22-280,/fhome/maed/HelicoDataSet/CrossValidation/Annotated/B22-280_0/00060_Aug3.png,1,0.1688060164451599
B22-280,/fhome/maed/HelicoDataSet/CrossValidation/Annotated/B22-280_0/00060_Aug5.png,1,0.17261001467704773
B22-280,/fhome/maed/HelicoDataSet/CrossValidation/Annotated/B22-280_0/00162_Aug1.png,1,0.17219378054141998
B22-280,/fhome/maed/HelicoDataSet/CrossValidation/Annotated/B22-280_0/00771_Aug2.png,1,0.17228280007839203
B22-280,/fhome/maed/HelicoDataSet/CrossValidation/Annotated/B22-280_0/00771_Aug8.png,1,0.16183628141880035
B22-280,/fhome/maed/HelicoDataSet/CrossValidation/Annotated/B22-280_0/00354_Aug6.png,1,0.18028326332569122
B22-280,/fhome/maed/HelicoDataSet/CrossValidation/Annotated/B22-280_0/00337_Aug2.png,1,0.4555623233318329
B22-280,/fhome/maed/HelicoDataSet/CrossValidation/Annotated/B22-280_0/00771_Aug3.png,1,0.177347794175148
B22-280,/fhome/maed/HelicoDataSet/CrossValidation/Annotated/B22-280_0/00191_Aug2.png,1,0.1867801696062088
B22-280,/fhome/maed/HelicoDataSet/CrossValidation/Annotated/B22-280_0/00191_Aug7.png,1,0.17931734025478363
B22-280,/fhome/maed/HelicoDataSet/CrossValidation/Annotated/B22-280_0/00354_Aug1.png,1,0.18789823353290558
B22-280,/fhome/maed/HelicoDataSet/CrossValidation/Annotated/B22-280_0/00354_Aug3.png,1,0.1878288835287094
B22-280,/fhome/maed/HelicoDataSet/CrossValidation/Annotated/B22-280_0/00060_Aug6.png,1,0.17264045774936676
B22-280,/fhome/maed/HelicoDataSet/CrossValidation/Annotated/B22-280_0/00806.png,0,0.15238358080387115
B22-280,/fhome/maed/HelicoDataSet/CrossValidation/Annotated/B22-280_0/00771_Aug6.png,1,0.1605427861213684
B22-280,/fhome/maed/HelicoDataSet/CrossValidation/Annotated/B22-280_0/00191_Aug6.png,1,0.1895168125629425
B22-280,/fhome/maed/HelicoDataSet/CrossValidation/Annotated/B22-280_0/00771_Aug5.png,1,0.16736909747123718
B22-280,/fhome/maed/HelicoDataSet/CrossValidation/Annotated/B22-280_0/00191_Aug8.png,1,0.19578060507774353
B22-280,/fhome/maed/HelicoDataSet/CrossValidation/Annotated/B22-280_0/00191_Aug3.png,1,0.18418434262275696
B22-280,/fhome/maed/HelicoDataSet/CrossValidation/Annotated/B22-280_0/00060_Aug2.png,1,0.16641190648078918
B22-280,/fhome/maed/HelicoDataSet/CrossValidation/Annotated/B22-280_0/00337_Aug5.png,1,0.1835877001285553
B22-280,/fhome/maed/HelicoDataSet/CrossValidation/Annotated/B22-280_0/00397.png,0,0.01609051041305065
B22-280,/fhome/maed/HelicoDataSet/CrossValidation/Annotated/B22-280_0/00771_Aug4.png,1,0.15790432691574097
B22-99,/fhome/maed/HelicoDataSet/CrossValidation/Annotated/B22-99_0/00521.png,0,0.005394418723881245
B22-313,/fhome/maed/HelicoDataSet/CrossValidation/Annotated/B22-313_0/01364.png,0,0.004363469313830137
B22-313,/fhome/maed/HelicoDataSet/CrossValidation/Annotated/B22-313_0/00105_Aug5.png,1,0.16663825511932373
B22-313,/fhome/maed/HelicoDataSet/CrossValidation/Annotated/B22-313_0/01310.png,1,0.17490895092487335
B22-313,/fhome/maed/HelicoDataSet/CrossValidation/Annotated/B22-313_0/01552_Aug7.png,1,0.13316896557807922
B22-313,/fhome/maed/HelicoDataSet/CrossValidation/Annotated/B22-313_0/01552_Aug8.png,1,0.1646260917186737
B22-313,/fhome/maed/HelicoDataSet/CrossValidation/Annotated/B22-313_0/00105_Aug1.png,1,0.18108408153057098
B22-313,/fhome/maed/HelicoDataSet/CrossValidation/Annotated/B22-313_0/01310_Aug7.png,1,0.17312079668045044
B22-313,/fhome/maed/HelicoDataSet/CrossValidation/Annotated/B22-313_0/00105_Aug8.png,1,0.16509775817394257
B22-313,/fhome/maed/HelicoDataSet/CrossValidation/Annotated/B22-313_0/01310_Aug1.png,1,0.16763362288475037
B22-313,/fhome/maed/HelicoDataSet/CrossValidation/Annotated/B22-313_0/00105_Aug3.png,1,0.16407889127731323
B22-313,/fhome/maed/HelicoDataSet/CrossValidation/Annotated/B22-313_0/01310_Aug4.png,1,0.17412489652633667
B22-313,/fhome/maed/HelicoDataSet/CrossValidation/Annotated/B22-313_0/00210.png,0,0.006966372486203909
B22-313,/fhome/maed/HelicoDataSet/CrossValidation/Annotated/B22-313_0/01310_Aug2.png,1,0.17412877082824707
B22-313,/fhome/maed/HelicoDataSet/CrossValidation/Annotated/B22-313_0/00105_Aug7.png,1,0.18165238201618195
B22-313,/fhome/maed/HelicoDataSet/CrossValidation/Annotated/B22-313_0/01310_Aug8.png,1,0.17550884187221527
B22-313,/fhome/maed/HelicoDataSet/CrossValidation/Annotated/B22-313_0/01552_Aug4.png,1,0.16917233169078827
B22-313,/fhome/maed/HelicoDataSet/CrossValidation/Annotated/B22-313_0/00105_Aug6.png,1,0.1665980964899063
B22-313,/fhome/maed/HelicoDataSet/CrossValidation/Annotated/B22-313_0/01552.png,1,0.1600511372089386
B22-313,/fhome/maed/HelicoDataSet/CrossValidation/Annotated/B22-313_0/00105_Aug2.png,1,0.17003211379051208
B22-313,/fhome/maed/HelicoDataSet/CrossValidation/Annotated/B22-313_0/00105_Aug4.png,1,0.16811266541481018
B22-313,/fhome/maed/HelicoDataSet/CrossValidation/Annotated/B22-313_0/01552_Aug3.png,1,0.16063444316387177
B22-313,/fhome/maed/HelicoDataSet/CrossValidation/Annotated/B22-313_0/01552_Aug1.png,1,0.16585621237754822
B22-313,/fhome/maed/HelicoDataSet/CrossValidation/Annotated/B22-313_0/01310_Aug3.png,1,0.1706390231847763
B22-313,/fhome/maed/HelicoDataSet/CrossValidation/Annotated/B22-313_0/00178.png,0,0.005829778965562582
B22-313,/fhome/maed/HelicoDataSet/CrossValidation/Annotated/B22-313_0/00200.png,0,0.00356337521225214
B22-313,/fhome/maed/HelicoDataSet/CrossValidation/Annotated/B22-313_0/01310_Aug6.png,1,0.17766211926937103
B22-313,/fhome/maed/HelicoDataSet/CrossValidation/Annotated/B22-313_0/01713.png,0,0.004443019162863493
B22-313,/fhome/maed/HelicoDataSet/CrossValidation/Annotated/B22-313_0/00105.png,1,0.1824798583984375
B22-313,/fhome/maed/HelicoDataSet/CrossValidation/Annotated/B22-313_0/01552_Aug5.png,1,0.15746663510799408
B22-313,/fhome/maed/HelicoDataSet/CrossValidation/Annotated/B22-313_0/01552_Aug6.png,1,0.16770215332508087
B22-313,/fhome/maed/HelicoDataSet/CrossValidation/Annotated/B22-313_0/00619.png,0,0.0048552933149039745
B22-313,/fhome/maed/HelicoDataSet/CrossValidation/Annotated/B22-313_0/01647.png,0,0.0019209831953048706
B22-313,/fhome/maed/HelicoDataSet/CrossValidation/Annotated/B22-313_0/01552_Aug2.png,1,0.1689206212759018
B22-313,/fhome/maed/HelicoDataSet/CrossValidation/Annotated/B22-313_0/01474.png,0,0.006245828233659267
B22-313,/fhome/maed/HelicoDataSet/CrossValidation/Annotated/B22-313_0/01310_Aug5.png,1,0.17066329717636108
B22-313,/fhome/maed/HelicoDataSet/CrossValidation/Annotated/B22-313_0/00245.png,0,0.0032986742444336414
B22-87,/fhome/maed/HelicoDataSet/CrossValidation/Annotated/B22-87_1/00624.png,0,0.004606060683727264
B22-87,/fhome/maed/HelicoDataSet/CrossValidation/Annotated/B22-87_1/00152.png,0,0.1665428876876831
B22-87,/fhome/maed/HelicoDataSet/CrossValidation/Annotated/B22-87_1/00372.png,0,0.003053428139537573
B22-149,/fhome/maed/HelicoDataSet/CrossValidation/Annotated/B22-149_0/01277.png,0,0.005331045016646385
B22-149,/fhome/maed/HelicoDataSet/CrossValidation/Annotated/B22-149_0/03025.png,0,0.007444185670465231
B22-274,/fhome/maed/HelicoDataSet/CrossValidation/Annotated/B22-274_0/00906.png,0,0.009672215208411217
B22-274,/fhome/maed/HelicoDataSet/CrossValidation/Annotated/B22-274_0/01267.png,0,0.007604303304105997
B22-210,/fhome/maed/HelicoDataSet/CrossValidation/Annotated/B22-210_0/00025.png,0,0.005348942242562771
B22-111,/fhome/maed/HelicoDataSet/CrossValidation/Annotated/B22-111_1/00005.png,0,0.006117789540439844
B22-111,/fhome/maed/HelicoDataSet/CrossValidation/Annotated/B22-111_1/00138.png,0,0.007343710865825415
B22-111,/fhome/maed/HelicoDataSet/CrossValidation/Annotated/B22-111_1/00129.png,0,0.0039007249288260937
B22-111,/fhome/maed/HelicoDataSet/CrossValidation/Annotated/B22-111_1/00207.png,0,0.0067775254137814045
B22-111,/fhome/maed/HelicoDataSet/CrossValidation/Annotated/B22-111_1/00000.png,0,0.015254208818078041
B22-235,/fhome/maed/HelicoDataSet/CrossValidation/Annotated/B22-235_0/01248.png,0,0.13103443384170532
B22-235,/fhome/maed/HelicoDataSet/CrossValidation/Annotated/B22-235_0/01242.png,0,0.011996922083199024
B22-235,/fhome/maed/HelicoDataSet/CrossValidation/Annotated/B22-235_0/00014.png,0,0.009516527876257896
B22-235,/fhome/maed/HelicoDataSet/CrossValidation/Annotated/B22-235_0/01246.png,0,0.15896855294704437
B22-119,/fhome/maed/HelicoDataSet/CrossValidation/Annotated/B22-119_0/00975.png,0,0.012028105556964874
B22-119,/fhome/maed/HelicoDataSet/CrossValidation/Annotated/B22-119_0/01137.png,0,0.08139806240797043
B22-118,/fhome/maed/HelicoDataSet/CrossValidation/Annotated/B22-118_0/00106.png,0,0.03305709734559059
B22-118,/fhome/maed/HelicoDataSet/CrossValidation/Annotated/B22-118_0/00254.png,0,0.1660144180059433
B22-118,/fhome/maed/HelicoDataSet/CrossValidation/Annotated/B22-118_0/00650.png,0,0.02532939240336418
B22-118,/fhome/maed/HelicoDataSet/CrossValidation/Annotated/B22-118_0/00587.png,0,0.012065735645592213
B22-118,/fhome/maed/HelicoDataSet/CrossValidation/Annotated/B22-118_0/00405.png,0,0.0803324282169342
B22-118,/fhome/maed/HelicoDataSet/CrossValidation/Annotated/B22-118_0/00724.png,0,0.025262905284762383
B22-118,/fhome/maed/HelicoDataSet/CrossValidation/Annotated/B22-118_0/00232.png,0,0.02647542767226696
B22-118,/fhome/maed/HelicoDataSet/CrossValidation/Annotated/B22-118_0/00323.png,0,0.01917366310954094
B22-118,/fhome/maed/HelicoDataSet/CrossValidation/Annotated/B22-118_0/00890.png,0,0.011175008490681648
B22-118,/fhome/maed/HelicoDataSet/CrossValidation/Annotated/B22-118_0/00791.png,0,0.02210087701678276
B22-118,/fhome/maed/HelicoDataSet/CrossValidation/Annotated/B22-118_0/00313.png,0,0.013397745788097382
B22-118,/fhome/maed/HelicoDataSet/CrossValidation/Annotated/B22-118_0/00613.png,0,0.008849063888192177
B22-118,/fhome/maed/HelicoDataSet/CrossValidation/Annotated/B22-118_0/00134.png,0,0.054761163890361786
B22-118,/fhome/maed/HelicoDataSet/CrossValidation/Annotated/B22-118_0/03550.png,0,0.014504323713481426
B22-118,/fhome/maed/HelicoDataSet/CrossValidation/Annotated/B22-118_0/00631.png,0,0.013206271454691887
B22-95,/fhome/maed/HelicoDataSet/CrossValidation/Annotated/B22-95_1/00766.png,0,0.003113572485744953
B22-95,/fhome/maed/HelicoDataSet/CrossValidation/Annotated/B22-95_1/00361.png,0,0.0018527384381741285
B22-95,/fhome/maed/HelicoDataSet/CrossValidation/Annotated/B22-95_1/00178.png,0,0.005542788188904524
B22-95,/fhome/maed/HelicoDataSet/CrossValidation/Annotated/B22-95_1/00255.png,0,0.008458108641207218
B22-95,/fhome/maed/HelicoDataSet/CrossValidation/Annotated/B22-95_1/01131.png,0,0.0029110806062817574
B22-95,/fhome/maed/HelicoDataSet/CrossValidation/Annotated/B22-95_1/00781.png,0,0.0034694226924329996
B22-95,/fhome/maed/HelicoDataSet/CrossValidation/Annotated/B22-95_1/00908.png,0,0.003802698804065585
B22-50,/fhome/maed/HelicoDataSet/CrossValidation/Annotated/B22-50_0/01342_Aug4.png,1,0.15058735013008118
B22-50,/fhome/maed/HelicoDataSet/CrossValidation/Annotated/B22-50_0/00865.png,1,0.16557934880256653
B22-50,/fhome/maed/HelicoDataSet/CrossValidation/Annotated/B22-50_0/01090_Aug3.png,1,0.16106002032756805
B22-50,/fhome/maed/HelicoDataSet/CrossValidation/Annotated/B22-50_0/01090.png,1,0.16651545464992523
B22-50,/fhome/maed/HelicoDataSet/CrossValidation/Annotated/B22-50_0/01342_Aug5.png,1,0.1641068458557129
B22-50,/fhome/maed/HelicoDataSet/CrossValidation/Annotated/B22-50_0/01090_Aug5.png,1,0.16862556338310242
B22-50,/fhome/maed/HelicoDataSet/CrossValidation/Annotated/B22-50_0/01342.png,1,0.1567646712064743
B22-50,/fhome/maed/HelicoDataSet/CrossValidation/Annotated/B22-50_0/00429.png,0,0.01511775515973568
B22-50,/fhome/maed/HelicoDataSet/CrossValidation/Annotated/B22-50_0/01000.png,0,0.007420769892632961
B22-50,/fhome/maed/HelicoDataSet/CrossValidation/Annotated/B22-50_0/01090_Aug1.png,1,0.16140615940093994
B22-50,/fhome/maed/HelicoDataSet/CrossValidation/Annotated/B22-50_0/01342_Aug1.png,1,0.16419778764247894
B22-50,/fhome/maed/HelicoDataSet/CrossValidation/Annotated/B22-50_0/01090_Aug2.png,1,0.14737780392169952
B22-50,/fhome/maed/HelicoDataSet/CrossValidation/Annotated/B22-50_0/00992.png,0,0.008668864145874977
B22-50,/fhome/maed/HelicoDataSet/CrossValidation/Annotated/B22-50_0/00865_Aug2.png,1,0.12679658830165863
B22-50,/fhome/maed/HelicoDataSet/CrossValidation/Annotated/B22-50_0/01342_Aug8.png,1,0.15336230397224426
B22-50,/fhome/maed/HelicoDataSet/CrossValidation/Annotated/B22-50_0/01090_Aug6.png,1,0.15538616478443146
B22-50,/fhome/maed/HelicoDataSet/CrossValidation/Annotated/B22-50_0/00865_Aug5.png,1,0.11993110179901123
B22-50,/fhome/maed/HelicoDataSet/CrossValidation/Annotated/B22-50_0/01342_Aug7.png,1,0.15887266397476196
B22-50,/fhome/maed/HelicoDataSet/CrossValidation/Annotated/B22-50_0/00865_Aug7.png,1,0.1151251569390297
B22-50,/fhome/maed/HelicoDataSet/CrossValidation/Annotated/B22-50_0/01342_Aug3.png,1,0.1626473218202591
B22-50,/fhome/maed/HelicoDataSet/CrossValidation/Annotated/B22-50_0/00865_Aug4.png,1,0.11533608287572861
B22-50,/fhome/maed/HelicoDataSet/CrossValidation/Annotated/B22-50_0/01090_Aug7.png,1,0.16053949296474457
B22-50,/fhome/maed/HelicoDataSet/CrossValidation/Annotated/B22-50_0/01342_Aug6.png,1,0.157414048910141
B22-50,/fhome/maed/HelicoDataSet/CrossValidation/Annotated/B22-50_0/01090_Aug4.png,1,0.14721645414829254
B22-50,/fhome/maed/HelicoDataSet/CrossValidation/Annotated/B22-50_0/00990.png,0,0.01344582624733448
B22-50,/fhome/maed/HelicoDataSet/CrossValidation/Annotated/B22-50_0/00709.png,0,0.1142675131559372
B22-50,/fhome/maed/HelicoDataSet/CrossValidation/Annotated/B22-50_0/01342_Aug2.png,1,0.1541612148284912
B22-50,/fhome/maed/HelicoDataSet/CrossValidation/Annotated/B22-50_0/00865_Aug6.png,1,0.10231538861989975
B22-50,/fhome/maed/HelicoDataSet/CrossValidation/Annotated/B22-50_0/00865_Aug8.png,1,0.11347778141498566
B22-50,/fhome/maed/HelicoDataSet/CrossValidation/Annotated/B22-50_0/00865_Aug1.png,1,0.12755677103996277
B22-50,/fhome/maed/HelicoDataSet/CrossValidation/Annotated/B22-50_0/01090_Aug8.png,1,0.15538647770881653
B22-50,/fhome/maed/HelicoDataSet/CrossValidation/Annotated/B22-50_0/00865_Aug3.png,1,0.10229302942752838
B22-86,/fhome/maed/HelicoDataSet/CrossValidation/Annotated/B22-86_0/00266.png,0,0.005395685788244009
B22-155,/fhome/maed/HelicoDataSet/CrossValidation/Annotated/B22-155_0/01909_Aug4.png,1,0.15902800858020782
B22-155,/fhome/maed/HelicoDataSet/CrossValidation/Annotated/B22-155_0/00137_Aug8.png,1,0.270031213760376
B22-155,/fhome/maed/HelicoDataSet/CrossValidation/Annotated/B22-155_0/04763_Aug3.png,1,0.1839018017053604
B22-155,/fhome/maed/HelicoDataSet/CrossValidation/Annotated/B22-155_0/00588_Aug3.png,1,0.2050800323486328
B22-155,/fhome/maed/HelicoDataSet/CrossValidation/Annotated/B22-155_0/00137_Aug4.png,1,0.262042760848999
B22-155,/fhome/maed/HelicoDataSet/CrossValidation/Annotated/B22-155_0/01688_Aug8.png,1,0.07152119278907776
B22-155,/fhome/maed/HelicoDataSet/CrossValidation/Annotated/B22-155_0/00317_Aug5.png,1,0.1515170931816101
B22-155,/fhome/maed/HelicoDataSet/CrossValidation/Annotated/B22-155_0/02106_Aug2.png,1,0.1907551884651184
B22-155,/fhome/maed/HelicoDataSet/CrossValidation/Annotated/B22-155_0/00065_Aug6.png,1,0.15920676290988922
B22-155,/fhome/maed/HelicoDataSet/CrossValidation/Annotated/B22-155_0/04070_Aug3.png,1,0.22167301177978516
B22-155,/fhome/maed/HelicoDataSet/CrossValidation/Annotated/B22-155_0/02185_Aug2.png,1,0.17388984560966492
B22-155,/fhome/maed/HelicoDataSet/CrossValidation/Annotated/B22-155_0/04440_Aug3.png,1,0.1408587098121643
B22-155,/fhome/maed/HelicoDataSet/CrossValidation/Annotated/B22-155_0/03707_Aug5.png,1,0.1866367906332016
B22-155,/fhome/maed/HelicoDataSet/CrossValidation/Annotated/B22-155_0/03998_Aug4.png,1,0.07874590158462524
B22-155,/fhome/maed/HelicoDataSet/CrossValidation/Annotated/B22-155_0/03998_Aug5.png,1,0.15008366107940674
B22-155,/fhome/maed/HelicoDataSet/CrossValidation/Annotated/B22-155_0/03707_Aug6.png,1,0.1873519867658615
B22-155,/fhome/maed/HelicoDataSet/CrossValidation/Annotated/B22-155_0/00065_Aug8.png,1,0.17223408818244934
B22-155,/fhome/maed/HelicoDataSet/CrossValidation/Annotated/B22-155_0/00137_Aug7.png,1,0.2271323800086975
B22-155,/fhome/maed/HelicoDataSet/CrossValidation/Annotated/B22-155_0/01228.png,0,0.011424433439970016
B22-155,/fhome/maed/HelicoDataSet/CrossValidation/Annotated/B22-155_0/00137_Aug5.png,1,0.23124679923057556
B22-155,/fhome/maed/HelicoDataSet/CrossValidation/Annotated/B22-155_0/03707.png,1,0.18344449996948242
B22-155,/fhome/maed/HelicoDataSet/CrossValidation/Annotated/B22-155_0/00994_Aug5.png,1,0.172298863530159
B22-155,/fhome/maed/HelicoDataSet/CrossValidation/Annotated/B22-155_0/04382_Aug7.png,1,0.1648470014333725
B22-155,/fhome/maed/HelicoDataSet/CrossValidation/Annotated/B22-155_0/01688_Aug3.png,1,0.1683540791273117
B22-155,/fhome/maed/HelicoDataSet/CrossValidation/Annotated/B22-155_0/01688_Aug4.png,1,0.11106892675161362
B22-155,/fhome/maed/HelicoDataSet/CrossValidation/Annotated/B22-155_0/01760.png,1,0.173284649848938
B22-155,/fhome/maed/HelicoDataSet/CrossValidation/Annotated/B22-155_0/04382.png,1,0.1601891666650772
B22-155,/fhome/maed/HelicoDataSet/CrossValidation/Annotated/B22-155_0/02987_Aug3.png,1,0.14275668561458588
B22-155,/fhome/maed/HelicoDataSet/CrossValidation/Annotated/B22-155_0/04440_Aug4.png,1,0.15088792145252228
B22-155,/fhome/maed/HelicoDataSet/CrossValidation/Annotated/B22-155_0/04070_Aug7.png,1,0.1952057182788849
B22-155,/fhome/maed/HelicoDataSet/CrossValidation/Annotated/B22-155_0/02987_Aug2.png,1,0.1641283631324768
B22-155,/fhome/maed/HelicoDataSet/CrossValidation/Annotated/B22-155_0/00317_Aug6.png,1,0.1586218923330307
B22-155,/fhome/maed/HelicoDataSet/CrossValidation/Annotated/B22-155_0/02106_Aug4.png,1,0.1892649233341217
B22-155,/fhome/maed/HelicoDataSet/CrossValidation/Annotated/B22-155_0/04070.png,1,0.22207728028297424
B22-155,/fhome/maed/HelicoDataSet/CrossValidation/Annotated/B22-155_0/04440_Aug8.png,1,0.1643274426460266
B22-155,/fhome/maed/HelicoDataSet/CrossValidation/Annotated/B22-155_0/02989_Aug2.png,1,0.15398268401622772
B22-155,/fhome/maed/HelicoDataSet/CrossValidation/Annotated/B22-155_0/02125_Aug6.png,1,0.19924014806747437
B22-155,/fhome/maed/HelicoDataSet/CrossValidation/Annotated/B22-155_0/02987_Aug4.png,1,0.15712082386016846
B22-155,/fhome/maed/HelicoDataSet/CrossValidation/Annotated/B22-155_0/01688_Aug2.png,1,0.15573717653751373
B22-155,/fhome/maed/HelicoDataSet/CrossValidation/Annotated/B22-155_0/01909_Aug6.png,1,0.07979852706193924
B22-155,/fhome/maed/HelicoDataSet/CrossValidation/Annotated/B22-155_0/02106_Aug8.png,1,0.18207620084285736
B22-155,/fhome/maed/HelicoDataSet/CrossValidation/Annotated/B22-155_0/02106_Aug5.png,1,0.1904905140399933
B22-155,/fhome/maed/HelicoDataSet/CrossValidation/Annotated/B22-155_0/03834.png,0,0.14118246734142303
B22-155,/fhome/maed/HelicoDataSet/CrossValidation/Annotated/B22-155_0/00065.png,1,0.13349176943302155
B22-155,/fhome/maed/HelicoDataSet/CrossValidation/Annotated/B22-155_0/02185_Aug1.png,1,0.1697228103876114
B22-155,/fhome/maed/HelicoDataSet/CrossValidation/Annotated/B22-155_0/04440_Aug1.png,1,0.16692271828651428
B22-155,/fhome/maed/HelicoDataSet/CrossValidation/Annotated/B22-155_0/00994_Aug3.png,1,0.16944986581802368
B22-155,/fhome/maed/HelicoDataSet/CrossValidation/Annotated/B22-155_0/02989_Aug4.png,1,0.14796273410320282
B22-155,/fhome/maed/HelicoDataSet/CrossValidation/Annotated/B22-155_0/04382_Aug8.png,1,0.15372860431671143
B22-155,/fhome/maed/HelicoDataSet/CrossValidation/Annotated/B22-155_0/00742.png,0,0.005119441542774439
B22-155,/fhome/maed/HelicoDataSet/CrossValidation/Annotated/B22-155_0/00065_Aug4.png,1,0.14810685813426971
B22-155,/fhome/maed/HelicoDataSet/CrossValidation/Annotated/B22-155_0/00317_Aug8.png,1,0.15504539012908936
B22-155,/fhome/maed/HelicoDataSet/CrossValidation/Annotated/B22-155_0/04763.png,1,0.1854257881641388
B22-155,/fhome/maed/HelicoDataSet/CrossValidation/Annotated/B22-155_0/00065_Aug7.png,1,0.06297581642866135
B22-155,/fhome/maed/HelicoDataSet/CrossValidation/Annotated/B22-155_0/02987_Aug8.png,1,0.1470276266336441
B22-155,/fhome/maed/HelicoDataSet/CrossValidation/Annotated/B22-155_0/01688_Aug1.png,1,0.16576460003852844
B22-155,/fhome/maed/HelicoDataSet/CrossValidation/Annotated/B22-155_0/01909_Aug5.png,1,0.1625632345676422
B22-155,/fhome/maed/HelicoDataSet/CrossValidation/Annotated/B22-155_0/00994.png,1,0.17066983878612518
B22-155,/fhome/maed/HelicoDataSet/CrossValidation/Annotated/B22-155_0/02125_Aug4.png,1,0.20139729976654053
B22-155,/fhome/maed/HelicoDataSet/CrossValidation/Annotated/B22-155_0/00137_Aug2.png,1,0.25815272331237793
B22-155,/fhome/maed/HelicoDataSet/CrossValidation/Annotated/B22-155_0/02125.png,1,0.1997910737991333
B22-155,/fhome/maed/HelicoDataSet/CrossValidation/Annotated/B22-155_0/04440_Aug5.png,1,0.143166646361351
B22-155,/fhome/maed/HelicoDataSet/CrossValidation/Annotated/B22-155_0/04070_Aug1.png,1,0.21130424737930298
B22-155,/fhome/maed/HelicoDataSet/CrossValidation/Annotated/B22-155_0/03998.png,1,0.16454626619815826
B22-155,/fhome/maed/HelicoDataSet/CrossValidation/Annotated/B22-155_0/00588_Aug6.png,1,0.21177037060260773
B22-155,/fhome/maed/HelicoDataSet/CrossValidation/Annotated/B22-155_0/00994_Aug8.png,1,0.17100346088409424
B22-155,/fhome/maed/HelicoDataSet/CrossValidation/Annotated/B22-155_0/01688_Aug5.png,1,0.16637679934501648
B22-155,/fhome/maed/HelicoDataSet/CrossValidation/Annotated/B22-155_0/02834.png,0,0.023074571043252945
B22-155,/fhome/maed/HelicoDataSet/CrossValidation/Annotated/B22-155_0/02989_Aug8.png,1,0.16299746930599213
B22-155,/fhome/maed/HelicoDataSet/CrossValidation/Annotated/B22-155_0/03707_Aug8.png,1,0.17254717648029327
B22-155,/fhome/maed/HelicoDataSet/CrossValidation/Annotated/B22-155_0/00588_Aug5.png,1,0.2030135691165924
B22-155,/fhome/maed/HelicoDataSet/CrossValidation/Annotated/B22-155_0/00317_Aug3.png,1,0.1645689308643341
B22-155,/fhome/maed/HelicoDataSet/CrossValidation/Annotated/B22-155_0/02338_Aug8.png,1,0.17055733501911163
B22-155,/fhome/maed/HelicoDataSet/CrossValidation/Annotated/B22-155_0/02989_Aug7.png,1,0.1544036716222763
B22-155,/fhome/maed/HelicoDataSet/CrossValidation/Annotated/B22-155_0/00317_Aug2.png,1,0.16711319983005524
B22-155,/fhome/maed/HelicoDataSet/CrossValidation/Annotated/B22-155_0/01760_Aug8.png,1,0.16801922023296356
B22-155,/fhome/maed/HelicoDataSet/CrossValidation/Annotated/B22-155_0/00065_Aug2.png,1,0.16008499264717102
B22-155,/fhome/maed/HelicoDataSet/CrossValidation/Annotated/B22-155_0/03707_Aug3.png,1,0.1878848522901535
B22-155,/fhome/maed/HelicoDataSet/CrossValidation/Annotated/B22-155_0/02125_Aug5.png,1,0.19234371185302734
B22-155,/fhome/maed/HelicoDataSet/CrossValidation/Annotated/B22-155_0/04382_Aug4.png,1,0.15769879519939423
B22-155,/fhome/maed/HelicoDataSet/CrossValidation/Annotated/B22-155_0/01909_Aug3.png,1,0.14646893739700317
B22-155,/fhome/maed/HelicoDataSet/CrossValidation/Annotated/B22-155_0/04070_Aug4.png,1,0.2249915897846222
B22-155,/fhome/maed/HelicoDataSet/CrossValidation/Annotated/B22-155_0/00994_Aug1.png,1,0.16861537098884583
B22-155,/fhome/maed/HelicoDataSet/CrossValidation/Annotated/B22-155_0/00588_Aug1.png,1,0.20561714470386505
B22-155,/fhome/maed/HelicoDataSet/CrossValidation/Annotated/B22-155_0/03707_Aug7.png,1,0.18998439610004425
B22-155,/fhome/maed/HelicoDataSet/CrossValidation/Annotated/B22-155_0/02987_Aug7.png,1,0.14459611475467682
B22-155,/fhome/maed/HelicoDataSet/CrossValidation/Annotated/B22-155_0/00754.png,0,0.04206103831529617
B22-155,/fhome/maed/HelicoDataSet/CrossValidation/Annotated/B22-155_0/03998_Aug1.png,1,0.15215346217155457
B22-155,/fhome/maed/HelicoDataSet/CrossValidation/Annotated/B22-155_0/04382_Aug3.png,1,0.16461259126663208
B22-155,/fhome/maed/HelicoDataSet/CrossValidation/Annotated/B22-155_0/02338_Aug7.png,1,0.16506870090961456
B22-155,/fhome/maed/HelicoDataSet/CrossValidation/Annotated/B22-155_0/02106_Aug3.png,1,0.1939183622598648
B22-155,/fhome/maed/HelicoDataSet/CrossValidation/Annotated/B22-155_0/02989_Aug1.png,1,0.16637466847896576
B22-155,/fhome/maed/HelicoDataSet/CrossValidation/Annotated/B22-155_0/04382_Aug5.png,1,0.16343149542808533
B22-155,/fhome/maed/HelicoDataSet/CrossValidation/Annotated/B22-155_0/00994_Aug7.png,1,0.17377445101737976
B22-155,/fhome/maed/HelicoDataSet/CrossValidation/Annotated/B22-155_0/01395.png,0,0.06485147029161453
B22-155,/fhome/maed/HelicoDataSet/CrossValidation/Annotated/B22-155_0/01688.png,1,0.15935447812080383
B22-155,/fhome/maed/HelicoDataSet/CrossValidation/Annotated/B22-155_0/01760_Aug3.png,1,0.16481219232082367
B22-155,/fhome/maed/HelicoDataSet/CrossValidation/Annotated/B22-155_0/01760_Aug1.png,1,0.1571696251630783
B22-155,/fhome/maed/HelicoDataSet/CrossValidation/Annotated/B22-155_0/01518.png,0,0.048517536371946335
B22-155,/fhome/maed/HelicoDataSet/CrossValidation/Annotated/B22-155_0/02987.png,1,0.13726195693016052
B22-155,/fhome/maed/HelicoDataSet/CrossValidation/Annotated/B22-155_0/02185_Aug4.png,1,0.164398655295372
B22-155,/fhome/maed/HelicoDataSet/CrossValidation/Annotated/B22-155_0/01782_Aug8.png,1,0.17353932559490204
B22-155,/fhome/maed/HelicoDataSet/CrossValidation/Annotated/B22-155_0/01760_Aug2.png,1,0.17000460624694824
B22-155,/fhome/maed/HelicoDataSet/CrossValidation/Annotated/B22-155_0/03236.png,0,0.11470097303390503
B22-155,/fhome/maed/HelicoDataSet/CrossValidation/Annotated/B22-155_0/00137_Aug6.png,1,0.26749902963638306
B22-155,/fhome/maed/HelicoDataSet/CrossValidation/Annotated/B22-155_0/04070_Aug5.png,1,0.19480913877487183
B22-155,/fhome/maed/HelicoDataSet/CrossValidation/Annotated/B22-155_0/01760_Aug4.png,1,0.1642213761806488
B22-155,/fhome/maed/HelicoDataSet/CrossValidation/Annotated/B22-155_0/03998_Aug2.png,1,0.14923012256622314
B22-155,/fhome/maed/HelicoDataSet/CrossValidation/Annotated/B22-155_0/01782_Aug4.png,1,0.16428996622562408
B22-155,/fhome/maed/HelicoDataSet/CrossValidation/Annotated/B22-155_0/01760_Aug6.png,1,0.171713188290596
B22-155,/fhome/maed/HelicoDataSet/CrossValidation/Annotated/B22-155_0/01782.png,1,0.17292261123657227
B22-155,/fhome/maed/HelicoDataSet/CrossValidation/Annotated/B22-155_0/03707_Aug2.png,1,0.18441446125507355
B22-155,/fhome/maed/HelicoDataSet/CrossValidation/Annotated/B22-155_0/04382_Aug2.png,1,0.1495840847492218
B22-155,/fhome/maed/HelicoDataSet/CrossValidation/Annotated/B22-155_0/04763_Aug1.png,1,0.18372894823551178
B22-155,/fhome/maed/HelicoDataSet/CrossValidation/Annotated/B22-155_0/01909_Aug8.png,1,0.1126503273844719
B22-155,/fhome/maed/HelicoDataSet/CrossValidation/Annotated/B22-155_0/01782_Aug2.png,1,0.16484308242797852
B22-155,/fhome/maed/HelicoDataSet/CrossValidation/Annotated/B22-155_0/02106_Aug6.png,1,0.1879579722881317
B22-155,/fhome/maed/HelicoDataSet/CrossValidation/Annotated/B22-155_0/00588_Aug7.png,1,0.20407462120056152
B22-155,/fhome/maed/HelicoDataSet/CrossValidation/Annotated/B22-155_0/00588_Aug4.png,1,0.21057716012001038
B22-155,/fhome/maed/HelicoDataSet/CrossValidation/Annotated/B22-155_0/00588_Aug2.png,1,0.20975558459758759
B22-155,/fhome/maed/HelicoDataSet/CrossValidation/Annotated/B22-155_0/01909_Aug1.png,1,0.1578548401594162
B22-155,/fhome/maed/HelicoDataSet/CrossValidation/Annotated/B22-155_0/02106_Aug7.png,1,0.19022007286548615
B22-155,/fhome/maed/HelicoDataSet/CrossValidation/Annotated/B22-155_0/00994_Aug4.png,1,0.16764017939567566
B22-155,/fhome/maed/HelicoDataSet/CrossValidation/Annotated/B22-155_0/00588.png,1,0.21056431531906128
B22-155,/fhome/maed/HelicoDataSet/CrossValidation/Annotated/B22-155_0/02338_Aug2.png,1,0.1496884822845459
B22-155,/fhome/maed/HelicoDataSet/CrossValidation/Annotated/B22-155_0/03998_Aug7.png,1,0.1621120423078537
B22-155,/fhome/maed/HelicoDataSet/CrossValidation/Annotated/B22-155_0/02185_Aug6.png,1,0.1711030900478363
B22-155,/fhome/maed/HelicoDataSet/CrossValidation/Annotated/B22-155_0/00317_Aug7.png,1,0.1485215276479721
B22-155,/fhome/maed/HelicoDataSet/CrossValidation/Annotated/B22-155_0/01909.png,1,0.1655586063861847
B22-155,/fhome/maed/HelicoDataSet/CrossValidation/Annotated/B22-155_0/03707_Aug4.png,1,0.18503649532794952
B22-155,/fhome/maed/HelicoDataSet/CrossValidation/Annotated/B22-155_0/04440_Aug2.png,1,0.15075752139091492
B22-155,/fhome/maed/HelicoDataSet/CrossValidation/Annotated/B22-155_0/02338_Aug6.png,1,0.15570387244224548
B22-155,/fhome/maed/HelicoDataSet/CrossValidation/Annotated/B22-155_0/01688_Aug7.png,1,0.16678880155086517
B22-155,/fhome/maed/HelicoDataSet/CrossValidation/Annotated/B22-155_0/00065_Aug1.png,1,0.14558455348014832
B22-155,/fhome/maed/HelicoDataSet/CrossValidation/Annotated/B22-155_0/02106.png,1,0.18628089129924774
B22-155,/fhome/maed/HelicoDataSet/CrossValidation/Annotated/B22-155_0/02989.png,1,0.1512187272310257
B22-155,/fhome/maed/HelicoDataSet/CrossValidation/Annotated/B22-155_0/04070_Aug8.png,1,0.22856034338474274
B22-155,/fhome/maed/HelicoDataSet/CrossValidation/Annotated/B22-155_0/03707_Aug1.png,1,0.18846948444843292
B22-155,/fhome/maed/HelicoDataSet/CrossValidation/Annotated/B22-155_0/02185.png,1,0.16807223856449127
B22-155,/fhome/maed/HelicoDataSet/CrossValidation/Annotated/B22-155_0/02185_Aug7.png,1,0.16615435481071472
B22-155,/fhome/maed/HelicoDataSet/CrossValidation/Annotated/B22-155_0/02987_Aug5.png,1,0.15237516164779663
B22-155,/fhome/maed/HelicoDataSet/CrossValidation/Annotated/B22-155_0/02338_Aug4.png,1,0.15217867493629456
B22-155,/fhome/maed/HelicoDataSet/CrossValidation/Annotated/B22-155_0/02106_Aug1.png,1,0.1947876214981079
B22-155,/fhome/maed/HelicoDataSet/CrossValidation/Annotated/B22-155_0/02185_Aug8.png,1,0.1726493239402771
B22-155,/fhome/maed/HelicoDataSet/CrossValidation/Annotated/B22-155_0/02989_Aug6.png,1,0.15265238285064697
B22-155,/fhome/maed/HelicoDataSet/CrossValidation/Annotated/B22-155_0/04440_Aug7.png,1,0.14841172099113464
B22-155,/fhome/maed/HelicoDataSet/CrossValidation/Annotated/B22-155_0/04763_Aug4.png,1,0.18311896920204163
B22-155,/fhome/maed/HelicoDataSet/CrossValidation/Annotated/B22-155_0/02338_Aug3.png,1,0.15999823808670044
B22-155,/fhome/maed/HelicoDataSet/CrossValidation/Annotated/B22-155_0/02125_Aug1.png,1,0.19885818660259247
B22-155,/fhome/maed/HelicoDataSet/CrossValidation/Annotated/B22-155_0/00588_Aug8.png,1,0.21514473855495453
B22-155,/fhome/maed/HelicoDataSet/CrossValidation/Annotated/B22-155_0/04070_Aug6.png,1,0.23449884355068207
B22-155,/fhome/maed/HelicoDataSet/CrossValidation/Annotated/B22-155_0/00317_Aug1.png,1,0.14068548381328583
B22-155,/fhome/maed/HelicoDataSet/CrossValidation/Annotated/B22-155_0/03998_Aug8.png,1,0.06992601603269577
B22-155,/fhome/maed/HelicoDataSet/CrossValidation/Annotated/B22-155_0/04763_Aug2.png,1,0.18406200408935547
B22-155,/fhome/maed/HelicoDataSet/CrossValidation/Annotated/B22-155_0/00065_Aug3.png,1,0.06553732603788376
B22-155,/fhome/maed/HelicoDataSet/CrossValidation/Annotated/B22-155_0/01688_Aug6.png,1,0.06928527355194092
B22-155,/fhome/maed/HelicoDataSet/CrossValidation/Annotated/B22-155_0/02989_Aug5.png,1,0.14613455533981323
B22-155,/fhome/maed/HelicoDataSet/CrossValidation/Annotated/B22-155_0/04763_Aug7.png,1,0.24976196885108948
B22-155,/fhome/maed/HelicoDataSet/CrossValidation/Annotated/B22-155_0/03998_Aug6.png,1,0.10804428160190582
B22-155,/fhome/maed/HelicoDataSet/CrossValidation/Annotated/B22-155_0/00317_Aug4.png,1,0.16379916667938232
B22-155,/fhome/maed/HelicoDataSet/CrossValidation/Annotated/B22-155_0/04070_Aug2.png,1,0.22364959120750427
B22-155,/fhome/maed/HelicoDataSet/CrossValidation/Annotated/B22-155_0/02989_Aug3.png,1,0.16792713105678558
B22-155,/fhome/maed/HelicoDataSet/CrossValidation/Annotated/B22-155_0/01782_Aug3.png,1,0.1724492758512497
B22-155,/fhome/maed/HelicoDataSet/CrossValidation/Annotated/B22-155_0/01909_Aug7.png,1,0.14709129929542542
B22-155,/fhome/maed/HelicoDataSet/CrossValidation/Annotated/B22-155_0/02987_Aug6.png,1,0.13131430745124817
B22-155,/fhome/maed/HelicoDataSet/CrossValidation/Annotated/B22-155_0/02338_Aug1.png,1,0.16196927428245544
B22-155,/fhome/maed/HelicoDataSet/CrossValidation/Annotated/B22-155_0/01424.png,0,0.022055741399526596
B22-155,/fhome/maed/HelicoDataSet/CrossValidation/Annotated/B22-155_0/02987_Aug1.png,1,0.1093730479478836
B22-155,/fhome/maed/HelicoDataSet/CrossValidation/Annotated/B22-155_0/00137.png,1,0.24451740086078644
B22-155,/fhome/maed/HelicoDataSet/CrossValidation/Annotated/B22-155_0/04440_Aug6.png,1,0.16420504450798035
B22-155,/fhome/maed/HelicoDataSet/CrossValidation/Annotated/B22-155_0/04763_Aug6.png,1,0.18328747153282166
B22-155,/fhome/maed/HelicoDataSet/CrossValidation/Annotated/B22-155_0/00137_Aug3.png,1,0.23806697130203247
B22-155,/fhome/maed/HelicoDataSet/CrossValidation/Annotated/B22-155_0/02125_Aug2.png,1,0.2018050253391266
B22-155,/fhome/maed/HelicoDataSet/CrossValidation/Annotated/B22-155_0/01760_Aug5.png,1,0.15773800015449524
B22-155,/fhome/maed/HelicoDataSet/CrossValidation/Annotated/B22-155_0/02125_Aug7.png,1,0.19329507648944855
B22-155,/fhome/maed/HelicoDataSet/CrossValidation/Annotated/B22-155_0/02185_Aug3.png,1,0.17207777500152588
B22-155,/fhome/maed/HelicoDataSet/CrossValidation/Annotated/B22-155_0/01782_Aug5.png,1,0.16651615500450134
B22-155,/fhome/maed/HelicoDataSet/CrossValidation/Annotated/B22-155_0/00317.png,1,0.14929068088531494
B22-155,/fhome/maed/HelicoDataSet/CrossValidation/Annotated/B22-155_0/04382_Aug6.png,1,0.15467198193073273
B22-155,/fhome/maed/HelicoDataSet/CrossValidation/Annotated/B22-155_0/02338.png,1,0.15274961292743683
B22-155,/fhome/maed/HelicoDataSet/CrossValidation/Annotated/B22-155_0/02338_Aug5.png,1,0.16568231582641602
B22-155,/fhome/maed/HelicoDataSet/CrossValidation/Annotated/B22-155_0/04763_Aug5.png,1,0.18272283673286438
B22-155,/fhome/maed/HelicoDataSet/CrossValidation/Annotated/B22-155_0/01909_Aug2.png,1,0.15011736750602722
B22-155,/fhome/maed/HelicoDataSet/CrossValidation/Annotated/B22-155_0/04440.png,1,0.15153907239437103
B22-155,/fhome/maed/HelicoDataSet/CrossValidation/Annotated/B22-155_0/01782_Aug1.png,1,0.17260006070137024
B22-155,/fhome/maed/HelicoDataSet/CrossValidation/Annotated/B22-155_0/02445.png,0,0.04911118745803833
B22-155,/fhome/maed/HelicoDataSet/CrossValidation/Annotated/B22-155_0/02125_Aug8.png,1,0.2023390382528305
B22-155,/fhome/maed/HelicoDataSet/CrossValidation/Annotated/B22-155_0/00994_Aug6.png,1,0.17384596168994904
B22-155,/fhome/maed/HelicoDataSet/CrossValidation/Annotated/B22-155_0/00994_Aug2.png,1,0.17317385971546173
B22-155,/fhome/maed/HelicoDataSet/CrossValidation/Annotated/B22-155_0/04382_Aug1.png,1,0.16498447954654694
B22-155,/fhome/maed/HelicoDataSet/CrossValidation/Annotated/B22-155_0/00137_Aug1.png,1,0.24674348533153534
B22-155,/fhome/maed/HelicoDataSet/CrossValidation/Annotated/B22-155_0/04763_Aug8.png,1,0.1832278072834015
B22-155,/fhome/maed/HelicoDataSet/CrossValidation/Annotated/B22-155_0/02185_Aug5.png,1,0.1715470850467682
B22-155,/fhome/maed/HelicoDataSet/CrossValidation/Annotated/B22-155_0/00065_Aug5.png,1,0.06406277418136597
B22-155,/fhome/maed/HelicoDataSet/CrossValidation/Annotated/B22-155_0/01782_Aug7.png,1,0.16561709344387054
B22-155,/fhome/maed/HelicoDataSet/CrossValidation/Annotated/B22-155_0/01782_Aug6.png,1,0.17421795427799225
B22-155,/fhome/maed/HelicoDataSet/CrossValidation/Annotated/B22-155_0/01760_Aug7.png,1,0.16507743299007416
B22-155,/fhome/maed/HelicoDataSet/CrossValidation/Annotated/B22-155_0/03998_Aug3.png,1,0.13580822944641113
B22-155,/fhome/maed/HelicoDataSet/CrossValidation/Annotated/B22-155_0/02125_Aug3.png,1,0.19084982573986053
B22-305,/fhome/maed/HelicoDataSet/CrossValidation/Annotated/B22-305_0/00367.png,0,0.05516162887215614
B22-305,/fhome/maed/HelicoDataSet/CrossValidation/Annotated/B22-305_0/00365.png,0,0.07246101647615433
B22-305,/fhome/maed/HelicoDataSet/CrossValidation/Annotated/B22-305_0/00561.png,0,0.0609852634370327
B22-305,/fhome/maed/HelicoDataSet/CrossValidation/Annotated/B22-305_0/00252.png,0,0.010880328714847565
B22-68,/fhome/maed/HelicoDataSet/CrossValidation/Annotated/B22-68_0/00131.png,0,0.0226585790514946
B22-68,/fhome/maed/HelicoDataSet/CrossValidation/Annotated/B22-68_0/00141.png,0,0.0844731256365776
B22-68,/fhome/maed/HelicoDataSet/CrossValidation/Annotated/B22-68_0/00298.png,0,0.004577610641717911
B22-68,/fhome/maed/HelicoDataSet/CrossValidation/Annotated/B22-68_0/00315.png,0,0.010358749888837337
B22-68,/fhome/maed/HelicoDataSet/CrossValidation/Annotated/B22-68_0/00352.png,0,0.011928052641451359
B22-68,/fhome/maed/HelicoDataSet/CrossValidation/Annotated/B22-68_0/00290.png,0,0.0610932931303978
B22-197,/fhome/maed/HelicoDataSet/CrossValidation/Annotated/B22-197_0/00006.png,0,0.020742565393447876
B22-61,/fhome/maed/HelicoDataSet/CrossValidation/Annotated/B22-61_0/01100.png,0,0.006256530061364174
B22-297,/fhome/maed/HelicoDataSet/CrossValidation/Annotated/B22-297_0/00124.png,1,0.17007747292518616
B22-297,/fhome/maed/HelicoDataSet/CrossValidation/Annotated/B22-297_0/00124_Aug7.png,1,0.15528008341789246
B22-297,/fhome/maed/HelicoDataSet/CrossValidation/Annotated/B22-297_0/00124_Aug6.png,1,0.17486950755119324
B22-297,/fhome/maed/HelicoDataSet/CrossValidation/Annotated/B22-297_0/00124_Aug8.png,1,0.17430946230888367
B22-297,/fhome/maed/HelicoDataSet/CrossValidation/Annotated/B22-297_0/00124_Aug4.png,1,0.166959747672081
B22-297,/fhome/maed/HelicoDataSet/CrossValidation/Annotated/B22-297_0/00124_Aug2.png,1,0.17136351764202118
B22-297,/fhome/maed/HelicoDataSet/CrossValidation/Annotated/B22-297_0/00124_Aug3.png,1,0.16573041677474976
B22-297,/fhome/maed/HelicoDataSet/CrossValidation/Annotated/B22-297_0/00124_Aug5.png,1,0.16335101425647736
B22-297,/fhome/maed/HelicoDataSet/CrossValidation/Annotated/B22-297_0/00124_Aug1.png,1,0.16785775125026703
B22-304,/fhome/maed/HelicoDataSet/CrossValidation/Annotated/B22-304_0/01044_Aug3.png,1,0.2310783863067627
B22-304,/fhome/maed/HelicoDataSet/CrossValidation/Annotated/B22-304_0/00318_Aug2.png,1,0.1832737922668457
B22-304,/fhome/maed/HelicoDataSet/CrossValidation/Annotated/B22-304_0/01658_Aug4.png,1,0.17357197403907776
B22-304,/fhome/maed/HelicoDataSet/CrossValidation/Annotated/B22-304_0/00973.png,1,0.1748369336128235
B22-304,/fhome/maed/HelicoDataSet/CrossValidation/Annotated/B22-304_0/01757_Aug8.png,1,0.17206427454948425
B22-304,/fhome/maed/HelicoDataSet/CrossValidation/Annotated/B22-304_0/00381_Aug6.png,1,0.15212874114513397
B22-304,/fhome/maed/HelicoDataSet/CrossValidation/Annotated/B22-304_0/00318_Aug1.png,1,0.1832737773656845
B22-304,/fhome/maed/HelicoDataSet/CrossValidation/Annotated/B22-304_0/00973_Aug6.png,1,0.17244163155555725
B22-304,/fhome/maed/HelicoDataSet/CrossValidation/Annotated/B22-304_0/00314_Aug8.png,1,0.17739324271678925
B22-304,/fhome/maed/HelicoDataSet/CrossValidation/Annotated/B22-304_0/01044_Aug5.png,1,20.968713760375977
B22-304,/fhome/maed/HelicoDataSet/CrossValidation/Annotated/B22-304_0/01757_Aug7.png,1,0.16983646154403687
B22-304,/fhome/maed/HelicoDataSet/CrossValidation/Annotated/B22-304_0/00783_Aug4.png,1,0.18466587364673615
B22-304,/fhome/maed/HelicoDataSet/CrossValidation/Annotated/B22-304_0/01658_Aug1.png,1,0.17370961606502533
B22-304,/fhome/maed/HelicoDataSet/CrossValidation/Annotated/B22-304_0/00783_Aug5.png,1,0.18944156169891357
B22-304,/fhome/maed/HelicoDataSet/CrossValidation/Annotated/B22-304_0/01100_Aug5.png,1,0.16923615336418152
B22-304,/fhome/maed/HelicoDataSet/CrossValidation/Annotated/B22-304_0/00314_Aug7.png,1,0.16346687078475952
B22-304,/fhome/maed/HelicoDataSet/CrossValidation/Annotated/B22-304_0/00381_Aug2.png,1,0.13110339641571045
B22-304,/fhome/maed/HelicoDataSet/CrossValidation/Annotated/B22-304_0/00783_Aug3.png,1,0.21078573167324066
B22-304,/fhome/maed/HelicoDataSet/CrossValidation/Annotated/B22-304_0/00783_Aug7.png,1,0.18509894609451294
B22-304,/fhome/maed/HelicoDataSet/CrossValidation/Annotated/B22-304_0/01100_Aug2.png,1,0.16939686238765717
B22-304,/fhome/maed/HelicoDataSet/CrossValidation/Annotated/B22-304_0/01044_Aug7.png,1,0.2536105811595917
B22-304,/fhome/maed/HelicoDataSet/CrossValidation/Annotated/B22-304_0/01658_Aug2.png,1,0.17577390372753143
B22-304,/fhome/maed/HelicoDataSet/CrossValidation/Annotated/B22-304_0/00314_Aug1.png,1,0.16876322031021118
B22-304,/fhome/maed/HelicoDataSet/CrossValidation/Annotated/B22-304_0/01658_Aug5.png,1,0.1761890947818756
B22-304,/fhome/maed/HelicoDataSet/CrossValidation/Annotated/B22-304_0/00973_Aug1.png,1,241.155029296875
B22-304,/fhome/maed/HelicoDataSet/CrossValidation/Annotated/B22-304_0/00381_Aug7.png,1,0.22663317620754242
B22-304,/fhome/maed/HelicoDataSet/CrossValidation/Annotated/B22-304_0/01342.png,0,0.007837606593966484
B22-304,/fhome/maed/HelicoDataSet/CrossValidation/Annotated/B22-304_0/00314_Aug6.png,1,0.17837239801883698
B22-304,/fhome/maed/HelicoDataSet/CrossValidation/Annotated/B22-304_0/01757_Aug5.png,1,0.1657058447599411
B22-304,/fhome/maed/HelicoDataSet/CrossValidation/Annotated/B22-304_0/00783.png,1,0.18649430572986603
B22-304,/fhome/maed/HelicoDataSet/CrossValidation/Annotated/B22-304_0/00318_Aug4.png,1,0.16935372352600098
B22-304,/fhome/maed/HelicoDataSet/CrossValidation/Annotated/B22-304_0/01100.png,1,0.18331822752952576
B22-304,/fhome/maed/HelicoDataSet/CrossValidation/Annotated/B22-304_0/00783_Aug6.png,1,0.18368321657180786
B22-304,/fhome/maed/HelicoDataSet/CrossValidation/Annotated/B22-304_0/01658_Aug7.png,1,0.16905875504016876
B22-304,/fhome/maed/HelicoDataSet/CrossValidation/Annotated/B22-304_0/00381_Aug1.png,1,0.16789954900741577
B22-304,/fhome/maed/HelicoDataSet/CrossValidation/Annotated/B22-304_0/00973_Aug2.png,1,0.18699005246162415
B22-304,/fhome/maed/HelicoDataSet/CrossValidation/Annotated/B22-304_0/01658_Aug6.png,1,0.17271862924098969
B22-304,/fhome/maed/HelicoDataSet/CrossValidation/Annotated/B22-304_0/00799.png,0,0.12234462797641754
B22-304,/fhome/maed/HelicoDataSet/CrossValidation/Annotated/B22-304_0/00318_Aug8.png,1,0.16509953141212463
B22-304,/fhome/maed/HelicoDataSet/CrossValidation/Annotated/B22-304_0/01100_Aug1.png,1,0.16616801917552948
B22-304,/fhome/maed/HelicoDataSet/CrossValidation/Annotated/B22-304_0/01757_Aug6.png,1,0.1694738268852234
B22-304,/fhome/maed/HelicoDataSet/CrossValidation/Annotated/B22-304_0/01757_Aug2.png,1,0.1647867113351822
B22-304,/fhome/maed/HelicoDataSet/CrossValidation/Annotated/B22-304_0/01658_Aug8.png,1,0.1690477728843689
B22-304,/fhome/maed/HelicoDataSet/CrossValidation/Annotated/B22-304_0/01100_Aug8.png,1,0.18346448242664337
B22-304,/fhome/maed/HelicoDataSet/CrossValidation/Annotated/B22-304_0/00314_Aug5.png,1,0.17032240331172943
B22-304,/fhome/maed/HelicoDataSet/CrossValidation/Annotated/B22-304_0/00783_Aug1.png,1,0.19066721200942993
B22-304,/fhome/maed/HelicoDataSet/CrossValidation/Annotated/B22-304_0/00314.png,1,0.18866941332817078
B22-304,/fhome/maed/HelicoDataSet/CrossValidation/Annotated/B22-304_0/01044_Aug1.png,1,0.912708044052124
B22-304,/fhome/maed/HelicoDataSet/CrossValidation/Annotated/B22-304_0/01100_Aug3.png,1,0.16979429125785828
B22-304,/fhome/maed/HelicoDataSet/CrossValidation/Annotated/B22-304_0/00318_Aug7.png,1,0.16509950160980225
B22-304,/fhome/maed/HelicoDataSet/CrossValidation/Annotated/B22-304_0/01100_Aug7.png,1,0.16211126744747162
B22-304,/fhome/maed/HelicoDataSet/CrossValidation/Annotated/B22-304_0/01757.png,1,0.1484760195016861
B22-304,/fhome/maed/HelicoDataSet/CrossValidation/Annotated/B22-304_0/01044_Aug4.png,1,0.275549054145813
B22-304,/fhome/maed/HelicoDataSet/CrossValidation/Annotated/B22-304_0/00973_Aug5.png,1,0.18359032273292542
B22-304,/fhome/maed/HelicoDataSet/CrossValidation/Annotated/B22-304_0/01044.png,1,0.3443519175052643
B22-304,/fhome/maed/HelicoDataSet/CrossValidation/Annotated/B22-304_0/01757_Aug1.png,1,0.17027057707309723
B22-304,/fhome/maed/HelicoDataSet/CrossValidation/Annotated/B22-304_0/00973_Aug8.png,1,0.1662130355834961
B22-304,/fhome/maed/HelicoDataSet/CrossValidation/Annotated/B22-304_0/00318_Aug6.png,1,0.17148905992507935
B22-304,/fhome/maed/HelicoDataSet/CrossValidation/Annotated/B22-304_0/00381_Aug4.png,1,0.15460681915283203
B22-304,/fhome/maed/HelicoDataSet/CrossValidation/Annotated/B22-304_0/00318_Aug3.png,1,0.1693536639213562
B22-304,/fhome/maed/HelicoDataSet/CrossValidation/Annotated/B22-304_0/00314_Aug3.png,1,0.16869723796844482
B22-304,/fhome/maed/HelicoDataSet/CrossValidation/Annotated/B22-304_0/00783_Aug2.png,1,0.1956469714641571
B22-304,/fhome/maed/HelicoDataSet/CrossValidation/Annotated/B22-304_0/01757_Aug3.png,1,0.16366206109523773
B22-304,/fhome/maed/HelicoDataSet/CrossValidation/Annotated/B22-304_0/00381_Aug3.png,1,0.2705245018005371
B22-304,/fhome/maed/HelicoDataSet/CrossValidation/Annotated/B22-304_0/00314_Aug2.png,1,0.18034808337688446
B22-304,/fhome/maed/HelicoDataSet/CrossValidation/Annotated/B22-304_0/00973_Aug4.png,1,0.17042896151542664
B22-304,/fhome/maed/HelicoDataSet/CrossValidation/Annotated/B22-304_0/01044_Aug6.png,1,0.25770360231399536
B22-304,/fhome/maed/HelicoDataSet/CrossValidation/Annotated/B22-304_0/01044_Aug8.png,1,0.3348087668418884
B22-304,/fhome/maed/HelicoDataSet/CrossValidation/Annotated/B22-304_0/00973_Aug3.png,1,0.17886234819889069
B22-304,/fhome/maed/HelicoDataSet/CrossValidation/Annotated/B22-304_0/01658.png,1,0.17751158773899078
B22-304,/fhome/maed/HelicoDataSet/CrossValidation/Annotated/B22-304_0/01100_Aug4.png,1,0.17977195978164673
B22-304,/fhome/maed/HelicoDataSet/CrossValidation/Annotated/B22-304_0/01658_Aug3.png,1,0.16469763219356537
B22-304,/fhome/maed/HelicoDataSet/CrossValidation/Annotated/B22-304_0/00283.png,0,0.08185829967260361
B22-304,/fhome/maed/HelicoDataSet/CrossValidation/Annotated/B22-304_0/00314_Aug4.png,1,0.17923955619335175
B22-304,/fhome/maed/HelicoDataSet/CrossValidation/Annotated/B22-304_0/00318_Aug5.png,1,0.1714891642332077
B22-304,/fhome/maed/HelicoDataSet/CrossValidation/Annotated/B22-304_0/00973_Aug7.png,1,0.1712508201599121
B22-304,/fhome/maed/HelicoDataSet/CrossValidation/Annotated/B22-304_0/00318.png,1,0.17446579039096832
B22-304,/fhome/maed/HelicoDataSet/CrossValidation/Annotated/B22-304_0/00381.png,1,0.16083312034606934
B22-304,/fhome/maed/HelicoDataSet/CrossValidation/Annotated/B22-304_0/01044_Aug2.png,1,0.2604183554649353
B22-304,/fhome/maed/HelicoDataSet/CrossValidation/Annotated/B22-304_0/00381_Aug8.png,1,0.16894066333770752
B22-304,/fhome/maed/HelicoDataSet/CrossValidation/Annotated/B22-304_0/01100_Aug6.png,1,0.17768676578998566
B22-304,/fhome/maed/HelicoDataSet/CrossValidation/Annotated/B22-304_0/01757_Aug4.png,1,0.16802823543548584
B22-304,/fhome/maed/HelicoDataSet/CrossValidation/Annotated/B22-304_0/00783_Aug8.png,1,0.1943684220314026
B22-304,/fhome/maed/HelicoDataSet/CrossValidation/Annotated/B22-304_0/00716.png,0,0.037386536598205566
B22-304,/fhome/maed/HelicoDataSet/CrossValidation/Annotated/B22-304_0/00381_Aug5.png,1,0.1700659841299057
B22-164,/fhome/maed/HelicoDataSet/CrossValidation/Annotated/B22-164_0/00290.png,0,0.036459654569625854
B22-189,/fhome/maed/HelicoDataSet/CrossValidation/Annotated/B22-189_1/00355.png,0,0.1370287388563156
B22-189,/fhome/maed/HelicoDataSet/CrossValidation/Annotated/B22-189_1/00358.png,0,0.032582879066467285
B22-189,/fhome/maed/HelicoDataSet/CrossValidation/Annotated/B22-189_1/00093.png,0,0.005454387981444597
B22-189,/fhome/maed/HelicoDataSet/CrossValidation/Annotated/B22-189_1/00472.png,0,0.08723260462284088
B22-150,/fhome/maed/HelicoDataSet/CrossValidation/Annotated/B22-150_0/00363.png,0,0.004757763352245092
B22-150,/fhome/maed/HelicoDataSet/CrossValidation/Annotated/B22-150_0/00362.png,0,0.02032378688454628
B22-150,/fhome/maed/HelicoDataSet/CrossValidation/Annotated/B22-150_0/01315.png,0,0.005438437219709158
B22-150,/fhome/maed/HelicoDataSet/CrossValidation/Annotated/B22-150_0/00360.png,0,0.005731505341827869
B22-150,/fhome/maed/HelicoDataSet/CrossValidation/Annotated/B22-150_0/01864.png,0,0.004894735757261515
B22-150,/fhome/maed/HelicoDataSet/CrossValidation/Annotated/B22-150_0/00889.png,0,0.007009237073361874
B22-150,/fhome/maed/HelicoDataSet/CrossValidation/Annotated/B22-150_0/01314.png,0,0.006060571409761906
B22-279,/fhome/maed/HelicoDataSet/CrossValidation/Annotated/B22-279_0/01200.png,0,0.011669310741126537
B22-279,/fhome/maed/HelicoDataSet/CrossValidation/Annotated/B22-279_0/00762.png,0,0.025522103533148766
B22-279,/fhome/maed/HelicoDataSet/CrossValidation/Annotated/B22-279_0/00876.png,0,0.07440314441919327
B22-254,/fhome/maed/HelicoDataSet/CrossValidation/Annotated/B22-254_0/03773.png,0,0.06129738315939903
B22-254,/fhome/maed/HelicoDataSet/CrossValidation/Annotated/B22-254_0/00007.png,0,0.029141301289200783
B22-254,/fhome/maed/HelicoDataSet/CrossValidation/Annotated/B22-254_0/00011.png,0,0.05503557249903679
B22-116,/fhome/maed/HelicoDataSet/CrossValidation/Annotated/B22-116_0/00256_Aug1.png,1,0.10488002747297287
B22-116,/fhome/maed/HelicoDataSet/CrossValidation/Annotated/B22-116_0/00256_Aug4.png,1,0.13641132414340973
B22-116,/fhome/maed/HelicoDataSet/CrossValidation/Annotated/B22-116_0/00252_Aug5.png,1,0.15372943878173828
B22-116,/fhome/maed/HelicoDataSet/CrossValidation/Annotated/B22-116_0/00256_Aug7.png,1,0.13579507172107697
B22-116,/fhome/maed/HelicoDataSet/CrossValidation/Annotated/B22-116_0/00256_Aug5.png,1,0.15648281574249268
B22-116,/fhome/maed/HelicoDataSet/CrossValidation/Annotated/B22-116_0/00256_Aug8.png,1,0.15467999875545502
B22-116,/fhome/maed/HelicoDataSet/CrossValidation/Annotated/B22-116_0/00493.png,0,0.008898713625967503
B22-116,/fhome/maed/HelicoDataSet/CrossValidation/Annotated/B22-116_0/00437_Aug6.png,1,0.1688653528690338
B22-116,/fhome/maed/HelicoDataSet/CrossValidation/Annotated/B22-116_0/00252_Aug8.png,1,0.142920583486557
B22-116,/fhome/maed/HelicoDataSet/CrossValidation/Annotated/B22-116_0/00256.png,1,0.16537106037139893
B22-116,/fhome/maed/HelicoDataSet/CrossValidation/Annotated/B22-116_0/00256_Aug2.png,1,0.14371256530284882
B22-116,/fhome/maed/HelicoDataSet/CrossValidation/Annotated/B22-116_0/00252_Aug7.png,1,0.15579192340373993
B22-116,/fhome/maed/HelicoDataSet/CrossValidation/Annotated/B22-116_0/00256_Aug3.png,1,0.12973573803901672
B22-116,/fhome/maed/HelicoDataSet/CrossValidation/Annotated/B22-116_0/00252_Aug3.png,1,0.14925922453403473
B22-116,/fhome/maed/HelicoDataSet/CrossValidation/Annotated/B22-116_0/00437_Aug8.png,1,0.17160913348197937
B22-116,/fhome/maed/HelicoDataSet/CrossValidation/Annotated/B22-116_0/00217.png,0,0.005443669389933348
B22-116,/fhome/maed/HelicoDataSet/CrossValidation/Annotated/B22-116_0/00437_Aug4.png,1,0.16084402799606323
B22-116,/fhome/maed/HelicoDataSet/CrossValidation/Annotated/B22-116_0/00252_Aug1.png,1,0.16161340475082397
B22-116,/fhome/maed/HelicoDataSet/CrossValidation/Annotated/B22-116_0/00437_Aug2.png,1,0.1639137715101242
B22-116,/fhome/maed/HelicoDataSet/CrossValidation/Annotated/B22-116_0/00252_Aug2.png,1,0.14451968669891357
B22-116,/fhome/maed/HelicoDataSet/CrossValidation/Annotated/B22-116_0/00252_Aug4.png,1,0.14224697649478912
B22-116,/fhome/maed/HelicoDataSet/CrossValidation/Annotated/B22-116_0/00437_Aug1.png,1,0.11758317798376083
B22-116,/fhome/maed/HelicoDataSet/CrossValidation/Annotated/B22-116_0/00256_Aug6.png,1,0.13918787240982056
B22-116,/fhome/maed/HelicoDataSet/CrossValidation/Annotated/B22-116_0/00252.png,1,0.1386006772518158
B22-116,/fhome/maed/HelicoDataSet/CrossValidation/Annotated/B22-116_0/00437.png,1,0.16376976668834686
B22-116,/fhome/maed/HelicoDataSet/CrossValidation/Annotated/B22-116_0/00252_Aug6.png,1,0.13345856964588165
B22-168,/fhome/maed/HelicoDataSet/CrossValidation/Annotated/B22-168_1/00407.png,0,0.004416721872985363
B22-168,/fhome/maed/HelicoDataSet/CrossValidation/Annotated/B22-168_1/00389.png,0,0.004562268033623695
B22-168,/fhome/maed/HelicoDataSet/CrossValidation/Annotated/B22-168_1/00343.png,0,0.006720520090311766
B22-168,/fhome/maed/HelicoDataSet/CrossValidation/Annotated/B22-168_1/00156.png,0,0.03780008852481842
B22-168,/fhome/maed/HelicoDataSet/CrossValidation/Annotated/B22-168_1/00379.png,0,0.007291983813047409
B22-168,/fhome/maed/HelicoDataSet/CrossValidation/Annotated/B22-168_1/00828.png,0,0.005972934886813164
B22-163,/fhome/maed/HelicoDataSet/CrossValidation/Annotated/B22-163_0/00387_Aug4.png,1,0.16896040737628937
B22-163,/fhome/maed/HelicoDataSet/CrossValidation/Annotated/B22-163_0/00657_Aug8.png,1,0.21145831048488617
B22-163,/fhome/maed/HelicoDataSet/CrossValidation/Annotated/B22-163_0/00413.png,0,0.01452817302197218
B22-163,/fhome/maed/HelicoDataSet/CrossValidation/Annotated/B22-163_0/00444_Aug8.png,1,0.1932370960712433
B22-163,/fhome/maed/HelicoDataSet/CrossValidation/Annotated/B22-163_0/00357.png,0,0.006115301977843046
B22-163,/fhome/maed/HelicoDataSet/CrossValidation/Annotated/B22-163_0/00298_Aug3.png,1,0.19107480347156525
B22-163,/fhome/maed/HelicoDataSet/CrossValidation/Annotated/B22-163_0/00491_Aug3.png,1,0.25811833143234253
B22-163,/fhome/maed/HelicoDataSet/CrossValidation/Annotated/B22-163_0/00387_Aug1.png,1,0.17511411011219025
B22-163,/fhome/maed/HelicoDataSet/CrossValidation/Annotated/B22-163_0/00298_Aug6.png,1,0.17444778978824615
B22-163,/fhome/maed/HelicoDataSet/CrossValidation/Annotated/B22-163_0/00657.png,1,0.16898959875106812
B22-163,/fhome/maed/HelicoDataSet/CrossValidation/Annotated/B22-163_0/00298_Aug4.png,1,0.17444539070129395
B22-163,/fhome/maed/HelicoDataSet/CrossValidation/Annotated/B22-163_0/00298.png,1,0.1708037555217743
B22-163,/fhome/maed/HelicoDataSet/CrossValidation/Annotated/B22-163_0/00643_Aug5.png,1,0.16966161131858826
B22-163,/fhome/maed/HelicoDataSet/CrossValidation/Annotated/B22-163_0/00657_Aug7.png,1,0.21151632070541382
B22-163,/fhome/maed/HelicoDataSet/CrossValidation/Annotated/B22-163_0/00452_Aug6.png,1,0.2039591372013092
B22-163,/fhome/maed/HelicoDataSet/CrossValidation/Annotated/B22-163_0/00657_Aug3.png,1,0.17728359997272491
B22-163,/fhome/maed/HelicoDataSet/CrossValidation/Annotated/B22-163_0/00387_Aug6.png,1,0.1723937839269638
B22-163,/fhome/maed/HelicoDataSet/CrossValidation/Annotated/B22-163_0/00452_Aug4.png,1,5.193864345550537
B22-163,/fhome/maed/HelicoDataSet/CrossValidation/Annotated/B22-163_0/00387.png,1,0.17367224395275116
B22-163,/fhome/maed/HelicoDataSet/CrossValidation/Annotated/B22-163_0/00452_Aug5.png,1,0.938618540763855
B22-163,/fhome/maed/HelicoDataSet/CrossValidation/Annotated/B22-163_0/00452_Aug2.png,1,0.25752031803131104
B22-163,/fhome/maed/HelicoDataSet/CrossValidation/Annotated/B22-163_0/00387_Aug2.png,1,0.17221103608608246
B22-163,/fhome/maed/HelicoDataSet/CrossValidation/Annotated/B22-163_0/00491_Aug2.png,1,0.24320119619369507
B22-163,/fhome/maed/HelicoDataSet/CrossValidation/Annotated/B22-163_0/00444_Aug4.png,1,0.18577583134174347
B22-163,/fhome/maed/HelicoDataSet/CrossValidation/Annotated/B22-163_0/00491_Aug4.png,1,0.1957550346851349
B22-163,/fhome/maed/HelicoDataSet/CrossValidation/Annotated/B22-163_0/00643_Aug6.png,1,0.18230308592319489
B22-163,/fhome/maed/HelicoDataSet/CrossValidation/Annotated/B22-163_0/00298_Aug1.png,1,0.16973578929901123
B22-163,/fhome/maed/HelicoDataSet/CrossValidation/Annotated/B22-163_0/00444_Aug1.png,1,0.250751256942749
B22-163,/fhome/maed/HelicoDataSet/CrossValidation/Annotated/B22-163_0/00452_Aug3.png,1,0.23525258898735046
B22-163,/fhome/maed/HelicoDataSet/CrossValidation/Annotated/B22-163_0/00491_Aug5.png,1,123.01216125488281
B22-163,/fhome/maed/HelicoDataSet/CrossValidation/Annotated/B22-163_0/00387_Aug7.png,1,0.21421711146831512
B22-163,/fhome/maed/HelicoDataSet/CrossValidation/Annotated/B22-163_0/00298_Aug2.png,1,0.1742604374885559
B22-163,/fhome/maed/HelicoDataSet/CrossValidation/Annotated/B22-163_0/00387_Aug3.png,1,0.183271124958992
B22-163,/fhome/maed/HelicoDataSet/CrossValidation/Annotated/B22-163_0/00643_Aug3.png,1,0.18664497137069702
B22-163,/fhome/maed/HelicoDataSet/CrossValidation/Annotated/B22-163_0/00444_Aug7.png,1,0.21092841029167175
B22-163,/fhome/maed/HelicoDataSet/CrossValidation/Annotated/B22-163_0/00444_Aug3.png,1,0.2458220273256302
B22-163,/fhome/maed/HelicoDataSet/CrossValidation/Annotated/B22-163_0/00196.png,0,0.028497301042079926
B22-163,/fhome/maed/HelicoDataSet/CrossValidation/Annotated/B22-163_0/00452_Aug7.png,1,0.5566474795341492
B22-163,/fhome/maed/HelicoDataSet/CrossValidation/Annotated/B22-163_0/00452_Aug1.png,1,0.23756544291973114
B22-163,/fhome/maed/HelicoDataSet/CrossValidation/Annotated/B22-163_0/00491_Aug6.png,1,0.20389457046985626
B22-163,/fhome/maed/HelicoDataSet/CrossValidation/Annotated/B22-163_0/00657_Aug1.png,1,0.18060123920440674
B22-163,/fhome/maed/HelicoDataSet/CrossValidation/Annotated/B22-163_0/00452_Aug8.png,1,0.22530174255371094
B22-163,/fhome/maed/HelicoDataSet/CrossValidation/Annotated/B22-163_0/00643_Aug2.png,1,0.1842181235551834
B22-163,/fhome/maed/HelicoDataSet/CrossValidation/Annotated/B22-163_0/00298_Aug8.png,1,0.17541521787643433
B22-163,/fhome/maed/HelicoDataSet/CrossValidation/Annotated/B22-163_0/00643_Aug4.png,1,0.18094731867313385
B22-163,/fhome/maed/HelicoDataSet/CrossValidation/Annotated/B22-163_0/00452.png,1,0.2390105426311493
B22-163,/fhome/maed/HelicoDataSet/CrossValidation/Annotated/B22-163_0/00444_Aug2.png,1,0.2781214714050293
B22-163,/fhome/maed/HelicoDataSet/CrossValidation/Annotated/B22-163_0/00657_Aug6.png,1,0.16771300137043
B22-163,/fhome/maed/HelicoDataSet/CrossValidation/Annotated/B22-163_0/00657_Aug2.png,1,0.17165586352348328
B22-163,/fhome/maed/HelicoDataSet/CrossValidation/Annotated/B22-163_0/00298_Aug5.png,1,0.17866814136505127
B22-163,/fhome/maed/HelicoDataSet/CrossValidation/Annotated/B22-163_0/00298_Aug7.png,1,0.17960143089294434
B22-163,/fhome/maed/HelicoDataSet/CrossValidation/Annotated/B22-163_0/00657_Aug5.png,1,0.1673828363418579
B22-163,/fhome/maed/HelicoDataSet/CrossValidation/Annotated/B22-163_0/00491_Aug7.png,1,0.20748792588710785
B22-163,/fhome/maed/HelicoDataSet/CrossValidation/Annotated/B22-163_0/00444.png,1,0.1885720193386078
B22-163,/fhome/maed/HelicoDataSet/CrossValidation/Annotated/B22-163_0/00643_Aug7.png,1,0.17271637916564941
B22-163,/fhome/maed/HelicoDataSet/CrossValidation/Annotated/B22-163_0/00387_Aug5.png,1,2.0109100341796875
B22-163,/fhome/maed/HelicoDataSet/CrossValidation/Annotated/B22-163_0/00444_Aug5.png,1,0.24841104447841644
B22-163,/fhome/maed/HelicoDataSet/CrossValidation/Annotated/B22-163_0/00390.png,0,0.10210788249969482
B22-163,/fhome/maed/HelicoDataSet/CrossValidation/Annotated/B22-163_0/00491_Aug8.png,1,1.6099661588668823
B22-163,/fhome/maed/HelicoDataSet/CrossValidation/Annotated/B22-163_0/00491_Aug1.png,1,0.2767179012298584
B22-163,/fhome/maed/HelicoDataSet/CrossValidation/Annotated/B22-163_0/00387_Aug8.png,1,0.17617455124855042
B22-163,/fhome/maed/HelicoDataSet/CrossValidation/Annotated/B22-163_0/00643_Aug8.png,1,0.19583351910114288
B22-163,/fhome/maed/HelicoDataSet/CrossValidation/Annotated/B22-163_0/00657_Aug4.png,1,0.17722301185131073
B22-163,/fhome/maed/HelicoDataSet/CrossValidation/Annotated/B22-163_0/00417.png,0,0.0722704753279686
B22-163,/fhome/maed/HelicoDataSet/CrossValidation/Annotated/B22-163_0/00643.png,1,0.1913546323776245
B22-163,/fhome/maed/HelicoDataSet/CrossValidation/Annotated/B22-163_0/00491.png,1,0.21346399188041687
B22-163,/fhome/maed/HelicoDataSet/CrossValidation/Annotated/B22-163_0/00643_Aug1.png,1,0.1793336719274521
B22-163,/fhome/maed/HelicoDataSet/CrossValidation/Annotated/B22-163_0/00444_Aug6.png,1,0.19053052365779877
B22-241,/fhome/maed/HelicoDataSet/CrossValidation/Annotated/B22-241_0/01290.png,0,0.08758577704429626
B22-241,/fhome/maed/HelicoDataSet/CrossValidation/Annotated/B22-241_0/00498.png,0,0.09255731850862503
B22-241,/fhome/maed/HelicoDataSet/CrossValidation/Annotated/B22-241_0/00536_Aug1.png,1,0.1776943802833557
B22-241,/fhome/maed/HelicoDataSet/CrossValidation/Annotated/B22-241_0/00536_Aug4.png,1,0.16940838098526
B22-241,/fhome/maed/HelicoDataSet/CrossValidation/Annotated/B22-241_0/00239.png,0,0.09017857909202576
B22-241,/fhome/maed/HelicoDataSet/CrossValidation/Annotated/B22-241_0/00536_Aug2.png,1,0.1768529862165451
B22-241,/fhome/maed/HelicoDataSet/CrossValidation/Annotated/B22-241_0/00989.png,0,0.020835306495428085
B22-241,/fhome/maed/HelicoDataSet/CrossValidation/Annotated/B22-241_0/01342.png,0,0.08175191283226013
B22-241,/fhome/maed/HelicoDataSet/CrossValidation/Annotated/B22-241_0/00536_Aug6.png,1,0.17585214972496033
B22-241,/fhome/maed/HelicoDataSet/CrossValidation/Annotated/B22-241_0/00536_Aug3.png,1,0.17265428602695465
B22-241,/fhome/maed/HelicoDataSet/CrossValidation/Annotated/B22-241_0/01567.png,0,0.04913312941789627
B22-241,/fhome/maed/HelicoDataSet/CrossValidation/Annotated/B22-241_0/01564.png,0,0.08050362765789032
B22-241,/fhome/maed/HelicoDataSet/CrossValidation/Annotated/B22-241_0/00536_Aug7.png,1,0.17225578427314758
B22-241,/fhome/maed/HelicoDataSet/CrossValidation/Annotated/B22-241_0/00237.png,0,0.16127553582191467
B22-241,/fhome/maed/HelicoDataSet/CrossValidation/Annotated/B22-241_0/00536.png,1,0.18232028186321259
B22-241,/fhome/maed/HelicoDataSet/CrossValidation/Annotated/B22-241_0/01587.png,0,0.09198002517223358
B22-241,/fhome/maed/HelicoDataSet/CrossValidation/Annotated/B22-241_0/01543.png,0,0.05952202156186104
B22-241,/fhome/maed/HelicoDataSet/CrossValidation/Annotated/B22-241_0/00881.png,0,0.13866035640239716
B22-241,/fhome/maed/HelicoDataSet/CrossValidation/Annotated/B22-241_0/01010.png,0,0.021536145359277725
B22-241,/fhome/maed/HelicoDataSet/CrossValidation/Annotated/B22-241_0/01106.png,0,0.08468732982873917
B22-241,/fhome/maed/HelicoDataSet/CrossValidation/Annotated/B22-241_0/00495.png,0,0.06520327925682068
B22-241,/fhome/maed/HelicoDataSet/CrossValidation/Annotated/B22-241_0/00536_Aug8.png,1,0.12260586023330688
B22-241,/fhome/maed/HelicoDataSet/CrossValidation/Annotated/B22-241_0/00536_Aug5.png,1,0.17893145978450775
B22-241,/fhome/maed/HelicoDataSet/CrossValidation/Annotated/B22-241_0/00883.png,0,0.026349268853664398
B22-241,/fhome/maed/HelicoDataSet/CrossValidation/Annotated/B22-241_0/01270.png,0,0.04758216068148613
B22-241,/fhome/maed/HelicoDataSet/CrossValidation/Annotated/B22-241_0/01039.png,0,0.013526194728910923
B22-241,/fhome/maed/HelicoDataSet/CrossValidation/Annotated/B22-241_0/01516.png,0,0.06681080162525177
B22-241,/fhome/maed/HelicoDataSet/CrossValidation/Annotated/B22-241_0/01489.png,0,0.08074789494276047
B22-241,/fhome/maed/HelicoDataSet/CrossValidation/Annotated/B22-241_0/01589.png,0,0.0945916399359703
B22-241,/fhome/maed/HelicoDataSet/CrossValidation/Annotated/B22-241_0/00876.png,0,0.05521658435463905
B22-241,/fhome/maed/HelicoDataSet/CrossValidation/Annotated/B22-241_0/01419.png,0,0.015335486270487309
B22-278,/fhome/maed/HelicoDataSet/CrossValidation/Annotated/B22-278_0/00234_Aug6.png,1,0.16539527475833893
B22-278,/fhome/maed/HelicoDataSet/CrossValidation/Annotated/B22-278_0/00240_Aug3.png,1,0.13286614418029785
B22-278,/fhome/maed/HelicoDataSet/CrossValidation/Annotated/B22-278_0/00234_Aug8.png,1,0.1617262214422226
B22-278,/fhome/maed/HelicoDataSet/CrossValidation/Annotated/B22-278_0/00022_Aug8.png,1,0.17131561040878296
B22-278,/fhome/maed/HelicoDataSet/CrossValidation/Annotated/B22-278_0/00022_Aug2.png,1,0.18122875690460205
B22-278,/fhome/maed/HelicoDataSet/CrossValidation/Annotated/B22-278_0/00234.png,1,0.16088758409023285
B22-278,/fhome/maed/HelicoDataSet/CrossValidation/Annotated/B22-278_0/00240_Aug7.png,1,0.12908092141151428
B22-278,/fhome/maed/HelicoDataSet/CrossValidation/Annotated/B22-278_0/00155.png,0,0.055466245859861374
B22-278,/fhome/maed/HelicoDataSet/CrossValidation/Annotated/B22-278_0/00022_Aug4.png,1,0.1752953827381134
B22-278,/fhome/maed/HelicoDataSet/CrossValidation/Annotated/B22-278_0/00234_Aug2.png,1,0.1644369512796402
B22-278,/fhome/maed/HelicoDataSet/CrossValidation/Annotated/B22-278_0/00234_Aug5.png,1,0.16659246385097504
B22-278,/fhome/maed/HelicoDataSet/CrossValidation/Annotated/B22-278_0/00701.png,0,0.09534386545419693
B22-278,/fhome/maed/HelicoDataSet/CrossValidation/Annotated/B22-278_0/00022.png,1,0.17757058143615723
B22-278,/fhome/maed/HelicoDataSet/CrossValidation/Annotated/B22-278_0/00240_Aug1.png,1,0.14873838424682617
B22-278,/fhome/maed/HelicoDataSet/CrossValidation/Annotated/B22-278_0/00240_Aug8.png,1,0.08327647298574448
B22-278,/fhome/maed/HelicoDataSet/CrossValidation/Annotated/B22-278_0/00240_Aug5.png,1,0.14372684061527252
B22-278,/fhome/maed/HelicoDataSet/CrossValidation/Annotated/B22-278_0/00234_Aug1.png,1,0.15602333843708038
B22-278,/fhome/maed/HelicoDataSet/CrossValidation/Annotated/B22-278_0/00022_Aug3.png,1,0.17578382790088654
B22-278,/fhome/maed/HelicoDataSet/CrossValidation/Annotated/B22-278_0/00234_Aug4.png,1,0.15855123102664948
B22-278,/fhome/maed/HelicoDataSet/CrossValidation/Annotated/B22-278_0/00234_Aug7.png,1,0.16068586707115173
B22-278,/fhome/maed/HelicoDataSet/CrossValidation/Annotated/B22-278_0/00022_Aug1.png,1,0.17647293210029602
B22-278,/fhome/maed/HelicoDataSet/CrossValidation/Annotated/B22-278_0/00022_Aug6.png,1,0.16891233623027802
B22-278,/fhome/maed/HelicoDataSet/CrossValidation/Annotated/B22-278_0/00240.png,1,0.13803362846374512
B22-278,/fhome/maed/HelicoDataSet/CrossValidation/Annotated/B22-278_0/00022_Aug7.png,1,0.17202875018119812
B22-278,/fhome/maed/HelicoDataSet/CrossValidation/Annotated/B22-278_0/00240_Aug6.png,1,0.14386945962905884
B22-278,/fhome/maed/HelicoDataSet/CrossValidation/Annotated/B22-278_0/00240_Aug4.png,1,0.14776848256587982
B22-278,/fhome/maed/HelicoDataSet/CrossValidation/Annotated/B22-278_0/00022_Aug5.png,1,0.17718832194805145
B22-278,/fhome/maed/HelicoDataSet/CrossValidation/Annotated/B22-278_0/00240_Aug2.png,1,0.131112739443779
B22-278,/fhome/maed/HelicoDataSet/CrossValidation/Annotated/B22-278_0/00234_Aug3.png,1,0.1536155790090561
B22-264,/fhome/maed/HelicoDataSet/CrossValidation/Annotated/B22-264_0/01511.png,1,0.16721227765083313
B22-264,/fhome/maed/HelicoDataSet/CrossValidation/Annotated/B22-264_0/01644.png,0,0.05784881114959717
B22-264,/fhome/maed/HelicoDataSet/CrossValidation/Annotated/B22-264_0/01511_Aug2.png,1,0.16199332475662231
B22-264,/fhome/maed/HelicoDataSet/CrossValidation/Annotated/B22-264_0/01511_Aug5.png,1,0.1618991494178772
B22-264,/fhome/maed/HelicoDataSet/CrossValidation/Annotated/B22-264_0/01511_Aug4.png,1,0.15194153785705566
B22-264,/fhome/maed/HelicoDataSet/CrossValidation/Annotated/B22-264_0/01511_Aug1.png,1,0.16199316084384918
B22-264,/fhome/maed/HelicoDataSet/CrossValidation/Annotated/B22-264_0/00267.png,0,0.004679109435528517
B22-264,/fhome/maed/HelicoDataSet/CrossValidation/Annotated/B22-264_0/01511_Aug6.png,1,0.1618991196155548
B22-264,/fhome/maed/HelicoDataSet/CrossValidation/Annotated/B22-264_0/01511_Aug8.png,1,0.16549041867256165
B22-264,/fhome/maed/HelicoDataSet/CrossValidation/Annotated/B22-264_0/01511_Aug3.png,1,0.15194140374660492
B22-264,/fhome/maed/HelicoDataSet/CrossValidation/Annotated/B22-264_0/01511_Aug7.png,1,0.16549041867256165
B22-299,/fhome/maed/HelicoDataSet/CrossValidation/Annotated/B22-299_0/00773_Aug7.png,1,0.18613475561141968
B22-299,/fhome/maed/HelicoDataSet/CrossValidation/Annotated/B22-299_0/00773.png,1,0.19429977238178253
B22-299,/fhome/maed/HelicoDataSet/CrossValidation/Annotated/B22-299_0/00576_Aug6.png,1,0.15943098068237305
B22-299,/fhome/maed/HelicoDataSet/CrossValidation/Annotated/B22-299_0/00081_Aug8.png,1,0.17752766609191895
B22-299,/fhome/maed/HelicoDataSet/CrossValidation/Annotated/B22-299_0/00081_Aug7.png,1,0.17881447076797485
B22-299,/fhome/maed/HelicoDataSet/CrossValidation/Annotated/B22-299_0/00773_Aug2.png,1,0.2002311497926712
B22-299,/fhome/maed/HelicoDataSet/CrossValidation/Annotated/B22-299_0/00081_Aug3.png,1,0.1847662627696991
B22-299,/fhome/maed/HelicoDataSet/CrossValidation/Annotated/B22-299_0/00880.png,0,0.058837782591581345
B22-299,/fhome/maed/HelicoDataSet/CrossValidation/Annotated/B22-299_0/00773_Aug4.png,1,0.21124258637428284
B22-299,/fhome/maed/HelicoDataSet/CrossValidation/Annotated/B22-299_0/00576_Aug2.png,1,0.15927273035049438
B22-299,/fhome/maed/HelicoDataSet/CrossValidation/Annotated/B22-299_0/00576_Aug3.png,1,0.15047867596149445
B22-299,/fhome/maed/HelicoDataSet/CrossValidation/Annotated/B22-299_0/00773_Aug3.png,1,0.18405258655548096
B22-299,/fhome/maed/HelicoDataSet/CrossValidation/Annotated/B22-299_0/00576_Aug8.png,1,0.16341380774974823
B22-299,/fhome/maed/HelicoDataSet/CrossValidation/Annotated/B22-299_0/00576_Aug5.png,1,0.1456153839826584
B22-299,/fhome/maed/HelicoDataSet/CrossValidation/Annotated/B22-299_0/00576_Aug1.png,1,0.16198322176933289
B22-299,/fhome/maed/HelicoDataSet/CrossValidation/Annotated/B22-299_0/00773_Aug8.png,1,0.20402207970619202
B22-299,/fhome/maed/HelicoDataSet/CrossValidation/Annotated/B22-299_0/00081.png,1,0.1813937872648239
B22-299,/fhome/maed/HelicoDataSet/CrossValidation/Annotated/B22-299_0/00576_Aug7.png,1,0.14838825166225433
B22-299,/fhome/maed/HelicoDataSet/CrossValidation/Annotated/B22-299_0/00576_Aug4.png,1,0.16291630268096924
B22-299,/fhome/maed/HelicoDataSet/CrossValidation/Annotated/B22-299_0/00576.png,1,0.14987623691558838
B22-299,/fhome/maed/HelicoDataSet/CrossValidation/Annotated/B22-299_0/00773_Aug5.png,1,0.18838247656822205
B22-299,/fhome/maed/HelicoDataSet/CrossValidation/Annotated/B22-299_0/00081_Aug5.png,1,0.18144723773002625
B22-299,/fhome/maed/HelicoDataSet/CrossValidation/Annotated/B22-299_0/00773_Aug6.png,1,0.1964697241783142
B22-299,/fhome/maed/HelicoDataSet/CrossValidation/Annotated/B22-299_0/00773_Aug1.png,1,0.20246626436710358
B22-299,/fhome/maed/HelicoDataSet/CrossValidation/Annotated/B22-299_0/00081_Aug6.png,1,0.18860751390457153
B22-299,/fhome/maed/HelicoDataSet/CrossValidation/Annotated/B22-299_0/00081_Aug1.png,1,0.17935842275619507
B22-299,/fhome/maed/HelicoDataSet/CrossValidation/Annotated/B22-299_0/00081_Aug4.png,1,0.1743849664926529
B22-299,/fhome/maed/HelicoDataSet/CrossValidation/Annotated/B22-299_0/00081_Aug2.png,1,0.17728807032108307
B22-265,/fhome/maed/HelicoDataSet/CrossValidation/Annotated/B22-265_0/01412.png,0,0.004163317382335663
B22-265,/fhome/maed/HelicoDataSet/CrossValidation/Annotated/B22-265_0/01410.png,0,0.006783172022551298
B22-265,/fhome/maed/HelicoDataSet/CrossValidation/Annotated/B22-265_0/01414.png,0,0.005910196807235479
B22-265,/fhome/maed/HelicoDataSet/CrossValidation/Annotated/B22-265_0/01413.png,0,0.008085080422461033
B22-265,/fhome/maed/HelicoDataSet/CrossValidation/Annotated/B22-265_0/01411.png,0,0.00654862355440855
B22-223,/fhome/maed/HelicoDataSet/CrossValidation/Annotated/B22-223_0/00405.png,0,0.07489833980798721
B22-223,/fhome/maed/HelicoDataSet/CrossValidation/Annotated/B22-223_0/00592.png,0,0.12266036123037338
B22-223,/fhome/maed/HelicoDataSet/CrossValidation/Annotated/B22-223_0/00107.png,0,0.1307622492313385
B22-223,/fhome/maed/HelicoDataSet/CrossValidation/Annotated/B22-223_0/00453.png,0,0.09735553711652756
B22-195,/fhome/maed/HelicoDataSet/CrossValidation/Annotated/B22-195_0/01355.png,0,0.002280652988702059
B22-195,/fhome/maed/HelicoDataSet/CrossValidation/Annotated/B22-195_0/01353.png,0,0.006432881113141775
B22-70,/fhome/maed/HelicoDataSet/CrossValidation/Annotated/B22-70_0/00154_Aug8.png,1,0.1713087558746338
B22-70,/fhome/maed/HelicoDataSet/CrossValidation/Annotated/B22-70_0/00042.png,0,0.015397434122860432
B22-70,/fhome/maed/HelicoDataSet/CrossValidation/Annotated/B22-70_0/00154_Aug6.png,1,0.17235544323921204
B22-70,/fhome/maed/HelicoDataSet/CrossValidation/Annotated/B22-70_0/00154_Aug7.png,1,0.17615944147109985
B22-70,/fhome/maed/HelicoDataSet/CrossValidation/Annotated/B22-70_0/00154_Aug2.png,1,0.17007237672805786
B22-70,/fhome/maed/HelicoDataSet/CrossValidation/Annotated/B22-70_0/00154_Aug3.png,1,0.16327229142189026
B22-70,/fhome/maed/HelicoDataSet/CrossValidation/Annotated/B22-70_0/00154.png,1,0.17561502754688263
B22-70,/fhome/maed/HelicoDataSet/CrossValidation/Annotated/B22-70_0/00154_Aug5.png,1,0.17747056484222412
B22-70,/fhome/maed/HelicoDataSet/CrossValidation/Annotated/B22-70_0/00154_Aug1.png,1,0.17593713104724884
B22-70,/fhome/maed/HelicoDataSet/CrossValidation/Annotated/B22-70_0/00038.png,0,0.029409779235720634
B22-70,/fhome/maed/HelicoDataSet/CrossValidation/Annotated/B22-70_0/00154_Aug4.png,1,0.17447160184383392
B22-37,/fhome/maed/HelicoDataSet/CrossValidation/Annotated/B22-37_0/00045_Aug2.png,1,0.1689838469028473
B22-37,/fhome/maed/HelicoDataSet/CrossValidation/Annotated/B22-37_0/00045_Aug4.png,1,0.16663675010204315
B22-37,/fhome/maed/HelicoDataSet/CrossValidation/Annotated/B22-37_0/00045_Aug8.png,1,0.16468319296836853
B22-37,/fhome/maed/HelicoDataSet/CrossValidation/Annotated/B22-37_0/00272_Aug8.png,1,0.16090919077396393
B22-37,/fhome/maed/HelicoDataSet/CrossValidation/Annotated/B22-37_0/00759.png,0,0.0038099035155028105
B22-37,/fhome/maed/HelicoDataSet/CrossValidation/Annotated/B22-37_0/00604.png,0,0.00259615876711905
B22-37,/fhome/maed/HelicoDataSet/CrossValidation/Annotated/B22-37_0/00272_Aug4.png,1,0.16179461777210236
B22-37,/fhome/maed/HelicoDataSet/CrossValidation/Annotated/B22-37_0/00045_Aug3.png,1,0.15464895963668823
B22-37,/fhome/maed/HelicoDataSet/CrossValidation/Annotated/B22-37_0/00272.png,1,0.16453205049037933
B22-37,/fhome/maed/HelicoDataSet/CrossValidation/Annotated/B22-37_0/00272_Aug6.png,1,0.17454296350479126
B22-37,/fhome/maed/HelicoDataSet/CrossValidation/Annotated/B22-37_0/00919_Aug3.png,1,0.08713490515947342
B22-37,/fhome/maed/HelicoDataSet/CrossValidation/Annotated/B22-37_0/00272_Aug5.png,1,0.17454344034194946
B22-37,/fhome/maed/HelicoDataSet/CrossValidation/Annotated/B22-37_0/00919_Aug5.png,1,0.07319075614213943
B22-37,/fhome/maed/HelicoDataSet/CrossValidation/Annotated/B22-37_0/00045_Aug7.png,1,0.1522485315799713
B22-37,/fhome/maed/HelicoDataSet/CrossValidation/Annotated/B22-37_0/00045_Aug5.png,1,0.1531134396791458
B22-37,/fhome/maed/HelicoDataSet/CrossValidation/Annotated/B22-37_0/00919_Aug1.png,1,0.07354932278394699
B22-37,/fhome/maed/HelicoDataSet/CrossValidation/Annotated/B22-37_0/00919_Aug7.png,1,0.07319200783967972
B22-37,/fhome/maed/HelicoDataSet/CrossValidation/Annotated/B22-37_0/00919.png,1,0.07694492489099503
B22-37,/fhome/maed/HelicoDataSet/CrossValidation/Annotated/B22-37_0/00919_Aug2.png,1,0.0907096266746521
B22-37,/fhome/maed/HelicoDataSet/CrossValidation/Annotated/B22-37_0/00045_Aug6.png,1,0.15507003664970398
B22-37,/fhome/maed/HelicoDataSet/CrossValidation/Annotated/B22-37_0/00054.png,0,0.005981504451483488
B22-37,/fhome/maed/HelicoDataSet/CrossValidation/Annotated/B22-37_0/00272_Aug7.png,1,0.1586044877767563
B22-37,/fhome/maed/HelicoDataSet/CrossValidation/Annotated/B22-37_0/00045_Aug1.png,1,0.16712307929992676
B22-37,/fhome/maed/HelicoDataSet/CrossValidation/Annotated/B22-37_0/00272_Aug1.png,1,0.1524011343717575
B22-37,/fhome/maed/HelicoDataSet/CrossValidation/Annotated/B22-37_0/00045.png,1,0.16250541806221008
B22-37,/fhome/maed/HelicoDataSet/CrossValidation/Annotated/B22-37_0/00919_Aug8.png,1,0.07242990285158157
B22-37,/fhome/maed/HelicoDataSet/CrossValidation/Annotated/B22-37_0/00272_Aug2.png,1,0.1524011343717575
B22-37,/fhome/maed/HelicoDataSet/CrossValidation/Annotated/B22-37_0/00919_Aug6.png,1,0.07542876154184341
B22-37,/fhome/maed/HelicoDataSet/CrossValidation/Annotated/B22-37_0/00272_Aug3.png,1,0.15260827541351318
B22-37,/fhome/maed/HelicoDataSet/CrossValidation/Annotated/B22-37_0/00919_Aug4.png,1,0.11251075565814972
B22-107,/fhome/maed/HelicoDataSet/CrossValidation/Annotated/B22-107_1/00238.png,0,0.0069327037781476974
B22-107,/fhome/maed/HelicoDataSet/CrossValidation/Annotated/B22-107_1/00290.png,0,0.0053430404514074326
B22-107,/fhome/maed/HelicoDataSet/CrossValidation/Annotated/B22-107_1/00174.png,0,0.0024878152180463076
B22-107,/fhome/maed/HelicoDataSet/CrossValidation/Annotated/B22-107_1/00320.png,0,0.022183019667863846
B22-107,/fhome/maed/HelicoDataSet/CrossValidation/Annotated/B22-107_1/00016.png,0,0.0028078604955226183
B22-171,/fhome/maed/HelicoDataSet/CrossValidation/Annotated/B22-171_0/01708.png,0,0.006625450681895018
B22-171,/fhome/maed/HelicoDataSet/CrossValidation/Annotated/B22-171_0/01566.png,0,0.009119899943470955
B22-171,/fhome/maed/HelicoDataSet/CrossValidation/Annotated/B22-171_0/02819.png,0,0.006056630052626133
B22-171,/fhome/maed/HelicoDataSet/CrossValidation/Annotated/B22-171_0/01707.png,0,0.0035545185673981905
B22-219,/fhome/maed/HelicoDataSet/CrossValidation/Annotated/B22-219_0/00032_Aug5.png,1,0.16082929074764252
B22-219,/fhome/maed/HelicoDataSet/CrossValidation/Annotated/B22-219_0/00032_Aug8.png,1,0.16969124972820282
B22-219,/fhome/maed/HelicoDataSet/CrossValidation/Annotated/B22-219_0/00079.png,0,0.01823001354932785
B22-219,/fhome/maed/HelicoDataSet/CrossValidation/Annotated/B22-219_0/00032_Aug2.png,1,0.14866681396961212
B22-219,/fhome/maed/HelicoDataSet/CrossValidation/Annotated/B22-219_0/00032_Aug1.png,1,0.15874184668064117
B22-219,/fhome/maed/HelicoDataSet/CrossValidation/Annotated/B22-219_0/00861.png,0,0.03005688264966011
B22-219,/fhome/maed/HelicoDataSet/CrossValidation/Annotated/B22-219_0/00032_Aug6.png,1,0.16329891979694366
B22-219,/fhome/maed/HelicoDataSet/CrossValidation/Annotated/B22-219_0/00032_Aug7.png,1,0.17237801849842072
B22-219,/fhome/maed/HelicoDataSet/CrossValidation/Annotated/B22-219_0/00078.png,0,0.020278559997677803
B22-219,/fhome/maed/HelicoDataSet/CrossValidation/Annotated/B22-219_0/00032_Aug3.png,1,0.14870166778564453
B22-219,/fhome/maed/HelicoDataSet/CrossValidation/Annotated/B22-219_0/00032.png,1,0.15443554520606995
B22-219,/fhome/maed/HelicoDataSet/CrossValidation/Annotated/B22-219_0/00032_Aug4.png,1,0.1679542511701584
B22-260,/fhome/maed/HelicoDataSet/CrossValidation/Annotated/B22-260_0/00931.png,0,0.0033972682431340218
B22-260,/fhome/maed/HelicoDataSet/CrossValidation/Annotated/B22-260_0/01113.png,0,0.0034660170786082745
B22-250,/fhome/maed/HelicoDataSet/CrossValidation/Annotated/B22-250_0/01710.png,0,0.08616337925195694
B22-250,/fhome/maed/HelicoDataSet/CrossValidation/Annotated/B22-250_0/02947.png,0,0.006329008843749762
B22-250,/fhome/maed/HelicoDataSet/CrossValidation/Annotated/B22-250_0/02853.png,0,0.012488100677728653
B22-250,/fhome/maed/HelicoDataSet/CrossValidation/Annotated/B22-250_0/01638.png,0,0.00923843402415514
B22-250,/fhome/maed/HelicoDataSet/CrossValidation/Annotated/B22-250_0/02287.png,0,0.005956185515969992
B22-250,/fhome/maed/HelicoDataSet/CrossValidation/Annotated/B22-250_0/02916.png,0,0.009105263277888298
B22-250,/fhome/maed/HelicoDataSet/CrossValidation/Annotated/B22-250_0/02279.png,0,0.015332655049860477
B22-250,/fhome/maed/HelicoDataSet/CrossValidation/Annotated/B22-250_0/02254.png,0,0.007158813066780567
B22-250,/fhome/maed/HelicoDataSet/CrossValidation/Annotated/B22-250_0/01236.png,0,0.11348623782396317
B22-250,/fhome/maed/HelicoDataSet/CrossValidation/Annotated/B22-250_0/02952.png,0,0.008992336690425873
B22-250,/fhome/maed/HelicoDataSet/CrossValidation/Annotated/B22-250_0/01803.png,0,0.011182381771504879
B22-250,/fhome/maed/HelicoDataSet/CrossValidation/Annotated/B22-250_0/02851.png,0,0.003313145600259304
B22-250,/fhome/maed/HelicoDataSet/CrossValidation/Annotated/B22-250_0/02964.png,0,0.005459889303892851
B22-250,/fhome/maed/HelicoDataSet/CrossValidation/Annotated/B22-250_0/02280.png,0,0.025375595316290855
B22-250,/fhome/maed/HelicoDataSet/CrossValidation/Annotated/B22-250_0/01058.png,0,0.04859102889895439
B22-250,/fhome/maed/HelicoDataSet/CrossValidation/Annotated/B22-250_0/01607.png,0,0.0065293204970657825
B22-250,/fhome/maed/HelicoDataSet/CrossValidation/Annotated/B22-250_0/01049.png,0,0.13954882323741913
B22-250,/fhome/maed/HelicoDataSet/CrossValidation/Annotated/B22-250_0/01717.png,0,0.028576964512467384
B22-250,/fhome/maed/HelicoDataSet/CrossValidation/Annotated/B22-250_0/01289.png,0,0.13725951313972473
B22-250,/fhome/maed/HelicoDataSet/CrossValidation/Annotated/B22-250_0/02253.png,0,0.008186595514416695
B22-250,/fhome/maed/HelicoDataSet/CrossValidation/Annotated/B22-250_0/02844.png,0,0.004005061462521553
B22-250,/fhome/maed/HelicoDataSet/CrossValidation/Annotated/B22-250_0/02288.png,0,0.00619103666394949
B22-250,/fhome/maed/HelicoDataSet/CrossValidation/Annotated/B22-250_0/02904.png,0,0.006293770857155323
B22-250,/fhome/maed/HelicoDataSet/CrossValidation/Annotated/B22-250_0/01799.png,0,0.010930532589554787
B22-250,/fhome/maed/HelicoDataSet/CrossValidation/Annotated/B22-250_0/02942.png,0,0.1467897891998291
B22-250,/fhome/maed/HelicoDataSet/CrossValidation/Annotated/B22-250_0/02835.png,0,0.010869230143725872
B22-250,/fhome/maed/HelicoDataSet/CrossValidation/Annotated/B22-250_0/01767.png,0,0.04884207993745804
B22-250,/fhome/maed/HelicoDataSet/CrossValidation/Annotated/B22-250_0/01609.png,0,0.07991128414869308
B22-250,/fhome/maed/HelicoDataSet/CrossValidation/Annotated/B22-250_0/01427.png,0,0.08853253722190857
B22-250,/fhome/maed/HelicoDataSet/CrossValidation/Annotated/B22-250_0/01610.png,0,0.0029118831735104322
B22-250,/fhome/maed/HelicoDataSet/CrossValidation/Annotated/B22-250_0/02926.png,0,0.013156075030565262
B22-250,/fhome/maed/HelicoDataSet/CrossValidation/Annotated/B22-250_0/02892.png,0,0.006701477337628603
B22-250,/fhome/maed/HelicoDataSet/CrossValidation/Annotated/B22-250_0/02848.png,0,0.012175505980849266
B22-250,/fhome/maed/HelicoDataSet/CrossValidation/Annotated/B22-250_0/01231.png,0,0.013127812184393406
B22-250,/fhome/maed/HelicoDataSet/CrossValidation/Annotated/B22-250_0/02260.png,0,0.00847986713051796
B22-250,/fhome/maed/HelicoDataSet/CrossValidation/Annotated/B22-250_0/02849.png,0,0.004209720529615879
B22-250,/fhome/maed/HelicoDataSet/CrossValidation/Annotated/B22-250_0/01401.png,0,0.007984654046595097
B22-250,/fhome/maed/HelicoDataSet/CrossValidation/Annotated/B22-250_0/01125.png,0,0.014090576209127903
B22-250,/fhome/maed/HelicoDataSet/CrossValidation/Annotated/B22-250_0/01760.png,0,0.0258039403706789
B22-250,/fhome/maed/HelicoDataSet/CrossValidation/Annotated/B22-250_0/02854.png,0,0.009682857431471348
B22-250,/fhome/maed/HelicoDataSet/CrossValidation/Annotated/B22-250_0/01800.png,0,0.012629030272364616
B22-250,/fhome/maed/HelicoDataSet/CrossValidation/Annotated/B22-250_0/02915.png,0,0.011891602538526058
B22-250,/fhome/maed/HelicoDataSet/CrossValidation/Annotated/B22-250_0/02830.png,0,0.014526452869176865
B22-250,/fhome/maed/HelicoDataSet/CrossValidation/Annotated/B22-250_0/01046.png,0,0.01794346794486046
B22-250,/fhome/maed/HelicoDataSet/CrossValidation/Annotated/B22-250_0/01771.png,0,0.017803803086280823
B22-250,/fhome/maed/HelicoDataSet/CrossValidation/Annotated/B22-250_0/02941.png,0,0.016544891521334648
B22-250,/fhome/maed/HelicoDataSet/CrossValidation/Annotated/B22-250_0/01633.png,0,0.021235473453998566
B22-250,/fhome/maed/HelicoDataSet/CrossValidation/Annotated/B22-250_0/01050.png,0,0.009218282997608185
B22-250,/fhome/maed/HelicoDataSet/CrossValidation/Annotated/B22-250_0/01613.png,0,0.0161150973290205
B22-250,/fhome/maed/HelicoDataSet/CrossValidation/Annotated/B22-250_0/01281.png,0,0.1487591415643692
B22-250,/fhome/maed/HelicoDataSet/CrossValidation/Annotated/B22-250_0/01406.png,0,0.014775506220757961
B22-250,/fhome/maed/HelicoDataSet/CrossValidation/Annotated/B22-250_0/02908.png,0,0.009101792238652706
B22-250,/fhome/maed/HelicoDataSet/CrossValidation/Annotated/B22-250_0/01238.png,0,0.09285308420658112
B22-250,/fhome/maed/HelicoDataSet/CrossValidation/Annotated/B22-250_0/01772.png,0,0.14513325691223145
B22-250,/fhome/maed/HelicoDataSet/CrossValidation/Annotated/B22-250_0/02303.png,0,0.029137790203094482
B22-250,/fhome/maed/HelicoDataSet/CrossValidation/Annotated/B22-250_0/01232.png,0,0.022544432431459427
B22-250,/fhome/maed/HelicoDataSet/CrossValidation/Annotated/B22-250_0/02850.png,0,0.006616747006773949
B22-250,/fhome/maed/HelicoDataSet/CrossValidation/Annotated/B22-250_0/01632.png,0,0.026631133630871773
B22-250,/fhome/maed/HelicoDataSet/CrossValidation/Annotated/B22-250_0/02928.png,0,0.011598552577197552
B22-250,/fhome/maed/HelicoDataSet/CrossValidation/Annotated/B22-250_0/01798.png,0,0.005691914353519678
B22-250,/fhome/maed/HelicoDataSet/CrossValidation/Annotated/B22-250_0/02874.png,0,0.016564160585403442
B22-250,/fhome/maed/HelicoDataSet/CrossValidation/Annotated/B22-250_0/02914.png,0,0.008972983807325363
B22-250,/fhome/maed/HelicoDataSet/CrossValidation/Annotated/B22-250_0/01112.png,0,0.048808127641677856
B22-250,/fhome/maed/HelicoDataSet/CrossValidation/Annotated/B22-250_0/01454.png,0,0.07326073199510574
B22-250,/fhome/maed/HelicoDataSet/CrossValidation/Annotated/B22-250_0/02842.png,0,0.010315216146409512
B22-250,/fhome/maed/HelicoDataSet/CrossValidation/Annotated/B22-250_0/02257.png,0,0.017886728048324585
B22-250,/fhome/maed/HelicoDataSet/CrossValidation/Annotated/B22-250_0/01773.png,0,0.10798622667789459
B22-250,/fhome/maed/HelicoDataSet/CrossValidation/Annotated/B22-250_0/02839.png,0,0.018425332382321358
B22-250,/fhome/maed/HelicoDataSet/CrossValidation/Annotated/B22-250_0/02883.png,0,0.012089179828763008
B22-250,/fhome/maed/HelicoDataSet/CrossValidation/Annotated/B22-250_0/01723.png,0,0.03328605368733406
B22-250,/fhome/maed/HelicoDataSet/CrossValidation/Annotated/B22-250_0/01611.png,0,0.0038654720410704613
B22-250,/fhome/maed/HelicoDataSet/CrossValidation/Annotated/B22-250_0/01057.png,0,0.011009639129042625
B22-250,/fhome/maed/HelicoDataSet/CrossValidation/Annotated/B22-250_0/01425.png,0,0.008888686075806618
B22-250,/fhome/maed/HelicoDataSet/CrossValidation/Annotated/B22-250_0/01779.png,0,0.08585923165082932
B22-250,/fhome/maed/HelicoDataSet/CrossValidation/Annotated/B22-250_0/01748.png,0,0.0318797342479229
B22-250,/fhome/maed/HelicoDataSet/CrossValidation/Annotated/B22-250_0/01721.png,0,0.01440372783690691
B22-250,/fhome/maed/HelicoDataSet/CrossValidation/Annotated/B22-250_0/02906.png,0,0.007520492188632488
B22-250,/fhome/maed/HelicoDataSet/CrossValidation/Annotated/B22-250_0/01635.png,0,0.007225845940411091
B22-250,/fhome/maed/HelicoDataSet/CrossValidation/Annotated/B22-250_0/01449.png,0,0.009420447051525116
B22-250,/fhome/maed/HelicoDataSet/CrossValidation/Annotated/B22-250_0/01116.png,0,0.019075818359851837
B22-250,/fhome/maed/HelicoDataSet/CrossValidation/Annotated/B22-250_0/02958.png,0,0.011741068214178085
B22-250,/fhome/maed/HelicoDataSet/CrossValidation/Annotated/B22-250_0/01283.png,0,0.038851767778396606
B22-250,/fhome/maed/HelicoDataSet/CrossValidation/Annotated/B22-250_0/02950.png,0,0.010802763514220715
B22-250,/fhome/maed/HelicoDataSet/CrossValidation/Annotated/B22-250_0/01807.png,0,0.010531840845942497
B22-250,/fhome/maed/HelicoDataSet/CrossValidation/Annotated/B22-250_0/02295.png,0,0.011504613794386387
B22-250,/fhome/maed/HelicoDataSet/CrossValidation/Annotated/B22-250_0/02278.png,0,0.011354662477970123
B22-250,/fhome/maed/HelicoDataSet/CrossValidation/Annotated/B22-250_0/01709.png,0,0.03478926792740822
B22-250,/fhome/maed/HelicoDataSet/CrossValidation/Annotated/B22-250_0/02923.png,0,0.0076738097704946995
B22-250,/fhome/maed/HelicoDataSet/CrossValidation/Annotated/B22-250_0/02953.png,0,0.013650789856910706
B22-250,/fhome/maed/HelicoDataSet/CrossValidation/Annotated/B22-250_0/01712.png,0,0.009358912706375122
B22-250,/fhome/maed/HelicoDataSet/CrossValidation/Annotated/B22-250_0/01278.png,0,0.09840883314609528
B22-250,/fhome/maed/HelicoDataSet/CrossValidation/Annotated/B22-250_0/01277.png,0,0.1456909030675888
B22-250,/fhome/maed/HelicoDataSet/CrossValidation/Annotated/B22-250_0/01749.png,0,0.03680438548326492
B22-250,/fhome/maed/HelicoDataSet/CrossValidation/Annotated/B22-250_0/01722.png,0,0.08047178387641907
B22-250,/fhome/maed/HelicoDataSet/CrossValidation/Annotated/B22-250_0/01614.png,0,0.0045082662254571915
B22-250,/fhome/maed/HelicoDataSet/CrossValidation/Annotated/B22-250_0/01601.png,0,0.02098994329571724
B22-250,/fhome/maed/HelicoDataSet/CrossValidation/Annotated/B22-250_0/01602.png,0,0.021789083257317543
B22-250,/fhome/maed/HelicoDataSet/CrossValidation/Annotated/B22-250_0/02264.png,0,0.005304420366883278
B22-250,/fhome/maed/HelicoDataSet/CrossValidation/Annotated/B22-250_0/01755.png,0,0.031783152371644974
B22-250,/fhome/maed/HelicoDataSet/CrossValidation/Annotated/B22-250_0/01806.png,0,0.022723784670233727
B22-250,/fhome/maed/HelicoDataSet/CrossValidation/Annotated/B22-250_0/01802.png,0,0.06338474899530411
B22-250,/fhome/maed/HelicoDataSet/CrossValidation/Annotated/B22-250_0/01048.png,0,0.011326074600219727
B22-250,/fhome/maed/HelicoDataSet/CrossValidation/Annotated/B22-250_0/01603.png,0,0.01771833561360836
B22-250,/fhome/maed/HelicoDataSet/CrossValidation/Annotated/B22-250_0/02900.png,0,0.01028826180845499
B22-250,/fhome/maed/HelicoDataSet/CrossValidation/Annotated/B22-250_0/01751.png,0,0.026287633925676346
B22-250,/fhome/maed/HelicoDataSet/CrossValidation/Annotated/B22-250_0/01276.png,0,0.14502957463264465
B22-250,/fhome/maed/HelicoDataSet/CrossValidation/Annotated/B22-250_0/02891.png,0,0.06789524853229523
B22-250,/fhome/maed/HelicoDataSet/CrossValidation/Annotated/B22-250_0/01126.png,0,0.010847401805222034
B22-250,/fhome/maed/HelicoDataSet/CrossValidation/Annotated/B22-250_0/02887.png,0,0.009125567972660065
B22-250,/fhome/maed/HelicoDataSet/CrossValidation/Annotated/B22-250_0/02855.png,0,0.006807358469814062
B22-250,/fhome/maed/HelicoDataSet/CrossValidation/Annotated/B22-250_0/02282.png,0,0.00361069617792964
B22-250,/fhome/maed/HelicoDataSet/CrossValidation/Annotated/B22-250_0/02838.png,0,0.007195719517767429
B22-250,/fhome/maed/HelicoDataSet/CrossValidation/Annotated/B22-250_0/01280.png,0,0.145607128739357
B22-250,/fhome/maed/HelicoDataSet/CrossValidation/Annotated/B22-250_0/02828.png,0,0.011264679953455925
B22-250,/fhome/maed/HelicoDataSet/CrossValidation/Annotated/B22-250_0/01026.png,0,0.007498160470277071
B22-250,/fhome/maed/HelicoDataSet/CrossValidation/Annotated/B22-250_0/01052.png,0,0.02334701083600521
B22-250,/fhome/maed/HelicoDataSet/CrossValidation/Annotated/B22-250_0/02277.png,0,0.005669265054166317
B22-250,/fhome/maed/HelicoDataSet/CrossValidation/Annotated/B22-250_0/02836.png,0,0.023098541423678398
B22-250,/fhome/maed/HelicoDataSet/CrossValidation/Annotated/B22-250_0/01447.png,0,0.0699077919125557
B22-250,/fhome/maed/HelicoDataSet/CrossValidation/Annotated/B22-250_0/01808.png,0,0.017532655969262123
B22-250,/fhome/maed/HelicoDataSet/CrossValidation/Annotated/B22-250_0/01114.png,0,0.06134198233485222
B22-250,/fhome/maed/HelicoDataSet/CrossValidation/Annotated/B22-250_0/01629.png,0,0.01725100912153721
B22-250,/fhome/maed/HelicoDataSet/CrossValidation/Annotated/B22-250_0/01451.png,0,0.023454364389181137
B22-250,/fhome/maed/HelicoDataSet/CrossValidation/Annotated/B22-250_0/02286.png,0,0.00302172196097672
B22-250,/fhome/maed/HelicoDataSet/CrossValidation/Annotated/B22-250_0/02912.png,0,0.05796763673424721
B22-250,/fhome/maed/HelicoDataSet/CrossValidation/Annotated/B22-250_0/01777.png,0,0.07675865292549133
B22-250,/fhome/maed/HelicoDataSet/CrossValidation/Annotated/B22-250_0/01027.png,0,0.021293465048074722
B22-250,/fhome/maed/HelicoDataSet/CrossValidation/Annotated/B22-250_0/01120.png,0,0.07412697374820709
B22-250,/fhome/maed/HelicoDataSet/CrossValidation/Annotated/B22-250_0/02774.png,0,0.023388661444187164
B22-250,/fhome/maed/HelicoDataSet/CrossValidation/Annotated/B22-250_0/02965.png,0,0.011844160966575146
B22-250,/fhome/maed/HelicoDataSet/CrossValidation/Annotated/B22-250_0/01282.png,0,0.14656686782836914
B22-250,/fhome/maed/HelicoDataSet/CrossValidation/Annotated/B22-250_0/01446.png,0,0.06980827450752258
B22-250,/fhome/maed/HelicoDataSet/CrossValidation/Annotated/B22-250_0/01810.png,0,0.030715428292751312
B22-250,/fhome/maed/HelicoDataSet/CrossValidation/Annotated/B22-250_0/02841.png,0,0.05008532851934433
B22-250,/fhome/maed/HelicoDataSet/CrossValidation/Annotated/B22-250_0/01405.png,0,0.022488126531243324
B22-250,/fhome/maed/HelicoDataSet/CrossValidation/Annotated/B22-250_0/02956.png,0,0.005479799583554268
B22-250,/fhome/maed/HelicoDataSet/CrossValidation/Annotated/B22-250_0/02884.png,0,0.045050643384456635
B22-250,/fhome/maed/HelicoDataSet/CrossValidation/Annotated/B22-250_0/02897.png,0,0.0042126779444515705
B22-250,/fhome/maed/HelicoDataSet/CrossValidation/Annotated/B22-250_0/01054.png,0,0.010652001015841961
B22-250,/fhome/maed/HelicoDataSet/CrossValidation/Annotated/B22-250_0/02305.png,0,0.004289870150387287
B22-250,/fhome/maed/HelicoDataSet/CrossValidation/Annotated/B22-250_0/02902.png,0,0.034879475831985474
B22-250,/fhome/maed/HelicoDataSet/CrossValidation/Annotated/B22-250_0/01113.png,0,0.14553512632846832
B22-250,/fhome/maed/HelicoDataSet/CrossValidation/Annotated/B22-250_0/02306.png,0,0.007022104691714048
B22-250,/fhome/maed/HelicoDataSet/CrossValidation/Annotated/B22-250_0/01117.png,0,0.05662909150123596
B22-250,/fhome/maed/HelicoDataSet/CrossValidation/Annotated/B22-250_0/02307.png,0,0.0030868523754179478
B22-250,/fhome/maed/HelicoDataSet/CrossValidation/Annotated/B22-250_0/02885.png,0,0.052066393196582794
B22-250,/fhome/maed/HelicoDataSet/CrossValidation/Annotated/B22-250_0/01400.png,0,0.04885530844330788
B22-250,/fhome/maed/HelicoDataSet/CrossValidation/Annotated/B22-250_0/01288.png,0,0.012181871570646763
B22-250,/fhome/maed/HelicoDataSet/CrossValidation/Annotated/B22-250_0/02296.png,0,0.013586143963038921
B22-250,/fhome/maed/HelicoDataSet/CrossValidation/Annotated/B22-250_0/02829.png,0,0.02272910438477993
B22-250,/fhome/maed/HelicoDataSet/CrossValidation/Annotated/B22-250_0/01402.png,0,0.00864795595407486
B22-250,/fhome/maed/HelicoDataSet/CrossValidation/Annotated/B22-250_0/01714.png,0,0.008581955917179585
B22-250,/fhome/maed/HelicoDataSet/CrossValidation/Annotated/B22-250_0/01801.png,0,0.012399484403431416
B22-250,/fhome/maed/HelicoDataSet/CrossValidation/Annotated/B22-250_0/02880.png,0,0.0033618654124438763
B22-250,/fhome/maed/HelicoDataSet/CrossValidation/Annotated/B22-250_0/02875.png,0,0.016725346446037292
B22-250,/fhome/maed/HelicoDataSet/CrossValidation/Annotated/B22-250_0/02899.png,0,0.01259081345051527
B22-250,/fhome/maed/HelicoDataSet/CrossValidation/Annotated/B22-250_0/02309.png,0,0.045941535383462906
B22-250,/fhome/maed/HelicoDataSet/CrossValidation/Annotated/B22-250_0/02896.png,0,0.14473165571689606
B22-250,/fhome/maed/HelicoDataSet/CrossValidation/Annotated/B22-250_0/02304.png,0,0.007823927327990532
B22-250,/fhome/maed/HelicoDataSet/CrossValidation/Annotated/B22-250_0/01407.png,0,0.02396218106150627
B22-250,/fhome/maed/HelicoDataSet/CrossValidation/Annotated/B22-250_0/02907.png,0,0.009758335538208485
B22-250,/fhome/maed/HelicoDataSet/CrossValidation/Annotated/B22-250_0/02281.png,0,0.020668011158704758
B22-250,/fhome/maed/HelicoDataSet/CrossValidation/Annotated/B22-250_0/02955.png,0,0.014997062273323536
B22-250,/fhome/maed/HelicoDataSet/CrossValidation/Annotated/B22-250_0/02960.png,0,0.1345183551311493
B22-250,/fhome/maed/HelicoDataSet/CrossValidation/Annotated/B22-250_0/02910.png,0,0.011361847631633282
B22-250,/fhome/maed/HelicoDataSet/CrossValidation/Annotated/B22-250_0/01747.png,0,0.027338432148098946
B22-250,/fhome/maed/HelicoDataSet/CrossValidation/Annotated/B22-250_0/02922.png,0,0.07931109517812729
B22-250,/fhome/maed/HelicoDataSet/CrossValidation/Annotated/B22-250_0/01711.png,0,0.07756208628416061
B22-250,/fhome/maed/HelicoDataSet/CrossValidation/Annotated/B22-250_0/02292.png,0,0.009053202345967293
B22-250,/fhome/maed/HelicoDataSet/CrossValidation/Annotated/B22-250_0/02873.png,0,0.01601986400783062
B22-250,/fhome/maed/HelicoDataSet/CrossValidation/Annotated/B22-250_0/02889.png,0,0.0193670392036438
B22-250,/fhome/maed/HelicoDataSet/CrossValidation/Annotated/B22-250_0/02294.png,0,0.0038969870656728745
B22-250,/fhome/maed/HelicoDataSet/CrossValidation/Annotated/B22-250_0/02831.png,0,0.0597965382039547
B22-250,/fhome/maed/HelicoDataSet/CrossValidation/Annotated/B22-250_0/01797.png,0,0.006110062822699547
B22-250,/fhome/maed/HelicoDataSet/CrossValidation/Annotated/B22-250_0/02308.png,0,0.00928274542093277
B22-250,/fhome/maed/HelicoDataSet/CrossValidation/Annotated/B22-250_0/02888.png,0,0.009315019473433495
B22-250,/fhome/maed/HelicoDataSet/CrossValidation/Annotated/B22-250_0/02856.png,0,0.005309914704412222
B22-250,/fhome/maed/HelicoDataSet/CrossValidation/Annotated/B22-250_0/01452.png,0,0.00904533639550209
B22-250,/fhome/maed/HelicoDataSet/CrossValidation/Annotated/B22-250_0/02291.png,0,0.007416870910674334
B22-250,/fhome/maed/HelicoDataSet/CrossValidation/Annotated/B22-250_0/02298.png,0,0.011128967627882957
B22-250,/fhome/maed/HelicoDataSet/CrossValidation/Annotated/B22-250_0/01608.png,0,0.005909652914851904
B22-250,/fhome/maed/HelicoDataSet/CrossValidation/Annotated/B22-250_0/02944.png,0,0.12131019681692123
B22-250,/fhome/maed/HelicoDataSet/CrossValidation/Annotated/B22-250_0/01279.png,0,0.010107466951012611
B22-250,/fhome/maed/HelicoDataSet/CrossValidation/Annotated/B22-250_0/01123.png,0,0.01799536868929863
B22-250,/fhome/maed/HelicoDataSet/CrossValidation/Annotated/B22-250_0/02957.png,0,0.012339634820818901
B22-250,/fhome/maed/HelicoDataSet/CrossValidation/Annotated/B22-250_0/02909.png,0,0.007645801175385714
B22-250,/fhome/maed/HelicoDataSet/CrossValidation/Annotated/B22-250_0/01605.png,0,0.013627626933157444
B22-250,/fhome/maed/HelicoDataSet/CrossValidation/Annotated/B22-250_0/01757.png,0,0.010191057808697224
B22-250,/fhome/maed/HelicoDataSet/CrossValidation/Annotated/B22-250_0/02847.png,0,0.006367892492562532
B22-250,/fhome/maed/HelicoDataSet/CrossValidation/Annotated/B22-250_0/01724.png,0,0.00846673734486103
B22-250,/fhome/maed/HelicoDataSet/CrossValidation/Annotated/B22-250_0/01429.png,0,0.08852791041135788
B22-250,/fhome/maed/HelicoDataSet/CrossValidation/Annotated/B22-250_0/02255.png,0,0.008494291454553604
B22-250,/fhome/maed/HelicoDataSet/CrossValidation/Annotated/B22-250_0/02869.png,0,0.11001244932413101
B22-250,/fhome/maed/HelicoDataSet/CrossValidation/Annotated/B22-250_0/01640.png,0,0.02965211682021618
B22-250,/fhome/maed/HelicoDataSet/CrossValidation/Annotated/B22-250_0/01047.png,0,0.010265504941344261
B22-250,/fhome/maed/HelicoDataSet/CrossValidation/Annotated/B22-250_0/02846.png,0,0.010842831805348396
B22-250,/fhome/maed/HelicoDataSet/CrossValidation/Annotated/B22-250_0/02917.png,0,0.00906225387006998
B22-250,/fhome/maed/HelicoDataSet/CrossValidation/Annotated/B22-250_0/02925.png,0,0.005271407775580883
B22-250,/fhome/maed/HelicoDataSet/CrossValidation/Annotated/B22-250_0/02852.png,0,0.008082536980509758
B22-250,/fhome/maed/HelicoDataSet/CrossValidation/Annotated/B22-250_0/02954.png,0,0.018186669796705246
B22-250,/fhome/maed/HelicoDataSet/CrossValidation/Annotated/B22-250_0/01756.png,0,0.016575535759329796
B22-250,/fhome/maed/HelicoDataSet/CrossValidation/Annotated/B22-250_0/01450.png,0,0.016664093360304832
B22-250,/fhome/maed/HelicoDataSet/CrossValidation/Annotated/B22-250_0/01745.png,0,0.05996330827474594
B22-250,/fhome/maed/HelicoDataSet/CrossValidation/Annotated/B22-250_0/01600.png,0,0.07605481892824173
B22-250,/fhome/maed/HelicoDataSet/CrossValidation/Annotated/B22-250_0/02299.png,0,0.02006223052740097
B22-250,/fhome/maed/HelicoDataSet/CrossValidation/Annotated/B22-250_0/02894.png,0,0.13706865906715393
B22-250,/fhome/maed/HelicoDataSet/CrossValidation/Annotated/B22-250_0/01235.png,0,0.009701097384095192
B22-250,/fhome/maed/HelicoDataSet/CrossValidation/Annotated/B22-250_0/02901.png,0,0.005852430127561092
B22-250,/fhome/maed/HelicoDataSet/CrossValidation/Annotated/B22-250_0/01805.png,0,0.059844400733709335
B22-250,/fhome/maed/HelicoDataSet/CrossValidation/Annotated/B22-250_0/02876.png,0,0.007325225975364447
B22-250,/fhome/maed/HelicoDataSet/CrossValidation/Annotated/B22-250_0/01122.png,0,0.06893660128116608
B22-250,/fhome/maed/HelicoDataSet/CrossValidation/Annotated/B22-250_0/02289.png,0,0.010840759612619877
B22-250,/fhome/maed/HelicoDataSet/CrossValidation/Annotated/B22-250_0/01766.png,0,0.012209512293338776
B22-250,/fhome/maed/HelicoDataSet/CrossValidation/Annotated/B22-250_0/01634.png,0,0.016284074634313583
B22-250,/fhome/maed/HelicoDataSet/CrossValidation/Annotated/B22-250_0/02920.png,0,0.07321040332317352
B22-250,/fhome/maed/HelicoDataSet/CrossValidation/Annotated/B22-250_0/01055.png,0,0.008366718888282776
B22-250,/fhome/maed/HelicoDataSet/CrossValidation/Annotated/B22-250_0/01241.png,0,0.06983586400747299
B22-250,/fhome/maed/HelicoDataSet/CrossValidation/Annotated/B22-250_0/02262.png,0,0.07754138857126236
B22-250,/fhome/maed/HelicoDataSet/CrossValidation/Annotated/B22-250_0/01627.png,0,0.017036328092217445
B22-250,/fhome/maed/HelicoDataSet/CrossValidation/Annotated/B22-250_0/01240.png,0,0.13835252821445465
B22-250,/fhome/maed/HelicoDataSet/CrossValidation/Annotated/B22-250_0/01716.png,0,0.030914751812815666
B22-250,/fhome/maed/HelicoDataSet/CrossValidation/Annotated/B22-250_0/02918.png,0,0.008593246340751648
B22-250,/fhome/maed/HelicoDataSet/CrossValidation/Annotated/B22-250_0/02843.png,0,0.009611963294446468
B22-250,/fhome/maed/HelicoDataSet/CrossValidation/Annotated/B22-250_0/01119.png,0,0.05529358610510826
B22-250,/fhome/maed/HelicoDataSet/CrossValidation/Annotated/B22-250_0/01426.png,0,0.010868740268051624
B22-250,/fhome/maed/HelicoDataSet/CrossValidation/Annotated/B22-250_0/02927.png,0,0.0064771659672260284
B22-250,/fhome/maed/HelicoDataSet/CrossValidation/Annotated/B22-250_0/02845.png,0,0.05324453115463257
B22-250,/fhome/maed/HelicoDataSet/CrossValidation/Annotated/B22-250_0/01713.png,0,0.004704053979367018
B22-250,/fhome/maed/HelicoDataSet/CrossValidation/Annotated/B22-250_0/01275.png,0,0.0055633410811424255
B22-250,/fhome/maed/HelicoDataSet/CrossValidation/Annotated/B22-250_0/01115.png,0,0.009103864431381226
B22-250,/fhome/maed/HelicoDataSet/CrossValidation/Annotated/B22-250_0/01637.png,0,0.018509333953261375
B22-250,/fhome/maed/HelicoDataSet/CrossValidation/Annotated/B22-250_0/01615.png,0,0.004891885444521904
B22-250,/fhome/maed/HelicoDataSet/CrossValidation/Annotated/B22-250_0/02945.png,0,0.05932309851050377
B22-250,/fhome/maed/HelicoDataSet/CrossValidation/Annotated/B22-250_0/01124.png,0,0.057492874562740326
B22-250,/fhome/maed/HelicoDataSet/CrossValidation/Annotated/B22-250_0/02961.png,0,0.013686753809452057
B22-250,/fhome/maed/HelicoDataSet/CrossValidation/Annotated/B22-250_0/02261.png,0,0.01524610910564661
B22-250,/fhome/maed/HelicoDataSet/CrossValidation/Annotated/B22-250_0/01233.png,0,0.08067969977855682
B22-250,/fhome/maed/HelicoDataSet/CrossValidation/Annotated/B22-250_0/01630.png,0,0.019043367356061935
B22-250,/fhome/maed/HelicoDataSet/CrossValidation/Annotated/B22-250_0/02837.png,0,0.008218510076403618
B22-250,/fhome/maed/HelicoDataSet/CrossValidation/Annotated/B22-250_0/02895.png,0,0.10759226232767105
B22-250,/fhome/maed/HelicoDataSet/CrossValidation/Annotated/B22-250_0/02921.png,0,0.015016735531389713
B22-250,/fhome/maed/HelicoDataSet/CrossValidation/Annotated/B22-250_0/02871.png,0,0.01242323499172926
B22-250,/fhome/maed/HelicoDataSet/CrossValidation/Annotated/B22-250_0/01770.png,0,0.021692899987101555
B22-250,/fhome/maed/HelicoDataSet/CrossValidation/Annotated/B22-250_0/01056.png,0,0.0126761794090271
B22-250,/fhome/maed/HelicoDataSet/CrossValidation/Annotated/B22-250_0/01455.png,0,0.015887346118688583
B22-250,/fhome/maed/HelicoDataSet/CrossValidation/Annotated/B22-250_0/02872.png,0,0.015071382746100426
B22-250,/fhome/maed/HelicoDataSet/CrossValidation/Annotated/B22-250_0/02890.png,0,0.006270518526434898
B22-250,/fhome/maed/HelicoDataSet/CrossValidation/Annotated/B22-250_0/02905.png,0,0.007831198163330555
B22-250,/fhome/maed/HelicoDataSet/CrossValidation/Annotated/B22-250_0/01040.png,0,0.009719266556203365
B22-250,/fhome/maed/HelicoDataSet/CrossValidation/Annotated/B22-250_0/02258.png,0,0.011943151243031025
B22-250,/fhome/maed/HelicoDataSet/CrossValidation/Annotated/B22-250_0/02290.png,0,0.0035837353207170963
B22-250,/fhome/maed/HelicoDataSet/CrossValidation/Annotated/B22-250_0/01715.png,0,0.08305054157972336
B22-250,/fhome/maed/HelicoDataSet/CrossValidation/Annotated/B22-250_0/02877.png,0,0.07938108593225479
B22-250,/fhome/maed/HelicoDataSet/CrossValidation/Annotated/B22-250_0/01604.png,0,0.0184831190854311
B22-250,/fhome/maed/HelicoDataSet/CrossValidation/Annotated/B22-250_0/02297.png,0,0.005814593285322189
B22-250,/fhome/maed/HelicoDataSet/CrossValidation/Annotated/B22-250_0/01809.png,0,0.025073688477277756
B22-250,/fhome/maed/HelicoDataSet/CrossValidation/Annotated/B22-250_0/01775.png,0,0.07760998606681824
B22-250,/fhome/maed/HelicoDataSet/CrossValidation/Annotated/B22-250_0/01718.png,0,0.007092196028679609
B22-250,/fhome/maed/HelicoDataSet/CrossValidation/Annotated/B22-250_0/02259.png,0,0.007013845257461071
B22-250,/fhome/maed/HelicoDataSet/CrossValidation/Annotated/B22-250_0/02924.png,0,0.0073560141026973724
B22-250,/fhome/maed/HelicoDataSet/CrossValidation/Annotated/B22-250_0/01424.png,0,0.02020302042365074
B22-250,/fhome/maed/HelicoDataSet/CrossValidation/Annotated/B22-250_0/01776.png,0,0.06357690691947937
B22-250,/fhome/maed/HelicoDataSet/CrossValidation/Annotated/B22-250_0/02283.png,0,0.011876876465976238
B22-250,/fhome/maed/HelicoDataSet/CrossValidation/Annotated/B22-250_0/02881.png,0,0.018334142863750458
B22-250,/fhome/maed/HelicoDataSet/CrossValidation/Annotated/B22-250_0/01639.png,0,0.12461317330598831
B22-250,/fhome/maed/HelicoDataSet/CrossValidation/Annotated/B22-250_0/02966.png,0,0.00435593631118536
B22-250,/fhome/maed/HelicoDataSet/CrossValidation/Annotated/B22-250_0/02949.png,0,0.00887605082243681
B22-250,/fhome/maed/HelicoDataSet/CrossValidation/Annotated/B22-250_0/01039.png,0,0.007852916605770588
B22-250,/fhome/maed/HelicoDataSet/CrossValidation/Annotated/B22-250_0/01285.png,0,0.010628286749124527
B22-250,/fhome/maed/HelicoDataSet/CrossValidation/Annotated/B22-250_0/02870.png,0,0.01612204872071743
B22-250,/fhome/maed/HelicoDataSet/CrossValidation/Annotated/B22-250_0/01286.png,0,0.012449149042367935
B22-250,/fhome/maed/HelicoDataSet/CrossValidation/Annotated/B22-250_0/01720.png,0,0.015354805625975132
B22-250,/fhome/maed/HelicoDataSet/CrossValidation/Annotated/B22-250_0/01762.png,0,0.035312719643116
B22-250,/fhome/maed/HelicoDataSet/CrossValidation/Annotated/B22-250_0/02943.png,0,0.01188784558326006
B22-250,/fhome/maed/HelicoDataSet/CrossValidation/Annotated/B22-250_0/02263.png,0,0.14941473305225372
B22-250,/fhome/maed/HelicoDataSet/CrossValidation/Annotated/B22-250_0/01453.png,0,0.010552480816841125
B22-250,/fhome/maed/HelicoDataSet/CrossValidation/Annotated/B22-250_0/02913.png,0,0.0682913213968277
B22-250,/fhome/maed/HelicoDataSet/CrossValidation/Annotated/B22-250_0/01284.png,0,0.011662895791232586
B22-250,/fhome/maed/HelicoDataSet/CrossValidation/Annotated/B22-250_0/01448.png,0,0.13062041997909546
B22-250,/fhome/maed/HelicoDataSet/CrossValidation/Annotated/B22-250_0/02898.png,0,0.006853671744465828
B22-250,/fhome/maed/HelicoDataSet/CrossValidation/Annotated/B22-250_0/01612.png,0,0.005847105756402016
B22-250,/fhome/maed/HelicoDataSet/CrossValidation/Annotated/B22-250_0/01631.png,0,0.010691393166780472
B22-250,/fhome/maed/HelicoDataSet/CrossValidation/Annotated/B22-250_0/01399.png,0,0.02209741622209549
B22-250,/fhome/maed/HelicoDataSet/CrossValidation/Annotated/B22-250_0/02946.png,0,0.06711246073246002
B22-250,/fhome/maed/HelicoDataSet/CrossValidation/Annotated/B22-250_0/01239.png,0,0.0029899636283516884
B22-250,/fhome/maed/HelicoDataSet/CrossValidation/Annotated/B22-250_0/01754.png,0,0.005612473469227552
B22-250,/fhome/maed/HelicoDataSet/CrossValidation/Annotated/B22-250_0/01111.png,0,0.005496419500559568
B22-250,/fhome/maed/HelicoDataSet/CrossValidation/Annotated/B22-250_0/01761.png,0,0.03421890735626221
B22-250,/fhome/maed/HelicoDataSet/CrossValidation/Annotated/B22-250_0/01744.png,0,0.03247688338160515
B22-250,/fhome/maed/HelicoDataSet/CrossValidation/Annotated/B22-250_0/01750.png,0,0.09540122002363205
B22-250,/fhome/maed/HelicoDataSet/CrossValidation/Annotated/B22-250_0/01237.png,0,0.14287295937538147
B22-250,/fhome/maed/HelicoDataSet/CrossValidation/Annotated/B22-250_0/01127.png,0,0.0664195567369461
B22-250,/fhome/maed/HelicoDataSet/CrossValidation/Annotated/B22-250_0/01051.png,0,0.017432626336812973
B22-250,/fhome/maed/HelicoDataSet/CrossValidation/Annotated/B22-250_0/01768.png,0,0.07681521028280258
B22-250,/fhome/maed/HelicoDataSet/CrossValidation/Annotated/B22-250_0/02879.png,0,0.02528291381895542
B22-250,/fhome/maed/HelicoDataSet/CrossValidation/Annotated/B22-250_0/01626.png,0,0.019565057009458542
B22-250,/fhome/maed/HelicoDataSet/CrossValidation/Annotated/B22-250_0/01774.png,0,0.03649478033185005
B22-250,/fhome/maed/HelicoDataSet/CrossValidation/Annotated/B22-250_0/02959.png,0,0.0044716899283230305
B22-250,/fhome/maed/HelicoDataSet/CrossValidation/Annotated/B22-250_0/01769.png,0,0.02620837092399597
B22-250,/fhome/maed/HelicoDataSet/CrossValidation/Annotated/B22-250_0/02878.png,0,0.046265266835689545
B22-250,/fhome/maed/HelicoDataSet/CrossValidation/Annotated/B22-250_0/01234.png,0,0.013167905621230602
B22-250,/fhome/maed/HelicoDataSet/CrossValidation/Annotated/B22-250_0/02840.png,0,0.019982947036623955
B22-250,/fhome/maed/HelicoDataSet/CrossValidation/Annotated/B22-250_0/02256.png,0,0.007521142717450857
B22-250,/fhome/maed/HelicoDataSet/CrossValidation/Annotated/B22-250_0/01212.png,0,0.007157361134886742
B22-250,/fhome/maed/HelicoDataSet/CrossValidation/Annotated/B22-250_0/01719.png,0,0.009753387421369553
B22-250,/fhome/maed/HelicoDataSet/CrossValidation/Annotated/B22-250_0/01804.png,0,0.12554892897605896
B22-250,/fhome/maed/HelicoDataSet/CrossValidation/Annotated/B22-250_0/01759.png,0,0.023733077570796013
B22-250,/fhome/maed/HelicoDataSet/CrossValidation/Annotated/B22-250_0/02758.png,0,0.00941377505660057
B22-250,/fhome/maed/HelicoDataSet/CrossValidation/Annotated/B22-250_0/01641.png,0,0.010751049034297466
B22-250,/fhome/maed/HelicoDataSet/CrossValidation/Annotated/B22-250_0/02919.png,0,0.017444582656025887
B22-250,/fhome/maed/HelicoDataSet/CrossValidation/Annotated/B22-250_0/01053.png,0,0.006590168457478285
B22-250,/fhome/maed/HelicoDataSet/CrossValidation/Annotated/B22-250_0/02284.png,0,0.0076018450781702995
B22-250,/fhome/maed/HelicoDataSet/CrossValidation/Annotated/B22-250_0/01636.png,0,0.014601189643144608
B22-250,/fhome/maed/HelicoDataSet/CrossValidation/Annotated/B22-250_0/02293.png,0,0.0037513133138418198
B22-250,/fhome/maed/HelicoDataSet/CrossValidation/Annotated/B22-250_0/02951.png,0,0.012797949835658073
B22-250,/fhome/maed/HelicoDataSet/CrossValidation/Annotated/B22-250_0/01038.png,0,0.010158784687519073
B22-250,/fhome/maed/HelicoDataSet/CrossValidation/Annotated/B22-250_0/01118.png,0,0.012405822053551674
B22-250,/fhome/maed/HelicoDataSet/CrossValidation/Annotated/B22-250_0/01778.png,0,0.1289740800857544
B22-250,/fhome/maed/HelicoDataSet/CrossValidation/Annotated/B22-250_0/01606.png,0,0.0037345660384744406
B22-250,/fhome/maed/HelicoDataSet/CrossValidation/Annotated/B22-250_0/01428.png,0,0.008346646092832088
B22-250,/fhome/maed/HelicoDataSet/CrossValidation/Annotated/B22-250_0/01628.png,0,0.01829797960817814
B22-250,/fhome/maed/HelicoDataSet/CrossValidation/Annotated/B22-250_0/02285.png,0,0.019066516309976578
B22-250,/fhome/maed/HelicoDataSet/CrossValidation/Annotated/B22-250_0/02265.png,0,0.011653762310743332
B22-250,/fhome/maed/HelicoDataSet/CrossValidation/Annotated/B22-250_0/02911.png,0,0.008989025838673115
B22-250,/fhome/maed/HelicoDataSet/CrossValidation/Annotated/B22-250_0/01398.png,0,0.00674447463825345
B22-250,/fhome/maed/HelicoDataSet/CrossValidation/Annotated/B22-250_0/01742.png,0,0.008361317217350006
B22-250,/fhome/maed/HelicoDataSet/CrossValidation/Annotated/B22-250_0/02948.png,0,0.008375706151127815
B22-250,/fhome/maed/HelicoDataSet/CrossValidation/Annotated/B22-250_0/01765.png,0,0.02348431758582592
B22-250,/fhome/maed/HelicoDataSet/CrossValidation/Annotated/B22-250_0/01121.png,0,0.05683460086584091
B22-250,/fhome/maed/HelicoDataSet/CrossValidation/Annotated/B22-250_0/01752.png,0,0.017104078084230423
