CODI,PATH,PRESENCE
B22-270,/fhome/maed/HelicoDataSet/CrossValidation/Annotated/B22-270_0/01134.png,0
B22-270,/fhome/maed/HelicoDataSet/CrossValidation/Annotated/B22-270_0/01133.png,0
B22-47,/fhome/maed/HelicoDataSet/CrossValidation/Annotated/B22-47_0/01236.png,0
B22-47,/fhome/maed/HelicoDataSet/CrossValidation/Annotated/B22-47_0/00285.png,0
B22-47,/fhome/maed/HelicoDataSet/CrossValidation/Annotated/B22-47_0/01549.png,0
B22-47,/fhome/maed/HelicoDataSet/CrossValidation/Annotated/B22-47_0/01092.png,0
B22-47,/fhome/maed/HelicoDataSet/CrossValidation/Annotated/B22-47_0/01653_Aug8.png,1
B22-47,/fhome/maed/HelicoDataSet/CrossValidation/Annotated/B22-47_0/01653_Aug6.png,1
B22-47,/fhome/maed/HelicoDataSet/CrossValidation/Annotated/B22-47_0/01371.png,0
B22-47,/fhome/maed/HelicoDataSet/CrossValidation/Annotated/B22-47_0/01653.png,1
B22-47,/fhome/maed/HelicoDataSet/CrossValidation/Annotated/B22-47_0/01539.png,0
B22-47,/fhome/maed/HelicoDataSet/CrossValidation/Annotated/B22-47_0/00435.png,0
B22-47,/fhome/maed/HelicoDataSet/CrossValidation/Annotated/B22-47_0/01653_Aug3.png,1
B22-47,/fhome/maed/HelicoDataSet/CrossValidation/Annotated/B22-47_0/01653_Aug5.png,1
B22-47,/fhome/maed/HelicoDataSet/CrossValidation/Annotated/B22-47_0/01653_Aug4.png,1
B22-47,/fhome/maed/HelicoDataSet/CrossValidation/Annotated/B22-47_0/01729.png,0
B22-47,/fhome/maed/HelicoDataSet/CrossValidation/Annotated/B22-47_0/01653_Aug2.png,1
B22-47,/fhome/maed/HelicoDataSet/CrossValidation/Annotated/B22-47_0/01239.png,0
B22-47,/fhome/maed/HelicoDataSet/CrossValidation/Annotated/B22-47_0/00390.png,0
B22-47,/fhome/maed/HelicoDataSet/CrossValidation/Annotated/B22-47_0/01650.png,0
B22-47,/fhome/maed/HelicoDataSet/CrossValidation/Annotated/B22-47_0/01653_Aug1.png,1
B22-47,/fhome/maed/HelicoDataSet/CrossValidation/Annotated/B22-47_0/01653_Aug7.png,1
B22-84,/fhome/maed/HelicoDataSet/CrossValidation/Annotated/B22-84_0/00582_Aug7.png,1
B22-84,/fhome/maed/HelicoDataSet/CrossValidation/Annotated/B22-84_0/01978_Aug8.png,1
B22-84,/fhome/maed/HelicoDataSet/CrossValidation/Annotated/B22-84_0/00099.png,1
B22-84,/fhome/maed/HelicoDataSet/CrossValidation/Annotated/B22-84_0/01978_Aug4.png,1
B22-84,/fhome/maed/HelicoDataSet/CrossValidation/Annotated/B22-84_0/00627_Aug1.png,1
B22-84,/fhome/maed/HelicoDataSet/CrossValidation/Annotated/B22-84_0/00627_Aug7.png,1
B22-84,/fhome/maed/HelicoDataSet/CrossValidation/Annotated/B22-84_0/01522.png,0
B22-84,/fhome/maed/HelicoDataSet/CrossValidation/Annotated/B22-84_0/00582_Aug4.png,1
B22-84,/fhome/maed/HelicoDataSet/CrossValidation/Annotated/B22-84_0/00739_Aug6.png,1
B22-84,/fhome/maed/HelicoDataSet/CrossValidation/Annotated/B22-84_0/03689.png,0
B22-84,/fhome/maed/HelicoDataSet/CrossValidation/Annotated/B22-84_0/00099_Aug3.png,1
B22-84,/fhome/maed/HelicoDataSet/CrossValidation/Annotated/B22-84_0/01982_Aug5.png,1
B22-84,/fhome/maed/HelicoDataSet/CrossValidation/Annotated/B22-84_0/01006.png,0
B22-84,/fhome/maed/HelicoDataSet/CrossValidation/Annotated/B22-84_0/01982.png,1
B22-84,/fhome/maed/HelicoDataSet/CrossValidation/Annotated/B22-84_0/00739_Aug4.png,1
B22-84,/fhome/maed/HelicoDataSet/CrossValidation/Annotated/B22-84_0/02891.png,0
B22-84,/fhome/maed/HelicoDataSet/CrossValidation/Annotated/B22-84_0/01978_Aug5.png,1
B22-84,/fhome/maed/HelicoDataSet/CrossValidation/Annotated/B22-84_0/00582_Aug2.png,1
B22-84,/fhome/maed/HelicoDataSet/CrossValidation/Annotated/B22-84_0/01534.png,0
B22-84,/fhome/maed/HelicoDataSet/CrossValidation/Annotated/B22-84_0/00739.png,1
B22-84,/fhome/maed/HelicoDataSet/CrossValidation/Annotated/B22-84_0/00582.png,1
B22-84,/fhome/maed/HelicoDataSet/CrossValidation/Annotated/B22-84_0/00099_Aug4.png,1
B22-84,/fhome/maed/HelicoDataSet/CrossValidation/Annotated/B22-84_0/01978_Aug1.png,1
B22-84,/fhome/maed/HelicoDataSet/CrossValidation/Annotated/B22-84_0/00739_Aug7.png,1
B22-84,/fhome/maed/HelicoDataSet/CrossValidation/Annotated/B22-84_0/01982_Aug3.png,1
B22-84,/fhome/maed/HelicoDataSet/CrossValidation/Annotated/B22-84_0/01978_Aug7.png,1
B22-84,/fhome/maed/HelicoDataSet/CrossValidation/Annotated/B22-84_0/01982_Aug7.png,1
B22-84,/fhome/maed/HelicoDataSet/CrossValidation/Annotated/B22-84_0/03675.png,0
B22-84,/fhome/maed/HelicoDataSet/CrossValidation/Annotated/B22-84_0/01978_Aug3.png,1
B22-84,/fhome/maed/HelicoDataSet/CrossValidation/Annotated/B22-84_0/00099_Aug1.png,1
B22-84,/fhome/maed/HelicoDataSet/CrossValidation/Annotated/B22-84_0/01982_Aug8.png,1
B22-84,/fhome/maed/HelicoDataSet/CrossValidation/Annotated/B22-84_0/00627.png,1
B22-84,/fhome/maed/HelicoDataSet/CrossValidation/Annotated/B22-84_0/00627_Aug8.png,1
B22-84,/fhome/maed/HelicoDataSet/CrossValidation/Annotated/B22-84_0/00739_Aug1.png,1
B22-84,/fhome/maed/HelicoDataSet/CrossValidation/Annotated/B22-84_0/00099_Aug2.png,1
B22-84,/fhome/maed/HelicoDataSet/CrossValidation/Annotated/B22-84_0/00627_Aug5.png,1
B22-84,/fhome/maed/HelicoDataSet/CrossValidation/Annotated/B22-84_0/00627_Aug2.png,1
B22-84,/fhome/maed/HelicoDataSet/CrossValidation/Annotated/B22-84_0/00582_Aug8.png,1
B22-84,/fhome/maed/HelicoDataSet/CrossValidation/Annotated/B22-84_0/01214.png,0
B22-84,/fhome/maed/HelicoDataSet/CrossValidation/Annotated/B22-84_0/01978_Aug6.png,1
B22-84,/fhome/maed/HelicoDataSet/CrossValidation/Annotated/B22-84_0/00627_Aug6.png,1
B22-84,/fhome/maed/HelicoDataSet/CrossValidation/Annotated/B22-84_0/00627_Aug3.png,1
B22-84,/fhome/maed/HelicoDataSet/CrossValidation/Annotated/B22-84_0/00099_Aug5.png,1
B22-84,/fhome/maed/HelicoDataSet/CrossValidation/Annotated/B22-84_0/00099_Aug6.png,1
B22-84,/fhome/maed/HelicoDataSet/CrossValidation/Annotated/B22-84_0/00582_Aug1.png,1
B22-84,/fhome/maed/HelicoDataSet/CrossValidation/Annotated/B22-84_0/02890.png,0
B22-84,/fhome/maed/HelicoDataSet/CrossValidation/Annotated/B22-84_0/00739_Aug5.png,1
B22-84,/fhome/maed/HelicoDataSet/CrossValidation/Annotated/B22-84_0/01982_Aug6.png,1
B22-84,/fhome/maed/HelicoDataSet/CrossValidation/Annotated/B22-84_0/00739_Aug3.png,1
B22-84,/fhome/maed/HelicoDataSet/CrossValidation/Annotated/B22-84_0/01982_Aug4.png,1
B22-84,/fhome/maed/HelicoDataSet/CrossValidation/Annotated/B22-84_0/00582_Aug5.png,1
B22-84,/fhome/maed/HelicoDataSet/CrossValidation/Annotated/B22-84_0/01016.png,0
B22-84,/fhome/maed/HelicoDataSet/CrossValidation/Annotated/B22-84_0/01978_Aug2.png,1
B22-84,/fhome/maed/HelicoDataSet/CrossValidation/Annotated/B22-84_0/00627_Aug4.png,1
B22-84,/fhome/maed/HelicoDataSet/CrossValidation/Annotated/B22-84_0/00739_Aug8.png,1
B22-84,/fhome/maed/HelicoDataSet/CrossValidation/Annotated/B22-84_0/00582_Aug6.png,1
B22-84,/fhome/maed/HelicoDataSet/CrossValidation/Annotated/B22-84_0/01982_Aug1.png,1
B22-84,/fhome/maed/HelicoDataSet/CrossValidation/Annotated/B22-84_0/00220.png,0
B22-84,/fhome/maed/HelicoDataSet/CrossValidation/Annotated/B22-84_0/00739_Aug2.png,1
B22-84,/fhome/maed/HelicoDataSet/CrossValidation/Annotated/B22-84_0/00959.png,0
B22-84,/fhome/maed/HelicoDataSet/CrossValidation/Annotated/B22-84_0/00099_Aug8.png,1
B22-84,/fhome/maed/HelicoDataSet/CrossValidation/Annotated/B22-84_0/01982_Aug2.png,1
B22-84,/fhome/maed/HelicoDataSet/CrossValidation/Annotated/B22-84_0/01013.png,0
B22-84,/fhome/maed/HelicoDataSet/CrossValidation/Annotated/B22-84_0/00582_Aug3.png,1
B22-84,/fhome/maed/HelicoDataSet/CrossValidation/Annotated/B22-84_0/01978.png,1
B22-84,/fhome/maed/HelicoDataSet/CrossValidation/Annotated/B22-84_0/00099_Aug7.png,1
B22-45,/fhome/maed/HelicoDataSet/CrossValidation/Annotated/B22-45_0/01059_Aug3.png,1
B22-45,/fhome/maed/HelicoDataSet/CrossValidation/Annotated/B22-45_0/01027_Aug5.png,1
B22-45,/fhome/maed/HelicoDataSet/CrossValidation/Annotated/B22-45_0/01059_Aug8.png,1
B22-45,/fhome/maed/HelicoDataSet/CrossValidation/Annotated/B22-45_0/01050.png,0
B22-45,/fhome/maed/HelicoDataSet/CrossValidation/Annotated/B22-45_0/00741_Aug3.png,1
B22-45,/fhome/maed/HelicoDataSet/CrossValidation/Annotated/B22-45_0/01027_Aug2.png,1
B22-45,/fhome/maed/HelicoDataSet/CrossValidation/Annotated/B22-45_0/01027.png,1
B22-45,/fhome/maed/HelicoDataSet/CrossValidation/Annotated/B22-45_0/00741_Aug5.png,1
B22-45,/fhome/maed/HelicoDataSet/CrossValidation/Annotated/B22-45_0/01059_Aug7.png,1
B22-45,/fhome/maed/HelicoDataSet/CrossValidation/Annotated/B22-45_0/01059_Aug4.png,1
B22-45,/fhome/maed/HelicoDataSet/CrossValidation/Annotated/B22-45_0/01059_Aug1.png,1
B22-45,/fhome/maed/HelicoDataSet/CrossValidation/Annotated/B22-45_0/01027_Aug6.png,1
B22-45,/fhome/maed/HelicoDataSet/CrossValidation/Annotated/B22-45_0/01027_Aug8.png,1
B22-45,/fhome/maed/HelicoDataSet/CrossValidation/Annotated/B22-45_0/00741.png,1
B22-45,/fhome/maed/HelicoDataSet/CrossValidation/Annotated/B22-45_0/01027_Aug4.png,1
B22-45,/fhome/maed/HelicoDataSet/CrossValidation/Annotated/B22-45_0/01059.png,1
B22-45,/fhome/maed/HelicoDataSet/CrossValidation/Annotated/B22-45_0/01027_Aug1.png,1
B22-45,/fhome/maed/HelicoDataSet/CrossValidation/Annotated/B22-45_0/01027_Aug3.png,1
B22-45,/fhome/maed/HelicoDataSet/CrossValidation/Annotated/B22-45_0/00741_Aug2.png,1
B22-45,/fhome/maed/HelicoDataSet/CrossValidation/Annotated/B22-45_0/00741_Aug8.png,1
B22-45,/fhome/maed/HelicoDataSet/CrossValidation/Annotated/B22-45_0/01059_Aug5.png,1
B22-45,/fhome/maed/HelicoDataSet/CrossValidation/Annotated/B22-45_0/00741_Aug7.png,1
B22-45,/fhome/maed/HelicoDataSet/CrossValidation/Annotated/B22-45_0/00741_Aug4.png,1
B22-45,/fhome/maed/HelicoDataSet/CrossValidation/Annotated/B22-45_0/01027_Aug7.png,1
B22-45,/fhome/maed/HelicoDataSet/CrossValidation/Annotated/B22-45_0/01059_Aug2.png,1
B22-45,/fhome/maed/HelicoDataSet/CrossValidation/Annotated/B22-45_0/01059_Aug6.png,1
B22-45,/fhome/maed/HelicoDataSet/CrossValidation/Annotated/B22-45_0/00741_Aug6.png,1
B22-45,/fhome/maed/HelicoDataSet/CrossValidation/Annotated/B22-45_0/00741_Aug1.png,1
B22-54,/fhome/maed/HelicoDataSet/CrossValidation/Annotated/B22-54_1/00266.png,0
B22-54,/fhome/maed/HelicoDataSet/CrossValidation/Annotated/B22-54_1/00486.png,0
B22-54,/fhome/maed/HelicoDataSet/CrossValidation/Annotated/B22-54_1/00118.png,0
B22-54,/fhome/maed/HelicoDataSet/CrossValidation/Annotated/B22-54_1/00194.png,0
B22-34,/fhome/maed/HelicoDataSet/CrossValidation/Annotated/B22-34_1/00629.png,0
B22-34,/fhome/maed/HelicoDataSet/CrossValidation/Annotated/B22-34_1/00592.png,0
B22-34,/fhome/maed/HelicoDataSet/CrossValidation/Annotated/B22-34_1/00767.png,0
B22-311,/fhome/maed/HelicoDataSet/CrossValidation/Annotated/B22-311_0/00529.png,0
B22-311,/fhome/maed/HelicoDataSet/CrossValidation/Annotated/B22-311_0/00002.png,0
B22-167,/fhome/maed/HelicoDataSet/CrossValidation/Annotated/B22-167_0/00005.png,0
B22-167,/fhome/maed/HelicoDataSet/CrossValidation/Annotated/B22-167_0/02942.png,0
B22-167,/fhome/maed/HelicoDataSet/CrossValidation/Annotated/B22-167_0/00159.png,0
B22-167,/fhome/maed/HelicoDataSet/CrossValidation/Annotated/B22-167_0/00004.png,0
B22-167,/fhome/maed/HelicoDataSet/CrossValidation/Annotated/B22-167_0/00006.png,0
B22-284,/fhome/maed/HelicoDataSet/CrossValidation/Annotated/B22-284_0/01017.png,0
B22-284,/fhome/maed/HelicoDataSet/CrossValidation/Annotated/B22-284_0/00707.png,0
B22-284,/fhome/maed/HelicoDataSet/CrossValidation/Annotated/B22-284_0/01101.png,0
B22-284,/fhome/maed/HelicoDataSet/CrossValidation/Annotated/B22-284_0/01058.png,0
B22-284,/fhome/maed/HelicoDataSet/CrossValidation/Annotated/B22-284_0/01060.png,0
B22-284,/fhome/maed/HelicoDataSet/CrossValidation/Annotated/B22-284_0/00833.png,0
B22-284,/fhome/maed/HelicoDataSet/CrossValidation/Annotated/B22-284_0/01057.png,0
B22-284,/fhome/maed/HelicoDataSet/CrossValidation/Annotated/B22-284_0/00706.png,0
B22-284,/fhome/maed/HelicoDataSet/CrossValidation/Annotated/B22-284_0/01074.png,0
B22-284,/fhome/maed/HelicoDataSet/CrossValidation/Annotated/B22-284_0/00989.png,0
B22-284,/fhome/maed/HelicoDataSet/CrossValidation/Annotated/B22-284_0/01033.png,0
B22-284,/fhome/maed/HelicoDataSet/CrossValidation/Annotated/B22-284_0/00687.png,0
B22-284,/fhome/maed/HelicoDataSet/CrossValidation/Annotated/B22-284_0/01100.png,0
B22-284,/fhome/maed/HelicoDataSet/CrossValidation/Annotated/B22-284_0/00838.png,0
B22-284,/fhome/maed/HelicoDataSet/CrossValidation/Annotated/B22-284_0/01062.png,0
B22-284,/fhome/maed/HelicoDataSet/CrossValidation/Annotated/B22-284_0/01012.png,0
B22-284,/fhome/maed/HelicoDataSet/CrossValidation/Annotated/B22-284_0/01103.png,0
B22-284,/fhome/maed/HelicoDataSet/CrossValidation/Annotated/B22-284_0/01032.png,0
B22-284,/fhome/maed/HelicoDataSet/CrossValidation/Annotated/B22-284_0/00984.png,0
B22-284,/fhome/maed/HelicoDataSet/CrossValidation/Annotated/B22-284_0/00686.png,0
B22-284,/fhome/maed/HelicoDataSet/CrossValidation/Annotated/B22-284_0/00705.png,0
B22-284,/fhome/maed/HelicoDataSet/CrossValidation/Annotated/B22-284_0/01061.png,0
B22-284,/fhome/maed/HelicoDataSet/CrossValidation/Annotated/B22-284_0/00986.png,0
B22-284,/fhome/maed/HelicoDataSet/CrossValidation/Annotated/B22-284_0/01059.png,0
B22-284,/fhome/maed/HelicoDataSet/CrossValidation/Annotated/B22-284_0/01073.png,0
B22-284,/fhome/maed/HelicoDataSet/CrossValidation/Annotated/B22-284_0/01029.png,0
B22-284,/fhome/maed/HelicoDataSet/CrossValidation/Annotated/B22-284_0/00835.png,0
B22-284,/fhome/maed/HelicoDataSet/CrossValidation/Annotated/B22-284_0/01102.png,0
B22-284,/fhome/maed/HelicoDataSet/CrossValidation/Annotated/B22-284_0/01034.png,0
B22-284,/fhome/maed/HelicoDataSet/CrossValidation/Annotated/B22-284_0/01075.png,0
B22-284,/fhome/maed/HelicoDataSet/CrossValidation/Annotated/B22-284_0/00688.png,0
B22-284,/fhome/maed/HelicoDataSet/CrossValidation/Annotated/B22-284_0/00987.png,0
B22-284,/fhome/maed/HelicoDataSet/CrossValidation/Annotated/B22-284_0/01076.png,0
B22-284,/fhome/maed/HelicoDataSet/CrossValidation/Annotated/B22-284_0/01014.png,0
B22-284,/fhome/maed/HelicoDataSet/CrossValidation/Annotated/B22-284_0/00985.png,0
B22-284,/fhome/maed/HelicoDataSet/CrossValidation/Annotated/B22-284_0/01031.png,0
B22-284,/fhome/maed/HelicoDataSet/CrossValidation/Annotated/B22-284_0/00990.png,0
B22-284,/fhome/maed/HelicoDataSet/CrossValidation/Annotated/B22-284_0/00704.png,0
B22-284,/fhome/maed/HelicoDataSet/CrossValidation/Annotated/B22-284_0/01056.png,0
B22-284,/fhome/maed/HelicoDataSet/CrossValidation/Annotated/B22-284_0/01105.png,0
B22-284,/fhome/maed/HelicoDataSet/CrossValidation/Annotated/B22-284_0/00837.png,0
B22-284,/fhome/maed/HelicoDataSet/CrossValidation/Annotated/B22-284_0/00988.png,0
B22-284,/fhome/maed/HelicoDataSet/CrossValidation/Annotated/B22-284_0/01028.png,0
B22-284,/fhome/maed/HelicoDataSet/CrossValidation/Annotated/B22-284_0/01016.png,0
B22-284,/fhome/maed/HelicoDataSet/CrossValidation/Annotated/B22-284_0/01104.png,0
B22-284,/fhome/maed/HelicoDataSet/CrossValidation/Annotated/B22-284_0/00690.png,0
B22-284,/fhome/maed/HelicoDataSet/CrossValidation/Annotated/B22-284_0/00689.png,0
B22-284,/fhome/maed/HelicoDataSet/CrossValidation/Annotated/B22-284_0/01013.png,0
B22-284,/fhome/maed/HelicoDataSet/CrossValidation/Annotated/B22-284_0/01030.png,0
B22-284,/fhome/maed/HelicoDataSet/CrossValidation/Annotated/B22-284_0/01015.png,0
B22-284,/fhome/maed/HelicoDataSet/CrossValidation/Annotated/B22-284_0/00834.png,0
B22-284,/fhome/maed/HelicoDataSet/CrossValidation/Annotated/B22-284_0/00836.png,0
B22-190,/fhome/maed/HelicoDataSet/CrossValidation/Annotated/B22-190_1/00737.png,0
B22-190,/fhome/maed/HelicoDataSet/CrossValidation/Annotated/B22-190_1/01059.png,0
B22-190,/fhome/maed/HelicoDataSet/CrossValidation/Annotated/B22-190_1/00027.png,0
B22-190,/fhome/maed/HelicoDataSet/CrossValidation/Annotated/B22-190_1/00802.png,0
B22-190,/fhome/maed/HelicoDataSet/CrossValidation/Annotated/B22-190_1/00180.png,0
B22-307,/fhome/maed/HelicoDataSet/CrossValidation/Annotated/B22-307_0/00284.png,0
B22-307,/fhome/maed/HelicoDataSet/CrossValidation/Annotated/B22-307_0/00261.png,0
B22-307,/fhome/maed/HelicoDataSet/CrossValidation/Annotated/B22-307_0/00300.png,0
B22-123,/fhome/maed/HelicoDataSet/CrossValidation/Annotated/B22-123_0/01063_Aug2.png,1
B22-123,/fhome/maed/HelicoDataSet/CrossValidation/Annotated/B22-123_0/01063_Aug7.png,1
B22-123,/fhome/maed/HelicoDataSet/CrossValidation/Annotated/B22-123_0/00687_Aug2.png,1
B22-123,/fhome/maed/HelicoDataSet/CrossValidation/Annotated/B22-123_0/01063_Aug8.png,1
B22-123,/fhome/maed/HelicoDataSet/CrossValidation/Annotated/B22-123_0/00696_Aug3.png,1
B22-123,/fhome/maed/HelicoDataSet/CrossValidation/Annotated/B22-123_0/00696_Aug2.png,1
B22-123,/fhome/maed/HelicoDataSet/CrossValidation/Annotated/B22-123_0/00994.png,0
B22-123,/fhome/maed/HelicoDataSet/CrossValidation/Annotated/B22-123_0/00839.png,0
B22-123,/fhome/maed/HelicoDataSet/CrossValidation/Annotated/B22-123_0/00687_Aug6.png,1
B22-123,/fhome/maed/HelicoDataSet/CrossValidation/Annotated/B22-123_0/00696_Aug4.png,1
B22-123,/fhome/maed/HelicoDataSet/CrossValidation/Annotated/B22-123_0/00308.png,0
B22-123,/fhome/maed/HelicoDataSet/CrossValidation/Annotated/B22-123_0/00687.png,1
B22-123,/fhome/maed/HelicoDataSet/CrossValidation/Annotated/B22-123_0/00993.png,0
B22-123,/fhome/maed/HelicoDataSet/CrossValidation/Annotated/B22-123_0/00696_Aug1.png,1
B22-123,/fhome/maed/HelicoDataSet/CrossValidation/Annotated/B22-123_0/00047.png,0
B22-123,/fhome/maed/HelicoDataSet/CrossValidation/Annotated/B22-123_0/01063_Aug6.png,1
B22-123,/fhome/maed/HelicoDataSet/CrossValidation/Annotated/B22-123_0/00687_Aug8.png,1
B22-123,/fhome/maed/HelicoDataSet/CrossValidation/Annotated/B22-123_0/00696_Aug7.png,1
B22-123,/fhome/maed/HelicoDataSet/CrossValidation/Annotated/B22-123_0/01063_Aug5.png,1
B22-123,/fhome/maed/HelicoDataSet/CrossValidation/Annotated/B22-123_0/00696_Aug5.png,1
B22-123,/fhome/maed/HelicoDataSet/CrossValidation/Annotated/B22-123_0/00696.png,1
B22-123,/fhome/maed/HelicoDataSet/CrossValidation/Annotated/B22-123_0/01063_Aug3.png,1
B22-123,/fhome/maed/HelicoDataSet/CrossValidation/Annotated/B22-123_0/00696_Aug8.png,1
B22-123,/fhome/maed/HelicoDataSet/CrossValidation/Annotated/B22-123_0/00687_Aug4.png,1
B22-123,/fhome/maed/HelicoDataSet/CrossValidation/Annotated/B22-123_0/00687_Aug7.png,1
B22-123,/fhome/maed/HelicoDataSet/CrossValidation/Annotated/B22-123_0/01063_Aug1.png,1
B22-123,/fhome/maed/HelicoDataSet/CrossValidation/Annotated/B22-123_0/00687_Aug5.png,1
B22-123,/fhome/maed/HelicoDataSet/CrossValidation/Annotated/B22-123_0/00696_Aug6.png,1
B22-123,/fhome/maed/HelicoDataSet/CrossValidation/Annotated/B22-123_0/00687_Aug3.png,1
B22-123,/fhome/maed/HelicoDataSet/CrossValidation/Annotated/B22-123_0/00687_Aug1.png,1
B22-123,/fhome/maed/HelicoDataSet/CrossValidation/Annotated/B22-123_0/01063.png,1
B22-123,/fhome/maed/HelicoDataSet/CrossValidation/Annotated/B22-123_0/01063_Aug4.png,1
B22-244,/fhome/maed/HelicoDataSet/CrossValidation/Annotated/B22-244_0/01327.png,0
B22-244,/fhome/maed/HelicoDataSet/CrossValidation/Annotated/B22-244_0/01708.png,0
B22-244,/fhome/maed/HelicoDataSet/CrossValidation/Annotated/B22-244_0/01288.png,0
B22-244,/fhome/maed/HelicoDataSet/CrossValidation/Annotated/B22-244_0/01711.png,0
B22-214,/fhome/maed/HelicoDataSet/CrossValidation/Annotated/B22-214_0/01101.png,0
B22-214,/fhome/maed/HelicoDataSet/CrossValidation/Annotated/B22-214_0/00949.png,0
B22-188,/fhome/maed/HelicoDataSet/CrossValidation/Annotated/B22-188_0/00005.png,0
B22-188,/fhome/maed/HelicoDataSet/CrossValidation/Annotated/B22-188_0/00254.png,0
B22-188,/fhome/maed/HelicoDataSet/CrossValidation/Annotated/B22-188_0/00256.png,0
B22-185,/fhome/maed/HelicoDataSet/CrossValidation/Annotated/B22-185_0/00821.png,0
B22-175,/fhome/maed/HelicoDataSet/CrossValidation/Annotated/B22-175_1/00551.png,0
B22-175,/fhome/maed/HelicoDataSet/CrossValidation/Annotated/B22-175_1/00683.png,0
B22-175,/fhome/maed/HelicoDataSet/CrossValidation/Annotated/B22-175_1/00609.png,0
B22-175,/fhome/maed/HelicoDataSet/CrossValidation/Annotated/B22-175_1/00467.png,0
B22-175,/fhome/maed/HelicoDataSet/CrossValidation/Annotated/B22-175_1/00325.png,0
B22-175,/fhome/maed/HelicoDataSet/CrossValidation/Annotated/B22-175_1/00624.png,0
B22-175,/fhome/maed/HelicoDataSet/CrossValidation/Annotated/B22-175_1/00538.png,0
B22-175,/fhome/maed/HelicoDataSet/CrossValidation/Annotated/B22-175_1/00569.png,0
B22-175,/fhome/maed/HelicoDataSet/CrossValidation/Annotated/B22-175_1/00500.png,0
B22-152,/fhome/maed/HelicoDataSet/CrossValidation/Annotated/B22-152_1/00214.png,0
B22-152,/fhome/maed/HelicoDataSet/CrossValidation/Annotated/B22-152_1/00556.png,0
B22-152,/fhome/maed/HelicoDataSet/CrossValidation/Annotated/B22-152_1/00102.png,0
B22-152,/fhome/maed/HelicoDataSet/CrossValidation/Annotated/B22-152_1/00416.png,0
B22-157,/fhome/maed/HelicoDataSet/CrossValidation/Annotated/B22-157_0/00111.png,0
B22-275,/fhome/maed/HelicoDataSet/CrossValidation/Annotated/B22-275_0/00119.png,1
B22-275,/fhome/maed/HelicoDataSet/CrossValidation/Annotated/B22-275_0/00119_Aug5.png,1
B22-275,/fhome/maed/HelicoDataSet/CrossValidation/Annotated/B22-275_0/00119_Aug6.png,1
B22-275,/fhome/maed/HelicoDataSet/CrossValidation/Annotated/B22-275_0/00119_Aug8.png,1
B22-275,/fhome/maed/HelicoDataSet/CrossValidation/Annotated/B22-275_0/00119_Aug2.png,1
B22-275,/fhome/maed/HelicoDataSet/CrossValidation/Annotated/B22-275_0/00144_Aug6.png,1
B22-275,/fhome/maed/HelicoDataSet/CrossValidation/Annotated/B22-275_0/00144_Aug8.png,1
B22-275,/fhome/maed/HelicoDataSet/CrossValidation/Annotated/B22-275_0/00144_Aug5.png,1
B22-275,/fhome/maed/HelicoDataSet/CrossValidation/Annotated/B22-275_0/00144_Aug3.png,1
B22-275,/fhome/maed/HelicoDataSet/CrossValidation/Annotated/B22-275_0/00119_Aug7.png,1
B22-275,/fhome/maed/HelicoDataSet/CrossValidation/Annotated/B22-275_0/00119_Aug4.png,1
B22-275,/fhome/maed/HelicoDataSet/CrossValidation/Annotated/B22-275_0/00119_Aug1.png,1
B22-275,/fhome/maed/HelicoDataSet/CrossValidation/Annotated/B22-275_0/00144_Aug1.png,1
B22-275,/fhome/maed/HelicoDataSet/CrossValidation/Annotated/B22-275_0/00119_Aug3.png,1
B22-275,/fhome/maed/HelicoDataSet/CrossValidation/Annotated/B22-275_0/00477.png,0
B22-275,/fhome/maed/HelicoDataSet/CrossValidation/Annotated/B22-275_0/00144_Aug4.png,1
B22-275,/fhome/maed/HelicoDataSet/CrossValidation/Annotated/B22-275_0/00144_Aug7.png,1
B22-275,/fhome/maed/HelicoDataSet/CrossValidation/Annotated/B22-275_0/00144.png,1
B22-275,/fhome/maed/HelicoDataSet/CrossValidation/Annotated/B22-275_0/00144_Aug2.png,1
B22-298,/fhome/maed/HelicoDataSet/CrossValidation/Annotated/B22-298_0/01280.png,0
B22-298,/fhome/maed/HelicoDataSet/CrossValidation/Annotated/B22-298_0/00338.png,0
B22-35,/fhome/maed/HelicoDataSet/CrossValidation/Annotated/B22-35_0/00332.png,0
B22-148,/fhome/maed/HelicoDataSet/CrossValidation/Annotated/B22-148_1/00035.png,0
B22-148,/fhome/maed/HelicoDataSet/CrossValidation/Annotated/B22-148_1/00193.png,0
B22-56,/fhome/maed/HelicoDataSet/CrossValidation/Annotated/B22-56_0/02617.png,0
B22-56,/fhome/maed/HelicoDataSet/CrossValidation/Annotated/B22-56_0/00015.png,0
B22-56,/fhome/maed/HelicoDataSet/CrossValidation/Annotated/B22-56_0/00021.png,0
B22-56,/fhome/maed/HelicoDataSet/CrossValidation/Annotated/B22-56_0/00017.png,0
B22-56,/fhome/maed/HelicoDataSet/CrossValidation/Annotated/B22-56_0/00519.png,0
B22-56,/fhome/maed/HelicoDataSet/CrossValidation/Annotated/B22-56_0/00320.png,0
B22-56,/fhome/maed/HelicoDataSet/CrossValidation/Annotated/B22-56_0/00316.png,0
B22-56,/fhome/maed/HelicoDataSet/CrossValidation/Annotated/B22-56_0/00016.png,0
B22-101,/fhome/maed/HelicoDataSet/CrossValidation/Annotated/B22-101_0/00201_Aug1.png,1
B22-101,/fhome/maed/HelicoDataSet/CrossValidation/Annotated/B22-101_0/00201_Aug7.png,1
B22-101,/fhome/maed/HelicoDataSet/CrossValidation/Annotated/B22-101_0/00201.png,1
B22-101,/fhome/maed/HelicoDataSet/CrossValidation/Annotated/B22-101_0/00201_Aug6.png,1
B22-101,/fhome/maed/HelicoDataSet/CrossValidation/Annotated/B22-101_0/00280.png,0
B22-101,/fhome/maed/HelicoDataSet/CrossValidation/Annotated/B22-101_0/00415.png,0
B22-101,/fhome/maed/HelicoDataSet/CrossValidation/Annotated/B22-101_0/00201_Aug3.png,1
B22-101,/fhome/maed/HelicoDataSet/CrossValidation/Annotated/B22-101_0/00201_Aug5.png,1
B22-101,/fhome/maed/HelicoDataSet/CrossValidation/Annotated/B22-101_0/00180.png,0
B22-101,/fhome/maed/HelicoDataSet/CrossValidation/Annotated/B22-101_0/00201_Aug2.png,1
B22-101,/fhome/maed/HelicoDataSet/CrossValidation/Annotated/B22-101_0/00201_Aug8.png,1
B22-101,/fhome/maed/HelicoDataSet/CrossValidation/Annotated/B22-101_0/00201_Aug4.png,1
B22-193,/fhome/maed/HelicoDataSet/CrossValidation/Annotated/B22-193_0/00549.png,0
B22-193,/fhome/maed/HelicoDataSet/CrossValidation/Annotated/B22-193_0/00598.png,0
B22-104,/fhome/maed/HelicoDataSet/CrossValidation/Annotated/B22-104_0/00555.png,0
B22-104,/fhome/maed/HelicoDataSet/CrossValidation/Annotated/B22-104_0/00557.png,0
B22-104,/fhome/maed/HelicoDataSet/CrossValidation/Annotated/B22-104_0/00398.png,0
B22-104,/fhome/maed/HelicoDataSet/CrossValidation/Annotated/B22-104_0/00553.png,0
B22-104,/fhome/maed/HelicoDataSet/CrossValidation/Annotated/B22-104_0/00438.png,0
B22-112,/fhome/maed/HelicoDataSet/CrossValidation/Annotated/B22-112_1/00279.png,0
B22-112,/fhome/maed/HelicoDataSet/CrossValidation/Annotated/B22-112_1/00061.png,0
B22-112,/fhome/maed/HelicoDataSet/CrossValidation/Annotated/B22-112_1/00341.png,0
B22-112,/fhome/maed/HelicoDataSet/CrossValidation/Annotated/B22-112_1/00050.png,0
B22-112,/fhome/maed/HelicoDataSet/CrossValidation/Annotated/B22-112_1/00237.png,0
B22-112,/fhome/maed/HelicoDataSet/CrossValidation/Annotated/B22-112_1/00038.png,0
B22-112,/fhome/maed/HelicoDataSet/CrossValidation/Annotated/B22-112_1/00109.png,0
B22-112,/fhome/maed/HelicoDataSet/CrossValidation/Annotated/B22-112_1/00245.png,0
B22-300,/fhome/maed/HelicoDataSet/CrossValidation/Annotated/B22-300_0/01116.png,0
B22-300,/fhome/maed/HelicoDataSet/CrossValidation/Annotated/B22-300_0/01062.png,0
B22-300,/fhome/maed/HelicoDataSet/CrossValidation/Annotated/B22-300_0/00842.png,0
B22-300,/fhome/maed/HelicoDataSet/CrossValidation/Annotated/B22-300_0/00148.png,0
B22-165,/fhome/maed/HelicoDataSet/CrossValidation/Annotated/B22-165_0/00060.png,0
B22-165,/fhome/maed/HelicoDataSet/CrossValidation/Annotated/B22-165_0/00061.png,0
B22-51,/fhome/maed/HelicoDataSet/CrossValidation/Annotated/B22-51_0/00392_Aug8.png,1
B22-51,/fhome/maed/HelicoDataSet/CrossValidation/Annotated/B22-51_0/00392_Aug5.png,1
B22-51,/fhome/maed/HelicoDataSet/CrossValidation/Annotated/B22-51_0/00392_Aug1.png,1
B22-51,/fhome/maed/HelicoDataSet/CrossValidation/Annotated/B22-51_0/00392_Aug6.png,1
B22-51,/fhome/maed/HelicoDataSet/CrossValidation/Annotated/B22-51_0/00652.png,0
B22-51,/fhome/maed/HelicoDataSet/CrossValidation/Annotated/B22-51_0/00226.png,0
B22-51,/fhome/maed/HelicoDataSet/CrossValidation/Annotated/B22-51_0/00392.png,1
B22-51,/fhome/maed/HelicoDataSet/CrossValidation/Annotated/B22-51_0/00392_Aug7.png,1
B22-51,/fhome/maed/HelicoDataSet/CrossValidation/Annotated/B22-51_0/00392_Aug4.png,1
B22-51,/fhome/maed/HelicoDataSet/CrossValidation/Annotated/B22-51_0/00392_Aug2.png,1
B22-51,/fhome/maed/HelicoDataSet/CrossValidation/Annotated/B22-51_0/00392_Aug3.png,1
B22-51,/fhome/maed/HelicoDataSet/CrossValidation/Annotated/B22-51_0/00242.png,0
B22-51,/fhome/maed/HelicoDataSet/CrossValidation/Annotated/B22-51_0/00317.png,0
B22-174,/fhome/maed/HelicoDataSet/CrossValidation/Annotated/B22-174_0/00249_Aug1.png,1
B22-174,/fhome/maed/HelicoDataSet/CrossValidation/Annotated/B22-174_0/00249_Aug2.png,1
B22-174,/fhome/maed/HelicoDataSet/CrossValidation/Annotated/B22-174_0/00249_Aug8.png,1
B22-174,/fhome/maed/HelicoDataSet/CrossValidation/Annotated/B22-174_0/00167.png,0
B22-174,/fhome/maed/HelicoDataSet/CrossValidation/Annotated/B22-174_0/00234.png,0
B22-174,/fhome/maed/HelicoDataSet/CrossValidation/Annotated/B22-174_0/00249_Aug3.png,1
B22-174,/fhome/maed/HelicoDataSet/CrossValidation/Annotated/B22-174_0/00159.png,0
B22-174,/fhome/maed/HelicoDataSet/CrossValidation/Annotated/B22-174_0/00224_Aug4.png,1
B22-174,/fhome/maed/HelicoDataSet/CrossValidation/Annotated/B22-174_0/00166.png,0
B22-174,/fhome/maed/HelicoDataSet/CrossValidation/Annotated/B22-174_0/00288.png,0
B22-174,/fhome/maed/HelicoDataSet/CrossValidation/Annotated/B22-174_0/00235.png,0
B22-174,/fhome/maed/HelicoDataSet/CrossValidation/Annotated/B22-174_0/00155.png,0
B22-174,/fhome/maed/HelicoDataSet/CrossValidation/Annotated/B22-174_0/00191.png,0
B22-174,/fhome/maed/HelicoDataSet/CrossValidation/Annotated/B22-174_0/00224_Aug1.png,1
B22-174,/fhome/maed/HelicoDataSet/CrossValidation/Annotated/B22-174_0/00201.png,0
B22-174,/fhome/maed/HelicoDataSet/CrossValidation/Annotated/B22-174_0/00225_Aug6.png,1
B22-174,/fhome/maed/HelicoDataSet/CrossValidation/Annotated/B22-174_0/00168.png,0
B22-174,/fhome/maed/HelicoDataSet/CrossValidation/Annotated/B22-174_0/00216.png,0
B22-174,/fhome/maed/HelicoDataSet/CrossValidation/Annotated/B22-174_0/00239.png,1
B22-174,/fhome/maed/HelicoDataSet/CrossValidation/Annotated/B22-174_0/00170.png,0
B22-174,/fhome/maed/HelicoDataSet/CrossValidation/Annotated/B22-174_0/00270.png,0
B22-174,/fhome/maed/HelicoDataSet/CrossValidation/Annotated/B22-174_0/00224_Aug2.png,1
B22-174,/fhome/maed/HelicoDataSet/CrossValidation/Annotated/B22-174_0/00215.png,0
B22-174,/fhome/maed/HelicoDataSet/CrossValidation/Annotated/B22-174_0/00249_Aug6.png,1
B22-174,/fhome/maed/HelicoDataSet/CrossValidation/Annotated/B22-174_0/00239_Aug4.png,1
B22-174,/fhome/maed/HelicoDataSet/CrossValidation/Annotated/B22-174_0/00198.png,0
B22-174,/fhome/maed/HelicoDataSet/CrossValidation/Annotated/B22-174_0/00183.png,0
B22-174,/fhome/maed/HelicoDataSet/CrossValidation/Annotated/B22-174_0/00224_Aug6.png,1
B22-174,/fhome/maed/HelicoDataSet/CrossValidation/Annotated/B22-174_0/00239_Aug1.png,1
B22-174,/fhome/maed/HelicoDataSet/CrossValidation/Annotated/B22-174_0/00228.png,0
B22-174,/fhome/maed/HelicoDataSet/CrossValidation/Annotated/B22-174_0/00272.png,0
B22-174,/fhome/maed/HelicoDataSet/CrossValidation/Annotated/B22-174_0/00188.png,0
B22-174,/fhome/maed/HelicoDataSet/CrossValidation/Annotated/B22-174_0/00243.png,0
B22-174,/fhome/maed/HelicoDataSet/CrossValidation/Annotated/B22-174_0/00249_Aug5.png,1
B22-174,/fhome/maed/HelicoDataSet/CrossValidation/Annotated/B22-174_0/00238.png,0
B22-174,/fhome/maed/HelicoDataSet/CrossValidation/Annotated/B22-174_0/00222.png,0
B22-174,/fhome/maed/HelicoDataSet/CrossValidation/Annotated/B22-174_0/00239_Aug7.png,1
B22-174,/fhome/maed/HelicoDataSet/CrossValidation/Annotated/B22-174_0/00214.png,0
B22-174,/fhome/maed/HelicoDataSet/CrossValidation/Annotated/B22-174_0/00210.png,0
B22-174,/fhome/maed/HelicoDataSet/CrossValidation/Annotated/B22-174_0/00249_Aug4.png,1
B22-174,/fhome/maed/HelicoDataSet/CrossValidation/Annotated/B22-174_0/00224_Aug5.png,1
B22-174,/fhome/maed/HelicoDataSet/CrossValidation/Annotated/B22-174_0/00267.png,0
B22-174,/fhome/maed/HelicoDataSet/CrossValidation/Annotated/B22-174_0/00256.png,0
B22-174,/fhome/maed/HelicoDataSet/CrossValidation/Annotated/B22-174_0/00768.png,0
B22-174,/fhome/maed/HelicoDataSet/CrossValidation/Annotated/B22-174_0/00195.png,0
B22-174,/fhome/maed/HelicoDataSet/CrossValidation/Annotated/B22-174_0/00226.png,0
B22-174,/fhome/maed/HelicoDataSet/CrossValidation/Annotated/B22-174_0/00204.png,0
B22-174,/fhome/maed/HelicoDataSet/CrossValidation/Annotated/B22-174_0/00239_Aug2.png,1
B22-174,/fhome/maed/HelicoDataSet/CrossValidation/Annotated/B22-174_0/00232.png,0
B22-174,/fhome/maed/HelicoDataSet/CrossValidation/Annotated/B22-174_0/00187.png,0
B22-174,/fhome/maed/HelicoDataSet/CrossValidation/Annotated/B22-174_0/00190.png,0
B22-174,/fhome/maed/HelicoDataSet/CrossValidation/Annotated/B22-174_0/00225_Aug1.png,1
B22-174,/fhome/maed/HelicoDataSet/CrossValidation/Annotated/B22-174_0/00289.png,0
B22-174,/fhome/maed/HelicoDataSet/CrossValidation/Annotated/B22-174_0/00172.png,0
B22-174,/fhome/maed/HelicoDataSet/CrossValidation/Annotated/B22-174_0/00225_Aug5.png,1
B22-174,/fhome/maed/HelicoDataSet/CrossValidation/Annotated/B22-174_0/00284.png,0
B22-174,/fhome/maed/HelicoDataSet/CrossValidation/Annotated/B22-174_0/00241.png,0
B22-174,/fhome/maed/HelicoDataSet/CrossValidation/Annotated/B22-174_0/00161.png,0
B22-174,/fhome/maed/HelicoDataSet/CrossValidation/Annotated/B22-174_0/00237.png,0
B22-174,/fhome/maed/HelicoDataSet/CrossValidation/Annotated/B22-174_0/00224_Aug3.png,1
B22-174,/fhome/maed/HelicoDataSet/CrossValidation/Annotated/B22-174_0/00225_Aug3.png,1
B22-174,/fhome/maed/HelicoDataSet/CrossValidation/Annotated/B22-174_0/00182.png,0
B22-174,/fhome/maed/HelicoDataSet/CrossValidation/Annotated/B22-174_0/00199.png,0
B22-174,/fhome/maed/HelicoDataSet/CrossValidation/Annotated/B22-174_0/00196.png,0
B22-174,/fhome/maed/HelicoDataSet/CrossValidation/Annotated/B22-174_0/00211.png,0
B22-174,/fhome/maed/HelicoDataSet/CrossValidation/Annotated/B22-174_0/00205.png,0
B22-174,/fhome/maed/HelicoDataSet/CrossValidation/Annotated/B22-174_0/00225.png,1
B22-174,/fhome/maed/HelicoDataSet/CrossValidation/Annotated/B22-174_0/00162.png,0
B22-174,/fhome/maed/HelicoDataSet/CrossValidation/Annotated/B22-174_0/00180.png,0
B22-174,/fhome/maed/HelicoDataSet/CrossValidation/Annotated/B22-174_0/00225_Aug2.png,1
B22-174,/fhome/maed/HelicoDataSet/CrossValidation/Annotated/B22-174_0/00244.png,0
B22-174,/fhome/maed/HelicoDataSet/CrossValidation/Annotated/B22-174_0/00224_Aug8.png,1
B22-174,/fhome/maed/HelicoDataSet/CrossValidation/Annotated/B22-174_0/00197.png,0
B22-174,/fhome/maed/HelicoDataSet/CrossValidation/Annotated/B22-174_0/00268.png,0
B22-174,/fhome/maed/HelicoDataSet/CrossValidation/Annotated/B22-174_0/00192.png,0
B22-174,/fhome/maed/HelicoDataSet/CrossValidation/Annotated/B22-174_0/00236.png,0
B22-174,/fhome/maed/HelicoDataSet/CrossValidation/Annotated/B22-174_0/00156.png,0
B22-174,/fhome/maed/HelicoDataSet/CrossValidation/Annotated/B22-174_0/00178.png,0
B22-174,/fhome/maed/HelicoDataSet/CrossValidation/Annotated/B22-174_0/00175.png,0
B22-174,/fhome/maed/HelicoDataSet/CrossValidation/Annotated/B22-174_0/00255.png,0
B22-174,/fhome/maed/HelicoDataSet/CrossValidation/Annotated/B22-174_0/00240.png,0
B22-174,/fhome/maed/HelicoDataSet/CrossValidation/Annotated/B22-174_0/00290.png,0
B22-174,/fhome/maed/HelicoDataSet/CrossValidation/Annotated/B22-174_0/00246.png,0
B22-174,/fhome/maed/HelicoDataSet/CrossValidation/Annotated/B22-174_0/00181.png,0
B22-174,/fhome/maed/HelicoDataSet/CrossValidation/Annotated/B22-174_0/00208.png,0
B22-174,/fhome/maed/HelicoDataSet/CrossValidation/Annotated/B22-174_0/00173.png,0
B22-174,/fhome/maed/HelicoDataSet/CrossValidation/Annotated/B22-174_0/00174.png,0
B22-174,/fhome/maed/HelicoDataSet/CrossValidation/Annotated/B22-174_0/00152.png,0
B22-174,/fhome/maed/HelicoDataSet/CrossValidation/Annotated/B22-174_0/00262.png,0
B22-174,/fhome/maed/HelicoDataSet/CrossValidation/Annotated/B22-174_0/00261.png,0
B22-174,/fhome/maed/HelicoDataSet/CrossValidation/Annotated/B22-174_0/00242.png,0
B22-174,/fhome/maed/HelicoDataSet/CrossValidation/Annotated/B22-174_0/00189.png,0
B22-174,/fhome/maed/HelicoDataSet/CrossValidation/Annotated/B22-174_0/00283.png,0
B22-174,/fhome/maed/HelicoDataSet/CrossValidation/Annotated/B22-174_0/00193.png,0
B22-174,/fhome/maed/HelicoDataSet/CrossValidation/Annotated/B22-174_0/00186.png,0
B22-174,/fhome/maed/HelicoDataSet/CrossValidation/Annotated/B22-174_0/00225_Aug4.png,1
B22-174,/fhome/maed/HelicoDataSet/CrossValidation/Annotated/B22-174_0/00225_Aug8.png,1
B22-174,/fhome/maed/HelicoDataSet/CrossValidation/Annotated/B22-174_0/00207.png,0
B22-174,/fhome/maed/HelicoDataSet/CrossValidation/Annotated/B22-174_0/00258.png,0
B22-174,/fhome/maed/HelicoDataSet/CrossValidation/Annotated/B22-174_0/00249.png,1
B22-174,/fhome/maed/HelicoDataSet/CrossValidation/Annotated/B22-174_0/00219.png,0
B22-174,/fhome/maed/HelicoDataSet/CrossValidation/Annotated/B22-174_0/00224_Aug7.png,1
B22-174,/fhome/maed/HelicoDataSet/CrossValidation/Annotated/B22-174_0/00239_Aug8.png,1
B22-174,/fhome/maed/HelicoDataSet/CrossValidation/Annotated/B22-174_0/00154.png,0
B22-174,/fhome/maed/HelicoDataSet/CrossValidation/Annotated/B22-174_0/00239_Aug6.png,1
B22-174,/fhome/maed/HelicoDataSet/CrossValidation/Annotated/B22-174_0/00202.png,0
B22-174,/fhome/maed/HelicoDataSet/CrossValidation/Annotated/B22-174_0/00227.png,0
B22-174,/fhome/maed/HelicoDataSet/CrossValidation/Annotated/B22-174_0/00229.png,0
B22-174,/fhome/maed/HelicoDataSet/CrossValidation/Annotated/B22-174_0/00217.png,0
B22-174,/fhome/maed/HelicoDataSet/CrossValidation/Annotated/B22-174_0/00286.png,0
B22-174,/fhome/maed/HelicoDataSet/CrossValidation/Annotated/B22-174_0/00194.png,0
B22-174,/fhome/maed/HelicoDataSet/CrossValidation/Annotated/B22-174_0/00165.png,0
B22-174,/fhome/maed/HelicoDataSet/CrossValidation/Annotated/B22-174_0/00184.png,0
B22-174,/fhome/maed/HelicoDataSet/CrossValidation/Annotated/B22-174_0/00158.png,0
B22-174,/fhome/maed/HelicoDataSet/CrossValidation/Annotated/B22-174_0/00239_Aug3.png,1
B22-174,/fhome/maed/HelicoDataSet/CrossValidation/Annotated/B22-174_0/00177.png,0
B22-174,/fhome/maed/HelicoDataSet/CrossValidation/Annotated/B22-174_0/00252.png,0
B22-174,/fhome/maed/HelicoDataSet/CrossValidation/Annotated/B22-174_0/00233.png,0
B22-174,/fhome/maed/HelicoDataSet/CrossValidation/Annotated/B22-174_0/00257.png,0
B22-174,/fhome/maed/HelicoDataSet/CrossValidation/Annotated/B22-174_0/00275.png,0
B22-174,/fhome/maed/HelicoDataSet/CrossValidation/Annotated/B22-174_0/00249_Aug7.png,1
B22-174,/fhome/maed/HelicoDataSet/CrossValidation/Annotated/B22-174_0/00225_Aug7.png,1
B22-174,/fhome/maed/HelicoDataSet/CrossValidation/Annotated/B22-174_0/00245.png,0
B22-174,/fhome/maed/HelicoDataSet/CrossValidation/Annotated/B22-174_0/00631.png,0
B22-174,/fhome/maed/HelicoDataSet/CrossValidation/Annotated/B22-174_0/00239_Aug5.png,1
B22-174,/fhome/maed/HelicoDataSet/CrossValidation/Annotated/B22-174_0/00224.png,1
B22-174,/fhome/maed/HelicoDataSet/CrossValidation/Annotated/B22-174_0/00157.png,0
B22-308,/fhome/maed/HelicoDataSet/CrossValidation/Annotated/B22-308_0/00086.png,0
B22-183,/fhome/maed/HelicoDataSet/CrossValidation/Annotated/B22-183_1/00817.png,0
B22-183,/fhome/maed/HelicoDataSet/CrossValidation/Annotated/B22-183_1/00788.png,0
B22-183,/fhome/maed/HelicoDataSet/CrossValidation/Annotated/B22-183_1/00704.png,0
B22-183,/fhome/maed/HelicoDataSet/CrossValidation/Annotated/B22-183_1/00801.png,0
B22-183,/fhome/maed/HelicoDataSet/CrossValidation/Annotated/B22-183_1/00472.png,0
B22-59,/fhome/maed/HelicoDataSet/CrossValidation/Annotated/B22-59_1/00254.png,0
B22-59,/fhome/maed/HelicoDataSet/CrossValidation/Annotated/B22-59_1/00198.png,0
B22-59,/fhome/maed/HelicoDataSet/CrossValidation/Annotated/B22-59_1/00355.png,0
B22-59,/fhome/maed/HelicoDataSet/CrossValidation/Annotated/B22-59_1/00137.png,0
B22-158,/fhome/maed/HelicoDataSet/CrossValidation/Annotated/B22-158_0/01108_Aug4.png,1
B22-158,/fhome/maed/HelicoDataSet/CrossValidation/Annotated/B22-158_0/00764_Aug6.png,1
B22-158,/fhome/maed/HelicoDataSet/CrossValidation/Annotated/B22-158_0/00764_Aug5.png,1
B22-158,/fhome/maed/HelicoDataSet/CrossValidation/Annotated/B22-158_0/00764_Aug1.png,1
B22-158,/fhome/maed/HelicoDataSet/CrossValidation/Annotated/B22-158_0/00244_Aug3.png,1
B22-158,/fhome/maed/HelicoDataSet/CrossValidation/Annotated/B22-158_0/00244_Aug2.png,1
B22-158,/fhome/maed/HelicoDataSet/CrossValidation/Annotated/B22-158_0/00244_Aug5.png,1
B22-158,/fhome/maed/HelicoDataSet/CrossValidation/Annotated/B22-158_0/01108_Aug8.png,1
B22-158,/fhome/maed/HelicoDataSet/CrossValidation/Annotated/B22-158_0/01108_Aug2.png,1
B22-158,/fhome/maed/HelicoDataSet/CrossValidation/Annotated/B22-158_0/01108_Aug5.png,1
B22-158,/fhome/maed/HelicoDataSet/CrossValidation/Annotated/B22-158_0/00244_Aug1.png,1
B22-158,/fhome/maed/HelicoDataSet/CrossValidation/Annotated/B22-158_0/00764.png,1
B22-158,/fhome/maed/HelicoDataSet/CrossValidation/Annotated/B22-158_0/01108.png,1
B22-158,/fhome/maed/HelicoDataSet/CrossValidation/Annotated/B22-158_0/00764_Aug4.png,1
B22-158,/fhome/maed/HelicoDataSet/CrossValidation/Annotated/B22-158_0/00764_Aug7.png,1
B22-158,/fhome/maed/HelicoDataSet/CrossValidation/Annotated/B22-158_0/00764_Aug2.png,1
B22-158,/fhome/maed/HelicoDataSet/CrossValidation/Annotated/B22-158_0/00244.png,1
B22-158,/fhome/maed/HelicoDataSet/CrossValidation/Annotated/B22-158_0/00244_Aug8.png,1
B22-158,/fhome/maed/HelicoDataSet/CrossValidation/Annotated/B22-158_0/01108_Aug1.png,1
B22-158,/fhome/maed/HelicoDataSet/CrossValidation/Annotated/B22-158_0/01108_Aug3.png,1
B22-158,/fhome/maed/HelicoDataSet/CrossValidation/Annotated/B22-158_0/00764_Aug3.png,1
B22-158,/fhome/maed/HelicoDataSet/CrossValidation/Annotated/B22-158_0/01108_Aug6.png,1
B22-158,/fhome/maed/HelicoDataSet/CrossValidation/Annotated/B22-158_0/00244_Aug6.png,1
B22-158,/fhome/maed/HelicoDataSet/CrossValidation/Annotated/B22-158_0/00244_Aug7.png,1
B22-158,/fhome/maed/HelicoDataSet/CrossValidation/Annotated/B22-158_0/00244_Aug4.png,1
B22-158,/fhome/maed/HelicoDataSet/CrossValidation/Annotated/B22-158_0/00764_Aug8.png,1
B22-158,/fhome/maed/HelicoDataSet/CrossValidation/Annotated/B22-158_0/00091.png,0
B22-158,/fhome/maed/HelicoDataSet/CrossValidation/Annotated/B22-158_0/01108_Aug7.png,1
B22-158,/fhome/maed/HelicoDataSet/CrossValidation/Annotated/B22-158_0/00969.png,0
B22-251,/fhome/maed/HelicoDataSet/CrossValidation/Annotated/B22-251_0/01295.png,0
B22-251,/fhome/maed/HelicoDataSet/CrossValidation/Annotated/B22-251_0/00210.png,0
B22-251,/fhome/maed/HelicoDataSet/CrossValidation/Annotated/B22-251_0/01286.png,0
B22-151,/fhome/maed/HelicoDataSet/CrossValidation/Annotated/B22-151_0/04625.png,0
B22-151,/fhome/maed/HelicoDataSet/CrossValidation/Annotated/B22-151_0/00142.png,0
B22-151,/fhome/maed/HelicoDataSet/CrossValidation/Annotated/B22-151_0/00678.png,0
B22-151,/fhome/maed/HelicoDataSet/CrossValidation/Annotated/B22-151_0/07681.png,0
B22-151,/fhome/maed/HelicoDataSet/CrossValidation/Annotated/B22-151_0/00458.png,0
B22-151,/fhome/maed/HelicoDataSet/CrossValidation/Annotated/B22-151_0/00002.png,0
B22-151,/fhome/maed/HelicoDataSet/CrossValidation/Annotated/B22-151_0/04353.png,0
B22-151,/fhome/maed/HelicoDataSet/CrossValidation/Annotated/B22-151_0/00147.png,0
B22-151,/fhome/maed/HelicoDataSet/CrossValidation/Annotated/B22-151_0/00146.png,0
B22-151,/fhome/maed/HelicoDataSet/CrossValidation/Annotated/B22-151_0/07330.png,0
B22-151,/fhome/maed/HelicoDataSet/CrossValidation/Annotated/B22-151_0/03310.png,0
B22-151,/fhome/maed/HelicoDataSet/CrossValidation/Annotated/B22-151_0/00092.png,0
B22-151,/fhome/maed/HelicoDataSet/CrossValidation/Annotated/B22-151_0/00100.png,0
B22-151,/fhome/maed/HelicoDataSet/CrossValidation/Annotated/B22-151_0/00095.png,0
B22-151,/fhome/maed/HelicoDataSet/CrossValidation/Annotated/B22-151_0/03312.png,0
B22-151,/fhome/maed/HelicoDataSet/CrossValidation/Annotated/B22-151_0/05153.png,0
B22-151,/fhome/maed/HelicoDataSet/CrossValidation/Annotated/B22-151_0/00677.png,0
B22-151,/fhome/maed/HelicoDataSet/CrossValidation/Annotated/B22-151_0/00140.png,0
B22-151,/fhome/maed/HelicoDataSet/CrossValidation/Annotated/B22-151_0/00676.png,0
B22-151,/fhome/maed/HelicoDataSet/CrossValidation/Annotated/B22-151_0/00186.png,0
B22-151,/fhome/maed/HelicoDataSet/CrossValidation/Annotated/B22-151_0/00148.png,0
B22-151,/fhome/maed/HelicoDataSet/CrossValidation/Annotated/B22-151_0/07374.png,0
B22-151,/fhome/maed/HelicoDataSet/CrossValidation/Annotated/B22-151_0/00093.png,0
B22-151,/fhome/maed/HelicoDataSet/CrossValidation/Annotated/B22-151_0/06042.png,0
B22-151,/fhome/maed/HelicoDataSet/CrossValidation/Annotated/B22-151_0/06132.png,0
B22-151,/fhome/maed/HelicoDataSet/CrossValidation/Annotated/B22-151_0/06558.png,0
B22-92,/fhome/maed/HelicoDataSet/CrossValidation/Annotated/B22-92_1/00586.png,0
B22-92,/fhome/maed/HelicoDataSet/CrossValidation/Annotated/B22-92_1/00235.png,0
B22-92,/fhome/maed/HelicoDataSet/CrossValidation/Annotated/B22-92_1/00678.png,0
B22-92,/fhome/maed/HelicoDataSet/CrossValidation/Annotated/B22-92_1/00346.png,0
B22-92,/fhome/maed/HelicoDataSet/CrossValidation/Annotated/B22-92_1/00341.png,0
B22-92,/fhome/maed/HelicoDataSet/CrossValidation/Annotated/B22-92_1/00485.png,0
B22-92,/fhome/maed/HelicoDataSet/CrossValidation/Annotated/B22-92_1/00307.png,0
B22-92,/fhome/maed/HelicoDataSet/CrossValidation/Annotated/B22-92_1/00517.png,0
B22-92,/fhome/maed/HelicoDataSet/CrossValidation/Annotated/B22-92_1/00395.png,0
B22-92,/fhome/maed/HelicoDataSet/CrossValidation/Annotated/B22-92_1/00676.png,0
B22-92,/fhome/maed/HelicoDataSet/CrossValidation/Annotated/B22-92_1/00558.png,0
B22-92,/fhome/maed/HelicoDataSet/CrossValidation/Annotated/B22-92_1/00619.png,0
B22-92,/fhome/maed/HelicoDataSet/CrossValidation/Annotated/B22-92_1/00305.png,0
B22-276,/fhome/maed/HelicoDataSet/CrossValidation/Annotated/B22-276_0/00776.png,0
B22-276,/fhome/maed/HelicoDataSet/CrossValidation/Annotated/B22-276_0/01019.png,0
B22-276,/fhome/maed/HelicoDataSet/CrossValidation/Annotated/B22-276_0/00162.png,0
B22-276,/fhome/maed/HelicoDataSet/CrossValidation/Annotated/B22-276_0/01263.png,0
B22-77,/fhome/maed/HelicoDataSet/CrossValidation/Annotated/B22-77_0/00442.png,0
B22-77,/fhome/maed/HelicoDataSet/CrossValidation/Annotated/B22-77_0/01326.png,0
B22-77,/fhome/maed/HelicoDataSet/CrossValidation/Annotated/B22-77_0/01657.png,0
B22-77,/fhome/maed/HelicoDataSet/CrossValidation/Annotated/B22-77_0/01649.png,0
B22-277,/fhome/maed/HelicoDataSet/CrossValidation/Annotated/B22-277_0/00601_Aug5.png,1
B22-277,/fhome/maed/HelicoDataSet/CrossValidation/Annotated/B22-277_0/01139.png,0
B22-277,/fhome/maed/HelicoDataSet/CrossValidation/Annotated/B22-277_0/00601_Aug4.png,1
B22-277,/fhome/maed/HelicoDataSet/CrossValidation/Annotated/B22-277_0/00910.png,0
B22-277,/fhome/maed/HelicoDataSet/CrossValidation/Annotated/B22-277_0/00601_Aug6.png,1
B22-277,/fhome/maed/HelicoDataSet/CrossValidation/Annotated/B22-277_0/00212.png,0
B22-277,/fhome/maed/HelicoDataSet/CrossValidation/Annotated/B22-277_0/00601_Aug2.png,1
B22-277,/fhome/maed/HelicoDataSet/CrossValidation/Annotated/B22-277_0/01338.png,0
B22-277,/fhome/maed/HelicoDataSet/CrossValidation/Annotated/B22-277_0/00601_Aug7.png,1
B22-277,/fhome/maed/HelicoDataSet/CrossValidation/Annotated/B22-277_0/00601.png,1
B22-277,/fhome/maed/HelicoDataSet/CrossValidation/Annotated/B22-277_0/00601_Aug3.png,1
B22-277,/fhome/maed/HelicoDataSet/CrossValidation/Annotated/B22-277_0/00601_Aug1.png,1
B22-277,/fhome/maed/HelicoDataSet/CrossValidation/Annotated/B22-277_0/00601_Aug8.png,1
B22-192,/fhome/maed/HelicoDataSet/CrossValidation/Annotated/B22-192_1/00524.png,0
B22-192,/fhome/maed/HelicoDataSet/CrossValidation/Annotated/B22-192_1/00520.png,0
B22-192,/fhome/maed/HelicoDataSet/CrossValidation/Annotated/B22-192_1/00373.png,0
B22-192,/fhome/maed/HelicoDataSet/CrossValidation/Annotated/B22-192_1/00203.png,0
B22-192,/fhome/maed/HelicoDataSet/CrossValidation/Annotated/B22-192_1/00245.png,0
B22-178,/fhome/maed/HelicoDataSet/CrossValidation/Annotated/B22-178_0/01111.png,0
B22-248,/fhome/maed/HelicoDataSet/CrossValidation/Annotated/B22-248_0/01335.png,0
B22-248,/fhome/maed/HelicoDataSet/CrossValidation/Annotated/B22-248_0/01337.png,0
B22-248,/fhome/maed/HelicoDataSet/CrossValidation/Annotated/B22-248_0/01340.png,0
B22-248,/fhome/maed/HelicoDataSet/CrossValidation/Annotated/B22-248_0/01338.png,0
B22-248,/fhome/maed/HelicoDataSet/CrossValidation/Annotated/B22-248_0/01336.png,0
B22-248,/fhome/maed/HelicoDataSet/CrossValidation/Annotated/B22-248_0/01333.png,0
B22-248,/fhome/maed/HelicoDataSet/CrossValidation/Annotated/B22-248_0/01332.png,0
B22-248,/fhome/maed/HelicoDataSet/CrossValidation/Annotated/B22-248_0/01334.png,0
B22-248,/fhome/maed/HelicoDataSet/CrossValidation/Annotated/B22-248_0/01339.png,0
B22-181,/fhome/maed/HelicoDataSet/CrossValidation/Annotated/B22-181_1/01289.png,0
B22-27,/fhome/maed/HelicoDataSet/CrossValidation/Annotated/B22-27_0/00200.png,0
B22-27,/fhome/maed/HelicoDataSet/CrossValidation/Annotated/B22-27_0/02438.png,0
B22-27,/fhome/maed/HelicoDataSet/CrossValidation/Annotated/B22-27_0/01419.png,0
B22-27,/fhome/maed/HelicoDataSet/CrossValidation/Annotated/B22-27_0/01861.png,0
B22-126,/fhome/maed/HelicoDataSet/CrossValidation/Annotated/B22-126_0/01535_Aug6.png,1
B22-126,/fhome/maed/HelicoDataSet/CrossValidation/Annotated/B22-126_0/00664_Aug5.png,1
B22-126,/fhome/maed/HelicoDataSet/CrossValidation/Annotated/B22-126_0/00667_Aug5.png,1
B22-126,/fhome/maed/HelicoDataSet/CrossValidation/Annotated/B22-126_0/01535_Aug3.png,1
B22-126,/fhome/maed/HelicoDataSet/CrossValidation/Annotated/B22-126_0/01176_Aug5.png,1
B22-126,/fhome/maed/HelicoDataSet/CrossValidation/Annotated/B22-126_0/01144_Aug3.png,1
B22-126,/fhome/maed/HelicoDataSet/CrossValidation/Annotated/B22-126_0/01239_Aug7.png,1
B22-126,/fhome/maed/HelicoDataSet/CrossValidation/Annotated/B22-126_0/01537_Aug1.png,1
B22-126,/fhome/maed/HelicoDataSet/CrossValidation/Annotated/B22-126_0/01387_Aug3.png,1
B22-126,/fhome/maed/HelicoDataSet/CrossValidation/Annotated/B22-126_0/01176_Aug8.png,1
B22-126,/fhome/maed/HelicoDataSet/CrossValidation/Annotated/B22-126_0/00664_Aug1.png,1
B22-126,/fhome/maed/HelicoDataSet/CrossValidation/Annotated/B22-126_0/01728.png,1
B22-126,/fhome/maed/HelicoDataSet/CrossValidation/Annotated/B22-126_0/01734_Aug5.png,1
B22-126,/fhome/maed/HelicoDataSet/CrossValidation/Annotated/B22-126_0/01535_Aug2.png,1
B22-126,/fhome/maed/HelicoDataSet/CrossValidation/Annotated/B22-126_0/01144_Aug8.png,1
B22-126,/fhome/maed/HelicoDataSet/CrossValidation/Annotated/B22-126_0/01387_Aug1.png,1
B22-126,/fhome/maed/HelicoDataSet/CrossValidation/Annotated/B22-126_0/01483_Aug8.png,1
B22-126,/fhome/maed/HelicoDataSet/CrossValidation/Annotated/B22-126_0/00667_Aug1.png,1
B22-126,/fhome/maed/HelicoDataSet/CrossValidation/Annotated/B22-126_0/01562_Aug8.png,1
B22-126,/fhome/maed/HelicoDataSet/CrossValidation/Annotated/B22-126_0/01535_Aug4.png,1
B22-126,/fhome/maed/HelicoDataSet/CrossValidation/Annotated/B22-126_0/00664_Aug4.png,1
B22-126,/fhome/maed/HelicoDataSet/CrossValidation/Annotated/B22-126_0/01728_Aug1.png,1
B22-126,/fhome/maed/HelicoDataSet/CrossValidation/Annotated/B22-126_0/01728_Aug5.png,1
B22-126,/fhome/maed/HelicoDataSet/CrossValidation/Annotated/B22-126_0/03081_Aug6.png,1
B22-126,/fhome/maed/HelicoDataSet/CrossValidation/Annotated/B22-126_0/01537_Aug7.png,1
B22-126,/fhome/maed/HelicoDataSet/CrossValidation/Annotated/B22-126_0/01537_Aug2.png,1
B22-126,/fhome/maed/HelicoDataSet/CrossValidation/Annotated/B22-126_0/01239_Aug5.png,1
B22-126,/fhome/maed/HelicoDataSet/CrossValidation/Annotated/B22-126_0/01387_Aug6.png,1
B22-126,/fhome/maed/HelicoDataSet/CrossValidation/Annotated/B22-126_0/02490.png,0
B22-126,/fhome/maed/HelicoDataSet/CrossValidation/Annotated/B22-126_0/03081_Aug7.png,1
B22-126,/fhome/maed/HelicoDataSet/CrossValidation/Annotated/B22-126_0/03081.png,1
B22-126,/fhome/maed/HelicoDataSet/CrossValidation/Annotated/B22-126_0/01483_Aug6.png,1
B22-126,/fhome/maed/HelicoDataSet/CrossValidation/Annotated/B22-126_0/01734_Aug8.png,1
B22-126,/fhome/maed/HelicoDataSet/CrossValidation/Annotated/B22-126_0/03081_Aug3.png,1
B22-126,/fhome/maed/HelicoDataSet/CrossValidation/Annotated/B22-126_0/01387_Aug7.png,1
B22-126,/fhome/maed/HelicoDataSet/CrossValidation/Annotated/B22-126_0/01387_Aug5.png,1
B22-126,/fhome/maed/HelicoDataSet/CrossValidation/Annotated/B22-126_0/01387_Aug8.png,1
B22-126,/fhome/maed/HelicoDataSet/CrossValidation/Annotated/B22-126_0/01728_Aug2.png,1
B22-126,/fhome/maed/HelicoDataSet/CrossValidation/Annotated/B22-126_0/03081_Aug5.png,1
B22-126,/fhome/maed/HelicoDataSet/CrossValidation/Annotated/B22-126_0/01537_Aug3.png,1
B22-126,/fhome/maed/HelicoDataSet/CrossValidation/Annotated/B22-126_0/03081_Aug4.png,1
B22-126,/fhome/maed/HelicoDataSet/CrossValidation/Annotated/B22-126_0/01239_Aug4.png,1
B22-126,/fhome/maed/HelicoDataSet/CrossValidation/Annotated/B22-126_0/00667_Aug3.png,1
B22-126,/fhome/maed/HelicoDataSet/CrossValidation/Annotated/B22-126_0/01537_Aug5.png,1
B22-126,/fhome/maed/HelicoDataSet/CrossValidation/Annotated/B22-126_0/01387_Aug4.png,1
B22-126,/fhome/maed/HelicoDataSet/CrossValidation/Annotated/B22-126_0/00667_Aug2.png,1
B22-126,/fhome/maed/HelicoDataSet/CrossValidation/Annotated/B22-126_0/01176_Aug7.png,1
B22-126,/fhome/maed/HelicoDataSet/CrossValidation/Annotated/B22-126_0/01483_Aug1.png,1
B22-126,/fhome/maed/HelicoDataSet/CrossValidation/Annotated/B22-126_0/00664_Aug2.png,1
B22-126,/fhome/maed/HelicoDataSet/CrossValidation/Annotated/B22-126_0/01144_Aug1.png,1
B22-126,/fhome/maed/HelicoDataSet/CrossValidation/Annotated/B22-126_0/00667.png,1
B22-126,/fhome/maed/HelicoDataSet/CrossValidation/Annotated/B22-126_0/01535_Aug7.png,1
B22-126,/fhome/maed/HelicoDataSet/CrossValidation/Annotated/B22-126_0/01535.png,1
B22-126,/fhome/maed/HelicoDataSet/CrossValidation/Annotated/B22-126_0/01535_Aug5.png,1
B22-126,/fhome/maed/HelicoDataSet/CrossValidation/Annotated/B22-126_0/01144_Aug6.png,1
B22-126,/fhome/maed/HelicoDataSet/CrossValidation/Annotated/B22-126_0/01239_Aug3.png,1
B22-126,/fhome/maed/HelicoDataSet/CrossValidation/Annotated/B22-126_0/01734.png,1
B22-126,/fhome/maed/HelicoDataSet/CrossValidation/Annotated/B22-126_0/01176_Aug4.png,1
B22-126,/fhome/maed/HelicoDataSet/CrossValidation/Annotated/B22-126_0/01176_Aug3.png,1
B22-126,/fhome/maed/HelicoDataSet/CrossValidation/Annotated/B22-126_0/01144_Aug7.png,1
B22-126,/fhome/maed/HelicoDataSet/CrossValidation/Annotated/B22-126_0/00664_Aug7.png,1
B22-126,/fhome/maed/HelicoDataSet/CrossValidation/Annotated/B22-126_0/00664.png,1
B22-126,/fhome/maed/HelicoDataSet/CrossValidation/Annotated/B22-126_0/01483_Aug2.png,1
B22-126,/fhome/maed/HelicoDataSet/CrossValidation/Annotated/B22-126_0/00664_Aug8.png,1
B22-126,/fhome/maed/HelicoDataSet/CrossValidation/Annotated/B22-126_0/00667_Aug4.png,1
B22-126,/fhome/maed/HelicoDataSet/CrossValidation/Annotated/B22-126_0/01483_Aug4.png,1
B22-126,/fhome/maed/HelicoDataSet/CrossValidation/Annotated/B22-126_0/00664_Aug6.png,1
B22-126,/fhome/maed/HelicoDataSet/CrossValidation/Annotated/B22-126_0/00667_Aug7.png,1
B22-126,/fhome/maed/HelicoDataSet/CrossValidation/Annotated/B22-126_0/01239_Aug1.png,1
B22-126,/fhome/maed/HelicoDataSet/CrossValidation/Annotated/B22-126_0/01144_Aug2.png,1
B22-126,/fhome/maed/HelicoDataSet/CrossValidation/Annotated/B22-126_0/01562_Aug6.png,1
B22-126,/fhome/maed/HelicoDataSet/CrossValidation/Annotated/B22-126_0/03081_Aug8.png,1
B22-126,/fhome/maed/HelicoDataSet/CrossValidation/Annotated/B22-126_0/01239_Aug2.png,1
B22-126,/fhome/maed/HelicoDataSet/CrossValidation/Annotated/B22-126_0/01239_Aug8.png,1
B22-126,/fhome/maed/HelicoDataSet/CrossValidation/Annotated/B22-126_0/01537.png,1
B22-126,/fhome/maed/HelicoDataSet/CrossValidation/Annotated/B22-126_0/01734_Aug3.png,1
B22-126,/fhome/maed/HelicoDataSet/CrossValidation/Annotated/B22-126_0/01728_Aug8.png,1
B22-126,/fhome/maed/HelicoDataSet/CrossValidation/Annotated/B22-126_0/01176_Aug1.png,1
B22-126,/fhome/maed/HelicoDataSet/CrossValidation/Annotated/B22-126_0/01483_Aug3.png,1
B22-126,/fhome/maed/HelicoDataSet/CrossValidation/Annotated/B22-126_0/01728_Aug6.png,1
B22-126,/fhome/maed/HelicoDataSet/CrossValidation/Annotated/B22-126_0/01387_Aug2.png,1
B22-126,/fhome/maed/HelicoDataSet/CrossValidation/Annotated/B22-126_0/01562.png,1
B22-126,/fhome/maed/HelicoDataSet/CrossValidation/Annotated/B22-126_0/01239_Aug6.png,1
B22-126,/fhome/maed/HelicoDataSet/CrossValidation/Annotated/B22-126_0/01483.png,1
B22-126,/fhome/maed/HelicoDataSet/CrossValidation/Annotated/B22-126_0/01535_Aug8.png,1
B22-126,/fhome/maed/HelicoDataSet/CrossValidation/Annotated/B22-126_0/01483_Aug5.png,1
B22-126,/fhome/maed/HelicoDataSet/CrossValidation/Annotated/B22-126_0/01483_Aug7.png,1
B22-126,/fhome/maed/HelicoDataSet/CrossValidation/Annotated/B22-126_0/01176_Aug2.png,1
B22-126,/fhome/maed/HelicoDataSet/CrossValidation/Annotated/B22-126_0/01728_Aug3.png,1
B22-126,/fhome/maed/HelicoDataSet/CrossValidation/Annotated/B22-126_0/01537_Aug6.png,1
B22-126,/fhome/maed/HelicoDataSet/CrossValidation/Annotated/B22-126_0/01734_Aug2.png,1
B22-126,/fhome/maed/HelicoDataSet/CrossValidation/Annotated/B22-126_0/01562_Aug4.png,1
B22-126,/fhome/maed/HelicoDataSet/CrossValidation/Annotated/B22-126_0/00667_Aug6.png,1
B22-126,/fhome/maed/HelicoDataSet/CrossValidation/Annotated/B22-126_0/01176.png,1
B22-126,/fhome/maed/HelicoDataSet/CrossValidation/Annotated/B22-126_0/01239.png,1
B22-126,/fhome/maed/HelicoDataSet/CrossValidation/Annotated/B22-126_0/01734_Aug7.png,1
B22-126,/fhome/maed/HelicoDataSet/CrossValidation/Annotated/B22-126_0/03081_Aug2.png,1
B22-126,/fhome/maed/HelicoDataSet/CrossValidation/Annotated/B22-126_0/01535_Aug1.png,1
B22-126,/fhome/maed/HelicoDataSet/CrossValidation/Annotated/B22-126_0/00664_Aug3.png,1
B22-126,/fhome/maed/HelicoDataSet/CrossValidation/Annotated/B22-126_0/01734_Aug4.png,1
B22-126,/fhome/maed/HelicoDataSet/CrossValidation/Annotated/B22-126_0/01144.png,1
B22-126,/fhome/maed/HelicoDataSet/CrossValidation/Annotated/B22-126_0/01176_Aug6.png,1
B22-126,/fhome/maed/HelicoDataSet/CrossValidation/Annotated/B22-126_0/01734_Aug6.png,1
B22-126,/fhome/maed/HelicoDataSet/CrossValidation/Annotated/B22-126_0/01728_Aug7.png,1
B22-126,/fhome/maed/HelicoDataSet/CrossValidation/Annotated/B22-126_0/01387.png,1
B22-126,/fhome/maed/HelicoDataSet/CrossValidation/Annotated/B22-126_0/01537_Aug4.png,1
B22-126,/fhome/maed/HelicoDataSet/CrossValidation/Annotated/B22-126_0/01144_Aug4.png,1
B22-126,/fhome/maed/HelicoDataSet/CrossValidation/Annotated/B22-126_0/01734_Aug1.png,1
B22-126,/fhome/maed/HelicoDataSet/CrossValidation/Annotated/B22-126_0/01537_Aug8.png,1
B22-126,/fhome/maed/HelicoDataSet/CrossValidation/Annotated/B22-126_0/00667_Aug8.png,1
B22-126,/fhome/maed/HelicoDataSet/CrossValidation/Annotated/B22-126_0/01728_Aug4.png,1
B22-126,/fhome/maed/HelicoDataSet/CrossValidation/Annotated/B22-126_0/01144_Aug5.png,1
B22-126,/fhome/maed/HelicoDataSet/CrossValidation/Annotated/B22-126_0/01562_Aug2.png,1
B22-126,/fhome/maed/HelicoDataSet/CrossValidation/Annotated/B22-126_0/03081_Aug1.png,1
B22-187,/fhome/maed/HelicoDataSet/CrossValidation/Annotated/B22-187_0/00692.png,0
B22-187,/fhome/maed/HelicoDataSet/CrossValidation/Annotated/B22-187_0/00588.png,0
B22-187,/fhome/maed/HelicoDataSet/CrossValidation/Annotated/B22-187_0/00688.png,0
B22-187,/fhome/maed/HelicoDataSet/CrossValidation/Annotated/B22-187_0/00591.png,0
B22-187,/fhome/maed/HelicoDataSet/CrossValidation/Annotated/B22-187_0/00726.png,0
B22-187,/fhome/maed/HelicoDataSet/CrossValidation/Annotated/B22-187_0/00731.png,0
B22-173,/fhome/maed/HelicoDataSet/CrossValidation/Annotated/B22-173_1/00375.png,0
B22-173,/fhome/maed/HelicoDataSet/CrossValidation/Annotated/B22-173_1/00260.png,0
B22-173,/fhome/maed/HelicoDataSet/CrossValidation/Annotated/B22-173_1/00207.png,0
B22-173,/fhome/maed/HelicoDataSet/CrossValidation/Annotated/B22-173_1/00316.png,0
B22-28,/fhome/maed/HelicoDataSet/CrossValidation/Annotated/B22-28_1/00131.png,0
B22-28,/fhome/maed/HelicoDataSet/CrossValidation/Annotated/B22-28_1/00025.png,0
B22-28,/fhome/maed/HelicoDataSet/CrossValidation/Annotated/B22-28_1/00349.png,0
B22-28,/fhome/maed/HelicoDataSet/CrossValidation/Annotated/B22-28_1/00272.png,0
B22-28,/fhome/maed/HelicoDataSet/CrossValidation/Annotated/B22-28_1/00095.png,0
B22-28,/fhome/maed/HelicoDataSet/CrossValidation/Annotated/B22-28_1/00029.png,0
B22-28,/fhome/maed/HelicoDataSet/CrossValidation/Annotated/B22-28_1/00249.png,0
B22-110,/fhome/maed/HelicoDataSet/CrossValidation/Annotated/B22-110_1/00614.png,0
B22-110,/fhome/maed/HelicoDataSet/CrossValidation/Annotated/B22-110_1/00045.png,0
B22-110,/fhome/maed/HelicoDataSet/CrossValidation/Annotated/B22-110_1/00006.png,0
B22-249,/fhome/maed/HelicoDataSet/CrossValidation/Annotated/B22-249_0/00183_Aug5.png,1
B22-249,/fhome/maed/HelicoDataSet/CrossValidation/Annotated/B22-249_0/01018.png,0
B22-249,/fhome/maed/HelicoDataSet/CrossValidation/Annotated/B22-249_0/00929.png,0
B22-249,/fhome/maed/HelicoDataSet/CrossValidation/Annotated/B22-249_0/01050.png,0
B22-249,/fhome/maed/HelicoDataSet/CrossValidation/Annotated/B22-249_0/00892.png,0
B22-249,/fhome/maed/HelicoDataSet/CrossValidation/Annotated/B22-249_0/00183_Aug6.png,1
B22-249,/fhome/maed/HelicoDataSet/CrossValidation/Annotated/B22-249_0/00183_Aug2.png,1
B22-249,/fhome/maed/HelicoDataSet/CrossValidation/Annotated/B22-249_0/00183.png,1
B22-249,/fhome/maed/HelicoDataSet/CrossValidation/Annotated/B22-249_0/00183_Aug3.png,1
B22-249,/fhome/maed/HelicoDataSet/CrossValidation/Annotated/B22-249_0/00183_Aug4.png,1
B22-249,/fhome/maed/HelicoDataSet/CrossValidation/Annotated/B22-249_0/00183_Aug7.png,1
B22-249,/fhome/maed/HelicoDataSet/CrossValidation/Annotated/B22-249_0/00162.png,0
B22-249,/fhome/maed/HelicoDataSet/CrossValidation/Annotated/B22-249_0/00183_Aug1.png,1
B22-249,/fhome/maed/HelicoDataSet/CrossValidation/Annotated/B22-249_0/00183_Aug8.png,1
B22-249,/fhome/maed/HelicoDataSet/CrossValidation/Annotated/B22-249_0/01200.png,0
B22-249,/fhome/maed/HelicoDataSet/CrossValidation/Annotated/B22-249_0/01053.png,0
B22-179,/fhome/maed/HelicoDataSet/CrossValidation/Annotated/B22-179_1/00315.png,0
B22-25,/fhome/maed/HelicoDataSet/CrossValidation/Annotated/B22-25_0/02817.png,0
B22-25,/fhome/maed/HelicoDataSet/CrossValidation/Annotated/B22-25_0/02816.png,0
B22-108,/fhome/maed/HelicoDataSet/CrossValidation/Annotated/B22-108_0/00080.png,0
B22-108,/fhome/maed/HelicoDataSet/CrossValidation/Annotated/B22-108_0/00022.png,0
B22-108,/fhome/maed/HelicoDataSet/CrossValidation/Annotated/B22-108_0/00023.png,0
B22-57,/fhome/maed/HelicoDataSet/CrossValidation/Annotated/B22-57_0/01142.png,0
B22-57,/fhome/maed/HelicoDataSet/CrossValidation/Annotated/B22-57_0/01145.png,0
B22-57,/fhome/maed/HelicoDataSet/CrossValidation/Annotated/B22-57_0/01144.png,0
B22-57,/fhome/maed/HelicoDataSet/CrossValidation/Annotated/B22-57_0/00001.png,0
B22-172,/fhome/maed/HelicoDataSet/CrossValidation/Annotated/B22-172_0/01401.png,0
B22-172,/fhome/maed/HelicoDataSet/CrossValidation/Annotated/B22-172_0/00101.png,0
B22-172,/fhome/maed/HelicoDataSet/CrossValidation/Annotated/B22-172_0/01205.png,0
B22-172,/fhome/maed/HelicoDataSet/CrossValidation/Annotated/B22-172_0/00447.png,0
B22-172,/fhome/maed/HelicoDataSet/CrossValidation/Annotated/B22-172_0/01230.png,0
B22-172,/fhome/maed/HelicoDataSet/CrossValidation/Annotated/B22-172_0/01400.png,0
B22-172,/fhome/maed/HelicoDataSet/CrossValidation/Annotated/B22-172_0/01207.png,0
B22-172,/fhome/maed/HelicoDataSet/CrossValidation/Annotated/B22-172_0/01206.png,0
B22-172,/fhome/maed/HelicoDataSet/CrossValidation/Annotated/B22-172_0/01229.png,0
B22-142,/fhome/maed/HelicoDataSet/CrossValidation/Annotated/B22-142_0/00087.png,0
B22-170,/fhome/maed/HelicoDataSet/CrossValidation/Annotated/B22-170_0/01015_Aug7.png,1
B22-170,/fhome/maed/HelicoDataSet/CrossValidation/Annotated/B22-170_0/00949_Aug6.png,1
B22-170,/fhome/maed/HelicoDataSet/CrossValidation/Annotated/B22-170_0/01094_Aug1.png,1
B22-170,/fhome/maed/HelicoDataSet/CrossValidation/Annotated/B22-170_0/01094_Aug4.png,1
B22-170,/fhome/maed/HelicoDataSet/CrossValidation/Annotated/B22-170_0/00949_Aug3.png,1
B22-170,/fhome/maed/HelicoDataSet/CrossValidation/Annotated/B22-170_0/00949_Aug7.png,1
B22-170,/fhome/maed/HelicoDataSet/CrossValidation/Annotated/B22-170_0/00949.png,1
B22-170,/fhome/maed/HelicoDataSet/CrossValidation/Annotated/B22-170_0/00254.png,0
B22-170,/fhome/maed/HelicoDataSet/CrossValidation/Annotated/B22-170_0/01094_Aug8.png,1
B22-170,/fhome/maed/HelicoDataSet/CrossValidation/Annotated/B22-170_0/01015_Aug6.png,1
B22-170,/fhome/maed/HelicoDataSet/CrossValidation/Annotated/B22-170_0/01094_Aug3.png,1
B22-170,/fhome/maed/HelicoDataSet/CrossValidation/Annotated/B22-170_0/00793.png,0
B22-170,/fhome/maed/HelicoDataSet/CrossValidation/Annotated/B22-170_0/01015_Aug3.png,1
B22-170,/fhome/maed/HelicoDataSet/CrossValidation/Annotated/B22-170_0/01015_Aug8.png,1
B22-170,/fhome/maed/HelicoDataSet/CrossValidation/Annotated/B22-170_0/01094_Aug7.png,1
B22-170,/fhome/maed/HelicoDataSet/CrossValidation/Annotated/B22-170_0/01094.png,1
B22-170,/fhome/maed/HelicoDataSet/CrossValidation/Annotated/B22-170_0/00949_Aug8.png,1
B22-170,/fhome/maed/HelicoDataSet/CrossValidation/Annotated/B22-170_0/01015_Aug4.png,1
B22-170,/fhome/maed/HelicoDataSet/CrossValidation/Annotated/B22-170_0/00949_Aug1.png,1
B22-170,/fhome/maed/HelicoDataSet/CrossValidation/Annotated/B22-170_0/00949_Aug4.png,1
B22-170,/fhome/maed/HelicoDataSet/CrossValidation/Annotated/B22-170_0/00949_Aug2.png,1
B22-170,/fhome/maed/HelicoDataSet/CrossValidation/Annotated/B22-170_0/01095.png,0
B22-170,/fhome/maed/HelicoDataSet/CrossValidation/Annotated/B22-170_0/01094_Aug6.png,1
B22-170,/fhome/maed/HelicoDataSet/CrossValidation/Annotated/B22-170_0/01094_Aug5.png,1
B22-170,/fhome/maed/HelicoDataSet/CrossValidation/Annotated/B22-170_0/00303.png,0
B22-170,/fhome/maed/HelicoDataSet/CrossValidation/Annotated/B22-170_0/01015_Aug5.png,1
B22-170,/fhome/maed/HelicoDataSet/CrossValidation/Annotated/B22-170_0/01015_Aug2.png,1
B22-170,/fhome/maed/HelicoDataSet/CrossValidation/Annotated/B22-170_0/01094_Aug2.png,1
B22-170,/fhome/maed/HelicoDataSet/CrossValidation/Annotated/B22-170_0/00055.png,0
B22-170,/fhome/maed/HelicoDataSet/CrossValidation/Annotated/B22-170_0/00949_Aug5.png,1
B22-170,/fhome/maed/HelicoDataSet/CrossValidation/Annotated/B22-170_0/01015.png,1
B22-170,/fhome/maed/HelicoDataSet/CrossValidation/Annotated/B22-170_0/01015_Aug1.png,1
B22-296,/fhome/maed/HelicoDataSet/CrossValidation/Annotated/B22-296_0/00307_Aug8.png,1
B22-296,/fhome/maed/HelicoDataSet/CrossValidation/Annotated/B22-296_0/00307_Aug2.png,1
B22-296,/fhome/maed/HelicoDataSet/CrossValidation/Annotated/B22-296_0/00307_Aug4.png,1
B22-296,/fhome/maed/HelicoDataSet/CrossValidation/Annotated/B22-296_0/00307_Aug7.png,1
B22-296,/fhome/maed/HelicoDataSet/CrossValidation/Annotated/B22-296_0/00307.png,1
B22-296,/fhome/maed/HelicoDataSet/CrossValidation/Annotated/B22-296_0/00307_Aug3.png,1
B22-296,/fhome/maed/HelicoDataSet/CrossValidation/Annotated/B22-296_0/00307_Aug6.png,1
B22-296,/fhome/maed/HelicoDataSet/CrossValidation/Annotated/B22-296_0/00307_Aug5.png,1
B22-296,/fhome/maed/HelicoDataSet/CrossValidation/Annotated/B22-296_0/00307_Aug1.png,1
B22-109,/fhome/maed/HelicoDataSet/CrossValidation/Annotated/B22-109_0/00322.png,0
B22-109,/fhome/maed/HelicoDataSet/CrossValidation/Annotated/B22-109_0/00323.png,0
B22-109,/fhome/maed/HelicoDataSet/CrossValidation/Annotated/B22-109_0/00017.png,0
B22-109,/fhome/maed/HelicoDataSet/CrossValidation/Annotated/B22-109_0/00320.png,0
B22-303,/fhome/maed/HelicoDataSet/CrossValidation/Annotated/B22-303_0/00123_Aug6.png,1
B22-303,/fhome/maed/HelicoDataSet/CrossValidation/Annotated/B22-303_0/00106_Aug7.png,1
B22-303,/fhome/maed/HelicoDataSet/CrossValidation/Annotated/B22-303_0/00093_Aug2.png,1
B22-303,/fhome/maed/HelicoDataSet/CrossValidation/Annotated/B22-303_0/00093_Aug3.png,1
B22-303,/fhome/maed/HelicoDataSet/CrossValidation/Annotated/B22-303_0/00602_Aug8.png,1
B22-303,/fhome/maed/HelicoDataSet/CrossValidation/Annotated/B22-303_0/00093_Aug8.png,1
B22-303,/fhome/maed/HelicoDataSet/CrossValidation/Annotated/B22-303_0/00123_Aug4.png,1
B22-303,/fhome/maed/HelicoDataSet/CrossValidation/Annotated/B22-303_0/00106.png,1
B22-303,/fhome/maed/HelicoDataSet/CrossValidation/Annotated/B22-303_0/00602_Aug1.png,1
B22-303,/fhome/maed/HelicoDataSet/CrossValidation/Annotated/B22-303_0/00106_Aug8.png,1
B22-303,/fhome/maed/HelicoDataSet/CrossValidation/Annotated/B22-303_0/00106_Aug2.png,1
B22-303,/fhome/maed/HelicoDataSet/CrossValidation/Annotated/B22-303_0/00106_Aug4.png,1
B22-303,/fhome/maed/HelicoDataSet/CrossValidation/Annotated/B22-303_0/00106_Aug1.png,1
B22-303,/fhome/maed/HelicoDataSet/CrossValidation/Annotated/B22-303_0/00093_Aug7.png,1
B22-303,/fhome/maed/HelicoDataSet/CrossValidation/Annotated/B22-303_0/00106_Aug6.png,1
B22-303,/fhome/maed/HelicoDataSet/CrossValidation/Annotated/B22-303_0/00602_Aug7.png,1
B22-303,/fhome/maed/HelicoDataSet/CrossValidation/Annotated/B22-303_0/00093_Aug5.png,1
B22-303,/fhome/maed/HelicoDataSet/CrossValidation/Annotated/B22-303_0/00123.png,1
B22-303,/fhome/maed/HelicoDataSet/CrossValidation/Annotated/B22-303_0/00123_Aug3.png,1
B22-303,/fhome/maed/HelicoDataSet/CrossValidation/Annotated/B22-303_0/00106_Aug5.png,1
B22-303,/fhome/maed/HelicoDataSet/CrossValidation/Annotated/B22-303_0/00123_Aug1.png,1
B22-303,/fhome/maed/HelicoDataSet/CrossValidation/Annotated/B22-303_0/00123_Aug2.png,1
B22-303,/fhome/maed/HelicoDataSet/CrossValidation/Annotated/B22-303_0/00093_Aug1.png,1
B22-303,/fhome/maed/HelicoDataSet/CrossValidation/Annotated/B22-303_0/00602.png,1
B22-303,/fhome/maed/HelicoDataSet/CrossValidation/Annotated/B22-303_0/00123_Aug5.png,1
B22-303,/fhome/maed/HelicoDataSet/CrossValidation/Annotated/B22-303_0/00602_Aug5.png,1
B22-303,/fhome/maed/HelicoDataSet/CrossValidation/Annotated/B22-303_0/00602_Aug6.png,1
B22-303,/fhome/maed/HelicoDataSet/CrossValidation/Annotated/B22-303_0/00123_Aug7.png,1
B22-303,/fhome/maed/HelicoDataSet/CrossValidation/Annotated/B22-303_0/00602_Aug4.png,1
B22-303,/fhome/maed/HelicoDataSet/CrossValidation/Annotated/B22-303_0/00093_Aug4.png,1
B22-303,/fhome/maed/HelicoDataSet/CrossValidation/Annotated/B22-303_0/00602_Aug2.png,1
B22-303,/fhome/maed/HelicoDataSet/CrossValidation/Annotated/B22-303_0/00602_Aug3.png,1
B22-303,/fhome/maed/HelicoDataSet/CrossValidation/Annotated/B22-303_0/00106_Aug3.png,1
B22-303,/fhome/maed/HelicoDataSet/CrossValidation/Annotated/B22-303_0/00093.png,1
B22-303,/fhome/maed/HelicoDataSet/CrossValidation/Annotated/B22-303_0/00093_Aug6.png,1
B22-303,/fhome/maed/HelicoDataSet/CrossValidation/Annotated/B22-303_0/00123_Aug8.png,1
B22-184,/fhome/maed/HelicoDataSet/CrossValidation/Annotated/B22-184_0/01180.png,0
B22-184,/fhome/maed/HelicoDataSet/CrossValidation/Annotated/B22-184_0/01066.png,0
B22-184,/fhome/maed/HelicoDataSet/CrossValidation/Annotated/B22-184_0/01179.png,0
B22-184,/fhome/maed/HelicoDataSet/CrossValidation/Annotated/B22-184_0/01134.png,0
B22-184,/fhome/maed/HelicoDataSet/CrossValidation/Annotated/B22-184_0/01178.png,0
B22-184,/fhome/maed/HelicoDataSet/CrossValidation/Annotated/B22-184_0/01063.png,0
B22-91,/fhome/maed/HelicoDataSet/CrossValidation/Annotated/B22-91_1/00087.png,0
B22-91,/fhome/maed/HelicoDataSet/CrossValidation/Annotated/B22-91_1/00360.png,0
B22-91,/fhome/maed/HelicoDataSet/CrossValidation/Annotated/B22-91_1/00165.png,0
B22-91,/fhome/maed/HelicoDataSet/CrossValidation/Annotated/B22-91_1/00275.png,0
B22-312,/fhome/maed/HelicoDataSet/CrossValidation/Annotated/B22-312_0/01780_Aug3.png,1
B22-312,/fhome/maed/HelicoDataSet/CrossValidation/Annotated/B22-312_0/01154_Aug1.png,1
B22-312,/fhome/maed/HelicoDataSet/CrossValidation/Annotated/B22-312_0/00010.png,0
B22-312,/fhome/maed/HelicoDataSet/CrossValidation/Annotated/B22-312_0/00957.png,1
B22-312,/fhome/maed/HelicoDataSet/CrossValidation/Annotated/B22-312_0/01780_Aug7.png,1
B22-312,/fhome/maed/HelicoDataSet/CrossValidation/Annotated/B22-312_0/01780_Aug6.png,1
B22-312,/fhome/maed/HelicoDataSet/CrossValidation/Annotated/B22-312_0/00957_Aug4.png,1
B22-312,/fhome/maed/HelicoDataSet/CrossValidation/Annotated/B22-312_0/01764.png,0
B22-312,/fhome/maed/HelicoDataSet/CrossValidation/Annotated/B22-312_0/00097.png,0
B22-312,/fhome/maed/HelicoDataSet/CrossValidation/Annotated/B22-312_0/01461_Aug4.png,1
B22-312,/fhome/maed/HelicoDataSet/CrossValidation/Annotated/B22-312_0/01780_Aug2.png,1
B22-312,/fhome/maed/HelicoDataSet/CrossValidation/Annotated/B22-312_0/00235.png,0
B22-312,/fhome/maed/HelicoDataSet/CrossValidation/Annotated/B22-312_0/01343.png,0
B22-312,/fhome/maed/HelicoDataSet/CrossValidation/Annotated/B22-312_0/01154_Aug8.png,1
B22-312,/fhome/maed/HelicoDataSet/CrossValidation/Annotated/B22-312_0/01461.png,1
B22-312,/fhome/maed/HelicoDataSet/CrossValidation/Annotated/B22-312_0/01347.png,0
B22-312,/fhome/maed/HelicoDataSet/CrossValidation/Annotated/B22-312_0/01679.png,0
B22-312,/fhome/maed/HelicoDataSet/CrossValidation/Annotated/B22-312_0/00910.png,0
B22-312,/fhome/maed/HelicoDataSet/CrossValidation/Annotated/B22-312_0/01763.png,0
B22-312,/fhome/maed/HelicoDataSet/CrossValidation/Annotated/B22-312_0/01755.png,0
B22-312,/fhome/maed/HelicoDataSet/CrossValidation/Annotated/B22-312_0/00957_Aug8.png,1
B22-312,/fhome/maed/HelicoDataSet/CrossValidation/Annotated/B22-312_0/00308.png,0
B22-312,/fhome/maed/HelicoDataSet/CrossValidation/Annotated/B22-312_0/01739.png,0
B22-312,/fhome/maed/HelicoDataSet/CrossValidation/Annotated/B22-312_0/00957_Aug1.png,1
B22-312,/fhome/maed/HelicoDataSet/CrossValidation/Annotated/B22-312_0/00957_Aug2.png,1
B22-312,/fhome/maed/HelicoDataSet/CrossValidation/Annotated/B22-312_0/01154_Aug5.png,1
B22-312,/fhome/maed/HelicoDataSet/CrossValidation/Annotated/B22-312_0/00957_Aug3.png,1
B22-312,/fhome/maed/HelicoDataSet/CrossValidation/Annotated/B22-312_0/01154.png,1
B22-312,/fhome/maed/HelicoDataSet/CrossValidation/Annotated/B22-312_0/01780_Aug4.png,1
B22-312,/fhome/maed/HelicoDataSet/CrossValidation/Annotated/B22-312_0/01461_Aug8.png,1
B22-312,/fhome/maed/HelicoDataSet/CrossValidation/Annotated/B22-312_0/01461_Aug5.png,1
B22-312,/fhome/maed/HelicoDataSet/CrossValidation/Annotated/B22-312_0/01780_Aug5.png,1
B22-312,/fhome/maed/HelicoDataSet/CrossValidation/Annotated/B22-312_0/01780_Aug8.png,1
B22-312,/fhome/maed/HelicoDataSet/CrossValidation/Annotated/B22-312_0/01154_Aug6.png,1
B22-312,/fhome/maed/HelicoDataSet/CrossValidation/Annotated/B22-312_0/01047.png,0
B22-312,/fhome/maed/HelicoDataSet/CrossValidation/Annotated/B22-312_0/01461_Aug7.png,1
B22-312,/fhome/maed/HelicoDataSet/CrossValidation/Annotated/B22-312_0/00957_Aug7.png,1
B22-312,/fhome/maed/HelicoDataSet/CrossValidation/Annotated/B22-312_0/01468.png,0
B22-312,/fhome/maed/HelicoDataSet/CrossValidation/Annotated/B22-312_0/01154_Aug4.png,1
B22-312,/fhome/maed/HelicoDataSet/CrossValidation/Annotated/B22-312_0/01461_Aug3.png,1
B22-312,/fhome/maed/HelicoDataSet/CrossValidation/Annotated/B22-312_0/00600.png,0
B22-312,/fhome/maed/HelicoDataSet/CrossValidation/Annotated/B22-312_0/00891.png,0
B22-312,/fhome/maed/HelicoDataSet/CrossValidation/Annotated/B22-312_0/01780_Aug1.png,1
B22-312,/fhome/maed/HelicoDataSet/CrossValidation/Annotated/B22-312_0/00957_Aug5.png,1
B22-312,/fhome/maed/HelicoDataSet/CrossValidation/Annotated/B22-312_0/01780.png,1
B22-312,/fhome/maed/HelicoDataSet/CrossValidation/Annotated/B22-312_0/01461_Aug1.png,1
B22-312,/fhome/maed/HelicoDataSet/CrossValidation/Annotated/B22-312_0/01461_Aug6.png,1
B22-312,/fhome/maed/HelicoDataSet/CrossValidation/Annotated/B22-312_0/01154_Aug2.png,1
B22-312,/fhome/maed/HelicoDataSet/CrossValidation/Annotated/B22-312_0/00000.png,0
B22-312,/fhome/maed/HelicoDataSet/CrossValidation/Annotated/B22-312_0/01461_Aug2.png,1
B22-312,/fhome/maed/HelicoDataSet/CrossValidation/Annotated/B22-312_0/01154_Aug3.png,1
B22-312,/fhome/maed/HelicoDataSet/CrossValidation/Annotated/B22-312_0/00957_Aug6.png,1
B22-312,/fhome/maed/HelicoDataSet/CrossValidation/Annotated/B22-312_0/01758.png,0
B22-312,/fhome/maed/HelicoDataSet/CrossValidation/Annotated/B22-312_0/00096.png,0
B22-312,/fhome/maed/HelicoDataSet/CrossValidation/Annotated/B22-312_0/01154_Aug7.png,1
B22-122,/fhome/maed/HelicoDataSet/CrossValidation/Annotated/B22-122_0/00368.png,0
B22-122,/fhome/maed/HelicoDataSet/CrossValidation/Annotated/B22-122_0/00366.png,0
B22-245,/fhome/maed/HelicoDataSet/CrossValidation/Annotated/B22-245_0/00266.png,0
B22-245,/fhome/maed/HelicoDataSet/CrossValidation/Annotated/B22-245_0/00267.png,0
B22-102,/fhome/maed/HelicoDataSet/CrossValidation/Annotated/B22-102_0/03685_Aug1.png,1
B22-102,/fhome/maed/HelicoDataSet/CrossValidation/Annotated/B22-102_0/01468_Aug1.png,1
B22-102,/fhome/maed/HelicoDataSet/CrossValidation/Annotated/B22-102_0/03685_Aug5.png,1
B22-102,/fhome/maed/HelicoDataSet/CrossValidation/Annotated/B22-102_0/03685.png,1
B22-102,/fhome/maed/HelicoDataSet/CrossValidation/Annotated/B22-102_0/01468_Aug2.png,1
B22-102,/fhome/maed/HelicoDataSet/CrossValidation/Annotated/B22-102_0/03685_Aug8.png,1
B22-102,/fhome/maed/HelicoDataSet/CrossValidation/Annotated/B22-102_0/03685_Aug4.png,1
B22-102,/fhome/maed/HelicoDataSet/CrossValidation/Annotated/B22-102_0/01468_Aug7.png,1
B22-102,/fhome/maed/HelicoDataSet/CrossValidation/Annotated/B22-102_0/03798.png,0
B22-102,/fhome/maed/HelicoDataSet/CrossValidation/Annotated/B22-102_0/01468_Aug5.png,1
B22-102,/fhome/maed/HelicoDataSet/CrossValidation/Annotated/B22-102_0/03685_Aug7.png,1
B22-102,/fhome/maed/HelicoDataSet/CrossValidation/Annotated/B22-102_0/01468_Aug6.png,1
B22-102,/fhome/maed/HelicoDataSet/CrossValidation/Annotated/B22-102_0/01468_Aug3.png,1
B22-102,/fhome/maed/HelicoDataSet/CrossValidation/Annotated/B22-102_0/03685_Aug3.png,1
B22-102,/fhome/maed/HelicoDataSet/CrossValidation/Annotated/B22-102_0/01468.png,1
B22-102,/fhome/maed/HelicoDataSet/CrossValidation/Annotated/B22-102_0/01468_Aug8.png,1
B22-102,/fhome/maed/HelicoDataSet/CrossValidation/Annotated/B22-102_0/03838.png,0
B22-102,/fhome/maed/HelicoDataSet/CrossValidation/Annotated/B22-102_0/01468_Aug4.png,1
B22-102,/fhome/maed/HelicoDataSet/CrossValidation/Annotated/B22-102_0/03685_Aug6.png,1
B22-102,/fhome/maed/HelicoDataSet/CrossValidation/Annotated/B22-102_0/03685_Aug2.png,1
B22-177,/fhome/maed/HelicoDataSet/CrossValidation/Annotated/B22-177_1/00298.png,0
B22-177,/fhome/maed/HelicoDataSet/CrossValidation/Annotated/B22-177_1/00862.png,0
B22-177,/fhome/maed/HelicoDataSet/CrossValidation/Annotated/B22-177_1/00469.png,0
B22-177,/fhome/maed/HelicoDataSet/CrossValidation/Annotated/B22-177_1/01193.png,0
B22-177,/fhome/maed/HelicoDataSet/CrossValidation/Annotated/B22-177_1/00962.png,0
B22-177,/fhome/maed/HelicoDataSet/CrossValidation/Annotated/B22-177_1/01386.png,0
B22-177,/fhome/maed/HelicoDataSet/CrossValidation/Annotated/B22-177_1/01836.png,0
B22-156,/fhome/maed/HelicoDataSet/CrossValidation/Annotated/B22-156_0/00139_Aug7.png,1
B22-156,/fhome/maed/HelicoDataSet/CrossValidation/Annotated/B22-156_0/00139_Aug2.png,1
B22-156,/fhome/maed/HelicoDataSet/CrossValidation/Annotated/B22-156_0/00139_Aug4.png,1
B22-156,/fhome/maed/HelicoDataSet/CrossValidation/Annotated/B22-156_0/00139_Aug5.png,1
B22-156,/fhome/maed/HelicoDataSet/CrossValidation/Annotated/B22-156_0/00139_Aug6.png,1
B22-156,/fhome/maed/HelicoDataSet/CrossValidation/Annotated/B22-156_0/00139_Aug1.png,1
B22-156,/fhome/maed/HelicoDataSet/CrossValidation/Annotated/B22-156_0/00139_Aug3.png,1
B22-156,/fhome/maed/HelicoDataSet/CrossValidation/Annotated/B22-156_0/00139_Aug8.png,1
B22-156,/fhome/maed/HelicoDataSet/CrossValidation/Annotated/B22-156_0/00133.png,0
B22-156,/fhome/maed/HelicoDataSet/CrossValidation/Annotated/B22-156_0/00139.png,1
B22-74,/fhome/maed/HelicoDataSet/CrossValidation/Annotated/B22-74_0/00890_Aug7.png,1
B22-74,/fhome/maed/HelicoDataSet/CrossValidation/Annotated/B22-74_0/00890_Aug8.png,1
B22-74,/fhome/maed/HelicoDataSet/CrossValidation/Annotated/B22-74_0/00890_Aug2.png,1
B22-74,/fhome/maed/HelicoDataSet/CrossValidation/Annotated/B22-74_0/00759.png,0
B22-74,/fhome/maed/HelicoDataSet/CrossValidation/Annotated/B22-74_0/00890_Aug1.png,1
B22-74,/fhome/maed/HelicoDataSet/CrossValidation/Annotated/B22-74_0/00415.png,0
B22-74,/fhome/maed/HelicoDataSet/CrossValidation/Annotated/B22-74_0/00890.png,1
B22-74,/fhome/maed/HelicoDataSet/CrossValidation/Annotated/B22-74_0/00890_Aug5.png,1
B22-74,/fhome/maed/HelicoDataSet/CrossValidation/Annotated/B22-74_0/00890_Aug6.png,1
B22-74,/fhome/maed/HelicoDataSet/CrossValidation/Annotated/B22-74_0/00890_Aug4.png,1
B22-74,/fhome/maed/HelicoDataSet/CrossValidation/Annotated/B22-74_0/00890_Aug3.png,1
B22-74,/fhome/maed/HelicoDataSet/CrossValidation/Annotated/B22-74_0/00762.png,0
B22-74,/fhome/maed/HelicoDataSet/CrossValidation/Annotated/B22-74_0/00420.png,0
B22-74,/fhome/maed/HelicoDataSet/CrossValidation/Annotated/B22-74_0/00011.png,0
B22-180,/fhome/maed/HelicoDataSet/CrossValidation/Annotated/B22-180_1/00629.png,0
B22-180,/fhome/maed/HelicoDataSet/CrossValidation/Annotated/B22-180_1/00294.png,0
B22-180,/fhome/maed/HelicoDataSet/CrossValidation/Annotated/B22-180_1/00658.png,0
B22-180,/fhome/maed/HelicoDataSet/CrossValidation/Annotated/B22-180_1/00615.png,0
B22-124,/fhome/maed/HelicoDataSet/CrossValidation/Annotated/B22-124_0/00759.png,0
B22-124,/fhome/maed/HelicoDataSet/CrossValidation/Annotated/B22-124_0/00902_Aug8.png,1
B22-124,/fhome/maed/HelicoDataSet/CrossValidation/Annotated/B22-124_0/00902_Aug7.png,1
B22-124,/fhome/maed/HelicoDataSet/CrossValidation/Annotated/B22-124_0/00902_Aug1.png,1
B22-124,/fhome/maed/HelicoDataSet/CrossValidation/Annotated/B22-124_0/00902.png,1
B22-124,/fhome/maed/HelicoDataSet/CrossValidation/Annotated/B22-124_0/00902_Aug6.png,1
B22-124,/fhome/maed/HelicoDataSet/CrossValidation/Annotated/B22-124_0/00902_Aug3.png,1
B22-124,/fhome/maed/HelicoDataSet/CrossValidation/Annotated/B22-124_0/00902_Aug5.png,1
B22-124,/fhome/maed/HelicoDataSet/CrossValidation/Annotated/B22-124_0/00762.png,0
B22-124,/fhome/maed/HelicoDataSet/CrossValidation/Annotated/B22-124_0/00902_Aug4.png,1
B22-124,/fhome/maed/HelicoDataSet/CrossValidation/Annotated/B22-124_0/01143.png,0
B22-124,/fhome/maed/HelicoDataSet/CrossValidation/Annotated/B22-124_0/00902_Aug2.png,1
B22-124,/fhome/maed/HelicoDataSet/CrossValidation/Annotated/B22-124_0/01419.png,0
B22-124,/fhome/maed/HelicoDataSet/CrossValidation/Annotated/B22-124_0/00011.png,0
B22-253,/fhome/maed/HelicoDataSet/CrossValidation/Annotated/B22-253_0/01723.png,0
B22-253,/fhome/maed/HelicoDataSet/CrossValidation/Annotated/B22-253_0/02465.png,0
B22-253,/fhome/maed/HelicoDataSet/CrossValidation/Annotated/B22-253_0/02440.png,0
B22-253,/fhome/maed/HelicoDataSet/CrossValidation/Annotated/B22-253_0/01933.png,0
B22-253,/fhome/maed/HelicoDataSet/CrossValidation/Annotated/B22-253_0/02317.png,0
B22-253,/fhome/maed/HelicoDataSet/CrossValidation/Annotated/B22-253_0/01044.png,0
B22-253,/fhome/maed/HelicoDataSet/CrossValidation/Annotated/B22-253_0/01036.png,0
B22-253,/fhome/maed/HelicoDataSet/CrossValidation/Annotated/B22-253_0/01119.png,0
B22-253,/fhome/maed/HelicoDataSet/CrossValidation/Annotated/B22-253_0/01219.png,0
B22-253,/fhome/maed/HelicoDataSet/CrossValidation/Annotated/B22-253_0/00999.png,0
B22-253,/fhome/maed/HelicoDataSet/CrossValidation/Annotated/B22-253_0/01115.png,0
B22-253,/fhome/maed/HelicoDataSet/CrossValidation/Annotated/B22-253_0/02437.png,0
B22-253,/fhome/maed/HelicoDataSet/CrossValidation/Annotated/B22-253_0/01016.png,0
B22-253,/fhome/maed/HelicoDataSet/CrossValidation/Annotated/B22-253_0/01039.png,0
B22-253,/fhome/maed/HelicoDataSet/CrossValidation/Annotated/B22-253_0/02398.png,0
B22-253,/fhome/maed/HelicoDataSet/CrossValidation/Annotated/B22-253_0/01937.png,0
B22-253,/fhome/maed/HelicoDataSet/CrossValidation/Annotated/B22-253_0/01144.png,0
B22-253,/fhome/maed/HelicoDataSet/CrossValidation/Annotated/B22-253_0/01143.png,0
B22-253,/fhome/maed/HelicoDataSet/CrossValidation/Annotated/B22-253_0/02478.png,0
B22-129,/fhome/maed/HelicoDataSet/CrossValidation/Annotated/B22-129_0/00659.png,0
B22-240,/fhome/maed/HelicoDataSet/CrossValidation/Annotated/B22-240_0/00500_Aug5.png,1
B22-240,/fhome/maed/HelicoDataSet/CrossValidation/Annotated/B22-240_0/00500_Aug3.png,1
B22-240,/fhome/maed/HelicoDataSet/CrossValidation/Annotated/B22-240_0/00500_Aug1.png,1
B22-240,/fhome/maed/HelicoDataSet/CrossValidation/Annotated/B22-240_0/00629_Aug3.png,1
B22-240,/fhome/maed/HelicoDataSet/CrossValidation/Annotated/B22-240_0/00629_Aug7.png,1
B22-240,/fhome/maed/HelicoDataSet/CrossValidation/Annotated/B22-240_0/00629.png,1
B22-240,/fhome/maed/HelicoDataSet/CrossValidation/Annotated/B22-240_0/00629_Aug4.png,1
B22-240,/fhome/maed/HelicoDataSet/CrossValidation/Annotated/B22-240_0/00500_Aug6.png,1
B22-240,/fhome/maed/HelicoDataSet/CrossValidation/Annotated/B22-240_0/00500_Aug7.png,1
B22-240,/fhome/maed/HelicoDataSet/CrossValidation/Annotated/B22-240_0/00500_Aug4.png,1
B22-240,/fhome/maed/HelicoDataSet/CrossValidation/Annotated/B22-240_0/00629_Aug2.png,1
B22-240,/fhome/maed/HelicoDataSet/CrossValidation/Annotated/B22-240_0/00740_Aug8.png,1
B22-240,/fhome/maed/HelicoDataSet/CrossValidation/Annotated/B22-240_0/00740_Aug3.png,1
B22-240,/fhome/maed/HelicoDataSet/CrossValidation/Annotated/B22-240_0/00740_Aug4.png,1
B22-240,/fhome/maed/HelicoDataSet/CrossValidation/Annotated/B22-240_0/00740_Aug5.png,1
B22-240,/fhome/maed/HelicoDataSet/CrossValidation/Annotated/B22-240_0/00807.png,0
B22-240,/fhome/maed/HelicoDataSet/CrossValidation/Annotated/B22-240_0/00629_Aug8.png,1
B22-240,/fhome/maed/HelicoDataSet/CrossValidation/Annotated/B22-240_0/00740_Aug6.png,1
B22-240,/fhome/maed/HelicoDataSet/CrossValidation/Annotated/B22-240_0/00740_Aug1.png,1
B22-240,/fhome/maed/HelicoDataSet/CrossValidation/Annotated/B22-240_0/00740.png,1
B22-240,/fhome/maed/HelicoDataSet/CrossValidation/Annotated/B22-240_0/00740_Aug7.png,1
B22-240,/fhome/maed/HelicoDataSet/CrossValidation/Annotated/B22-240_0/00629_Aug1.png,1
B22-240,/fhome/maed/HelicoDataSet/CrossValidation/Annotated/B22-240_0/00629_Aug6.png,1
B22-240,/fhome/maed/HelicoDataSet/CrossValidation/Annotated/B22-240_0/00500_Aug8.png,1
B22-240,/fhome/maed/HelicoDataSet/CrossValidation/Annotated/B22-240_0/00039.png,0
B22-240,/fhome/maed/HelicoDataSet/CrossValidation/Annotated/B22-240_0/00038.png,0
B22-240,/fhome/maed/HelicoDataSet/CrossValidation/Annotated/B22-240_0/00500_Aug2.png,1
B22-240,/fhome/maed/HelicoDataSet/CrossValidation/Annotated/B22-240_0/00814.png,0
B22-240,/fhome/maed/HelicoDataSet/CrossValidation/Annotated/B22-240_0/00629_Aug5.png,1
B22-240,/fhome/maed/HelicoDataSet/CrossValidation/Annotated/B22-240_0/00500.png,1
B22-240,/fhome/maed/HelicoDataSet/CrossValidation/Annotated/B22-240_0/00740_Aug2.png,1
B22-55,/fhome/maed/HelicoDataSet/CrossValidation/Annotated/B22-55_0/00314.png,0
B22-106,/fhome/maed/HelicoDataSet/CrossValidation/Annotated/B22-106_1/00071.png,0
B22-106,/fhome/maed/HelicoDataSet/CrossValidation/Annotated/B22-106_1/00079.png,0
B22-106,/fhome/maed/HelicoDataSet/CrossValidation/Annotated/B22-106_1/00166.png,0
B22-106,/fhome/maed/HelicoDataSet/CrossValidation/Annotated/B22-106_1/00281.png,0
B22-106,/fhome/maed/HelicoDataSet/CrossValidation/Annotated/B22-106_1/00389.png,0
B22-106,/fhome/maed/HelicoDataSet/CrossValidation/Annotated/B22-106_1/00125.png,0
B22-106,/fhome/maed/HelicoDataSet/CrossValidation/Annotated/B22-106_1/00344.png,0
B22-106,/fhome/maed/HelicoDataSet/CrossValidation/Annotated/B22-106_1/00469.png,0
B22-106,/fhome/maed/HelicoDataSet/CrossValidation/Annotated/B22-106_1/00319.png,0
B22-106,/fhome/maed/HelicoDataSet/CrossValidation/Annotated/B22-106_1/00128.png,0
B22-106,/fhome/maed/HelicoDataSet/CrossValidation/Annotated/B22-106_1/00269.png,0
B22-114,/fhome/maed/HelicoDataSet/CrossValidation/Annotated/B22-114_0/00112_Aug5.png,1
B22-114,/fhome/maed/HelicoDataSet/CrossValidation/Annotated/B22-114_0/00080_Aug7.png,1
B22-114,/fhome/maed/HelicoDataSet/CrossValidation/Annotated/B22-114_0/00112_Aug4.png,1
B22-114,/fhome/maed/HelicoDataSet/CrossValidation/Annotated/B22-114_0/00054_Aug7.png,1
B22-114,/fhome/maed/HelicoDataSet/CrossValidation/Annotated/B22-114_0/00238_Aug3.png,1
B22-114,/fhome/maed/HelicoDataSet/CrossValidation/Annotated/B22-114_0/00054_Aug2.png,1
B22-114,/fhome/maed/HelicoDataSet/CrossValidation/Annotated/B22-114_0/00080_Aug8.png,1
B22-114,/fhome/maed/HelicoDataSet/CrossValidation/Annotated/B22-114_0/00112.png,1
B22-114,/fhome/maed/HelicoDataSet/CrossValidation/Annotated/B22-114_0/00238_Aug1.png,1
B22-114,/fhome/maed/HelicoDataSet/CrossValidation/Annotated/B22-114_0/00238_Aug5.png,1
B22-114,/fhome/maed/HelicoDataSet/CrossValidation/Annotated/B22-114_0/00080_Aug3.png,1
B22-114,/fhome/maed/HelicoDataSet/CrossValidation/Annotated/B22-114_0/00080.png,1
B22-114,/fhome/maed/HelicoDataSet/CrossValidation/Annotated/B22-114_0/00080_Aug5.png,1
B22-114,/fhome/maed/HelicoDataSet/CrossValidation/Annotated/B22-114_0/00054_Aug8.png,1
B22-114,/fhome/maed/HelicoDataSet/CrossValidation/Annotated/B22-114_0/00112_Aug7.png,1
B22-114,/fhome/maed/HelicoDataSet/CrossValidation/Annotated/B22-114_0/00238.png,1
B22-114,/fhome/maed/HelicoDataSet/CrossValidation/Annotated/B22-114_0/00238_Aug2.png,1
B22-114,/fhome/maed/HelicoDataSet/CrossValidation/Annotated/B22-114_0/00054_Aug3.png,1
B22-114,/fhome/maed/HelicoDataSet/CrossValidation/Annotated/B22-114_0/00112_Aug2.png,1
B22-114,/fhome/maed/HelicoDataSet/CrossValidation/Annotated/B22-114_0/00080_Aug6.png,1
B22-114,/fhome/maed/HelicoDataSet/CrossValidation/Annotated/B22-114_0/00112_Aug3.png,1
B22-114,/fhome/maed/HelicoDataSet/CrossValidation/Annotated/B22-114_0/00080_Aug2.png,1
B22-114,/fhome/maed/HelicoDataSet/CrossValidation/Annotated/B22-114_0/00112_Aug6.png,1
B22-114,/fhome/maed/HelicoDataSet/CrossValidation/Annotated/B22-114_0/00054_Aug1.png,1
B22-114,/fhome/maed/HelicoDataSet/CrossValidation/Annotated/B22-114_0/00238_Aug4.png,1
B22-114,/fhome/maed/HelicoDataSet/CrossValidation/Annotated/B22-114_0/00080_Aug1.png,1
B22-114,/fhome/maed/HelicoDataSet/CrossValidation/Annotated/B22-114_0/00112_Aug8.png,1
B22-114,/fhome/maed/HelicoDataSet/CrossValidation/Annotated/B22-114_0/00238_Aug6.png,1
B22-114,/fhome/maed/HelicoDataSet/CrossValidation/Annotated/B22-114_0/00080_Aug4.png,1
B22-114,/fhome/maed/HelicoDataSet/CrossValidation/Annotated/B22-114_0/00054.png,1
B22-114,/fhome/maed/HelicoDataSet/CrossValidation/Annotated/B22-114_0/00112_Aug1.png,1
B22-114,/fhome/maed/HelicoDataSet/CrossValidation/Annotated/B22-114_0/00238_Aug8.png,1
B22-114,/fhome/maed/HelicoDataSet/CrossValidation/Annotated/B22-114_0/00238_Aug7.png,1
B22-114,/fhome/maed/HelicoDataSet/CrossValidation/Annotated/B22-114_0/00054_Aug4.png,1
B22-114,/fhome/maed/HelicoDataSet/CrossValidation/Annotated/B22-114_0/00054_Aug5.png,1
B22-114,/fhome/maed/HelicoDataSet/CrossValidation/Annotated/B22-114_0/00054_Aug6.png,1
B22-114,/fhome/maed/HelicoDataSet/CrossValidation/Annotated/B22-114_0/00158.png,0
B22-114,/fhome/maed/HelicoDataSet/CrossValidation/Annotated/B22-114_0/00012.png,0
B22-234,/fhome/maed/HelicoDataSet/CrossValidation/Annotated/B22-234_0/02275.png,0
B22-234,/fhome/maed/HelicoDataSet/CrossValidation/Annotated/B22-234_0/00003.png,0
B22-115,/fhome/maed/HelicoDataSet/CrossValidation/Annotated/B22-115_0/00234.png,0
B22-115,/fhome/maed/HelicoDataSet/CrossValidation/Annotated/B22-115_0/00122.png,0
B22-306,/fhome/maed/HelicoDataSet/CrossValidation/Annotated/B22-306_0/01039.png,0
B22-154,/fhome/maed/HelicoDataSet/CrossValidation/Annotated/B22-154_0/00166.png,0
B22-154,/fhome/maed/HelicoDataSet/CrossValidation/Annotated/B22-154_0/00437.png,0
B22-103,/fhome/maed/HelicoDataSet/CrossValidation/Annotated/B22-103_0/02245_Aug2.png,1
B22-103,/fhome/maed/HelicoDataSet/CrossValidation/Annotated/B22-103_0/02201_Aug5.png,1
B22-103,/fhome/maed/HelicoDataSet/CrossValidation/Annotated/B22-103_0/02245_Aug7.png,1
B22-103,/fhome/maed/HelicoDataSet/CrossValidation/Annotated/B22-103_0/02245_Aug5.png,1
B22-103,/fhome/maed/HelicoDataSet/CrossValidation/Annotated/B22-103_0/02245_Aug1.png,1
B22-103,/fhome/maed/HelicoDataSet/CrossValidation/Annotated/B22-103_0/02201_Aug4.png,1
B22-103,/fhome/maed/HelicoDataSet/CrossValidation/Annotated/B22-103_0/02201_Aug7.png,1
B22-103,/fhome/maed/HelicoDataSet/CrossValidation/Annotated/B22-103_0/02201_Aug1.png,1
B22-103,/fhome/maed/HelicoDataSet/CrossValidation/Annotated/B22-103_0/02201_Aug3.png,1
B22-103,/fhome/maed/HelicoDataSet/CrossValidation/Annotated/B22-103_0/02201.png,1
B22-103,/fhome/maed/HelicoDataSet/CrossValidation/Annotated/B22-103_0/02245_Aug3.png,1
B22-103,/fhome/maed/HelicoDataSet/CrossValidation/Annotated/B22-103_0/02201_Aug2.png,1
B22-103,/fhome/maed/HelicoDataSet/CrossValidation/Annotated/B22-103_0/02245.png,1
B22-103,/fhome/maed/HelicoDataSet/CrossValidation/Annotated/B22-103_0/02201_Aug6.png,1
B22-103,/fhome/maed/HelicoDataSet/CrossValidation/Annotated/B22-103_0/02201_Aug8.png,1
B22-103,/fhome/maed/HelicoDataSet/CrossValidation/Annotated/B22-103_0/02245_Aug4.png,1
B22-103,/fhome/maed/HelicoDataSet/CrossValidation/Annotated/B22-103_0/02245_Aug8.png,1
B22-103,/fhome/maed/HelicoDataSet/CrossValidation/Annotated/B22-103_0/02245_Aug6.png,1
B22-103,/fhome/maed/HelicoDataSet/CrossValidation/Annotated/B22-103_0/02790.png,0
B22-218,/fhome/maed/HelicoDataSet/CrossValidation/Annotated/B22-218_0/00901.png,0
B22-218,/fhome/maed/HelicoDataSet/CrossValidation/Annotated/B22-218_0/00782.png,0
B22-218,/fhome/maed/HelicoDataSet/CrossValidation/Annotated/B22-218_0/00771.png,0
B22-218,/fhome/maed/HelicoDataSet/CrossValidation/Annotated/B22-218_0/00884.png,0
B22-218,/fhome/maed/HelicoDataSet/CrossValidation/Annotated/B22-218_0/01755.png,0
B22-218,/fhome/maed/HelicoDataSet/CrossValidation/Annotated/B22-218_0/00838.png,0
B22-218,/fhome/maed/HelicoDataSet/CrossValidation/Annotated/B22-218_0/01400.png,0
B22-218,/fhome/maed/HelicoDataSet/CrossValidation/Annotated/B22-218_0/00777.png,0
B22-218,/fhome/maed/HelicoDataSet/CrossValidation/Annotated/B22-218_0/01753.png,0
B22-218,/fhome/maed/HelicoDataSet/CrossValidation/Annotated/B22-218_0/00902.png,0
B22-218,/fhome/maed/HelicoDataSet/CrossValidation/Annotated/B22-218_0/00875.png,0
B22-218,/fhome/maed/HelicoDataSet/CrossValidation/Annotated/B22-218_0/00877.png,0
B22-218,/fhome/maed/HelicoDataSet/CrossValidation/Annotated/B22-218_0/00882.png,0
B22-218,/fhome/maed/HelicoDataSet/CrossValidation/Annotated/B22-218_0/00837.png,0
B22-218,/fhome/maed/HelicoDataSet/CrossValidation/Annotated/B22-218_0/00779.png,0
B22-218,/fhome/maed/HelicoDataSet/CrossValidation/Annotated/B22-218_0/01210.png,0
B22-218,/fhome/maed/HelicoDataSet/CrossValidation/Annotated/B22-218_0/00900.png,0
B22-218,/fhome/maed/HelicoDataSet/CrossValidation/Annotated/B22-218_0/01754.png,0
B22-218,/fhome/maed/HelicoDataSet/CrossValidation/Annotated/B22-218_0/00772.png,0
B22-218,/fhome/maed/HelicoDataSet/CrossValidation/Annotated/B22-218_0/00836.png,0
B22-218,/fhome/maed/HelicoDataSet/CrossValidation/Annotated/B22-218_0/00778.png,0
B22-30,/fhome/maed/HelicoDataSet/CrossValidation/Annotated/B22-30_0/00018.png,0
B22-30,/fhome/maed/HelicoDataSet/CrossValidation/Annotated/B22-30_0/00629.png,0
B22-30,/fhome/maed/HelicoDataSet/CrossValidation/Annotated/B22-30_0/00536.png,0
B22-30,/fhome/maed/HelicoDataSet/CrossValidation/Annotated/B22-30_0/00178.png,0
B22-30,/fhome/maed/HelicoDataSet/CrossValidation/Annotated/B22-30_0/00535.png,0
B22-53,/fhome/maed/HelicoDataSet/CrossValidation/Annotated/B22-53_1/00141.png,0
B22-53,/fhome/maed/HelicoDataSet/CrossValidation/Annotated/B22-53_1/00047.png,0
B22-53,/fhome/maed/HelicoDataSet/CrossValidation/Annotated/B22-53_1/00100.png,0
B22-53,/fhome/maed/HelicoDataSet/CrossValidation/Annotated/B22-53_1/00074.png,0
B22-301,/fhome/maed/HelicoDataSet/CrossValidation/Annotated/B22-301_0/00254.png,0
B22-301,/fhome/maed/HelicoDataSet/CrossValidation/Annotated/B22-301_0/00225.png,0
B22-29,/fhome/maed/HelicoDataSet/CrossValidation/Annotated/B22-29_1/00084.png,0
B22-29,/fhome/maed/HelicoDataSet/CrossValidation/Annotated/B22-29_1/00195.png,0
B22-29,/fhome/maed/HelicoDataSet/CrossValidation/Annotated/B22-29_1/00187.png,0
B22-29,/fhome/maed/HelicoDataSet/CrossValidation/Annotated/B22-29_1/00024.png,0
B22-29,/fhome/maed/HelicoDataSet/CrossValidation/Annotated/B22-29_1/00180.png,0
B22-29,/fhome/maed/HelicoDataSet/CrossValidation/Annotated/B22-29_1/00129.png,0
B22-29,/fhome/maed/HelicoDataSet/CrossValidation/Annotated/B22-29_1/00242.png,0
B22-29,/fhome/maed/HelicoDataSet/CrossValidation/Annotated/B22-29_1/00000.png,0
B22-29,/fhome/maed/HelicoDataSet/CrossValidation/Annotated/B22-29_1/00154.png,0
B22-29,/fhome/maed/HelicoDataSet/CrossValidation/Annotated/B22-29_1/00004.png,0
B22-29,/fhome/maed/HelicoDataSet/CrossValidation/Annotated/B22-29_1/00012.png,0
B22-29,/fhome/maed/HelicoDataSet/CrossValidation/Annotated/B22-29_1/00203.png,0
B22-29,/fhome/maed/HelicoDataSet/CrossValidation/Annotated/B22-29_1/00245.png,0
B22-186,/fhome/maed/HelicoDataSet/CrossValidation/Annotated/B22-186_0/02125.png,0
B22-143,/fhome/maed/HelicoDataSet/CrossValidation/Annotated/B22-143_1/00448.png,0
B22-143,/fhome/maed/HelicoDataSet/CrossValidation/Annotated/B22-143_1/00656.png,0
B22-143,/fhome/maed/HelicoDataSet/CrossValidation/Annotated/B22-143_1/00412.png,0
B22-143,/fhome/maed/HelicoDataSet/CrossValidation/Annotated/B22-143_1/00346.png,0
B22-143,/fhome/maed/HelicoDataSet/CrossValidation/Annotated/B22-143_1/00064.png,0
B22-143,/fhome/maed/HelicoDataSet/CrossValidation/Annotated/B22-143_1/00549.png,0
B22-143,/fhome/maed/HelicoDataSet/CrossValidation/Annotated/B22-143_1/00116.png,0
B22-143,/fhome/maed/HelicoDataSet/CrossValidation/Annotated/B22-143_1/00300.png,0
B22-143,/fhome/maed/HelicoDataSet/CrossValidation/Annotated/B22-143_1/00585.png,0
B22-143,/fhome/maed/HelicoDataSet/CrossValidation/Annotated/B22-143_1/00494.png,0
B22-143,/fhome/maed/HelicoDataSet/CrossValidation/Annotated/B22-143_1/00430.png,0
B22-143,/fhome/maed/HelicoDataSet/CrossValidation/Annotated/B22-143_1/00001.png,0
B22-38,/fhome/maed/HelicoDataSet/CrossValidation/Annotated/B22-38_0/00283_Aug6.png,1
B22-38,/fhome/maed/HelicoDataSet/CrossValidation/Annotated/B22-38_0/00283_Aug7.png,1
B22-38,/fhome/maed/HelicoDataSet/CrossValidation/Annotated/B22-38_0/00341_Aug7.png,1
B22-38,/fhome/maed/HelicoDataSet/CrossValidation/Annotated/B22-38_0/00283_Aug8.png,1
B22-38,/fhome/maed/HelicoDataSet/CrossValidation/Annotated/B22-38_0/01284_Aug4.png,1
B22-38,/fhome/maed/HelicoDataSet/CrossValidation/Annotated/B22-38_0/01525_Aug6.png,1
B22-38,/fhome/maed/HelicoDataSet/CrossValidation/Annotated/B22-38_0/01855.png,0
B22-38,/fhome/maed/HelicoDataSet/CrossValidation/Annotated/B22-38_0/01525_Aug7.png,1
B22-38,/fhome/maed/HelicoDataSet/CrossValidation/Annotated/B22-38_0/00283_Aug2.png,1
B22-38,/fhome/maed/HelicoDataSet/CrossValidation/Annotated/B22-38_0/01525_Aug8.png,1
B22-38,/fhome/maed/HelicoDataSet/CrossValidation/Annotated/B22-38_0/01284_Aug3.png,1
B22-38,/fhome/maed/HelicoDataSet/CrossValidation/Annotated/B22-38_0/01284_Aug5.png,1
B22-38,/fhome/maed/HelicoDataSet/CrossValidation/Annotated/B22-38_0/00341_Aug5.png,1
B22-38,/fhome/maed/HelicoDataSet/CrossValidation/Annotated/B22-38_0/00341.png,1
B22-38,/fhome/maed/HelicoDataSet/CrossValidation/Annotated/B22-38_0/01525_Aug3.png,1
B22-38,/fhome/maed/HelicoDataSet/CrossValidation/Annotated/B22-38_0/00283_Aug4.png,1
B22-38,/fhome/maed/HelicoDataSet/CrossValidation/Annotated/B22-38_0/01525_Aug5.png,1
B22-38,/fhome/maed/HelicoDataSet/CrossValidation/Annotated/B22-38_0/01284_Aug1.png,1
B22-38,/fhome/maed/HelicoDataSet/CrossValidation/Annotated/B22-38_0/01525_Aug4.png,1
B22-38,/fhome/maed/HelicoDataSet/CrossValidation/Annotated/B22-38_0/00341_Aug2.png,1
B22-38,/fhome/maed/HelicoDataSet/CrossValidation/Annotated/B22-38_0/00283_Aug3.png,1
B22-38,/fhome/maed/HelicoDataSet/CrossValidation/Annotated/B22-38_0/01284_Aug2.png,1
B22-38,/fhome/maed/HelicoDataSet/CrossValidation/Annotated/B22-38_0/01284_Aug7.png,1
B22-38,/fhome/maed/HelicoDataSet/CrossValidation/Annotated/B22-38_0/00341_Aug3.png,1
B22-38,/fhome/maed/HelicoDataSet/CrossValidation/Annotated/B22-38_0/01525.png,1
B22-38,/fhome/maed/HelicoDataSet/CrossValidation/Annotated/B22-38_0/00703.png,0
B22-38,/fhome/maed/HelicoDataSet/CrossValidation/Annotated/B22-38_0/00283_Aug5.png,1
B22-38,/fhome/maed/HelicoDataSet/CrossValidation/Annotated/B22-38_0/01525_Aug2.png,1
B22-38,/fhome/maed/HelicoDataSet/CrossValidation/Annotated/B22-38_0/01284_Aug6.png,1
B22-38,/fhome/maed/HelicoDataSet/CrossValidation/Annotated/B22-38_0/00341_Aug6.png,1
B22-38,/fhome/maed/HelicoDataSet/CrossValidation/Annotated/B22-38_0/00283.png,1
B22-38,/fhome/maed/HelicoDataSet/CrossValidation/Annotated/B22-38_0/00283_Aug1.png,1
B22-38,/fhome/maed/HelicoDataSet/CrossValidation/Annotated/B22-38_0/00341_Aug8.png,1
B22-38,/fhome/maed/HelicoDataSet/CrossValidation/Annotated/B22-38_0/01284.png,1
B22-38,/fhome/maed/HelicoDataSet/CrossValidation/Annotated/B22-38_0/01525_Aug1.png,1
B22-38,/fhome/maed/HelicoDataSet/CrossValidation/Annotated/B22-38_0/00341_Aug1.png,1
B22-38,/fhome/maed/HelicoDataSet/CrossValidation/Annotated/B22-38_0/01409.png,0
B22-38,/fhome/maed/HelicoDataSet/CrossValidation/Annotated/B22-38_0/01284_Aug8.png,1
B22-38,/fhome/maed/HelicoDataSet/CrossValidation/Annotated/B22-38_0/00341_Aug4.png,1
B22-52,/fhome/maed/HelicoDataSet/CrossValidation/Annotated/B22-52_0/00760.png,0
B22-83,/fhome/maed/HelicoDataSet/CrossValidation/Annotated/B22-83_0/01018.png,1
B22-83,/fhome/maed/HelicoDataSet/CrossValidation/Annotated/B22-83_0/01018_Aug2.png,1
B22-83,/fhome/maed/HelicoDataSet/CrossValidation/Annotated/B22-83_0/01018_Aug6.png,1
B22-83,/fhome/maed/HelicoDataSet/CrossValidation/Annotated/B22-83_0/01018_Aug5.png,1
B22-83,/fhome/maed/HelicoDataSet/CrossValidation/Annotated/B22-83_0/01018_Aug8.png,1
B22-83,/fhome/maed/HelicoDataSet/CrossValidation/Annotated/B22-83_0/01018_Aug3.png,1
B22-83,/fhome/maed/HelicoDataSet/CrossValidation/Annotated/B22-83_0/01018_Aug1.png,1
B22-83,/fhome/maed/HelicoDataSet/CrossValidation/Annotated/B22-83_0/01061.png,0
B22-83,/fhome/maed/HelicoDataSet/CrossValidation/Annotated/B22-83_0/01076.png,0
B22-83,/fhome/maed/HelicoDataSet/CrossValidation/Annotated/B22-83_0/01018_Aug7.png,1
B22-83,/fhome/maed/HelicoDataSet/CrossValidation/Annotated/B22-83_0/01063.png,0
B22-83,/fhome/maed/HelicoDataSet/CrossValidation/Annotated/B22-83_0/01018_Aug4.png,1
B22-138,/fhome/maed/HelicoDataSet/CrossValidation/Annotated/B22-138_0/01017.png,0
B22-138,/fhome/maed/HelicoDataSet/CrossValidation/Annotated/B22-138_0/01330_Aug4.png,1
B22-138,/fhome/maed/HelicoDataSet/CrossValidation/Annotated/B22-138_0/00200_Aug1.png,1
B22-138,/fhome/maed/HelicoDataSet/CrossValidation/Annotated/B22-138_0/01018.png,0
B22-138,/fhome/maed/HelicoDataSet/CrossValidation/Annotated/B22-138_0/01355_Aug5.png,1
B22-138,/fhome/maed/HelicoDataSet/CrossValidation/Annotated/B22-138_0/01366_Aug4.png,1
B22-138,/fhome/maed/HelicoDataSet/CrossValidation/Annotated/B22-138_0/01799.png,0
B22-138,/fhome/maed/HelicoDataSet/CrossValidation/Annotated/B22-138_0/00555.png,0
B22-138,/fhome/maed/HelicoDataSet/CrossValidation/Annotated/B22-138_0/01365_Aug1.png,1
B22-138,/fhome/maed/HelicoDataSet/CrossValidation/Annotated/B22-138_0/00351_Aug8.png,1
B22-138,/fhome/maed/HelicoDataSet/CrossValidation/Annotated/B22-138_0/01019.png,0
B22-138,/fhome/maed/HelicoDataSet/CrossValidation/Annotated/B22-138_0/01401.png,0
B22-138,/fhome/maed/HelicoDataSet/CrossValidation/Annotated/B22-138_0/01506.png,0
B22-138,/fhome/maed/HelicoDataSet/CrossValidation/Annotated/B22-138_0/01500.png,1
B22-138,/fhome/maed/HelicoDataSet/CrossValidation/Annotated/B22-138_0/01365_Aug7.png,1
B22-138,/fhome/maed/HelicoDataSet/CrossValidation/Annotated/B22-138_0/01366_Aug1.png,1
B22-138,/fhome/maed/HelicoDataSet/CrossValidation/Annotated/B22-138_0/00361_Aug3.png,1
B22-138,/fhome/maed/HelicoDataSet/CrossValidation/Annotated/B22-138_0/01011.png,0
B22-138,/fhome/maed/HelicoDataSet/CrossValidation/Annotated/B22-138_0/01366_Aug6.png,1
B22-138,/fhome/maed/HelicoDataSet/CrossValidation/Annotated/B22-138_0/00607.png,0
B22-138,/fhome/maed/HelicoDataSet/CrossValidation/Annotated/B22-138_0/00351_Aug2.png,1
B22-138,/fhome/maed/HelicoDataSet/CrossValidation/Annotated/B22-138_0/01648_Aug3.png,1
B22-138,/fhome/maed/HelicoDataSet/CrossValidation/Annotated/B22-138_0/00361_Aug4.png,1
B22-138,/fhome/maed/HelicoDataSet/CrossValidation/Annotated/B22-138_0/00200_Aug6.png,1
B22-138,/fhome/maed/HelicoDataSet/CrossValidation/Annotated/B22-138_0/00200_Aug4.png,1
B22-138,/fhome/maed/HelicoDataSet/CrossValidation/Annotated/B22-138_0/00961.png,0
B22-138,/fhome/maed/HelicoDataSet/CrossValidation/Annotated/B22-138_0/00879_Aug2.png,1
B22-138,/fhome/maed/HelicoDataSet/CrossValidation/Annotated/B22-138_0/00699_Aug7.png,1
B22-138,/fhome/maed/HelicoDataSet/CrossValidation/Annotated/B22-138_0/00892.png,1
B22-138,/fhome/maed/HelicoDataSet/CrossValidation/Annotated/B22-138_0/00361_Aug6.png,1
B22-138,/fhome/maed/HelicoDataSet/CrossValidation/Annotated/B22-138_0/01355_Aug2.png,1
B22-138,/fhome/maed/HelicoDataSet/CrossValidation/Annotated/B22-138_0/00497_Aug4.png,1
B22-138,/fhome/maed/HelicoDataSet/CrossValidation/Annotated/B22-138_0/00759.png,0
B22-138,/fhome/maed/HelicoDataSet/CrossValidation/Annotated/B22-138_0/01500_Aug7.png,1
B22-138,/fhome/maed/HelicoDataSet/CrossValidation/Annotated/B22-138_0/00511.png,0
B22-138,/fhome/maed/HelicoDataSet/CrossValidation/Annotated/B22-138_0/01538.png,0
B22-138,/fhome/maed/HelicoDataSet/CrossValidation/Annotated/B22-138_0/01366_Aug2.png,1
B22-138,/fhome/maed/HelicoDataSet/CrossValidation/Annotated/B22-138_0/00497_Aug3.png,1
B22-138,/fhome/maed/HelicoDataSet/CrossValidation/Annotated/B22-138_0/01416.png,0
B22-138,/fhome/maed/HelicoDataSet/CrossValidation/Annotated/B22-138_0/00699_Aug4.png,1
B22-138,/fhome/maed/HelicoDataSet/CrossValidation/Annotated/B22-138_0/01679.png,0
B22-138,/fhome/maed/HelicoDataSet/CrossValidation/Annotated/B22-138_0/01271.png,0
B22-138,/fhome/maed/HelicoDataSet/CrossValidation/Annotated/B22-138_0/00379_Aug3.png,1
B22-138,/fhome/maed/HelicoDataSet/CrossValidation/Annotated/B22-138_0/01649_Aug7.png,1
B22-138,/fhome/maed/HelicoDataSet/CrossValidation/Annotated/B22-138_0/01646_Aug8.png,1
B22-138,/fhome/maed/HelicoDataSet/CrossValidation/Annotated/B22-138_0/00879_Aug4.png,1
B22-138,/fhome/maed/HelicoDataSet/CrossValidation/Annotated/B22-138_0/01330_Aug7.png,1
B22-138,/fhome/maed/HelicoDataSet/CrossValidation/Annotated/B22-138_0/01366_Aug5.png,1
B22-138,/fhome/maed/HelicoDataSet/CrossValidation/Annotated/B22-138_0/00699_Aug2.png,1
B22-138,/fhome/maed/HelicoDataSet/CrossValidation/Annotated/B22-138_0/01598.png,0
B22-138,/fhome/maed/HelicoDataSet/CrossValidation/Annotated/B22-138_0/01646.png,1
B22-138,/fhome/maed/HelicoDataSet/CrossValidation/Annotated/B22-138_0/01649_Aug4.png,1
B22-138,/fhome/maed/HelicoDataSet/CrossValidation/Annotated/B22-138_0/00198.png,0
B22-138,/fhome/maed/HelicoDataSet/CrossValidation/Annotated/B22-138_0/01273.png,0
B22-138,/fhome/maed/HelicoDataSet/CrossValidation/Annotated/B22-138_0/00200_Aug7.png,1
B22-138,/fhome/maed/HelicoDataSet/CrossValidation/Annotated/B22-138_0/01735.png,0
B22-138,/fhome/maed/HelicoDataSet/CrossValidation/Annotated/B22-138_0/01355.png,1
B22-138,/fhome/maed/HelicoDataSet/CrossValidation/Annotated/B22-138_0/00200_Aug3.png,1
B22-138,/fhome/maed/HelicoDataSet/CrossValidation/Annotated/B22-138_0/01649_Aug5.png,1
B22-138,/fhome/maed/HelicoDataSet/CrossValidation/Annotated/B22-138_0/00525.png,0
B22-138,/fhome/maed/HelicoDataSet/CrossValidation/Annotated/B22-138_0/00200_Aug5.png,1
B22-138,/fhome/maed/HelicoDataSet/CrossValidation/Annotated/B22-138_0/01649_Aug6.png,1
B22-138,/fhome/maed/HelicoDataSet/CrossValidation/Annotated/B22-138_0/00497_Aug6.png,1
B22-138,/fhome/maed/HelicoDataSet/CrossValidation/Annotated/B22-138_0/00409.png,0
B22-138,/fhome/maed/HelicoDataSet/CrossValidation/Annotated/B22-138_0/01727.png,0
B22-138,/fhome/maed/HelicoDataSet/CrossValidation/Annotated/B22-138_0/01648_Aug8.png,1
B22-138,/fhome/maed/HelicoDataSet/CrossValidation/Annotated/B22-138_0/01330_Aug3.png,1
B22-138,/fhome/maed/HelicoDataSet/CrossValidation/Annotated/B22-138_0/01366_Aug3.png,1
B22-138,/fhome/maed/HelicoDataSet/CrossValidation/Annotated/B22-138_0/01648_Aug6.png,1
B22-138,/fhome/maed/HelicoDataSet/CrossValidation/Annotated/B22-138_0/00542.png,0
B22-138,/fhome/maed/HelicoDataSet/CrossValidation/Annotated/B22-138_0/01366.png,1
B22-138,/fhome/maed/HelicoDataSet/CrossValidation/Annotated/B22-138_0/00892_Aug5.png,1
B22-138,/fhome/maed/HelicoDataSet/CrossValidation/Annotated/B22-138_0/00351_Aug3.png,1
B22-138,/fhome/maed/HelicoDataSet/CrossValidation/Annotated/B22-138_0/00879_Aug3.png,1
B22-138,/fhome/maed/HelicoDataSet/CrossValidation/Annotated/B22-138_0/00699_Aug3.png,1
B22-138,/fhome/maed/HelicoDataSet/CrossValidation/Annotated/B22-138_0/00699_Aug6.png,1
B22-138,/fhome/maed/HelicoDataSet/CrossValidation/Annotated/B22-138_0/00442.png,0
B22-138,/fhome/maed/HelicoDataSet/CrossValidation/Annotated/B22-138_0/00892_Aug2.png,1
B22-138,/fhome/maed/HelicoDataSet/CrossValidation/Annotated/B22-138_0/01442.png,0
B22-138,/fhome/maed/HelicoDataSet/CrossValidation/Annotated/B22-138_0/01330_Aug6.png,1
B22-138,/fhome/maed/HelicoDataSet/CrossValidation/Annotated/B22-138_0/00378.png,0
B22-138,/fhome/maed/HelicoDataSet/CrossValidation/Annotated/B22-138_0/00351_Aug4.png,1
B22-138,/fhome/maed/HelicoDataSet/CrossValidation/Annotated/B22-138_0/01263_Aug3.png,1
B22-138,/fhome/maed/HelicoDataSet/CrossValidation/Annotated/B22-138_0/01714.png,0
B22-138,/fhome/maed/HelicoDataSet/CrossValidation/Annotated/B22-138_0/00879_Aug8.png,1
B22-138,/fhome/maed/HelicoDataSet/CrossValidation/Annotated/B22-138_0/00351_Aug6.png,1
B22-138,/fhome/maed/HelicoDataSet/CrossValidation/Annotated/B22-138_0/01648_Aug5.png,1
B22-138,/fhome/maed/HelicoDataSet/CrossValidation/Annotated/B22-138_0/01500_Aug6.png,1
B22-138,/fhome/maed/HelicoDataSet/CrossValidation/Annotated/B22-138_0/01813.png,0
B22-138,/fhome/maed/HelicoDataSet/CrossValidation/Annotated/B22-138_0/01648_Aug1.png,1
B22-138,/fhome/maed/HelicoDataSet/CrossValidation/Annotated/B22-138_0/01646_Aug6.png,1
B22-138,/fhome/maed/HelicoDataSet/CrossValidation/Annotated/B22-138_0/01500_Aug3.png,1
B22-138,/fhome/maed/HelicoDataSet/CrossValidation/Annotated/B22-138_0/00699.png,1
B22-138,/fhome/maed/HelicoDataSet/CrossValidation/Annotated/B22-138_0/00361_Aug5.png,1
B22-138,/fhome/maed/HelicoDataSet/CrossValidation/Annotated/B22-138_0/01330_Aug5.png,1
B22-138,/fhome/maed/HelicoDataSet/CrossValidation/Annotated/B22-138_0/00879_Aug6.png,1
B22-138,/fhome/maed/HelicoDataSet/CrossValidation/Annotated/B22-138_0/00567.png,0
B22-138,/fhome/maed/HelicoDataSet/CrossValidation/Annotated/B22-138_0/01508.png,0
B22-138,/fhome/maed/HelicoDataSet/CrossValidation/Annotated/B22-138_0/01263_Aug2.png,1
B22-138,/fhome/maed/HelicoDataSet/CrossValidation/Annotated/B22-138_0/00497.png,1
B22-138,/fhome/maed/HelicoDataSet/CrossValidation/Annotated/B22-138_0/01608.png,0
B22-138,/fhome/maed/HelicoDataSet/CrossValidation/Annotated/B22-138_0/01380.png,0
B22-138,/fhome/maed/HelicoDataSet/CrossValidation/Annotated/B22-138_0/01355_Aug3.png,1
B22-138,/fhome/maed/HelicoDataSet/CrossValidation/Annotated/B22-138_0/00967.png,0
B22-138,/fhome/maed/HelicoDataSet/CrossValidation/Annotated/B22-138_0/00892_Aug6.png,1
B22-138,/fhome/maed/HelicoDataSet/CrossValidation/Annotated/B22-138_0/01649_Aug3.png,1
B22-138,/fhome/maed/HelicoDataSet/CrossValidation/Annotated/B22-138_0/01330_Aug2.png,1
B22-138,/fhome/maed/HelicoDataSet/CrossValidation/Annotated/B22-138_0/00699_Aug8.png,1
B22-138,/fhome/maed/HelicoDataSet/CrossValidation/Annotated/B22-138_0/00221.png,0
B22-138,/fhome/maed/HelicoDataSet/CrossValidation/Annotated/B22-138_0/00497_Aug5.png,1
B22-138,/fhome/maed/HelicoDataSet/CrossValidation/Annotated/B22-138_0/00361_Aug1.png,1
B22-138,/fhome/maed/HelicoDataSet/CrossValidation/Annotated/B22-138_0/00879_Aug5.png,1
B22-138,/fhome/maed/HelicoDataSet/CrossValidation/Annotated/B22-138_0/00361.png,1
B22-138,/fhome/maed/HelicoDataSet/CrossValidation/Annotated/B22-138_0/00361_Aug7.png,1
B22-138,/fhome/maed/HelicoDataSet/CrossValidation/Annotated/B22-138_0/01396.png,0
B22-138,/fhome/maed/HelicoDataSet/CrossValidation/Annotated/B22-138_0/00116.png,0
B22-138,/fhome/maed/HelicoDataSet/CrossValidation/Annotated/B22-138_0/01500_Aug5.png,1
B22-138,/fhome/maed/HelicoDataSet/CrossValidation/Annotated/B22-138_0/00497_Aug2.png,1
B22-138,/fhome/maed/HelicoDataSet/CrossValidation/Annotated/B22-138_0/00879.png,1
B22-138,/fhome/maed/HelicoDataSet/CrossValidation/Annotated/B22-138_0/00379_Aug5.png,1
B22-138,/fhome/maed/HelicoDataSet/CrossValidation/Annotated/B22-138_0/00361_Aug8.png,1
B22-138,/fhome/maed/HelicoDataSet/CrossValidation/Annotated/B22-138_0/01095.png,0
B22-138,/fhome/maed/HelicoDataSet/CrossValidation/Annotated/B22-138_0/00056.png,0
B22-138,/fhome/maed/HelicoDataSet/CrossValidation/Annotated/B22-138_0/01263_Aug8.png,1
B22-138,/fhome/maed/HelicoDataSet/CrossValidation/Annotated/B22-138_0/00978.png,0
B22-138,/fhome/maed/HelicoDataSet/CrossValidation/Annotated/B22-138_0/01365_Aug6.png,1
B22-138,/fhome/maed/HelicoDataSet/CrossValidation/Annotated/B22-138_0/01263_Aug6.png,1
B22-138,/fhome/maed/HelicoDataSet/CrossValidation/Annotated/B22-138_0/00361_Aug2.png,1
B22-138,/fhome/maed/HelicoDataSet/CrossValidation/Annotated/B22-138_0/01263.png,1
B22-138,/fhome/maed/HelicoDataSet/CrossValidation/Annotated/B22-138_0/01388.png,0
B22-138,/fhome/maed/HelicoDataSet/CrossValidation/Annotated/B22-138_0/00200.png,1
B22-138,/fhome/maed/HelicoDataSet/CrossValidation/Annotated/B22-138_0/00379_Aug4.png,1
B22-138,/fhome/maed/HelicoDataSet/CrossValidation/Annotated/B22-138_0/01365_Aug3.png,1
B22-138,/fhome/maed/HelicoDataSet/CrossValidation/Annotated/B22-138_0/01648_Aug2.png,1
B22-138,/fhome/maed/HelicoDataSet/CrossValidation/Annotated/B22-138_0/00351_Aug5.png,1
B22-138,/fhome/maed/HelicoDataSet/CrossValidation/Annotated/B22-138_0/00892_Aug8.png,1
B22-138,/fhome/maed/HelicoDataSet/CrossValidation/Annotated/B22-138_0/01495.png,0
B22-138,/fhome/maed/HelicoDataSet/CrossValidation/Annotated/B22-138_0/00497_Aug7.png,1
B22-138,/fhome/maed/HelicoDataSet/CrossValidation/Annotated/B22-138_0/00351_Aug7.png,1
B22-138,/fhome/maed/HelicoDataSet/CrossValidation/Annotated/B22-138_0/00733.png,0
B22-138,/fhome/maed/HelicoDataSet/CrossValidation/Annotated/B22-138_0/00647.png,0
B22-138,/fhome/maed/HelicoDataSet/CrossValidation/Annotated/B22-138_0/00892_Aug4.png,1
B22-138,/fhome/maed/HelicoDataSet/CrossValidation/Annotated/B22-138_0/01263_Aug7.png,1
B22-138,/fhome/maed/HelicoDataSet/CrossValidation/Annotated/B22-138_0/01713.png,0
B22-138,/fhome/maed/HelicoDataSet/CrossValidation/Annotated/B22-138_0/00958.png,0
B22-138,/fhome/maed/HelicoDataSet/CrossValidation/Annotated/B22-138_0/01355_Aug6.png,1
B22-138,/fhome/maed/HelicoDataSet/CrossValidation/Annotated/B22-138_0/01355_Aug4.png,1
B22-138,/fhome/maed/HelicoDataSet/CrossValidation/Annotated/B22-138_0/01646_Aug1.png,1
B22-138,/fhome/maed/HelicoDataSet/CrossValidation/Annotated/B22-138_0/01355_Aug8.png,1
B22-138,/fhome/maed/HelicoDataSet/CrossValidation/Annotated/B22-138_0/00497_Aug1.png,1
B22-138,/fhome/maed/HelicoDataSet/CrossValidation/Annotated/B22-138_0/00550.png,0
B22-138,/fhome/maed/HelicoDataSet/CrossValidation/Annotated/B22-138_0/00985.png,0
B22-138,/fhome/maed/HelicoDataSet/CrossValidation/Annotated/B22-138_0/01363.png,0
B22-138,/fhome/maed/HelicoDataSet/CrossValidation/Annotated/B22-138_0/01678.png,0
B22-138,/fhome/maed/HelicoDataSet/CrossValidation/Annotated/B22-138_0/00561.png,0
B22-138,/fhome/maed/HelicoDataSet/CrossValidation/Annotated/B22-138_0/01209.png,0
B22-138,/fhome/maed/HelicoDataSet/CrossValidation/Annotated/B22-138_0/01646_Aug7.png,1
B22-138,/fhome/maed/HelicoDataSet/CrossValidation/Annotated/B22-138_0/00379_Aug8.png,1
B22-138,/fhome/maed/HelicoDataSet/CrossValidation/Annotated/B22-138_0/01263_Aug5.png,1
B22-138,/fhome/maed/HelicoDataSet/CrossValidation/Annotated/B22-138_0/01366_Aug7.png,1
B22-138,/fhome/maed/HelicoDataSet/CrossValidation/Annotated/B22-138_0/01648_Aug4.png,1
B22-138,/fhome/maed/HelicoDataSet/CrossValidation/Annotated/B22-138_0/01330_Aug1.png,1
B22-138,/fhome/maed/HelicoDataSet/CrossValidation/Annotated/B22-138_0/01504.png,0
B22-138,/fhome/maed/HelicoDataSet/CrossValidation/Annotated/B22-138_0/01366_Aug8.png,1
B22-138,/fhome/maed/HelicoDataSet/CrossValidation/Annotated/B22-138_0/01649_Aug8.png,1
B22-138,/fhome/maed/HelicoDataSet/CrossValidation/Annotated/B22-138_0/00379_Aug7.png,1
B22-138,/fhome/maed/HelicoDataSet/CrossValidation/Annotated/B22-138_0/00699_Aug5.png,1
B22-138,/fhome/maed/HelicoDataSet/CrossValidation/Annotated/B22-138_0/01500_Aug8.png,1
B22-138,/fhome/maed/HelicoDataSet/CrossValidation/Annotated/B22-138_0/00892_Aug1.png,1
B22-138,/fhome/maed/HelicoDataSet/CrossValidation/Annotated/B22-138_0/01365_Aug5.png,1
B22-138,/fhome/maed/HelicoDataSet/CrossValidation/Annotated/B22-138_0/01355_Aug7.png,1
B22-138,/fhome/maed/HelicoDataSet/CrossValidation/Annotated/B22-138_0/01330_Aug8.png,1
B22-138,/fhome/maed/HelicoDataSet/CrossValidation/Annotated/B22-138_0/00699_Aug1.png,1
B22-138,/fhome/maed/HelicoDataSet/CrossValidation/Annotated/B22-138_0/01648_Aug7.png,1
B22-138,/fhome/maed/HelicoDataSet/CrossValidation/Annotated/B22-138_0/01649_Aug2.png,1
B22-138,/fhome/maed/HelicoDataSet/CrossValidation/Annotated/B22-138_0/00379.png,1
B22-138,/fhome/maed/HelicoDataSet/CrossValidation/Annotated/B22-138_0/00351_Aug1.png,1
B22-138,/fhome/maed/HelicoDataSet/CrossValidation/Annotated/B22-138_0/01424.png,0
B22-138,/fhome/maed/HelicoDataSet/CrossValidation/Annotated/B22-138_0/01008.png,0
B22-138,/fhome/maed/HelicoDataSet/CrossValidation/Annotated/B22-138_0/00527.png,0
B22-138,/fhome/maed/HelicoDataSet/CrossValidation/Annotated/B22-138_0/01430.png,0
B22-138,/fhome/maed/HelicoDataSet/CrossValidation/Annotated/B22-138_0/01200.png,0
B22-138,/fhome/maed/HelicoDataSet/CrossValidation/Annotated/B22-138_0/01646_Aug5.png,1
B22-138,/fhome/maed/HelicoDataSet/CrossValidation/Annotated/B22-138_0/01185.png,0
B22-138,/fhome/maed/HelicoDataSet/CrossValidation/Annotated/B22-138_0/01731.png,0
B22-138,/fhome/maed/HelicoDataSet/CrossValidation/Annotated/B22-138_0/01365.png,1
B22-138,/fhome/maed/HelicoDataSet/CrossValidation/Annotated/B22-138_0/01210.png,0
B22-138,/fhome/maed/HelicoDataSet/CrossValidation/Annotated/B22-138_0/01646_Aug4.png,1
B22-138,/fhome/maed/HelicoDataSet/CrossValidation/Annotated/B22-138_0/01263_Aug1.png,1
B22-138,/fhome/maed/HelicoDataSet/CrossValidation/Annotated/B22-138_0/01365_Aug2.png,1
B22-138,/fhome/maed/HelicoDataSet/CrossValidation/Annotated/B22-138_0/01500_Aug1.png,1
B22-138,/fhome/maed/HelicoDataSet/CrossValidation/Annotated/B22-138_0/01648.png,1
B22-138,/fhome/maed/HelicoDataSet/CrossValidation/Annotated/B22-138_0/01263_Aug4.png,1
B22-138,/fhome/maed/HelicoDataSet/CrossValidation/Annotated/B22-138_0/00892_Aug7.png,1
B22-138,/fhome/maed/HelicoDataSet/CrossValidation/Annotated/B22-138_0/01500_Aug4.png,1
B22-138,/fhome/maed/HelicoDataSet/CrossValidation/Annotated/B22-138_0/00497_Aug8.png,1
B22-138,/fhome/maed/HelicoDataSet/CrossValidation/Annotated/B22-138_0/01594.png,0
B22-138,/fhome/maed/HelicoDataSet/CrossValidation/Annotated/B22-138_0/01646_Aug3.png,1
B22-138,/fhome/maed/HelicoDataSet/CrossValidation/Annotated/B22-138_0/01365_Aug8.png,1
B22-138,/fhome/maed/HelicoDataSet/CrossValidation/Annotated/B22-138_0/00959.png,0
B22-138,/fhome/maed/HelicoDataSet/CrossValidation/Annotated/B22-138_0/01649_Aug1.png,1
B22-138,/fhome/maed/HelicoDataSet/CrossValidation/Annotated/B22-138_0/01192.png,0
B22-138,/fhome/maed/HelicoDataSet/CrossValidation/Annotated/B22-138_0/00200_Aug8.png,1
B22-138,/fhome/maed/HelicoDataSet/CrossValidation/Annotated/B22-138_0/01355_Aug1.png,1
B22-138,/fhome/maed/HelicoDataSet/CrossValidation/Annotated/B22-138_0/01264.png,0
B22-138,/fhome/maed/HelicoDataSet/CrossValidation/Annotated/B22-138_0/00574.png,0
B22-138,/fhome/maed/HelicoDataSet/CrossValidation/Annotated/B22-138_0/00351.png,1
B22-138,/fhome/maed/HelicoDataSet/CrossValidation/Annotated/B22-138_0/00379_Aug2.png,1
B22-138,/fhome/maed/HelicoDataSet/CrossValidation/Annotated/B22-138_0/00526.png,0
B22-138,/fhome/maed/HelicoDataSet/CrossValidation/Annotated/B22-138_0/01262.png,0
B22-138,/fhome/maed/HelicoDataSet/CrossValidation/Annotated/B22-138_0/01256.png,0
B22-138,/fhome/maed/HelicoDataSet/CrossValidation/Annotated/B22-138_0/00879_Aug7.png,1
B22-138,/fhome/maed/HelicoDataSet/CrossValidation/Annotated/B22-138_0/00200_Aug2.png,1
B22-138,/fhome/maed/HelicoDataSet/CrossValidation/Annotated/B22-138_0/00379_Aug1.png,1
B22-138,/fhome/maed/HelicoDataSet/CrossValidation/Annotated/B22-138_0/01365_Aug4.png,1
B22-138,/fhome/maed/HelicoDataSet/CrossValidation/Annotated/B22-138_0/00892_Aug3.png,1
B22-138,/fhome/maed/HelicoDataSet/CrossValidation/Annotated/B22-138_0/01649.png,1
B22-138,/fhome/maed/HelicoDataSet/CrossValidation/Annotated/B22-138_0/00879_Aug1.png,1
B22-138,/fhome/maed/HelicoDataSet/CrossValidation/Annotated/B22-138_0/01577.png,0
B22-138,/fhome/maed/HelicoDataSet/CrossValidation/Annotated/B22-138_0/00379_Aug6.png,1
B22-138,/fhome/maed/HelicoDataSet/CrossValidation/Annotated/B22-138_0/01646_Aug2.png,1
B22-138,/fhome/maed/HelicoDataSet/CrossValidation/Annotated/B22-138_0/01500_Aug2.png,1
B22-138,/fhome/maed/HelicoDataSet/CrossValidation/Annotated/B22-138_0/01330.png,1
B22-141,/fhome/maed/HelicoDataSet/CrossValidation/Annotated/B22-141_0/00131.png,0
B22-141,/fhome/maed/HelicoDataSet/CrossValidation/Annotated/B22-141_0/00141.png,0
B22-141,/fhome/maed/HelicoDataSet/CrossValidation/Annotated/B22-141_0/00298.png,0
B22-141,/fhome/maed/HelicoDataSet/CrossValidation/Annotated/B22-141_0/00315.png,0
B22-141,/fhome/maed/HelicoDataSet/CrossValidation/Annotated/B22-141_0/00352.png,0
B22-141,/fhome/maed/HelicoDataSet/CrossValidation/Annotated/B22-141_0/00290.png,0
B22-93,/fhome/maed/HelicoDataSet/CrossValidation/Annotated/B22-93_0/00641.png,0
B22-93,/fhome/maed/HelicoDataSet/CrossValidation/Annotated/B22-93_0/00678.png,0
B22-93,/fhome/maed/HelicoDataSet/CrossValidation/Annotated/B22-93_0/00675.png,0
B22-93,/fhome/maed/HelicoDataSet/CrossValidation/Annotated/B22-93_0/00639.png,0
B22-93,/fhome/maed/HelicoDataSet/CrossValidation/Annotated/B22-93_0/00677.png,0
B22-166,/fhome/maed/HelicoDataSet/CrossValidation/Annotated/B22-166_0/00118.png,0
B22-258,/fhome/maed/HelicoDataSet/CrossValidation/Annotated/B22-258_0/00714.png,0
B22-258,/fhome/maed/HelicoDataSet/CrossValidation/Annotated/B22-258_0/00733.png,0
B22-258,/fhome/maed/HelicoDataSet/CrossValidation/Annotated/B22-258_0/01007.png,0
B22-258,/fhome/maed/HelicoDataSet/CrossValidation/Annotated/B22-258_0/00747.png,0
B22-258,/fhome/maed/HelicoDataSet/CrossValidation/Annotated/B22-258_0/00721.png,0
B22-258,/fhome/maed/HelicoDataSet/CrossValidation/Annotated/B22-258_0/00745.png,0
B22-127,/fhome/maed/HelicoDataSet/CrossValidation/Annotated/B22-127_0/00117.png,0
B22-127,/fhome/maed/HelicoDataSet/CrossValidation/Annotated/B22-127_0/00754.png,0
B22-127,/fhome/maed/HelicoDataSet/CrossValidation/Annotated/B22-127_0/00624.png,0
B22-125,/fhome/maed/HelicoDataSet/CrossValidation/Annotated/B22-125_0/03857.png,0
B22-125,/fhome/maed/HelicoDataSet/CrossValidation/Annotated/B22-125_0/03028.png,0
B22-230,/fhome/maed/HelicoDataSet/CrossValidation/Annotated/B22-230_0/03934.png,0
B22-302,/fhome/maed/HelicoDataSet/CrossValidation/Annotated/B22-302_0/00846_Aug7.png,1
B22-302,/fhome/maed/HelicoDataSet/CrossValidation/Annotated/B22-302_0/00231_Aug7.png,1
B22-302,/fhome/maed/HelicoDataSet/CrossValidation/Annotated/B22-302_0/00957.png,0
B22-302,/fhome/maed/HelicoDataSet/CrossValidation/Annotated/B22-302_0/00175_Aug7.png,1
B22-302,/fhome/maed/HelicoDataSet/CrossValidation/Annotated/B22-302_0/00776.png,0
B22-302,/fhome/maed/HelicoDataSet/CrossValidation/Annotated/B22-302_0/00175_Aug5.png,1
B22-302,/fhome/maed/HelicoDataSet/CrossValidation/Annotated/B22-302_0/00175_Aug3.png,1
B22-302,/fhome/maed/HelicoDataSet/CrossValidation/Annotated/B22-302_0/01020.png,0
B22-302,/fhome/maed/HelicoDataSet/CrossValidation/Annotated/B22-302_0/00168_Aug6.png,1
B22-302,/fhome/maed/HelicoDataSet/CrossValidation/Annotated/B22-302_0/00154_Aug8.png,1
B22-302,/fhome/maed/HelicoDataSet/CrossValidation/Annotated/B22-302_0/00846.png,1
B22-302,/fhome/maed/HelicoDataSet/CrossValidation/Annotated/B22-302_0/00846_Aug3.png,1
B22-302,/fhome/maed/HelicoDataSet/CrossValidation/Annotated/B22-302_0/00168_Aug1.png,1
B22-302,/fhome/maed/HelicoDataSet/CrossValidation/Annotated/B22-302_0/01449.png,0
B22-302,/fhome/maed/HelicoDataSet/CrossValidation/Annotated/B22-302_0/00168.png,1
B22-302,/fhome/maed/HelicoDataSet/CrossValidation/Annotated/B22-302_0/00175_Aug1.png,1
B22-302,/fhome/maed/HelicoDataSet/CrossValidation/Annotated/B22-302_0/00946.png,0
B22-302,/fhome/maed/HelicoDataSet/CrossValidation/Annotated/B22-302_0/00846_Aug5.png,1
B22-302,/fhome/maed/HelicoDataSet/CrossValidation/Annotated/B22-302_0/00231_Aug8.png,1
B22-302,/fhome/maed/HelicoDataSet/CrossValidation/Annotated/B22-302_0/00783.png,0
B22-302,/fhome/maed/HelicoDataSet/CrossValidation/Annotated/B22-302_0/01292.png,0
B22-302,/fhome/maed/HelicoDataSet/CrossValidation/Annotated/B22-302_0/00231_Aug1.png,1
B22-302,/fhome/maed/HelicoDataSet/CrossValidation/Annotated/B22-302_0/00154_Aug6.png,1
B22-302,/fhome/maed/HelicoDataSet/CrossValidation/Annotated/B22-302_0/01140.png,0
B22-302,/fhome/maed/HelicoDataSet/CrossValidation/Annotated/B22-302_0/00846_Aug8.png,1
B22-302,/fhome/maed/HelicoDataSet/CrossValidation/Annotated/B22-302_0/00846_Aug2.png,1
B22-302,/fhome/maed/HelicoDataSet/CrossValidation/Annotated/B22-302_0/00168_Aug8.png,1
B22-302,/fhome/maed/HelicoDataSet/CrossValidation/Annotated/B22-302_0/00168_Aug2.png,1
B22-302,/fhome/maed/HelicoDataSet/CrossValidation/Annotated/B22-302_0/00175_Aug8.png,1
B22-302,/fhome/maed/HelicoDataSet/CrossValidation/Annotated/B22-302_0/00168_Aug4.png,1
B22-302,/fhome/maed/HelicoDataSet/CrossValidation/Annotated/B22-302_0/00485.png,0
B22-302,/fhome/maed/HelicoDataSet/CrossValidation/Annotated/B22-302_0/00835.png,0
B22-302,/fhome/maed/HelicoDataSet/CrossValidation/Annotated/B22-302_0/00154_Aug7.png,1
B22-302,/fhome/maed/HelicoDataSet/CrossValidation/Annotated/B22-302_0/00231_Aug4.png,1
B22-302,/fhome/maed/HelicoDataSet/CrossValidation/Annotated/B22-302_0/01034.png,0
B22-302,/fhome/maed/HelicoDataSet/CrossValidation/Annotated/B22-302_0/00168_Aug5.png,1
B22-302,/fhome/maed/HelicoDataSet/CrossValidation/Annotated/B22-302_0/00583.png,0
B22-302,/fhome/maed/HelicoDataSet/CrossValidation/Annotated/B22-302_0/00168_Aug7.png,1
B22-302,/fhome/maed/HelicoDataSet/CrossValidation/Annotated/B22-302_0/01085.png,0
B22-302,/fhome/maed/HelicoDataSet/CrossValidation/Annotated/B22-302_0/00175.png,1
B22-302,/fhome/maed/HelicoDataSet/CrossValidation/Annotated/B22-302_0/00231.png,1
B22-302,/fhome/maed/HelicoDataSet/CrossValidation/Annotated/B22-302_0/00731.png,0
B22-302,/fhome/maed/HelicoDataSet/CrossValidation/Annotated/B22-302_0/00175_Aug6.png,1
B22-302,/fhome/maed/HelicoDataSet/CrossValidation/Annotated/B22-302_0/00175_Aug2.png,1
B22-302,/fhome/maed/HelicoDataSet/CrossValidation/Annotated/B22-302_0/00168_Aug3.png,1
B22-302,/fhome/maed/HelicoDataSet/CrossValidation/Annotated/B22-302_0/00154_Aug2.png,1
B22-302,/fhome/maed/HelicoDataSet/CrossValidation/Annotated/B22-302_0/00231_Aug3.png,1
B22-302,/fhome/maed/HelicoDataSet/CrossValidation/Annotated/B22-302_0/00154_Aug3.png,1
B22-302,/fhome/maed/HelicoDataSet/CrossValidation/Annotated/B22-302_0/00231_Aug5.png,1
B22-302,/fhome/maed/HelicoDataSet/CrossValidation/Annotated/B22-302_0/00231_Aug2.png,1
B22-302,/fhome/maed/HelicoDataSet/CrossValidation/Annotated/B22-302_0/00436.png,0
B22-302,/fhome/maed/HelicoDataSet/CrossValidation/Annotated/B22-302_0/00154.png,1
B22-302,/fhome/maed/HelicoDataSet/CrossValidation/Annotated/B22-302_0/00154_Aug5.png,1
B22-302,/fhome/maed/HelicoDataSet/CrossValidation/Annotated/B22-302_0/00154_Aug1.png,1
B22-302,/fhome/maed/HelicoDataSet/CrossValidation/Annotated/B22-302_0/00231_Aug6.png,1
B22-302,/fhome/maed/HelicoDataSet/CrossValidation/Annotated/B22-302_0/00175_Aug4.png,1
B22-302,/fhome/maed/HelicoDataSet/CrossValidation/Annotated/B22-302_0/00846_Aug1.png,1
B22-302,/fhome/maed/HelicoDataSet/CrossValidation/Annotated/B22-302_0/00846_Aug4.png,1
B22-302,/fhome/maed/HelicoDataSet/CrossValidation/Annotated/B22-302_0/00846_Aug6.png,1
B22-302,/fhome/maed/HelicoDataSet/CrossValidation/Annotated/B22-302_0/00154_Aug4.png,1
B22-302,/fhome/maed/HelicoDataSet/CrossValidation/Annotated/B22-302_0/01043.png,0
B22-46,/fhome/maed/HelicoDataSet/CrossValidation/Annotated/B22-46_0/01039_Aug4.png,1
B22-46,/fhome/maed/HelicoDataSet/CrossValidation/Annotated/B22-46_0/01039_Aug8.png,1
B22-46,/fhome/maed/HelicoDataSet/CrossValidation/Annotated/B22-46_0/01039_Aug7.png,1
B22-46,/fhome/maed/HelicoDataSet/CrossValidation/Annotated/B22-46_0/01039_Aug5.png,1
B22-46,/fhome/maed/HelicoDataSet/CrossValidation/Annotated/B22-46_0/01547.png,0
B22-46,/fhome/maed/HelicoDataSet/CrossValidation/Annotated/B22-46_0/01340_Aug8.png,1
B22-46,/fhome/maed/HelicoDataSet/CrossValidation/Annotated/B22-46_0/01338_Aug7.png,1
B22-46,/fhome/maed/HelicoDataSet/CrossValidation/Annotated/B22-46_0/01340_Aug3.png,1
B22-46,/fhome/maed/HelicoDataSet/CrossValidation/Annotated/B22-46_0/01039_Aug1.png,1
B22-46,/fhome/maed/HelicoDataSet/CrossValidation/Annotated/B22-46_0/01291_Aug7.png,1
B22-46,/fhome/maed/HelicoDataSet/CrossValidation/Annotated/B22-46_0/01338_Aug1.png,1
B22-46,/fhome/maed/HelicoDataSet/CrossValidation/Annotated/B22-46_0/01340_Aug4.png,1
B22-46,/fhome/maed/HelicoDataSet/CrossValidation/Annotated/B22-46_0/02336.png,0
B22-46,/fhome/maed/HelicoDataSet/CrossValidation/Annotated/B22-46_0/01340_Aug5.png,1
B22-46,/fhome/maed/HelicoDataSet/CrossValidation/Annotated/B22-46_0/01852.png,0
B22-46,/fhome/maed/HelicoDataSet/CrossValidation/Annotated/B22-46_0/01338_Aug8.png,1
B22-46,/fhome/maed/HelicoDataSet/CrossValidation/Annotated/B22-46_0/01291_Aug4.png,1
B22-46,/fhome/maed/HelicoDataSet/CrossValidation/Annotated/B22-46_0/01340.png,1
B22-46,/fhome/maed/HelicoDataSet/CrossValidation/Annotated/B22-46_0/01338_Aug3.png,1
B22-46,/fhome/maed/HelicoDataSet/CrossValidation/Annotated/B22-46_0/01340_Aug2.png,1
B22-46,/fhome/maed/HelicoDataSet/CrossValidation/Annotated/B22-46_0/01039_Aug3.png,1
B22-46,/fhome/maed/HelicoDataSet/CrossValidation/Annotated/B22-46_0/01338_Aug6.png,1
B22-46,/fhome/maed/HelicoDataSet/CrossValidation/Annotated/B22-46_0/01338.png,1
B22-46,/fhome/maed/HelicoDataSet/CrossValidation/Annotated/B22-46_0/02831.png,0
B22-46,/fhome/maed/HelicoDataSet/CrossValidation/Annotated/B22-46_0/02771.png,0
B22-46,/fhome/maed/HelicoDataSet/CrossValidation/Annotated/B22-46_0/02888.png,0
B22-46,/fhome/maed/HelicoDataSet/CrossValidation/Annotated/B22-46_0/01338_Aug5.png,1
B22-46,/fhome/maed/HelicoDataSet/CrossValidation/Annotated/B22-46_0/01340_Aug1.png,1
B22-46,/fhome/maed/HelicoDataSet/CrossValidation/Annotated/B22-46_0/01291_Aug1.png,1
B22-46,/fhome/maed/HelicoDataSet/CrossValidation/Annotated/B22-46_0/00182.png,0
B22-46,/fhome/maed/HelicoDataSet/CrossValidation/Annotated/B22-46_0/00649.png,0
B22-46,/fhome/maed/HelicoDataSet/CrossValidation/Annotated/B22-46_0/01291_Aug6.png,1
B22-46,/fhome/maed/HelicoDataSet/CrossValidation/Annotated/B22-46_0/01340_Aug6.png,1
B22-46,/fhome/maed/HelicoDataSet/CrossValidation/Annotated/B22-46_0/01039_Aug6.png,1
B22-46,/fhome/maed/HelicoDataSet/CrossValidation/Annotated/B22-46_0/01291.png,1
B22-46,/fhome/maed/HelicoDataSet/CrossValidation/Annotated/B22-46_0/03030.png,0
B22-46,/fhome/maed/HelicoDataSet/CrossValidation/Annotated/B22-46_0/01338_Aug4.png,1
B22-46,/fhome/maed/HelicoDataSet/CrossValidation/Annotated/B22-46_0/01039.png,1
B22-46,/fhome/maed/HelicoDataSet/CrossValidation/Annotated/B22-46_0/01039_Aug2.png,1
B22-46,/fhome/maed/HelicoDataSet/CrossValidation/Annotated/B22-46_0/01291_Aug2.png,1
B22-46,/fhome/maed/HelicoDataSet/CrossValidation/Annotated/B22-46_0/01338_Aug2.png,1
B22-46,/fhome/maed/HelicoDataSet/CrossValidation/Annotated/B22-46_0/01470.png,0
B22-46,/fhome/maed/HelicoDataSet/CrossValidation/Annotated/B22-46_0/01340_Aug7.png,1
B22-46,/fhome/maed/HelicoDataSet/CrossValidation/Annotated/B22-46_0/00943.png,0
B22-46,/fhome/maed/HelicoDataSet/CrossValidation/Annotated/B22-46_0/01291_Aug5.png,1
B22-46,/fhome/maed/HelicoDataSet/CrossValidation/Annotated/B22-46_0/01291_Aug8.png,1
B22-46,/fhome/maed/HelicoDataSet/CrossValidation/Annotated/B22-46_0/01291_Aug3.png,1
B22-117,/fhome/maed/HelicoDataSet/CrossValidation/Annotated/B22-117_0/01180.png,0
B22-117,/fhome/maed/HelicoDataSet/CrossValidation/Annotated/B22-117_0/00952.png,0
B22-117,/fhome/maed/HelicoDataSet/CrossValidation/Annotated/B22-117_0/01202.png,0
B22-256,/fhome/maed/HelicoDataSet/CrossValidation/Annotated/B22-256_0/00216.png,0
B22-256,/fhome/maed/HelicoDataSet/CrossValidation/Annotated/B22-256_0/00678.png,0
B22-256,/fhome/maed/HelicoDataSet/CrossValidation/Annotated/B22-256_0/00258.png,0
B22-71,/fhome/maed/HelicoDataSet/CrossValidation/Annotated/B22-71_0/00048_Aug6.png,1
B22-71,/fhome/maed/HelicoDataSet/CrossValidation/Annotated/B22-71_0/00048_Aug8.png,1
B22-71,/fhome/maed/HelicoDataSet/CrossValidation/Annotated/B22-71_0/00048_Aug2.png,1
B22-71,/fhome/maed/HelicoDataSet/CrossValidation/Annotated/B22-71_0/00048_Aug4.png,1
B22-71,/fhome/maed/HelicoDataSet/CrossValidation/Annotated/B22-71_0/00332.png,0
B22-71,/fhome/maed/HelicoDataSet/CrossValidation/Annotated/B22-71_0/00048_Aug5.png,1
B22-71,/fhome/maed/HelicoDataSet/CrossValidation/Annotated/B22-71_0/00048_Aug1.png,1
B22-71,/fhome/maed/HelicoDataSet/CrossValidation/Annotated/B22-71_0/00048_Aug3.png,1
B22-71,/fhome/maed/HelicoDataSet/CrossValidation/Annotated/B22-71_0/00048_Aug7.png,1
B22-71,/fhome/maed/HelicoDataSet/CrossValidation/Annotated/B22-71_0/00048.png,1
B22-60,/fhome/maed/HelicoDataSet/CrossValidation/Annotated/B22-60_0/01473.png,0
B22-60,/fhome/maed/HelicoDataSet/CrossValidation/Annotated/B22-60_0/00339.png,0
B22-60,/fhome/maed/HelicoDataSet/CrossValidation/Annotated/B22-60_0/00900.png,0
B22-60,/fhome/maed/HelicoDataSet/CrossValidation/Annotated/B22-60_0/01474.png,0
B22-60,/fhome/maed/HelicoDataSet/CrossValidation/Annotated/B22-60_0/00743.png,0
B22-60,/fhome/maed/HelicoDataSet/CrossValidation/Annotated/B22-60_0/00636.png,0
B22-26,/fhome/maed/HelicoDataSet/CrossValidation/Annotated/B22-26_0/01044.png,0
B22-26,/fhome/maed/HelicoDataSet/CrossValidation/Annotated/B22-26_0/00000.png,0
B22-94,/fhome/maed/HelicoDataSet/CrossValidation/Annotated/B22-94_1/00159.png,0
B22-94,/fhome/maed/HelicoDataSet/CrossValidation/Annotated/B22-94_1/00164.png,0
B22-94,/fhome/maed/HelicoDataSet/CrossValidation/Annotated/B22-94_1/00171.png,0
B22-94,/fhome/maed/HelicoDataSet/CrossValidation/Annotated/B22-94_1/00068.png,0
B22-280,/fhome/maed/HelicoDataSet/CrossValidation/Annotated/B22-280_0/00337_Aug3.png,1
B22-280,/fhome/maed/HelicoDataSet/CrossValidation/Annotated/B22-280_0/00354_Aug8.png,1
B22-280,/fhome/maed/HelicoDataSet/CrossValidation/Annotated/B22-280_0/00060.png,1
B22-280,/fhome/maed/HelicoDataSet/CrossValidation/Annotated/B22-280_0/00162_Aug2.png,1
B22-280,/fhome/maed/HelicoDataSet/CrossValidation/Annotated/B22-280_0/00771.png,1
B22-280,/fhome/maed/HelicoDataSet/CrossValidation/Annotated/B22-280_0/00337_Aug8.png,1
B22-280,/fhome/maed/HelicoDataSet/CrossValidation/Annotated/B22-280_0/00354_Aug2.png,1
B22-280,/fhome/maed/HelicoDataSet/CrossValidation/Annotated/B22-280_0/00191.png,1
B22-280,/fhome/maed/HelicoDataSet/CrossValidation/Annotated/B22-280_0/00162_Aug3.png,1
B22-280,/fhome/maed/HelicoDataSet/CrossValidation/Annotated/B22-280_0/00771_Aug1.png,1
B22-280,/fhome/maed/HelicoDataSet/CrossValidation/Annotated/B22-280_0/00162_Aug6.png,1
B22-280,/fhome/maed/HelicoDataSet/CrossValidation/Annotated/B22-280_0/00162_Aug8.png,1
B22-280,/fhome/maed/HelicoDataSet/CrossValidation/Annotated/B22-280_0/00060_Aug7.png,1
B22-280,/fhome/maed/HelicoDataSet/CrossValidation/Annotated/B22-280_0/00162_Aug4.png,1
B22-280,/fhome/maed/HelicoDataSet/CrossValidation/Annotated/B22-280_0/00191_Aug5.png,1
B22-280,/fhome/maed/HelicoDataSet/CrossValidation/Annotated/B22-280_0/00162_Aug7.png,1
B22-280,/fhome/maed/HelicoDataSet/CrossValidation/Annotated/B22-280_0/00337_Aug6.png,1
B22-280,/fhome/maed/HelicoDataSet/CrossValidation/Annotated/B22-280_0/00060_Aug1.png,1
B22-280,/fhome/maed/HelicoDataSet/CrossValidation/Annotated/B22-280_0/00060_Aug8.png,1
B22-280,/fhome/maed/HelicoDataSet/CrossValidation/Annotated/B22-280_0/00354_Aug4.png,1
B22-280,/fhome/maed/HelicoDataSet/CrossValidation/Annotated/B22-280_0/00354_Aug5.png,1
B22-280,/fhome/maed/HelicoDataSet/CrossValidation/Annotated/B22-280_0/00354.png,1
B22-280,/fhome/maed/HelicoDataSet/CrossValidation/Annotated/B22-280_0/00162_Aug5.png,1
B22-280,/fhome/maed/HelicoDataSet/CrossValidation/Annotated/B22-280_0/00354_Aug7.png,1
B22-280,/fhome/maed/HelicoDataSet/CrossValidation/Annotated/B22-280_0/00337.png,1
B22-280,/fhome/maed/HelicoDataSet/CrossValidation/Annotated/B22-280_0/00191_Aug4.png,1
B22-280,/fhome/maed/HelicoDataSet/CrossValidation/Annotated/B22-280_0/00337_Aug7.png,1
B22-280,/fhome/maed/HelicoDataSet/CrossValidation/Annotated/B22-280_0/00191_Aug1.png,1
B22-280,/fhome/maed/HelicoDataSet/CrossValidation/Annotated/B22-280_0/00337_Aug4.png,1
B22-280,/fhome/maed/HelicoDataSet/CrossValidation/Annotated/B22-280_0/00771_Aug7.png,1
B22-280,/fhome/maed/HelicoDataSet/CrossValidation/Annotated/B22-280_0/00060_Aug4.png,1
B22-280,/fhome/maed/HelicoDataSet/CrossValidation/Annotated/B22-280_0/00162.png,1
B22-280,/fhome/maed/HelicoDataSet/CrossValidation/Annotated/B22-280_0/00337_Aug1.png,1
B22-280,/fhome/maed/HelicoDataSet/CrossValidation/Annotated/B22-280_0/00060_Aug3.png,1
B22-280,/fhome/maed/HelicoDataSet/CrossValidation/Annotated/B22-280_0/00060_Aug5.png,1
B22-280,/fhome/maed/HelicoDataSet/CrossValidation/Annotated/B22-280_0/00162_Aug1.png,1
B22-280,/fhome/maed/HelicoDataSet/CrossValidation/Annotated/B22-280_0/00771_Aug2.png,1
B22-280,/fhome/maed/HelicoDataSet/CrossValidation/Annotated/B22-280_0/00771_Aug8.png,1
B22-280,/fhome/maed/HelicoDataSet/CrossValidation/Annotated/B22-280_0/00354_Aug6.png,1
B22-280,/fhome/maed/HelicoDataSet/CrossValidation/Annotated/B22-280_0/00337_Aug2.png,1
B22-280,/fhome/maed/HelicoDataSet/CrossValidation/Annotated/B22-280_0/00771_Aug3.png,1
B22-280,/fhome/maed/HelicoDataSet/CrossValidation/Annotated/B22-280_0/00191_Aug2.png,1
B22-280,/fhome/maed/HelicoDataSet/CrossValidation/Annotated/B22-280_0/00191_Aug7.png,1
B22-280,/fhome/maed/HelicoDataSet/CrossValidation/Annotated/B22-280_0/00354_Aug1.png,1
B22-280,/fhome/maed/HelicoDataSet/CrossValidation/Annotated/B22-280_0/00354_Aug3.png,1
B22-280,/fhome/maed/HelicoDataSet/CrossValidation/Annotated/B22-280_0/00060_Aug6.png,1
B22-280,/fhome/maed/HelicoDataSet/CrossValidation/Annotated/B22-280_0/00806.png,0
B22-280,/fhome/maed/HelicoDataSet/CrossValidation/Annotated/B22-280_0/00771_Aug6.png,1
B22-280,/fhome/maed/HelicoDataSet/CrossValidation/Annotated/B22-280_0/00191_Aug6.png,1
B22-280,/fhome/maed/HelicoDataSet/CrossValidation/Annotated/B22-280_0/00771_Aug5.png,1
B22-280,/fhome/maed/HelicoDataSet/CrossValidation/Annotated/B22-280_0/00191_Aug8.png,1
B22-280,/fhome/maed/HelicoDataSet/CrossValidation/Annotated/B22-280_0/00191_Aug3.png,1
B22-280,/fhome/maed/HelicoDataSet/CrossValidation/Annotated/B22-280_0/00060_Aug2.png,1
B22-280,/fhome/maed/HelicoDataSet/CrossValidation/Annotated/B22-280_0/00337_Aug5.png,1
B22-280,/fhome/maed/HelicoDataSet/CrossValidation/Annotated/B22-280_0/00397.png,0
B22-280,/fhome/maed/HelicoDataSet/CrossValidation/Annotated/B22-280_0/00771_Aug4.png,1
B22-99,/fhome/maed/HelicoDataSet/CrossValidation/Annotated/B22-99_0/00521.png,0
B22-313,/fhome/maed/HelicoDataSet/CrossValidation/Annotated/B22-313_0/01364.png,0
B22-313,/fhome/maed/HelicoDataSet/CrossValidation/Annotated/B22-313_0/00105_Aug5.png,1
B22-313,/fhome/maed/HelicoDataSet/CrossValidation/Annotated/B22-313_0/01310.png,1
B22-313,/fhome/maed/HelicoDataSet/CrossValidation/Annotated/B22-313_0/01552_Aug7.png,1
B22-313,/fhome/maed/HelicoDataSet/CrossValidation/Annotated/B22-313_0/01552_Aug8.png,1
B22-313,/fhome/maed/HelicoDataSet/CrossValidation/Annotated/B22-313_0/00105_Aug1.png,1
B22-313,/fhome/maed/HelicoDataSet/CrossValidation/Annotated/B22-313_0/01310_Aug7.png,1
B22-313,/fhome/maed/HelicoDataSet/CrossValidation/Annotated/B22-313_0/00105_Aug8.png,1
B22-313,/fhome/maed/HelicoDataSet/CrossValidation/Annotated/B22-313_0/01310_Aug1.png,1
B22-313,/fhome/maed/HelicoDataSet/CrossValidation/Annotated/B22-313_0/00105_Aug3.png,1
B22-313,/fhome/maed/HelicoDataSet/CrossValidation/Annotated/B22-313_0/01310_Aug4.png,1
B22-313,/fhome/maed/HelicoDataSet/CrossValidation/Annotated/B22-313_0/00210.png,0
B22-313,/fhome/maed/HelicoDataSet/CrossValidation/Annotated/B22-313_0/01310_Aug2.png,1
B22-313,/fhome/maed/HelicoDataSet/CrossValidation/Annotated/B22-313_0/00105_Aug7.png,1
B22-313,/fhome/maed/HelicoDataSet/CrossValidation/Annotated/B22-313_0/01310_Aug8.png,1
B22-313,/fhome/maed/HelicoDataSet/CrossValidation/Annotated/B22-313_0/01552_Aug4.png,1
B22-313,/fhome/maed/HelicoDataSet/CrossValidation/Annotated/B22-313_0/00105_Aug6.png,1
B22-313,/fhome/maed/HelicoDataSet/CrossValidation/Annotated/B22-313_0/01552.png,1
B22-313,/fhome/maed/HelicoDataSet/CrossValidation/Annotated/B22-313_0/00105_Aug2.png,1
B22-313,/fhome/maed/HelicoDataSet/CrossValidation/Annotated/B22-313_0/00105_Aug4.png,1
B22-313,/fhome/maed/HelicoDataSet/CrossValidation/Annotated/B22-313_0/01552_Aug3.png,1
B22-313,/fhome/maed/HelicoDataSet/CrossValidation/Annotated/B22-313_0/01552_Aug1.png,1
B22-313,/fhome/maed/HelicoDataSet/CrossValidation/Annotated/B22-313_0/01310_Aug3.png,1
B22-313,/fhome/maed/HelicoDataSet/CrossValidation/Annotated/B22-313_0/00178.png,0
B22-313,/fhome/maed/HelicoDataSet/CrossValidation/Annotated/B22-313_0/00200.png,0
B22-313,/fhome/maed/HelicoDataSet/CrossValidation/Annotated/B22-313_0/01310_Aug6.png,1
B22-313,/fhome/maed/HelicoDataSet/CrossValidation/Annotated/B22-313_0/01713.png,0
B22-313,/fhome/maed/HelicoDataSet/CrossValidation/Annotated/B22-313_0/00105.png,1
B22-313,/fhome/maed/HelicoDataSet/CrossValidation/Annotated/B22-313_0/01552_Aug5.png,1
B22-313,/fhome/maed/HelicoDataSet/CrossValidation/Annotated/B22-313_0/01552_Aug6.png,1
B22-313,/fhome/maed/HelicoDataSet/CrossValidation/Annotated/B22-313_0/00619.png,0
B22-313,/fhome/maed/HelicoDataSet/CrossValidation/Annotated/B22-313_0/01647.png,0
B22-313,/fhome/maed/HelicoDataSet/CrossValidation/Annotated/B22-313_0/01552_Aug2.png,1
B22-313,/fhome/maed/HelicoDataSet/CrossValidation/Annotated/B22-313_0/01474.png,0
B22-313,/fhome/maed/HelicoDataSet/CrossValidation/Annotated/B22-313_0/01310_Aug5.png,1
B22-313,/fhome/maed/HelicoDataSet/CrossValidation/Annotated/B22-313_0/00245.png,0
B22-87,/fhome/maed/HelicoDataSet/CrossValidation/Annotated/B22-87_1/00624.png,0
B22-87,/fhome/maed/HelicoDataSet/CrossValidation/Annotated/B22-87_1/00152.png,0
B22-87,/fhome/maed/HelicoDataSet/CrossValidation/Annotated/B22-87_1/00372.png,0
B22-149,/fhome/maed/HelicoDataSet/CrossValidation/Annotated/B22-149_0/01277.png,0
B22-149,/fhome/maed/HelicoDataSet/CrossValidation/Annotated/B22-149_0/03025.png,0
B22-274,/fhome/maed/HelicoDataSet/CrossValidation/Annotated/B22-274_0/00906.png,0
B22-274,/fhome/maed/HelicoDataSet/CrossValidation/Annotated/B22-274_0/01267.png,0
B22-210,/fhome/maed/HelicoDataSet/CrossValidation/Annotated/B22-210_0/00025.png,0
B22-111,/fhome/maed/HelicoDataSet/CrossValidation/Annotated/B22-111_1/00005.png,0
B22-111,/fhome/maed/HelicoDataSet/CrossValidation/Annotated/B22-111_1/00138.png,0
B22-111,/fhome/maed/HelicoDataSet/CrossValidation/Annotated/B22-111_1/00129.png,0
B22-111,/fhome/maed/HelicoDataSet/CrossValidation/Annotated/B22-111_1/00207.png,0
B22-111,/fhome/maed/HelicoDataSet/CrossValidation/Annotated/B22-111_1/00000.png,0
B22-235,/fhome/maed/HelicoDataSet/CrossValidation/Annotated/B22-235_0/01248.png,0
B22-235,/fhome/maed/HelicoDataSet/CrossValidation/Annotated/B22-235_0/01242.png,0
B22-235,/fhome/maed/HelicoDataSet/CrossValidation/Annotated/B22-235_0/00014.png,0
B22-235,/fhome/maed/HelicoDataSet/CrossValidation/Annotated/B22-235_0/01246.png,0
B22-119,/fhome/maed/HelicoDataSet/CrossValidation/Annotated/B22-119_0/00975.png,0
B22-119,/fhome/maed/HelicoDataSet/CrossValidation/Annotated/B22-119_0/01137.png,0
B22-118,/fhome/maed/HelicoDataSet/CrossValidation/Annotated/B22-118_0/00106.png,0
B22-118,/fhome/maed/HelicoDataSet/CrossValidation/Annotated/B22-118_0/00254.png,0
B22-118,/fhome/maed/HelicoDataSet/CrossValidation/Annotated/B22-118_0/00650.png,0
B22-118,/fhome/maed/HelicoDataSet/CrossValidation/Annotated/B22-118_0/00587.png,0
B22-118,/fhome/maed/HelicoDataSet/CrossValidation/Annotated/B22-118_0/00405.png,0
B22-118,/fhome/maed/HelicoDataSet/CrossValidation/Annotated/B22-118_0/00724.png,0
B22-118,/fhome/maed/HelicoDataSet/CrossValidation/Annotated/B22-118_0/00232.png,0
B22-118,/fhome/maed/HelicoDataSet/CrossValidation/Annotated/B22-118_0/00323.png,0
B22-118,/fhome/maed/HelicoDataSet/CrossValidation/Annotated/B22-118_0/00890.png,0
B22-118,/fhome/maed/HelicoDataSet/CrossValidation/Annotated/B22-118_0/00791.png,0
B22-118,/fhome/maed/HelicoDataSet/CrossValidation/Annotated/B22-118_0/00313.png,0
B22-118,/fhome/maed/HelicoDataSet/CrossValidation/Annotated/B22-118_0/00613.png,0
B22-118,/fhome/maed/HelicoDataSet/CrossValidation/Annotated/B22-118_0/00134.png,0
B22-118,/fhome/maed/HelicoDataSet/CrossValidation/Annotated/B22-118_0/03550.png,0
B22-118,/fhome/maed/HelicoDataSet/CrossValidation/Annotated/B22-118_0/00631.png,0
B22-95,/fhome/maed/HelicoDataSet/CrossValidation/Annotated/B22-95_1/00766.png,0
B22-95,/fhome/maed/HelicoDataSet/CrossValidation/Annotated/B22-95_1/00361.png,0
B22-95,/fhome/maed/HelicoDataSet/CrossValidation/Annotated/B22-95_1/00178.png,0
B22-95,/fhome/maed/HelicoDataSet/CrossValidation/Annotated/B22-95_1/00255.png,0
B22-95,/fhome/maed/HelicoDataSet/CrossValidation/Annotated/B22-95_1/01131.png,0
B22-95,/fhome/maed/HelicoDataSet/CrossValidation/Annotated/B22-95_1/00781.png,0
B22-95,/fhome/maed/HelicoDataSet/CrossValidation/Annotated/B22-95_1/00908.png,0
B22-50,/fhome/maed/HelicoDataSet/CrossValidation/Annotated/B22-50_0/01342_Aug4.png,1
B22-50,/fhome/maed/HelicoDataSet/CrossValidation/Annotated/B22-50_0/00865.png,1
B22-50,/fhome/maed/HelicoDataSet/CrossValidation/Annotated/B22-50_0/01090_Aug3.png,1
B22-50,/fhome/maed/HelicoDataSet/CrossValidation/Annotated/B22-50_0/01090.png,1
B22-50,/fhome/maed/HelicoDataSet/CrossValidation/Annotated/B22-50_0/01342_Aug5.png,1
B22-50,/fhome/maed/HelicoDataSet/CrossValidation/Annotated/B22-50_0/01090_Aug5.png,1
B22-50,/fhome/maed/HelicoDataSet/CrossValidation/Annotated/B22-50_0/01342.png,1
B22-50,/fhome/maed/HelicoDataSet/CrossValidation/Annotated/B22-50_0/00429.png,0
B22-50,/fhome/maed/HelicoDataSet/CrossValidation/Annotated/B22-50_0/01000.png,0
B22-50,/fhome/maed/HelicoDataSet/CrossValidation/Annotated/B22-50_0/01090_Aug1.png,1
B22-50,/fhome/maed/HelicoDataSet/CrossValidation/Annotated/B22-50_0/01342_Aug1.png,1
B22-50,/fhome/maed/HelicoDataSet/CrossValidation/Annotated/B22-50_0/01090_Aug2.png,1
B22-50,/fhome/maed/HelicoDataSet/CrossValidation/Annotated/B22-50_0/00992.png,0
B22-50,/fhome/maed/HelicoDataSet/CrossValidation/Annotated/B22-50_0/00865_Aug2.png,1
B22-50,/fhome/maed/HelicoDataSet/CrossValidation/Annotated/B22-50_0/01342_Aug8.png,1
B22-50,/fhome/maed/HelicoDataSet/CrossValidation/Annotated/B22-50_0/01090_Aug6.png,1
B22-50,/fhome/maed/HelicoDataSet/CrossValidation/Annotated/B22-50_0/00865_Aug5.png,1
B22-50,/fhome/maed/HelicoDataSet/CrossValidation/Annotated/B22-50_0/01342_Aug7.png,1
B22-50,/fhome/maed/HelicoDataSet/CrossValidation/Annotated/B22-50_0/00865_Aug7.png,1
B22-50,/fhome/maed/HelicoDataSet/CrossValidation/Annotated/B22-50_0/01342_Aug3.png,1
B22-50,/fhome/maed/HelicoDataSet/CrossValidation/Annotated/B22-50_0/00865_Aug4.png,1
B22-50,/fhome/maed/HelicoDataSet/CrossValidation/Annotated/B22-50_0/01090_Aug7.png,1
B22-50,/fhome/maed/HelicoDataSet/CrossValidation/Annotated/B22-50_0/01342_Aug6.png,1
B22-50,/fhome/maed/HelicoDataSet/CrossValidation/Annotated/B22-50_0/01090_Aug4.png,1
B22-50,/fhome/maed/HelicoDataSet/CrossValidation/Annotated/B22-50_0/00990.png,0
B22-50,/fhome/maed/HelicoDataSet/CrossValidation/Annotated/B22-50_0/00709.png,0
B22-50,/fhome/maed/HelicoDataSet/CrossValidation/Annotated/B22-50_0/01342_Aug2.png,1
B22-50,/fhome/maed/HelicoDataSet/CrossValidation/Annotated/B22-50_0/00865_Aug6.png,1
B22-50,/fhome/maed/HelicoDataSet/CrossValidation/Annotated/B22-50_0/00865_Aug8.png,1
B22-50,/fhome/maed/HelicoDataSet/CrossValidation/Annotated/B22-50_0/00865_Aug1.png,1
B22-50,/fhome/maed/HelicoDataSet/CrossValidation/Annotated/B22-50_0/01090_Aug8.png,1
B22-50,/fhome/maed/HelicoDataSet/CrossValidation/Annotated/B22-50_0/00865_Aug3.png,1
B22-86,/fhome/maed/HelicoDataSet/CrossValidation/Annotated/B22-86_0/00266.png,0
B22-155,/fhome/maed/HelicoDataSet/CrossValidation/Annotated/B22-155_0/01909_Aug4.png,1
B22-155,/fhome/maed/HelicoDataSet/CrossValidation/Annotated/B22-155_0/00137_Aug8.png,1
B22-155,/fhome/maed/HelicoDataSet/CrossValidation/Annotated/B22-155_0/04763_Aug3.png,1
B22-155,/fhome/maed/HelicoDataSet/CrossValidation/Annotated/B22-155_0/00588_Aug3.png,1
B22-155,/fhome/maed/HelicoDataSet/CrossValidation/Annotated/B22-155_0/00137_Aug4.png,1
B22-155,/fhome/maed/HelicoDataSet/CrossValidation/Annotated/B22-155_0/01688_Aug8.png,1
B22-155,/fhome/maed/HelicoDataSet/CrossValidation/Annotated/B22-155_0/00317_Aug5.png,1
B22-155,/fhome/maed/HelicoDataSet/CrossValidation/Annotated/B22-155_0/02106_Aug2.png,1
B22-155,/fhome/maed/HelicoDataSet/CrossValidation/Annotated/B22-155_0/00065_Aug6.png,1
B22-155,/fhome/maed/HelicoDataSet/CrossValidation/Annotated/B22-155_0/04070_Aug3.png,1
B22-155,/fhome/maed/HelicoDataSet/CrossValidation/Annotated/B22-155_0/02185_Aug2.png,1
B22-155,/fhome/maed/HelicoDataSet/CrossValidation/Annotated/B22-155_0/04440_Aug3.png,1
B22-155,/fhome/maed/HelicoDataSet/CrossValidation/Annotated/B22-155_0/03707_Aug5.png,1
B22-155,/fhome/maed/HelicoDataSet/CrossValidation/Annotated/B22-155_0/03998_Aug4.png,1
B22-155,/fhome/maed/HelicoDataSet/CrossValidation/Annotated/B22-155_0/03998_Aug5.png,1
B22-155,/fhome/maed/HelicoDataSet/CrossValidation/Annotated/B22-155_0/03707_Aug6.png,1
B22-155,/fhome/maed/HelicoDataSet/CrossValidation/Annotated/B22-155_0/00065_Aug8.png,1
B22-155,/fhome/maed/HelicoDataSet/CrossValidation/Annotated/B22-155_0/00137_Aug7.png,1
B22-155,/fhome/maed/HelicoDataSet/CrossValidation/Annotated/B22-155_0/01228.png,0
B22-155,/fhome/maed/HelicoDataSet/CrossValidation/Annotated/B22-155_0/00137_Aug5.png,1
B22-155,/fhome/maed/HelicoDataSet/CrossValidation/Annotated/B22-155_0/03707.png,1
B22-155,/fhome/maed/HelicoDataSet/CrossValidation/Annotated/B22-155_0/00994_Aug5.png,1
B22-155,/fhome/maed/HelicoDataSet/CrossValidation/Annotated/B22-155_0/04382_Aug7.png,1
B22-155,/fhome/maed/HelicoDataSet/CrossValidation/Annotated/B22-155_0/01688_Aug3.png,1
B22-155,/fhome/maed/HelicoDataSet/CrossValidation/Annotated/B22-155_0/01688_Aug4.png,1
B22-155,/fhome/maed/HelicoDataSet/CrossValidation/Annotated/B22-155_0/01760.png,1
B22-155,/fhome/maed/HelicoDataSet/CrossValidation/Annotated/B22-155_0/04382.png,1
B22-155,/fhome/maed/HelicoDataSet/CrossValidation/Annotated/B22-155_0/02987_Aug3.png,1
B22-155,/fhome/maed/HelicoDataSet/CrossValidation/Annotated/B22-155_0/04440_Aug4.png,1
B22-155,/fhome/maed/HelicoDataSet/CrossValidation/Annotated/B22-155_0/04070_Aug7.png,1
B22-155,/fhome/maed/HelicoDataSet/CrossValidation/Annotated/B22-155_0/02987_Aug2.png,1
B22-155,/fhome/maed/HelicoDataSet/CrossValidation/Annotated/B22-155_0/00317_Aug6.png,1
B22-155,/fhome/maed/HelicoDataSet/CrossValidation/Annotated/B22-155_0/02106_Aug4.png,1
B22-155,/fhome/maed/HelicoDataSet/CrossValidation/Annotated/B22-155_0/04070.png,1
B22-155,/fhome/maed/HelicoDataSet/CrossValidation/Annotated/B22-155_0/04440_Aug8.png,1
B22-155,/fhome/maed/HelicoDataSet/CrossValidation/Annotated/B22-155_0/02989_Aug2.png,1
B22-155,/fhome/maed/HelicoDataSet/CrossValidation/Annotated/B22-155_0/02125_Aug6.png,1
B22-155,/fhome/maed/HelicoDataSet/CrossValidation/Annotated/B22-155_0/02987_Aug4.png,1
B22-155,/fhome/maed/HelicoDataSet/CrossValidation/Annotated/B22-155_0/01688_Aug2.png,1
B22-155,/fhome/maed/HelicoDataSet/CrossValidation/Annotated/B22-155_0/01909_Aug6.png,1
B22-155,/fhome/maed/HelicoDataSet/CrossValidation/Annotated/B22-155_0/02106_Aug8.png,1
B22-155,/fhome/maed/HelicoDataSet/CrossValidation/Annotated/B22-155_0/02106_Aug5.png,1
B22-155,/fhome/maed/HelicoDataSet/CrossValidation/Annotated/B22-155_0/03834.png,0
B22-155,/fhome/maed/HelicoDataSet/CrossValidation/Annotated/B22-155_0/00065.png,1
B22-155,/fhome/maed/HelicoDataSet/CrossValidation/Annotated/B22-155_0/02185_Aug1.png,1
B22-155,/fhome/maed/HelicoDataSet/CrossValidation/Annotated/B22-155_0/04440_Aug1.png,1
B22-155,/fhome/maed/HelicoDataSet/CrossValidation/Annotated/B22-155_0/00994_Aug3.png,1
B22-155,/fhome/maed/HelicoDataSet/CrossValidation/Annotated/B22-155_0/02989_Aug4.png,1
B22-155,/fhome/maed/HelicoDataSet/CrossValidation/Annotated/B22-155_0/04382_Aug8.png,1
B22-155,/fhome/maed/HelicoDataSet/CrossValidation/Annotated/B22-155_0/00742.png,0
B22-155,/fhome/maed/HelicoDataSet/CrossValidation/Annotated/B22-155_0/00065_Aug4.png,1
B22-155,/fhome/maed/HelicoDataSet/CrossValidation/Annotated/B22-155_0/00317_Aug8.png,1
B22-155,/fhome/maed/HelicoDataSet/CrossValidation/Annotated/B22-155_0/04763.png,1
B22-155,/fhome/maed/HelicoDataSet/CrossValidation/Annotated/B22-155_0/00065_Aug7.png,1
B22-155,/fhome/maed/HelicoDataSet/CrossValidation/Annotated/B22-155_0/02987_Aug8.png,1
B22-155,/fhome/maed/HelicoDataSet/CrossValidation/Annotated/B22-155_0/01688_Aug1.png,1
B22-155,/fhome/maed/HelicoDataSet/CrossValidation/Annotated/B22-155_0/01909_Aug5.png,1
B22-155,/fhome/maed/HelicoDataSet/CrossValidation/Annotated/B22-155_0/00994.png,1
B22-155,/fhome/maed/HelicoDataSet/CrossValidation/Annotated/B22-155_0/02125_Aug4.png,1
B22-155,/fhome/maed/HelicoDataSet/CrossValidation/Annotated/B22-155_0/00137_Aug2.png,1
B22-155,/fhome/maed/HelicoDataSet/CrossValidation/Annotated/B22-155_0/02125.png,1
B22-155,/fhome/maed/HelicoDataSet/CrossValidation/Annotated/B22-155_0/04440_Aug5.png,1
B22-155,/fhome/maed/HelicoDataSet/CrossValidation/Annotated/B22-155_0/04070_Aug1.png,1
B22-155,/fhome/maed/HelicoDataSet/CrossValidation/Annotated/B22-155_0/03998.png,1
B22-155,/fhome/maed/HelicoDataSet/CrossValidation/Annotated/B22-155_0/00588_Aug6.png,1
B22-155,/fhome/maed/HelicoDataSet/CrossValidation/Annotated/B22-155_0/00994_Aug8.png,1
B22-155,/fhome/maed/HelicoDataSet/CrossValidation/Annotated/B22-155_0/01688_Aug5.png,1
B22-155,/fhome/maed/HelicoDataSet/CrossValidation/Annotated/B22-155_0/02834.png,0
B22-155,/fhome/maed/HelicoDataSet/CrossValidation/Annotated/B22-155_0/02989_Aug8.png,1
B22-155,/fhome/maed/HelicoDataSet/CrossValidation/Annotated/B22-155_0/03707_Aug8.png,1
B22-155,/fhome/maed/HelicoDataSet/CrossValidation/Annotated/B22-155_0/00588_Aug5.png,1
B22-155,/fhome/maed/HelicoDataSet/CrossValidation/Annotated/B22-155_0/00317_Aug3.png,1
B22-155,/fhome/maed/HelicoDataSet/CrossValidation/Annotated/B22-155_0/02338_Aug8.png,1
B22-155,/fhome/maed/HelicoDataSet/CrossValidation/Annotated/B22-155_0/02989_Aug7.png,1
B22-155,/fhome/maed/HelicoDataSet/CrossValidation/Annotated/B22-155_0/00317_Aug2.png,1
B22-155,/fhome/maed/HelicoDataSet/CrossValidation/Annotated/B22-155_0/01760_Aug8.png,1
B22-155,/fhome/maed/HelicoDataSet/CrossValidation/Annotated/B22-155_0/00065_Aug2.png,1
B22-155,/fhome/maed/HelicoDataSet/CrossValidation/Annotated/B22-155_0/03707_Aug3.png,1
B22-155,/fhome/maed/HelicoDataSet/CrossValidation/Annotated/B22-155_0/02125_Aug5.png,1
B22-155,/fhome/maed/HelicoDataSet/CrossValidation/Annotated/B22-155_0/04382_Aug4.png,1
B22-155,/fhome/maed/HelicoDataSet/CrossValidation/Annotated/B22-155_0/01909_Aug3.png,1
B22-155,/fhome/maed/HelicoDataSet/CrossValidation/Annotated/B22-155_0/04070_Aug4.png,1
B22-155,/fhome/maed/HelicoDataSet/CrossValidation/Annotated/B22-155_0/00994_Aug1.png,1
B22-155,/fhome/maed/HelicoDataSet/CrossValidation/Annotated/B22-155_0/00588_Aug1.png,1
B22-155,/fhome/maed/HelicoDataSet/CrossValidation/Annotated/B22-155_0/03707_Aug7.png,1
B22-155,/fhome/maed/HelicoDataSet/CrossValidation/Annotated/B22-155_0/02987_Aug7.png,1
B22-155,/fhome/maed/HelicoDataSet/CrossValidation/Annotated/B22-155_0/00754.png,0
B22-155,/fhome/maed/HelicoDataSet/CrossValidation/Annotated/B22-155_0/03998_Aug1.png,1
B22-155,/fhome/maed/HelicoDataSet/CrossValidation/Annotated/B22-155_0/04382_Aug3.png,1
B22-155,/fhome/maed/HelicoDataSet/CrossValidation/Annotated/B22-155_0/02338_Aug7.png,1
B22-155,/fhome/maed/HelicoDataSet/CrossValidation/Annotated/B22-155_0/02106_Aug3.png,1
B22-155,/fhome/maed/HelicoDataSet/CrossValidation/Annotated/B22-155_0/02989_Aug1.png,1
B22-155,/fhome/maed/HelicoDataSet/CrossValidation/Annotated/B22-155_0/04382_Aug5.png,1
B22-155,/fhome/maed/HelicoDataSet/CrossValidation/Annotated/B22-155_0/00994_Aug7.png,1
B22-155,/fhome/maed/HelicoDataSet/CrossValidation/Annotated/B22-155_0/01395.png,0
B22-155,/fhome/maed/HelicoDataSet/CrossValidation/Annotated/B22-155_0/01688.png,1
B22-155,/fhome/maed/HelicoDataSet/CrossValidation/Annotated/B22-155_0/01760_Aug3.png,1
B22-155,/fhome/maed/HelicoDataSet/CrossValidation/Annotated/B22-155_0/01760_Aug1.png,1
B22-155,/fhome/maed/HelicoDataSet/CrossValidation/Annotated/B22-155_0/01518.png,0
B22-155,/fhome/maed/HelicoDataSet/CrossValidation/Annotated/B22-155_0/02987.png,1
B22-155,/fhome/maed/HelicoDataSet/CrossValidation/Annotated/B22-155_0/02185_Aug4.png,1
B22-155,/fhome/maed/HelicoDataSet/CrossValidation/Annotated/B22-155_0/01782_Aug8.png,1
B22-155,/fhome/maed/HelicoDataSet/CrossValidation/Annotated/B22-155_0/01760_Aug2.png,1
B22-155,/fhome/maed/HelicoDataSet/CrossValidation/Annotated/B22-155_0/03236.png,0
B22-155,/fhome/maed/HelicoDataSet/CrossValidation/Annotated/B22-155_0/00137_Aug6.png,1
B22-155,/fhome/maed/HelicoDataSet/CrossValidation/Annotated/B22-155_0/04070_Aug5.png,1
B22-155,/fhome/maed/HelicoDataSet/CrossValidation/Annotated/B22-155_0/01760_Aug4.png,1
B22-155,/fhome/maed/HelicoDataSet/CrossValidation/Annotated/B22-155_0/03998_Aug2.png,1
B22-155,/fhome/maed/HelicoDataSet/CrossValidation/Annotated/B22-155_0/01782_Aug4.png,1
B22-155,/fhome/maed/HelicoDataSet/CrossValidation/Annotated/B22-155_0/01760_Aug6.png,1
B22-155,/fhome/maed/HelicoDataSet/CrossValidation/Annotated/B22-155_0/01782.png,1
B22-155,/fhome/maed/HelicoDataSet/CrossValidation/Annotated/B22-155_0/03707_Aug2.png,1
B22-155,/fhome/maed/HelicoDataSet/CrossValidation/Annotated/B22-155_0/04382_Aug2.png,1
B22-155,/fhome/maed/HelicoDataSet/CrossValidation/Annotated/B22-155_0/04763_Aug1.png,1
B22-155,/fhome/maed/HelicoDataSet/CrossValidation/Annotated/B22-155_0/01909_Aug8.png,1
B22-155,/fhome/maed/HelicoDataSet/CrossValidation/Annotated/B22-155_0/01782_Aug2.png,1
B22-155,/fhome/maed/HelicoDataSet/CrossValidation/Annotated/B22-155_0/02106_Aug6.png,1
B22-155,/fhome/maed/HelicoDataSet/CrossValidation/Annotated/B22-155_0/00588_Aug7.png,1
B22-155,/fhome/maed/HelicoDataSet/CrossValidation/Annotated/B22-155_0/00588_Aug4.png,1
B22-155,/fhome/maed/HelicoDataSet/CrossValidation/Annotated/B22-155_0/00588_Aug2.png,1
B22-155,/fhome/maed/HelicoDataSet/CrossValidation/Annotated/B22-155_0/01909_Aug1.png,1
B22-155,/fhome/maed/HelicoDataSet/CrossValidation/Annotated/B22-155_0/02106_Aug7.png,1
B22-155,/fhome/maed/HelicoDataSet/CrossValidation/Annotated/B22-155_0/00994_Aug4.png,1
B22-155,/fhome/maed/HelicoDataSet/CrossValidation/Annotated/B22-155_0/00588.png,1
B22-155,/fhome/maed/HelicoDataSet/CrossValidation/Annotated/B22-155_0/02338_Aug2.png,1
B22-155,/fhome/maed/HelicoDataSet/CrossValidation/Annotated/B22-155_0/03998_Aug7.png,1
B22-155,/fhome/maed/HelicoDataSet/CrossValidation/Annotated/B22-155_0/02185_Aug6.png,1
B22-155,/fhome/maed/HelicoDataSet/CrossValidation/Annotated/B22-155_0/00317_Aug7.png,1
B22-155,/fhome/maed/HelicoDataSet/CrossValidation/Annotated/B22-155_0/01909.png,1
B22-155,/fhome/maed/HelicoDataSet/CrossValidation/Annotated/B22-155_0/03707_Aug4.png,1
B22-155,/fhome/maed/HelicoDataSet/CrossValidation/Annotated/B22-155_0/04440_Aug2.png,1
B22-155,/fhome/maed/HelicoDataSet/CrossValidation/Annotated/B22-155_0/02338_Aug6.png,1
B22-155,/fhome/maed/HelicoDataSet/CrossValidation/Annotated/B22-155_0/01688_Aug7.png,1
B22-155,/fhome/maed/HelicoDataSet/CrossValidation/Annotated/B22-155_0/00065_Aug1.png,1
B22-155,/fhome/maed/HelicoDataSet/CrossValidation/Annotated/B22-155_0/02106.png,1
B22-155,/fhome/maed/HelicoDataSet/CrossValidation/Annotated/B22-155_0/02989.png,1
B22-155,/fhome/maed/HelicoDataSet/CrossValidation/Annotated/B22-155_0/04070_Aug8.png,1
B22-155,/fhome/maed/HelicoDataSet/CrossValidation/Annotated/B22-155_0/03707_Aug1.png,1
B22-155,/fhome/maed/HelicoDataSet/CrossValidation/Annotated/B22-155_0/02185.png,1
B22-155,/fhome/maed/HelicoDataSet/CrossValidation/Annotated/B22-155_0/02185_Aug7.png,1
B22-155,/fhome/maed/HelicoDataSet/CrossValidation/Annotated/B22-155_0/02987_Aug5.png,1
B22-155,/fhome/maed/HelicoDataSet/CrossValidation/Annotated/B22-155_0/02338_Aug4.png,1
B22-155,/fhome/maed/HelicoDataSet/CrossValidation/Annotated/B22-155_0/02106_Aug1.png,1
B22-155,/fhome/maed/HelicoDataSet/CrossValidation/Annotated/B22-155_0/02185_Aug8.png,1
B22-155,/fhome/maed/HelicoDataSet/CrossValidation/Annotated/B22-155_0/02989_Aug6.png,1
B22-155,/fhome/maed/HelicoDataSet/CrossValidation/Annotated/B22-155_0/04440_Aug7.png,1
B22-155,/fhome/maed/HelicoDataSet/CrossValidation/Annotated/B22-155_0/04763_Aug4.png,1
B22-155,/fhome/maed/HelicoDataSet/CrossValidation/Annotated/B22-155_0/02338_Aug3.png,1
B22-155,/fhome/maed/HelicoDataSet/CrossValidation/Annotated/B22-155_0/02125_Aug1.png,1
B22-155,/fhome/maed/HelicoDataSet/CrossValidation/Annotated/B22-155_0/00588_Aug8.png,1
B22-155,/fhome/maed/HelicoDataSet/CrossValidation/Annotated/B22-155_0/04070_Aug6.png,1
B22-155,/fhome/maed/HelicoDataSet/CrossValidation/Annotated/B22-155_0/00317_Aug1.png,1
B22-155,/fhome/maed/HelicoDataSet/CrossValidation/Annotated/B22-155_0/03998_Aug8.png,1
B22-155,/fhome/maed/HelicoDataSet/CrossValidation/Annotated/B22-155_0/04763_Aug2.png,1
B22-155,/fhome/maed/HelicoDataSet/CrossValidation/Annotated/B22-155_0/00065_Aug3.png,1
B22-155,/fhome/maed/HelicoDataSet/CrossValidation/Annotated/B22-155_0/01688_Aug6.png,1
B22-155,/fhome/maed/HelicoDataSet/CrossValidation/Annotated/B22-155_0/02989_Aug5.png,1
B22-155,/fhome/maed/HelicoDataSet/CrossValidation/Annotated/B22-155_0/04763_Aug7.png,1
B22-155,/fhome/maed/HelicoDataSet/CrossValidation/Annotated/B22-155_0/03998_Aug6.png,1
B22-155,/fhome/maed/HelicoDataSet/CrossValidation/Annotated/B22-155_0/00317_Aug4.png,1
B22-155,/fhome/maed/HelicoDataSet/CrossValidation/Annotated/B22-155_0/04070_Aug2.png,1
B22-155,/fhome/maed/HelicoDataSet/CrossValidation/Annotated/B22-155_0/02989_Aug3.png,1
B22-155,/fhome/maed/HelicoDataSet/CrossValidation/Annotated/B22-155_0/01782_Aug3.png,1
B22-155,/fhome/maed/HelicoDataSet/CrossValidation/Annotated/B22-155_0/01909_Aug7.png,1
B22-155,/fhome/maed/HelicoDataSet/CrossValidation/Annotated/B22-155_0/02987_Aug6.png,1
B22-155,/fhome/maed/HelicoDataSet/CrossValidation/Annotated/B22-155_0/02338_Aug1.png,1
B22-155,/fhome/maed/HelicoDataSet/CrossValidation/Annotated/B22-155_0/01424.png,0
B22-155,/fhome/maed/HelicoDataSet/CrossValidation/Annotated/B22-155_0/02987_Aug1.png,1
B22-155,/fhome/maed/HelicoDataSet/CrossValidation/Annotated/B22-155_0/00137.png,1
B22-155,/fhome/maed/HelicoDataSet/CrossValidation/Annotated/B22-155_0/04440_Aug6.png,1
B22-155,/fhome/maed/HelicoDataSet/CrossValidation/Annotated/B22-155_0/04763_Aug6.png,1
B22-155,/fhome/maed/HelicoDataSet/CrossValidation/Annotated/B22-155_0/00137_Aug3.png,1
B22-155,/fhome/maed/HelicoDataSet/CrossValidation/Annotated/B22-155_0/02125_Aug2.png,1
B22-155,/fhome/maed/HelicoDataSet/CrossValidation/Annotated/B22-155_0/01760_Aug5.png,1
B22-155,/fhome/maed/HelicoDataSet/CrossValidation/Annotated/B22-155_0/02125_Aug7.png,1
B22-155,/fhome/maed/HelicoDataSet/CrossValidation/Annotated/B22-155_0/02185_Aug3.png,1
B22-155,/fhome/maed/HelicoDataSet/CrossValidation/Annotated/B22-155_0/01782_Aug5.png,1
B22-155,/fhome/maed/HelicoDataSet/CrossValidation/Annotated/B22-155_0/00317.png,1
B22-155,/fhome/maed/HelicoDataSet/CrossValidation/Annotated/B22-155_0/04382_Aug6.png,1
B22-155,/fhome/maed/HelicoDataSet/CrossValidation/Annotated/B22-155_0/02338.png,1
B22-155,/fhome/maed/HelicoDataSet/CrossValidation/Annotated/B22-155_0/02338_Aug5.png,1
B22-155,/fhome/maed/HelicoDataSet/CrossValidation/Annotated/B22-155_0/04763_Aug5.png,1
B22-155,/fhome/maed/HelicoDataSet/CrossValidation/Annotated/B22-155_0/01909_Aug2.png,1
B22-155,/fhome/maed/HelicoDataSet/CrossValidation/Annotated/B22-155_0/04440.png,1
B22-155,/fhome/maed/HelicoDataSet/CrossValidation/Annotated/B22-155_0/01782_Aug1.png,1
B22-155,/fhome/maed/HelicoDataSet/CrossValidation/Annotated/B22-155_0/02445.png,0
B22-155,/fhome/maed/HelicoDataSet/CrossValidation/Annotated/B22-155_0/02125_Aug8.png,1
B22-155,/fhome/maed/HelicoDataSet/CrossValidation/Annotated/B22-155_0/00994_Aug6.png,1
B22-155,/fhome/maed/HelicoDataSet/CrossValidation/Annotated/B22-155_0/00994_Aug2.png,1
B22-155,/fhome/maed/HelicoDataSet/CrossValidation/Annotated/B22-155_0/04382_Aug1.png,1
B22-155,/fhome/maed/HelicoDataSet/CrossValidation/Annotated/B22-155_0/00137_Aug1.png,1
B22-155,/fhome/maed/HelicoDataSet/CrossValidation/Annotated/B22-155_0/04763_Aug8.png,1
B22-155,/fhome/maed/HelicoDataSet/CrossValidation/Annotated/B22-155_0/02185_Aug5.png,1
B22-155,/fhome/maed/HelicoDataSet/CrossValidation/Annotated/B22-155_0/00065_Aug5.png,1
B22-155,/fhome/maed/HelicoDataSet/CrossValidation/Annotated/B22-155_0/01782_Aug7.png,1
B22-155,/fhome/maed/HelicoDataSet/CrossValidation/Annotated/B22-155_0/01782_Aug6.png,1
B22-155,/fhome/maed/HelicoDataSet/CrossValidation/Annotated/B22-155_0/01760_Aug7.png,1
B22-155,/fhome/maed/HelicoDataSet/CrossValidation/Annotated/B22-155_0/03998_Aug3.png,1
B22-155,/fhome/maed/HelicoDataSet/CrossValidation/Annotated/B22-155_0/02125_Aug3.png,1
B22-305,/fhome/maed/HelicoDataSet/CrossValidation/Annotated/B22-305_0/00367.png,0
B22-305,/fhome/maed/HelicoDataSet/CrossValidation/Annotated/B22-305_0/00365.png,0
B22-305,/fhome/maed/HelicoDataSet/CrossValidation/Annotated/B22-305_0/00561.png,0
B22-305,/fhome/maed/HelicoDataSet/CrossValidation/Annotated/B22-305_0/00252.png,0
B22-68,/fhome/maed/HelicoDataSet/CrossValidation/Annotated/B22-68_0/00131.png,0
B22-68,/fhome/maed/HelicoDataSet/CrossValidation/Annotated/B22-68_0/00141.png,0
B22-68,/fhome/maed/HelicoDataSet/CrossValidation/Annotated/B22-68_0/00298.png,0
B22-68,/fhome/maed/HelicoDataSet/CrossValidation/Annotated/B22-68_0/00315.png,0
B22-68,/fhome/maed/HelicoDataSet/CrossValidation/Annotated/B22-68_0/00352.png,0
B22-68,/fhome/maed/HelicoDataSet/CrossValidation/Annotated/B22-68_0/00290.png,0
B22-197,/fhome/maed/HelicoDataSet/CrossValidation/Annotated/B22-197_0/00006.png,0
B22-61,/fhome/maed/HelicoDataSet/CrossValidation/Annotated/B22-61_0/01100.png,0
B22-297,/fhome/maed/HelicoDataSet/CrossValidation/Annotated/B22-297_0/00124.png,1
B22-297,/fhome/maed/HelicoDataSet/CrossValidation/Annotated/B22-297_0/00124_Aug7.png,1
B22-297,/fhome/maed/HelicoDataSet/CrossValidation/Annotated/B22-297_0/00124_Aug6.png,1
B22-297,/fhome/maed/HelicoDataSet/CrossValidation/Annotated/B22-297_0/00124_Aug8.png,1
B22-297,/fhome/maed/HelicoDataSet/CrossValidation/Annotated/B22-297_0/00124_Aug4.png,1
B22-297,/fhome/maed/HelicoDataSet/CrossValidation/Annotated/B22-297_0/00124_Aug2.png,1
B22-297,/fhome/maed/HelicoDataSet/CrossValidation/Annotated/B22-297_0/00124_Aug3.png,1
B22-297,/fhome/maed/HelicoDataSet/CrossValidation/Annotated/B22-297_0/00124_Aug5.png,1
B22-297,/fhome/maed/HelicoDataSet/CrossValidation/Annotated/B22-297_0/00124_Aug1.png,1
B22-304,/fhome/maed/HelicoDataSet/CrossValidation/Annotated/B22-304_0/01044_Aug3.png,1
B22-304,/fhome/maed/HelicoDataSet/CrossValidation/Annotated/B22-304_0/00318_Aug2.png,1
B22-304,/fhome/maed/HelicoDataSet/CrossValidation/Annotated/B22-304_0/01658_Aug4.png,1
B22-304,/fhome/maed/HelicoDataSet/CrossValidation/Annotated/B22-304_0/00973.png,1
B22-304,/fhome/maed/HelicoDataSet/CrossValidation/Annotated/B22-304_0/01757_Aug8.png,1
B22-304,/fhome/maed/HelicoDataSet/CrossValidation/Annotated/B22-304_0/00381_Aug6.png,1
B22-304,/fhome/maed/HelicoDataSet/CrossValidation/Annotated/B22-304_0/00318_Aug1.png,1
B22-304,/fhome/maed/HelicoDataSet/CrossValidation/Annotated/B22-304_0/00973_Aug6.png,1
B22-304,/fhome/maed/HelicoDataSet/CrossValidation/Annotated/B22-304_0/00314_Aug8.png,1
B22-304,/fhome/maed/HelicoDataSet/CrossValidation/Annotated/B22-304_0/01044_Aug5.png,1
B22-304,/fhome/maed/HelicoDataSet/CrossValidation/Annotated/B22-304_0/01757_Aug7.png,1
B22-304,/fhome/maed/HelicoDataSet/CrossValidation/Annotated/B22-304_0/00783_Aug4.png,1
B22-304,/fhome/maed/HelicoDataSet/CrossValidation/Annotated/B22-304_0/01658_Aug1.png,1
B22-304,/fhome/maed/HelicoDataSet/CrossValidation/Annotated/B22-304_0/00783_Aug5.png,1
B22-304,/fhome/maed/HelicoDataSet/CrossValidation/Annotated/B22-304_0/01100_Aug5.png,1
B22-304,/fhome/maed/HelicoDataSet/CrossValidation/Annotated/B22-304_0/00314_Aug7.png,1
B22-304,/fhome/maed/HelicoDataSet/CrossValidation/Annotated/B22-304_0/00381_Aug2.png,1
B22-304,/fhome/maed/HelicoDataSet/CrossValidation/Annotated/B22-304_0/00783_Aug3.png,1
B22-304,/fhome/maed/HelicoDataSet/CrossValidation/Annotated/B22-304_0/00783_Aug7.png,1
B22-304,/fhome/maed/HelicoDataSet/CrossValidation/Annotated/B22-304_0/01100_Aug2.png,1
B22-304,/fhome/maed/HelicoDataSet/CrossValidation/Annotated/B22-304_0/01044_Aug7.png,1
B22-304,/fhome/maed/HelicoDataSet/CrossValidation/Annotated/B22-304_0/01658_Aug2.png,1
B22-304,/fhome/maed/HelicoDataSet/CrossValidation/Annotated/B22-304_0/00314_Aug1.png,1
B22-304,/fhome/maed/HelicoDataSet/CrossValidation/Annotated/B22-304_0/01658_Aug5.png,1
B22-304,/fhome/maed/HelicoDataSet/CrossValidation/Annotated/B22-304_0/00973_Aug1.png,1
B22-304,/fhome/maed/HelicoDataSet/CrossValidation/Annotated/B22-304_0/00381_Aug7.png,1
B22-304,/fhome/maed/HelicoDataSet/CrossValidation/Annotated/B22-304_0/01342.png,0
B22-304,/fhome/maed/HelicoDataSet/CrossValidation/Annotated/B22-304_0/00314_Aug6.png,1
B22-304,/fhome/maed/HelicoDataSet/CrossValidation/Annotated/B22-304_0/01757_Aug5.png,1
B22-304,/fhome/maed/HelicoDataSet/CrossValidation/Annotated/B22-304_0/00783.png,1
B22-304,/fhome/maed/HelicoDataSet/CrossValidation/Annotated/B22-304_0/00318_Aug4.png,1
B22-304,/fhome/maed/HelicoDataSet/CrossValidation/Annotated/B22-304_0/01100.png,1
B22-304,/fhome/maed/HelicoDataSet/CrossValidation/Annotated/B22-304_0/00783_Aug6.png,1
B22-304,/fhome/maed/HelicoDataSet/CrossValidation/Annotated/B22-304_0/01658_Aug7.png,1
B22-304,/fhome/maed/HelicoDataSet/CrossValidation/Annotated/B22-304_0/00381_Aug1.png,1
B22-304,/fhome/maed/HelicoDataSet/CrossValidation/Annotated/B22-304_0/00973_Aug2.png,1
B22-304,/fhome/maed/HelicoDataSet/CrossValidation/Annotated/B22-304_0/01658_Aug6.png,1
B22-304,/fhome/maed/HelicoDataSet/CrossValidation/Annotated/B22-304_0/00799.png,0
B22-304,/fhome/maed/HelicoDataSet/CrossValidation/Annotated/B22-304_0/00318_Aug8.png,1
B22-304,/fhome/maed/HelicoDataSet/CrossValidation/Annotated/B22-304_0/01100_Aug1.png,1
B22-304,/fhome/maed/HelicoDataSet/CrossValidation/Annotated/B22-304_0/01757_Aug6.png,1
B22-304,/fhome/maed/HelicoDataSet/CrossValidation/Annotated/B22-304_0/01757_Aug2.png,1
B22-304,/fhome/maed/HelicoDataSet/CrossValidation/Annotated/B22-304_0/01658_Aug8.png,1
B22-304,/fhome/maed/HelicoDataSet/CrossValidation/Annotated/B22-304_0/01100_Aug8.png,1
B22-304,/fhome/maed/HelicoDataSet/CrossValidation/Annotated/B22-304_0/00314_Aug5.png,1
B22-304,/fhome/maed/HelicoDataSet/CrossValidation/Annotated/B22-304_0/00783_Aug1.png,1
B22-304,/fhome/maed/HelicoDataSet/CrossValidation/Annotated/B22-304_0/00314.png,1
B22-304,/fhome/maed/HelicoDataSet/CrossValidation/Annotated/B22-304_0/01044_Aug1.png,1
B22-304,/fhome/maed/HelicoDataSet/CrossValidation/Annotated/B22-304_0/01100_Aug3.png,1
B22-304,/fhome/maed/HelicoDataSet/CrossValidation/Annotated/B22-304_0/00318_Aug7.png,1
B22-304,/fhome/maed/HelicoDataSet/CrossValidation/Annotated/B22-304_0/01100_Aug7.png,1
B22-304,/fhome/maed/HelicoDataSet/CrossValidation/Annotated/B22-304_0/01757.png,1
B22-304,/fhome/maed/HelicoDataSet/CrossValidation/Annotated/B22-304_0/01044_Aug4.png,1
B22-304,/fhome/maed/HelicoDataSet/CrossValidation/Annotated/B22-304_0/00973_Aug5.png,1
B22-304,/fhome/maed/HelicoDataSet/CrossValidation/Annotated/B22-304_0/01044.png,1
B22-304,/fhome/maed/HelicoDataSet/CrossValidation/Annotated/B22-304_0/01757_Aug1.png,1
B22-304,/fhome/maed/HelicoDataSet/CrossValidation/Annotated/B22-304_0/00973_Aug8.png,1
B22-304,/fhome/maed/HelicoDataSet/CrossValidation/Annotated/B22-304_0/00318_Aug6.png,1
B22-304,/fhome/maed/HelicoDataSet/CrossValidation/Annotated/B22-304_0/00381_Aug4.png,1
B22-304,/fhome/maed/HelicoDataSet/CrossValidation/Annotated/B22-304_0/00318_Aug3.png,1
B22-304,/fhome/maed/HelicoDataSet/CrossValidation/Annotated/B22-304_0/00314_Aug3.png,1
B22-304,/fhome/maed/HelicoDataSet/CrossValidation/Annotated/B22-304_0/00783_Aug2.png,1
B22-304,/fhome/maed/HelicoDataSet/CrossValidation/Annotated/B22-304_0/01757_Aug3.png,1
B22-304,/fhome/maed/HelicoDataSet/CrossValidation/Annotated/B22-304_0/00381_Aug3.png,1
B22-304,/fhome/maed/HelicoDataSet/CrossValidation/Annotated/B22-304_0/00314_Aug2.png,1
B22-304,/fhome/maed/HelicoDataSet/CrossValidation/Annotated/B22-304_0/00973_Aug4.png,1
B22-304,/fhome/maed/HelicoDataSet/CrossValidation/Annotated/B22-304_0/01044_Aug6.png,1
B22-304,/fhome/maed/HelicoDataSet/CrossValidation/Annotated/B22-304_0/01044_Aug8.png,1
B22-304,/fhome/maed/HelicoDataSet/CrossValidation/Annotated/B22-304_0/00973_Aug3.png,1
B22-304,/fhome/maed/HelicoDataSet/CrossValidation/Annotated/B22-304_0/01658.png,1
B22-304,/fhome/maed/HelicoDataSet/CrossValidation/Annotated/B22-304_0/01100_Aug4.png,1
B22-304,/fhome/maed/HelicoDataSet/CrossValidation/Annotated/B22-304_0/01658_Aug3.png,1
B22-304,/fhome/maed/HelicoDataSet/CrossValidation/Annotated/B22-304_0/00283.png,0
B22-304,/fhome/maed/HelicoDataSet/CrossValidation/Annotated/B22-304_0/00314_Aug4.png,1
B22-304,/fhome/maed/HelicoDataSet/CrossValidation/Annotated/B22-304_0/00318_Aug5.png,1
B22-304,/fhome/maed/HelicoDataSet/CrossValidation/Annotated/B22-304_0/00973_Aug7.png,1
B22-304,/fhome/maed/HelicoDataSet/CrossValidation/Annotated/B22-304_0/00318.png,1
B22-304,/fhome/maed/HelicoDataSet/CrossValidation/Annotated/B22-304_0/00381.png,1
B22-304,/fhome/maed/HelicoDataSet/CrossValidation/Annotated/B22-304_0/01044_Aug2.png,1
B22-304,/fhome/maed/HelicoDataSet/CrossValidation/Annotated/B22-304_0/00381_Aug8.png,1
B22-304,/fhome/maed/HelicoDataSet/CrossValidation/Annotated/B22-304_0/01100_Aug6.png,1
B22-304,/fhome/maed/HelicoDataSet/CrossValidation/Annotated/B22-304_0/01757_Aug4.png,1
B22-304,/fhome/maed/HelicoDataSet/CrossValidation/Annotated/B22-304_0/00783_Aug8.png,1
B22-304,/fhome/maed/HelicoDataSet/CrossValidation/Annotated/B22-304_0/00716.png,0
B22-304,/fhome/maed/HelicoDataSet/CrossValidation/Annotated/B22-304_0/00381_Aug5.png,1
B22-164,/fhome/maed/HelicoDataSet/CrossValidation/Annotated/B22-164_0/00290.png,0
B22-189,/fhome/maed/HelicoDataSet/CrossValidation/Annotated/B22-189_1/00355.png,0
B22-189,/fhome/maed/HelicoDataSet/CrossValidation/Annotated/B22-189_1/00358.png,0
B22-189,/fhome/maed/HelicoDataSet/CrossValidation/Annotated/B22-189_1/00093.png,0
B22-189,/fhome/maed/HelicoDataSet/CrossValidation/Annotated/B22-189_1/00472.png,0
B22-150,/fhome/maed/HelicoDataSet/CrossValidation/Annotated/B22-150_0/00363.png,0
B22-150,/fhome/maed/HelicoDataSet/CrossValidation/Annotated/B22-150_0/00362.png,0
B22-150,/fhome/maed/HelicoDataSet/CrossValidation/Annotated/B22-150_0/01315.png,0
B22-150,/fhome/maed/HelicoDataSet/CrossValidation/Annotated/B22-150_0/00360.png,0
B22-150,/fhome/maed/HelicoDataSet/CrossValidation/Annotated/B22-150_0/01864.png,0
B22-150,/fhome/maed/HelicoDataSet/CrossValidation/Annotated/B22-150_0/00889.png,0
B22-150,/fhome/maed/HelicoDataSet/CrossValidation/Annotated/B22-150_0/01314.png,0
B22-279,/fhome/maed/HelicoDataSet/CrossValidation/Annotated/B22-279_0/01200.png,0
B22-279,/fhome/maed/HelicoDataSet/CrossValidation/Annotated/B22-279_0/00762.png,0
B22-279,/fhome/maed/HelicoDataSet/CrossValidation/Annotated/B22-279_0/00876.png,0
B22-254,/fhome/maed/HelicoDataSet/CrossValidation/Annotated/B22-254_0/03773.png,0
B22-254,/fhome/maed/HelicoDataSet/CrossValidation/Annotated/B22-254_0/00007.png,0
B22-254,/fhome/maed/HelicoDataSet/CrossValidation/Annotated/B22-254_0/00011.png,0
B22-116,/fhome/maed/HelicoDataSet/CrossValidation/Annotated/B22-116_0/00256_Aug1.png,1
B22-116,/fhome/maed/HelicoDataSet/CrossValidation/Annotated/B22-116_0/00256_Aug4.png,1
B22-116,/fhome/maed/HelicoDataSet/CrossValidation/Annotated/B22-116_0/00252_Aug5.png,1
B22-116,/fhome/maed/HelicoDataSet/CrossValidation/Annotated/B22-116_0/00256_Aug7.png,1
B22-116,/fhome/maed/HelicoDataSet/CrossValidation/Annotated/B22-116_0/00256_Aug5.png,1
B22-116,/fhome/maed/HelicoDataSet/CrossValidation/Annotated/B22-116_0/00256_Aug8.png,1
B22-116,/fhome/maed/HelicoDataSet/CrossValidation/Annotated/B22-116_0/00493.png,0
B22-116,/fhome/maed/HelicoDataSet/CrossValidation/Annotated/B22-116_0/00437_Aug6.png,1
B22-116,/fhome/maed/HelicoDataSet/CrossValidation/Annotated/B22-116_0/00252_Aug8.png,1
B22-116,/fhome/maed/HelicoDataSet/CrossValidation/Annotated/B22-116_0/00256.png,1
B22-116,/fhome/maed/HelicoDataSet/CrossValidation/Annotated/B22-116_0/00256_Aug2.png,1
B22-116,/fhome/maed/HelicoDataSet/CrossValidation/Annotated/B22-116_0/00252_Aug7.png,1
B22-116,/fhome/maed/HelicoDataSet/CrossValidation/Annotated/B22-116_0/00256_Aug3.png,1
B22-116,/fhome/maed/HelicoDataSet/CrossValidation/Annotated/B22-116_0/00252_Aug3.png,1
B22-116,/fhome/maed/HelicoDataSet/CrossValidation/Annotated/B22-116_0/00437_Aug8.png,1
B22-116,/fhome/maed/HelicoDataSet/CrossValidation/Annotated/B22-116_0/00217.png,0
B22-116,/fhome/maed/HelicoDataSet/CrossValidation/Annotated/B22-116_0/00437_Aug4.png,1
B22-116,/fhome/maed/HelicoDataSet/CrossValidation/Annotated/B22-116_0/00252_Aug1.png,1
B22-116,/fhome/maed/HelicoDataSet/CrossValidation/Annotated/B22-116_0/00437_Aug2.png,1
B22-116,/fhome/maed/HelicoDataSet/CrossValidation/Annotated/B22-116_0/00252_Aug2.png,1
B22-116,/fhome/maed/HelicoDataSet/CrossValidation/Annotated/B22-116_0/00252_Aug4.png,1
B22-116,/fhome/maed/HelicoDataSet/CrossValidation/Annotated/B22-116_0/00437_Aug1.png,1
B22-116,/fhome/maed/HelicoDataSet/CrossValidation/Annotated/B22-116_0/00256_Aug6.png,1
B22-116,/fhome/maed/HelicoDataSet/CrossValidation/Annotated/B22-116_0/00252.png,1
B22-116,/fhome/maed/HelicoDataSet/CrossValidation/Annotated/B22-116_0/00437.png,1
B22-116,/fhome/maed/HelicoDataSet/CrossValidation/Annotated/B22-116_0/00252_Aug6.png,1
B22-168,/fhome/maed/HelicoDataSet/CrossValidation/Annotated/B22-168_1/00407.png,0
B22-168,/fhome/maed/HelicoDataSet/CrossValidation/Annotated/B22-168_1/00389.png,0
B22-168,/fhome/maed/HelicoDataSet/CrossValidation/Annotated/B22-168_1/00343.png,0
B22-168,/fhome/maed/HelicoDataSet/CrossValidation/Annotated/B22-168_1/00156.png,0
B22-168,/fhome/maed/HelicoDataSet/CrossValidation/Annotated/B22-168_1/00379.png,0
B22-168,/fhome/maed/HelicoDataSet/CrossValidation/Annotated/B22-168_1/00828.png,0
B22-163,/fhome/maed/HelicoDataSet/CrossValidation/Annotated/B22-163_0/00387_Aug4.png,1
B22-163,/fhome/maed/HelicoDataSet/CrossValidation/Annotated/B22-163_0/00657_Aug8.png,1
B22-163,/fhome/maed/HelicoDataSet/CrossValidation/Annotated/B22-163_0/00413.png,0
B22-163,/fhome/maed/HelicoDataSet/CrossValidation/Annotated/B22-163_0/00444_Aug8.png,1
B22-163,/fhome/maed/HelicoDataSet/CrossValidation/Annotated/B22-163_0/00357.png,0
B22-163,/fhome/maed/HelicoDataSet/CrossValidation/Annotated/B22-163_0/00298_Aug3.png,1
B22-163,/fhome/maed/HelicoDataSet/CrossValidation/Annotated/B22-163_0/00491_Aug3.png,1
B22-163,/fhome/maed/HelicoDataSet/CrossValidation/Annotated/B22-163_0/00387_Aug1.png,1
B22-163,/fhome/maed/HelicoDataSet/CrossValidation/Annotated/B22-163_0/00298_Aug6.png,1
B22-163,/fhome/maed/HelicoDataSet/CrossValidation/Annotated/B22-163_0/00657.png,1
B22-163,/fhome/maed/HelicoDataSet/CrossValidation/Annotated/B22-163_0/00298_Aug4.png,1
B22-163,/fhome/maed/HelicoDataSet/CrossValidation/Annotated/B22-163_0/00298.png,1
B22-163,/fhome/maed/HelicoDataSet/CrossValidation/Annotated/B22-163_0/00643_Aug5.png,1
B22-163,/fhome/maed/HelicoDataSet/CrossValidation/Annotated/B22-163_0/00657_Aug7.png,1
B22-163,/fhome/maed/HelicoDataSet/CrossValidation/Annotated/B22-163_0/00452_Aug6.png,1
B22-163,/fhome/maed/HelicoDataSet/CrossValidation/Annotated/B22-163_0/00657_Aug3.png,1
B22-163,/fhome/maed/HelicoDataSet/CrossValidation/Annotated/B22-163_0/00387_Aug6.png,1
B22-163,/fhome/maed/HelicoDataSet/CrossValidation/Annotated/B22-163_0/00452_Aug4.png,1
B22-163,/fhome/maed/HelicoDataSet/CrossValidation/Annotated/B22-163_0/00387.png,1
B22-163,/fhome/maed/HelicoDataSet/CrossValidation/Annotated/B22-163_0/00452_Aug5.png,1
B22-163,/fhome/maed/HelicoDataSet/CrossValidation/Annotated/B22-163_0/00452_Aug2.png,1
B22-163,/fhome/maed/HelicoDataSet/CrossValidation/Annotated/B22-163_0/00387_Aug2.png,1
B22-163,/fhome/maed/HelicoDataSet/CrossValidation/Annotated/B22-163_0/00491_Aug2.png,1
B22-163,/fhome/maed/HelicoDataSet/CrossValidation/Annotated/B22-163_0/00444_Aug4.png,1
B22-163,/fhome/maed/HelicoDataSet/CrossValidation/Annotated/B22-163_0/00491_Aug4.png,1
B22-163,/fhome/maed/HelicoDataSet/CrossValidation/Annotated/B22-163_0/00643_Aug6.png,1
B22-163,/fhome/maed/HelicoDataSet/CrossValidation/Annotated/B22-163_0/00298_Aug1.png,1
B22-163,/fhome/maed/HelicoDataSet/CrossValidation/Annotated/B22-163_0/00444_Aug1.png,1
B22-163,/fhome/maed/HelicoDataSet/CrossValidation/Annotated/B22-163_0/00452_Aug3.png,1
B22-163,/fhome/maed/HelicoDataSet/CrossValidation/Annotated/B22-163_0/00491_Aug5.png,1
B22-163,/fhome/maed/HelicoDataSet/CrossValidation/Annotated/B22-163_0/00387_Aug7.png,1
B22-163,/fhome/maed/HelicoDataSet/CrossValidation/Annotated/B22-163_0/00298_Aug2.png,1
B22-163,/fhome/maed/HelicoDataSet/CrossValidation/Annotated/B22-163_0/00387_Aug3.png,1
B22-163,/fhome/maed/HelicoDataSet/CrossValidation/Annotated/B22-163_0/00643_Aug3.png,1
B22-163,/fhome/maed/HelicoDataSet/CrossValidation/Annotated/B22-163_0/00444_Aug7.png,1
B22-163,/fhome/maed/HelicoDataSet/CrossValidation/Annotated/B22-163_0/00444_Aug3.png,1
B22-163,/fhome/maed/HelicoDataSet/CrossValidation/Annotated/B22-163_0/00196.png,0
B22-163,/fhome/maed/HelicoDataSet/CrossValidation/Annotated/B22-163_0/00452_Aug7.png,1
B22-163,/fhome/maed/HelicoDataSet/CrossValidation/Annotated/B22-163_0/00452_Aug1.png,1
B22-163,/fhome/maed/HelicoDataSet/CrossValidation/Annotated/B22-163_0/00491_Aug6.png,1
B22-163,/fhome/maed/HelicoDataSet/CrossValidation/Annotated/B22-163_0/00657_Aug1.png,1
B22-163,/fhome/maed/HelicoDataSet/CrossValidation/Annotated/B22-163_0/00452_Aug8.png,1
B22-163,/fhome/maed/HelicoDataSet/CrossValidation/Annotated/B22-163_0/00643_Aug2.png,1
B22-163,/fhome/maed/HelicoDataSet/CrossValidation/Annotated/B22-163_0/00298_Aug8.png,1
B22-163,/fhome/maed/HelicoDataSet/CrossValidation/Annotated/B22-163_0/00643_Aug4.png,1
B22-163,/fhome/maed/HelicoDataSet/CrossValidation/Annotated/B22-163_0/00452.png,1
B22-163,/fhome/maed/HelicoDataSet/CrossValidation/Annotated/B22-163_0/00444_Aug2.png,1
B22-163,/fhome/maed/HelicoDataSet/CrossValidation/Annotated/B22-163_0/00657_Aug6.png,1
B22-163,/fhome/maed/HelicoDataSet/CrossValidation/Annotated/B22-163_0/00657_Aug2.png,1
B22-163,/fhome/maed/HelicoDataSet/CrossValidation/Annotated/B22-163_0/00298_Aug5.png,1
B22-163,/fhome/maed/HelicoDataSet/CrossValidation/Annotated/B22-163_0/00298_Aug7.png,1
B22-163,/fhome/maed/HelicoDataSet/CrossValidation/Annotated/B22-163_0/00657_Aug5.png,1
B22-163,/fhome/maed/HelicoDataSet/CrossValidation/Annotated/B22-163_0/00491_Aug7.png,1
B22-163,/fhome/maed/HelicoDataSet/CrossValidation/Annotated/B22-163_0/00444.png,1
B22-163,/fhome/maed/HelicoDataSet/CrossValidation/Annotated/B22-163_0/00643_Aug7.png,1
B22-163,/fhome/maed/HelicoDataSet/CrossValidation/Annotated/B22-163_0/00387_Aug5.png,1
B22-163,/fhome/maed/HelicoDataSet/CrossValidation/Annotated/B22-163_0/00444_Aug5.png,1
B22-163,/fhome/maed/HelicoDataSet/CrossValidation/Annotated/B22-163_0/00390.png,0
B22-163,/fhome/maed/HelicoDataSet/CrossValidation/Annotated/B22-163_0/00491_Aug8.png,1
B22-163,/fhome/maed/HelicoDataSet/CrossValidation/Annotated/B22-163_0/00491_Aug1.png,1
B22-163,/fhome/maed/HelicoDataSet/CrossValidation/Annotated/B22-163_0/00387_Aug8.png,1
B22-163,/fhome/maed/HelicoDataSet/CrossValidation/Annotated/B22-163_0/00643_Aug8.png,1
B22-163,/fhome/maed/HelicoDataSet/CrossValidation/Annotated/B22-163_0/00657_Aug4.png,1
B22-163,/fhome/maed/HelicoDataSet/CrossValidation/Annotated/B22-163_0/00417.png,0
B22-163,/fhome/maed/HelicoDataSet/CrossValidation/Annotated/B22-163_0/00643.png,1
B22-163,/fhome/maed/HelicoDataSet/CrossValidation/Annotated/B22-163_0/00491.png,1
B22-163,/fhome/maed/HelicoDataSet/CrossValidation/Annotated/B22-163_0/00643_Aug1.png,1
B22-163,/fhome/maed/HelicoDataSet/CrossValidation/Annotated/B22-163_0/00444_Aug6.png,1
B22-241,/fhome/maed/HelicoDataSet/CrossValidation/Annotated/B22-241_0/01290.png,0
B22-241,/fhome/maed/HelicoDataSet/CrossValidation/Annotated/B22-241_0/00498.png,0
B22-241,/fhome/maed/HelicoDataSet/CrossValidation/Annotated/B22-241_0/00536_Aug1.png,1
B22-241,/fhome/maed/HelicoDataSet/CrossValidation/Annotated/B22-241_0/00536_Aug4.png,1
B22-241,/fhome/maed/HelicoDataSet/CrossValidation/Annotated/B22-241_0/00239.png,0
B22-241,/fhome/maed/HelicoDataSet/CrossValidation/Annotated/B22-241_0/00536_Aug2.png,1
B22-241,/fhome/maed/HelicoDataSet/CrossValidation/Annotated/B22-241_0/00989.png,0
B22-241,/fhome/maed/HelicoDataSet/CrossValidation/Annotated/B22-241_0/01342.png,0
B22-241,/fhome/maed/HelicoDataSet/CrossValidation/Annotated/B22-241_0/00536_Aug6.png,1
B22-241,/fhome/maed/HelicoDataSet/CrossValidation/Annotated/B22-241_0/00536_Aug3.png,1
B22-241,/fhome/maed/HelicoDataSet/CrossValidation/Annotated/B22-241_0/01567.png,0
B22-241,/fhome/maed/HelicoDataSet/CrossValidation/Annotated/B22-241_0/01564.png,0
B22-241,/fhome/maed/HelicoDataSet/CrossValidation/Annotated/B22-241_0/00536_Aug7.png,1
B22-241,/fhome/maed/HelicoDataSet/CrossValidation/Annotated/B22-241_0/00237.png,0
B22-241,/fhome/maed/HelicoDataSet/CrossValidation/Annotated/B22-241_0/00536.png,1
B22-241,/fhome/maed/HelicoDataSet/CrossValidation/Annotated/B22-241_0/01587.png,0
B22-241,/fhome/maed/HelicoDataSet/CrossValidation/Annotated/B22-241_0/01543.png,0
B22-241,/fhome/maed/HelicoDataSet/CrossValidation/Annotated/B22-241_0/00881.png,0
B22-241,/fhome/maed/HelicoDataSet/CrossValidation/Annotated/B22-241_0/01010.png,0
B22-241,/fhome/maed/HelicoDataSet/CrossValidation/Annotated/B22-241_0/01106.png,0
B22-241,/fhome/maed/HelicoDataSet/CrossValidation/Annotated/B22-241_0/00495.png,0
B22-241,/fhome/maed/HelicoDataSet/CrossValidation/Annotated/B22-241_0/00536_Aug8.png,1
B22-241,/fhome/maed/HelicoDataSet/CrossValidation/Annotated/B22-241_0/00536_Aug5.png,1
B22-241,/fhome/maed/HelicoDataSet/CrossValidation/Annotated/B22-241_0/00883.png,0
B22-241,/fhome/maed/HelicoDataSet/CrossValidation/Annotated/B22-241_0/01270.png,0
B22-241,/fhome/maed/HelicoDataSet/CrossValidation/Annotated/B22-241_0/01039.png,0
B22-241,/fhome/maed/HelicoDataSet/CrossValidation/Annotated/B22-241_0/01516.png,0
B22-241,/fhome/maed/HelicoDataSet/CrossValidation/Annotated/B22-241_0/01489.png,0
B22-241,/fhome/maed/HelicoDataSet/CrossValidation/Annotated/B22-241_0/01589.png,0
B22-241,/fhome/maed/HelicoDataSet/CrossValidation/Annotated/B22-241_0/00876.png,0
B22-241,/fhome/maed/HelicoDataSet/CrossValidation/Annotated/B22-241_0/01419.png,0
B22-278,/fhome/maed/HelicoDataSet/CrossValidation/Annotated/B22-278_0/00234_Aug6.png,1
B22-278,/fhome/maed/HelicoDataSet/CrossValidation/Annotated/B22-278_0/00240_Aug3.png,1
B22-278,/fhome/maed/HelicoDataSet/CrossValidation/Annotated/B22-278_0/00234_Aug8.png,1
B22-278,/fhome/maed/HelicoDataSet/CrossValidation/Annotated/B22-278_0/00022_Aug8.png,1
B22-278,/fhome/maed/HelicoDataSet/CrossValidation/Annotated/B22-278_0/00022_Aug2.png,1
B22-278,/fhome/maed/HelicoDataSet/CrossValidation/Annotated/B22-278_0/00234.png,1
B22-278,/fhome/maed/HelicoDataSet/CrossValidation/Annotated/B22-278_0/00240_Aug7.png,1
B22-278,/fhome/maed/HelicoDataSet/CrossValidation/Annotated/B22-278_0/00155.png,0
B22-278,/fhome/maed/HelicoDataSet/CrossValidation/Annotated/B22-278_0/00022_Aug4.png,1
B22-278,/fhome/maed/HelicoDataSet/CrossValidation/Annotated/B22-278_0/00234_Aug2.png,1
B22-278,/fhome/maed/HelicoDataSet/CrossValidation/Annotated/B22-278_0/00234_Aug5.png,1
B22-278,/fhome/maed/HelicoDataSet/CrossValidation/Annotated/B22-278_0/00701.png,0
B22-278,/fhome/maed/HelicoDataSet/CrossValidation/Annotated/B22-278_0/00022.png,1
B22-278,/fhome/maed/HelicoDataSet/CrossValidation/Annotated/B22-278_0/00240_Aug1.png,1
B22-278,/fhome/maed/HelicoDataSet/CrossValidation/Annotated/B22-278_0/00240_Aug8.png,1
B22-278,/fhome/maed/HelicoDataSet/CrossValidation/Annotated/B22-278_0/00240_Aug5.png,1
B22-278,/fhome/maed/HelicoDataSet/CrossValidation/Annotated/B22-278_0/00234_Aug1.png,1
B22-278,/fhome/maed/HelicoDataSet/CrossValidation/Annotated/B22-278_0/00022_Aug3.png,1
B22-278,/fhome/maed/HelicoDataSet/CrossValidation/Annotated/B22-278_0/00234_Aug4.png,1
B22-278,/fhome/maed/HelicoDataSet/CrossValidation/Annotated/B22-278_0/00234_Aug7.png,1
B22-278,/fhome/maed/HelicoDataSet/CrossValidation/Annotated/B22-278_0/00022_Aug1.png,1
B22-278,/fhome/maed/HelicoDataSet/CrossValidation/Annotated/B22-278_0/00022_Aug6.png,1
B22-278,/fhome/maed/HelicoDataSet/CrossValidation/Annotated/B22-278_0/00240.png,1
B22-278,/fhome/maed/HelicoDataSet/CrossValidation/Annotated/B22-278_0/00022_Aug7.png,1
B22-278,/fhome/maed/HelicoDataSet/CrossValidation/Annotated/B22-278_0/00240_Aug6.png,1
B22-278,/fhome/maed/HelicoDataSet/CrossValidation/Annotated/B22-278_0/00240_Aug4.png,1
B22-278,/fhome/maed/HelicoDataSet/CrossValidation/Annotated/B22-278_0/00022_Aug5.png,1
B22-278,/fhome/maed/HelicoDataSet/CrossValidation/Annotated/B22-278_0/00240_Aug2.png,1
B22-278,/fhome/maed/HelicoDataSet/CrossValidation/Annotated/B22-278_0/00234_Aug3.png,1
B22-264,/fhome/maed/HelicoDataSet/CrossValidation/Annotated/B22-264_0/01511.png,1
B22-264,/fhome/maed/HelicoDataSet/CrossValidation/Annotated/B22-264_0/01644.png,0
B22-264,/fhome/maed/HelicoDataSet/CrossValidation/Annotated/B22-264_0/01511_Aug2.png,1
B22-264,/fhome/maed/HelicoDataSet/CrossValidation/Annotated/B22-264_0/01511_Aug5.png,1
B22-264,/fhome/maed/HelicoDataSet/CrossValidation/Annotated/B22-264_0/01511_Aug4.png,1
B22-264,/fhome/maed/HelicoDataSet/CrossValidation/Annotated/B22-264_0/01511_Aug1.png,1
B22-264,/fhome/maed/HelicoDataSet/CrossValidation/Annotated/B22-264_0/00267.png,0
B22-264,/fhome/maed/HelicoDataSet/CrossValidation/Annotated/B22-264_0/01511_Aug6.png,1
B22-264,/fhome/maed/HelicoDataSet/CrossValidation/Annotated/B22-264_0/01511_Aug8.png,1
B22-264,/fhome/maed/HelicoDataSet/CrossValidation/Annotated/B22-264_0/01511_Aug3.png,1
B22-264,/fhome/maed/HelicoDataSet/CrossValidation/Annotated/B22-264_0/01511_Aug7.png,1
B22-299,/fhome/maed/HelicoDataSet/CrossValidation/Annotated/B22-299_0/00773_Aug7.png,1
B22-299,/fhome/maed/HelicoDataSet/CrossValidation/Annotated/B22-299_0/00773.png,1
B22-299,/fhome/maed/HelicoDataSet/CrossValidation/Annotated/B22-299_0/00576_Aug6.png,1
B22-299,/fhome/maed/HelicoDataSet/CrossValidation/Annotated/B22-299_0/00081_Aug8.png,1
B22-299,/fhome/maed/HelicoDataSet/CrossValidation/Annotated/B22-299_0/00081_Aug7.png,1
B22-299,/fhome/maed/HelicoDataSet/CrossValidation/Annotated/B22-299_0/00773_Aug2.png,1
B22-299,/fhome/maed/HelicoDataSet/CrossValidation/Annotated/B22-299_0/00081_Aug3.png,1
B22-299,/fhome/maed/HelicoDataSet/CrossValidation/Annotated/B22-299_0/00880.png,0
B22-299,/fhome/maed/HelicoDataSet/CrossValidation/Annotated/B22-299_0/00773_Aug4.png,1
B22-299,/fhome/maed/HelicoDataSet/CrossValidation/Annotated/B22-299_0/00576_Aug2.png,1
B22-299,/fhome/maed/HelicoDataSet/CrossValidation/Annotated/B22-299_0/00576_Aug3.png,1
B22-299,/fhome/maed/HelicoDataSet/CrossValidation/Annotated/B22-299_0/00773_Aug3.png,1
B22-299,/fhome/maed/HelicoDataSet/CrossValidation/Annotated/B22-299_0/00576_Aug8.png,1
B22-299,/fhome/maed/HelicoDataSet/CrossValidation/Annotated/B22-299_0/00576_Aug5.png,1
B22-299,/fhome/maed/HelicoDataSet/CrossValidation/Annotated/B22-299_0/00576_Aug1.png,1
B22-299,/fhome/maed/HelicoDataSet/CrossValidation/Annotated/B22-299_0/00773_Aug8.png,1
B22-299,/fhome/maed/HelicoDataSet/CrossValidation/Annotated/B22-299_0/00081.png,1
B22-299,/fhome/maed/HelicoDataSet/CrossValidation/Annotated/B22-299_0/00576_Aug7.png,1
B22-299,/fhome/maed/HelicoDataSet/CrossValidation/Annotated/B22-299_0/00576_Aug4.png,1
B22-299,/fhome/maed/HelicoDataSet/CrossValidation/Annotated/B22-299_0/00576.png,1
B22-299,/fhome/maed/HelicoDataSet/CrossValidation/Annotated/B22-299_0/00773_Aug5.png,1
B22-299,/fhome/maed/HelicoDataSet/CrossValidation/Annotated/B22-299_0/00081_Aug5.png,1
B22-299,/fhome/maed/HelicoDataSet/CrossValidation/Annotated/B22-299_0/00773_Aug6.png,1
B22-299,/fhome/maed/HelicoDataSet/CrossValidation/Annotated/B22-299_0/00773_Aug1.png,1
B22-299,/fhome/maed/HelicoDataSet/CrossValidation/Annotated/B22-299_0/00081_Aug6.png,1
B22-299,/fhome/maed/HelicoDataSet/CrossValidation/Annotated/B22-299_0/00081_Aug1.png,1
B22-299,/fhome/maed/HelicoDataSet/CrossValidation/Annotated/B22-299_0/00081_Aug4.png,1
B22-299,/fhome/maed/HelicoDataSet/CrossValidation/Annotated/B22-299_0/00081_Aug2.png,1
B22-265,/fhome/maed/HelicoDataSet/CrossValidation/Annotated/B22-265_0/01412.png,0
B22-265,/fhome/maed/HelicoDataSet/CrossValidation/Annotated/B22-265_0/01410.png,0
B22-265,/fhome/maed/HelicoDataSet/CrossValidation/Annotated/B22-265_0/01414.png,0
B22-265,/fhome/maed/HelicoDataSet/CrossValidation/Annotated/B22-265_0/01413.png,0
B22-265,/fhome/maed/HelicoDataSet/CrossValidation/Annotated/B22-265_0/01411.png,0
B22-223,/fhome/maed/HelicoDataSet/CrossValidation/Annotated/B22-223_0/00405.png,0
B22-223,/fhome/maed/HelicoDataSet/CrossValidation/Annotated/B22-223_0/00592.png,0
B22-223,/fhome/maed/HelicoDataSet/CrossValidation/Annotated/B22-223_0/00107.png,0
B22-223,/fhome/maed/HelicoDataSet/CrossValidation/Annotated/B22-223_0/00453.png,0
B22-195,/fhome/maed/HelicoDataSet/CrossValidation/Annotated/B22-195_0/01355.png,0
B22-195,/fhome/maed/HelicoDataSet/CrossValidation/Annotated/B22-195_0/01353.png,0
B22-70,/fhome/maed/HelicoDataSet/CrossValidation/Annotated/B22-70_0/00154_Aug8.png,1
B22-70,/fhome/maed/HelicoDataSet/CrossValidation/Annotated/B22-70_0/00042.png,0
B22-70,/fhome/maed/HelicoDataSet/CrossValidation/Annotated/B22-70_0/00154_Aug6.png,1
B22-70,/fhome/maed/HelicoDataSet/CrossValidation/Annotated/B22-70_0/00154_Aug7.png,1
B22-70,/fhome/maed/HelicoDataSet/CrossValidation/Annotated/B22-70_0/00154_Aug2.png,1
B22-70,/fhome/maed/HelicoDataSet/CrossValidation/Annotated/B22-70_0/00154_Aug3.png,1
B22-70,/fhome/maed/HelicoDataSet/CrossValidation/Annotated/B22-70_0/00154.png,1
B22-70,/fhome/maed/HelicoDataSet/CrossValidation/Annotated/B22-70_0/00154_Aug5.png,1
B22-70,/fhome/maed/HelicoDataSet/CrossValidation/Annotated/B22-70_0/00154_Aug1.png,1
B22-70,/fhome/maed/HelicoDataSet/CrossValidation/Annotated/B22-70_0/00038.png,0
B22-70,/fhome/maed/HelicoDataSet/CrossValidation/Annotated/B22-70_0/00154_Aug4.png,1
B22-37,/fhome/maed/HelicoDataSet/CrossValidation/Annotated/B22-37_0/00045_Aug2.png,1
B22-37,/fhome/maed/HelicoDataSet/CrossValidation/Annotated/B22-37_0/00045_Aug4.png,1
B22-37,/fhome/maed/HelicoDataSet/CrossValidation/Annotated/B22-37_0/00045_Aug8.png,1
B22-37,/fhome/maed/HelicoDataSet/CrossValidation/Annotated/B22-37_0/00272_Aug8.png,1
B22-37,/fhome/maed/HelicoDataSet/CrossValidation/Annotated/B22-37_0/00759.png,0
B22-37,/fhome/maed/HelicoDataSet/CrossValidation/Annotated/B22-37_0/00604.png,0
B22-37,/fhome/maed/HelicoDataSet/CrossValidation/Annotated/B22-37_0/00272_Aug4.png,1
B22-37,/fhome/maed/HelicoDataSet/CrossValidation/Annotated/B22-37_0/00045_Aug3.png,1
B22-37,/fhome/maed/HelicoDataSet/CrossValidation/Annotated/B22-37_0/00272.png,1
B22-37,/fhome/maed/HelicoDataSet/CrossValidation/Annotated/B22-37_0/00272_Aug6.png,1
B22-37,/fhome/maed/HelicoDataSet/CrossValidation/Annotated/B22-37_0/00919_Aug3.png,1
B22-37,/fhome/maed/HelicoDataSet/CrossValidation/Annotated/B22-37_0/00272_Aug5.png,1
B22-37,/fhome/maed/HelicoDataSet/CrossValidation/Annotated/B22-37_0/00919_Aug5.png,1
B22-37,/fhome/maed/HelicoDataSet/CrossValidation/Annotated/B22-37_0/00045_Aug7.png,1
B22-37,/fhome/maed/HelicoDataSet/CrossValidation/Annotated/B22-37_0/00045_Aug5.png,1
B22-37,/fhome/maed/HelicoDataSet/CrossValidation/Annotated/B22-37_0/00919_Aug1.png,1
B22-37,/fhome/maed/HelicoDataSet/CrossValidation/Annotated/B22-37_0/00919_Aug7.png,1
B22-37,/fhome/maed/HelicoDataSet/CrossValidation/Annotated/B22-37_0/00919.png,1
B22-37,/fhome/maed/HelicoDataSet/CrossValidation/Annotated/B22-37_0/00919_Aug2.png,1
B22-37,/fhome/maed/HelicoDataSet/CrossValidation/Annotated/B22-37_0/00045_Aug6.png,1
B22-37,/fhome/maed/HelicoDataSet/CrossValidation/Annotated/B22-37_0/00054.png,0
B22-37,/fhome/maed/HelicoDataSet/CrossValidation/Annotated/B22-37_0/00272_Aug7.png,1
B22-37,/fhome/maed/HelicoDataSet/CrossValidation/Annotated/B22-37_0/00045_Aug1.png,1
B22-37,/fhome/maed/HelicoDataSet/CrossValidation/Annotated/B22-37_0/00272_Aug1.png,1
B22-37,/fhome/maed/HelicoDataSet/CrossValidation/Annotated/B22-37_0/00045.png,1
B22-37,/fhome/maed/HelicoDataSet/CrossValidation/Annotated/B22-37_0/00919_Aug8.png,1
B22-37,/fhome/maed/HelicoDataSet/CrossValidation/Annotated/B22-37_0/00272_Aug2.png,1
B22-37,/fhome/maed/HelicoDataSet/CrossValidation/Annotated/B22-37_0/00919_Aug6.png,1
B22-37,/fhome/maed/HelicoDataSet/CrossValidation/Annotated/B22-37_0/00272_Aug3.png,1
B22-37,/fhome/maed/HelicoDataSet/CrossValidation/Annotated/B22-37_0/00919_Aug4.png,1
B22-107,/fhome/maed/HelicoDataSet/CrossValidation/Annotated/B22-107_1/00238.png,0
B22-107,/fhome/maed/HelicoDataSet/CrossValidation/Annotated/B22-107_1/00290.png,0
B22-107,/fhome/maed/HelicoDataSet/CrossValidation/Annotated/B22-107_1/00174.png,0
B22-107,/fhome/maed/HelicoDataSet/CrossValidation/Annotated/B22-107_1/00320.png,0
B22-107,/fhome/maed/HelicoDataSet/CrossValidation/Annotated/B22-107_1/00016.png,0
B22-171,/fhome/maed/HelicoDataSet/CrossValidation/Annotated/B22-171_0/01708.png,0
B22-171,/fhome/maed/HelicoDataSet/CrossValidation/Annotated/B22-171_0/01566.png,0
B22-171,/fhome/maed/HelicoDataSet/CrossValidation/Annotated/B22-171_0/02819.png,0
B22-171,/fhome/maed/HelicoDataSet/CrossValidation/Annotated/B22-171_0/01707.png,0
B22-219,/fhome/maed/HelicoDataSet/CrossValidation/Annotated/B22-219_0/00032_Aug5.png,1
B22-219,/fhome/maed/HelicoDataSet/CrossValidation/Annotated/B22-219_0/00032_Aug8.png,1
B22-219,/fhome/maed/HelicoDataSet/CrossValidation/Annotated/B22-219_0/00079.png,0
B22-219,/fhome/maed/HelicoDataSet/CrossValidation/Annotated/B22-219_0/00032_Aug2.png,1
B22-219,/fhome/maed/HelicoDataSet/CrossValidation/Annotated/B22-219_0/00032_Aug1.png,1
B22-219,/fhome/maed/HelicoDataSet/CrossValidation/Annotated/B22-219_0/00861.png,0
B22-219,/fhome/maed/HelicoDataSet/CrossValidation/Annotated/B22-219_0/00032_Aug6.png,1
B22-219,/fhome/maed/HelicoDataSet/CrossValidation/Annotated/B22-219_0/00032_Aug7.png,1
B22-219,/fhome/maed/HelicoDataSet/CrossValidation/Annotated/B22-219_0/00078.png,0
B22-219,/fhome/maed/HelicoDataSet/CrossValidation/Annotated/B22-219_0/00032_Aug3.png,1
B22-219,/fhome/maed/HelicoDataSet/CrossValidation/Annotated/B22-219_0/00032.png,1
B22-219,/fhome/maed/HelicoDataSet/CrossValidation/Annotated/B22-219_0/00032_Aug4.png,1
B22-260,/fhome/maed/HelicoDataSet/CrossValidation/Annotated/B22-260_0/00931.png,0
B22-260,/fhome/maed/HelicoDataSet/CrossValidation/Annotated/B22-260_0/01113.png,0
B22-250,/fhome/maed/HelicoDataSet/CrossValidation/Annotated/B22-250_0/01710.png,0
B22-250,/fhome/maed/HelicoDataSet/CrossValidation/Annotated/B22-250_0/02947.png,0
B22-250,/fhome/maed/HelicoDataSet/CrossValidation/Annotated/B22-250_0/02853.png,0
B22-250,/fhome/maed/HelicoDataSet/CrossValidation/Annotated/B22-250_0/01638.png,0
B22-250,/fhome/maed/HelicoDataSet/CrossValidation/Annotated/B22-250_0/02287.png,0
B22-250,/fhome/maed/HelicoDataSet/CrossValidation/Annotated/B22-250_0/02916.png,0
B22-250,/fhome/maed/HelicoDataSet/CrossValidation/Annotated/B22-250_0/02279.png,0
B22-250,/fhome/maed/HelicoDataSet/CrossValidation/Annotated/B22-250_0/02254.png,0
B22-250,/fhome/maed/HelicoDataSet/CrossValidation/Annotated/B22-250_0/01236.png,0
B22-250,/fhome/maed/HelicoDataSet/CrossValidation/Annotated/B22-250_0/02952.png,0
B22-250,/fhome/maed/HelicoDataSet/CrossValidation/Annotated/B22-250_0/01803.png,0
B22-250,/fhome/maed/HelicoDataSet/CrossValidation/Annotated/B22-250_0/02851.png,0
B22-250,/fhome/maed/HelicoDataSet/CrossValidation/Annotated/B22-250_0/02964.png,0
B22-250,/fhome/maed/HelicoDataSet/CrossValidation/Annotated/B22-250_0/02280.png,0
B22-250,/fhome/maed/HelicoDataSet/CrossValidation/Annotated/B22-250_0/01058.png,0
B22-250,/fhome/maed/HelicoDataSet/CrossValidation/Annotated/B22-250_0/01607.png,0
B22-250,/fhome/maed/HelicoDataSet/CrossValidation/Annotated/B22-250_0/01049.png,0
B22-250,/fhome/maed/HelicoDataSet/CrossValidation/Annotated/B22-250_0/01717.png,0
B22-250,/fhome/maed/HelicoDataSet/CrossValidation/Annotated/B22-250_0/01289.png,0
B22-250,/fhome/maed/HelicoDataSet/CrossValidation/Annotated/B22-250_0/02253.png,0
B22-250,/fhome/maed/HelicoDataSet/CrossValidation/Annotated/B22-250_0/02844.png,0
B22-250,/fhome/maed/HelicoDataSet/CrossValidation/Annotated/B22-250_0/02288.png,0
B22-250,/fhome/maed/HelicoDataSet/CrossValidation/Annotated/B22-250_0/02904.png,0
B22-250,/fhome/maed/HelicoDataSet/CrossValidation/Annotated/B22-250_0/01799.png,0
B22-250,/fhome/maed/HelicoDataSet/CrossValidation/Annotated/B22-250_0/02942.png,0
B22-250,/fhome/maed/HelicoDataSet/CrossValidation/Annotated/B22-250_0/02835.png,0
B22-250,/fhome/maed/HelicoDataSet/CrossValidation/Annotated/B22-250_0/01767.png,0
B22-250,/fhome/maed/HelicoDataSet/CrossValidation/Annotated/B22-250_0/01609.png,0
B22-250,/fhome/maed/HelicoDataSet/CrossValidation/Annotated/B22-250_0/01427.png,0
B22-250,/fhome/maed/HelicoDataSet/CrossValidation/Annotated/B22-250_0/01610.png,0
B22-250,/fhome/maed/HelicoDataSet/CrossValidation/Annotated/B22-250_0/02926.png,0
B22-250,/fhome/maed/HelicoDataSet/CrossValidation/Annotated/B22-250_0/02892.png,0
B22-250,/fhome/maed/HelicoDataSet/CrossValidation/Annotated/B22-250_0/02848.png,0
B22-250,/fhome/maed/HelicoDataSet/CrossValidation/Annotated/B22-250_0/01231.png,0
B22-250,/fhome/maed/HelicoDataSet/CrossValidation/Annotated/B22-250_0/02260.png,0
B22-250,/fhome/maed/HelicoDataSet/CrossValidation/Annotated/B22-250_0/02849.png,0
B22-250,/fhome/maed/HelicoDataSet/CrossValidation/Annotated/B22-250_0/01401.png,0
B22-250,/fhome/maed/HelicoDataSet/CrossValidation/Annotated/B22-250_0/01125.png,0
B22-250,/fhome/maed/HelicoDataSet/CrossValidation/Annotated/B22-250_0/01760.png,0
B22-250,/fhome/maed/HelicoDataSet/CrossValidation/Annotated/B22-250_0/02854.png,0
B22-250,/fhome/maed/HelicoDataSet/CrossValidation/Annotated/B22-250_0/01800.png,0
B22-250,/fhome/maed/HelicoDataSet/CrossValidation/Annotated/B22-250_0/02915.png,0
B22-250,/fhome/maed/HelicoDataSet/CrossValidation/Annotated/B22-250_0/02830.png,0
B22-250,/fhome/maed/HelicoDataSet/CrossValidation/Annotated/B22-250_0/01046.png,0
B22-250,/fhome/maed/HelicoDataSet/CrossValidation/Annotated/B22-250_0/01771.png,0
B22-250,/fhome/maed/HelicoDataSet/CrossValidation/Annotated/B22-250_0/02941.png,0
B22-250,/fhome/maed/HelicoDataSet/CrossValidation/Annotated/B22-250_0/01633.png,0
B22-250,/fhome/maed/HelicoDataSet/CrossValidation/Annotated/B22-250_0/01050.png,0
B22-250,/fhome/maed/HelicoDataSet/CrossValidation/Annotated/B22-250_0/01613.png,0
B22-250,/fhome/maed/HelicoDataSet/CrossValidation/Annotated/B22-250_0/01281.png,0
B22-250,/fhome/maed/HelicoDataSet/CrossValidation/Annotated/B22-250_0/01406.png,0
B22-250,/fhome/maed/HelicoDataSet/CrossValidation/Annotated/B22-250_0/02908.png,0
B22-250,/fhome/maed/HelicoDataSet/CrossValidation/Annotated/B22-250_0/01238.png,0
B22-250,/fhome/maed/HelicoDataSet/CrossValidation/Annotated/B22-250_0/01772.png,0
B22-250,/fhome/maed/HelicoDataSet/CrossValidation/Annotated/B22-250_0/02303.png,0
B22-250,/fhome/maed/HelicoDataSet/CrossValidation/Annotated/B22-250_0/01232.png,0
B22-250,/fhome/maed/HelicoDataSet/CrossValidation/Annotated/B22-250_0/02850.png,0
B22-250,/fhome/maed/HelicoDataSet/CrossValidation/Annotated/B22-250_0/01632.png,0
B22-250,/fhome/maed/HelicoDataSet/CrossValidation/Annotated/B22-250_0/02928.png,0
B22-250,/fhome/maed/HelicoDataSet/CrossValidation/Annotated/B22-250_0/01798.png,0
B22-250,/fhome/maed/HelicoDataSet/CrossValidation/Annotated/B22-250_0/02874.png,0
B22-250,/fhome/maed/HelicoDataSet/CrossValidation/Annotated/B22-250_0/02914.png,0
B22-250,/fhome/maed/HelicoDataSet/CrossValidation/Annotated/B22-250_0/01112.png,0
B22-250,/fhome/maed/HelicoDataSet/CrossValidation/Annotated/B22-250_0/01454.png,0
B22-250,/fhome/maed/HelicoDataSet/CrossValidation/Annotated/B22-250_0/02842.png,0
B22-250,/fhome/maed/HelicoDataSet/CrossValidation/Annotated/B22-250_0/02257.png,0
B22-250,/fhome/maed/HelicoDataSet/CrossValidation/Annotated/B22-250_0/01773.png,0
B22-250,/fhome/maed/HelicoDataSet/CrossValidation/Annotated/B22-250_0/02839.png,0
B22-250,/fhome/maed/HelicoDataSet/CrossValidation/Annotated/B22-250_0/02883.png,0
B22-250,/fhome/maed/HelicoDataSet/CrossValidation/Annotated/B22-250_0/01723.png,0
B22-250,/fhome/maed/HelicoDataSet/CrossValidation/Annotated/B22-250_0/01611.png,0
B22-250,/fhome/maed/HelicoDataSet/CrossValidation/Annotated/B22-250_0/01057.png,0
B22-250,/fhome/maed/HelicoDataSet/CrossValidation/Annotated/B22-250_0/01425.png,0
B22-250,/fhome/maed/HelicoDataSet/CrossValidation/Annotated/B22-250_0/01779.png,0
B22-250,/fhome/maed/HelicoDataSet/CrossValidation/Annotated/B22-250_0/01748.png,0
B22-250,/fhome/maed/HelicoDataSet/CrossValidation/Annotated/B22-250_0/01721.png,0
B22-250,/fhome/maed/HelicoDataSet/CrossValidation/Annotated/B22-250_0/02906.png,0
B22-250,/fhome/maed/HelicoDataSet/CrossValidation/Annotated/B22-250_0/01635.png,0
B22-250,/fhome/maed/HelicoDataSet/CrossValidation/Annotated/B22-250_0/01449.png,0
B22-250,/fhome/maed/HelicoDataSet/CrossValidation/Annotated/B22-250_0/01116.png,0
B22-250,/fhome/maed/HelicoDataSet/CrossValidation/Annotated/B22-250_0/02958.png,0
B22-250,/fhome/maed/HelicoDataSet/CrossValidation/Annotated/B22-250_0/01283.png,0
B22-250,/fhome/maed/HelicoDataSet/CrossValidation/Annotated/B22-250_0/02950.png,0
B22-250,/fhome/maed/HelicoDataSet/CrossValidation/Annotated/B22-250_0/01807.png,0
B22-250,/fhome/maed/HelicoDataSet/CrossValidation/Annotated/B22-250_0/02295.png,0
B22-250,/fhome/maed/HelicoDataSet/CrossValidation/Annotated/B22-250_0/02278.png,0
B22-250,/fhome/maed/HelicoDataSet/CrossValidation/Annotated/B22-250_0/01709.png,0
B22-250,/fhome/maed/HelicoDataSet/CrossValidation/Annotated/B22-250_0/02923.png,0
B22-250,/fhome/maed/HelicoDataSet/CrossValidation/Annotated/B22-250_0/02953.png,0
B22-250,/fhome/maed/HelicoDataSet/CrossValidation/Annotated/B22-250_0/01712.png,0
B22-250,/fhome/maed/HelicoDataSet/CrossValidation/Annotated/B22-250_0/01278.png,0
B22-250,/fhome/maed/HelicoDataSet/CrossValidation/Annotated/B22-250_0/01277.png,0
B22-250,/fhome/maed/HelicoDataSet/CrossValidation/Annotated/B22-250_0/01749.png,0
B22-250,/fhome/maed/HelicoDataSet/CrossValidation/Annotated/B22-250_0/01722.png,0
B22-250,/fhome/maed/HelicoDataSet/CrossValidation/Annotated/B22-250_0/01614.png,0
B22-250,/fhome/maed/HelicoDataSet/CrossValidation/Annotated/B22-250_0/01601.png,0
B22-250,/fhome/maed/HelicoDataSet/CrossValidation/Annotated/B22-250_0/01602.png,0
B22-250,/fhome/maed/HelicoDataSet/CrossValidation/Annotated/B22-250_0/02264.png,0
B22-250,/fhome/maed/HelicoDataSet/CrossValidation/Annotated/B22-250_0/01755.png,0
B22-250,/fhome/maed/HelicoDataSet/CrossValidation/Annotated/B22-250_0/01806.png,0
B22-250,/fhome/maed/HelicoDataSet/CrossValidation/Annotated/B22-250_0/01802.png,0
B22-250,/fhome/maed/HelicoDataSet/CrossValidation/Annotated/B22-250_0/01048.png,0
B22-250,/fhome/maed/HelicoDataSet/CrossValidation/Annotated/B22-250_0/01603.png,0
B22-250,/fhome/maed/HelicoDataSet/CrossValidation/Annotated/B22-250_0/02900.png,0
B22-250,/fhome/maed/HelicoDataSet/CrossValidation/Annotated/B22-250_0/01751.png,0
B22-250,/fhome/maed/HelicoDataSet/CrossValidation/Annotated/B22-250_0/01276.png,0
B22-250,/fhome/maed/HelicoDataSet/CrossValidation/Annotated/B22-250_0/02891.png,0
B22-250,/fhome/maed/HelicoDataSet/CrossValidation/Annotated/B22-250_0/01126.png,0
B22-250,/fhome/maed/HelicoDataSet/CrossValidation/Annotated/B22-250_0/02887.png,0
B22-250,/fhome/maed/HelicoDataSet/CrossValidation/Annotated/B22-250_0/02855.png,0
B22-250,/fhome/maed/HelicoDataSet/CrossValidation/Annotated/B22-250_0/02282.png,0
B22-250,/fhome/maed/HelicoDataSet/CrossValidation/Annotated/B22-250_0/02838.png,0
B22-250,/fhome/maed/HelicoDataSet/CrossValidation/Annotated/B22-250_0/01280.png,0
B22-250,/fhome/maed/HelicoDataSet/CrossValidation/Annotated/B22-250_0/02828.png,0
B22-250,/fhome/maed/HelicoDataSet/CrossValidation/Annotated/B22-250_0/01026.png,0
B22-250,/fhome/maed/HelicoDataSet/CrossValidation/Annotated/B22-250_0/01052.png,0
B22-250,/fhome/maed/HelicoDataSet/CrossValidation/Annotated/B22-250_0/02277.png,0
B22-250,/fhome/maed/HelicoDataSet/CrossValidation/Annotated/B22-250_0/02836.png,0
B22-250,/fhome/maed/HelicoDataSet/CrossValidation/Annotated/B22-250_0/01447.png,0
B22-250,/fhome/maed/HelicoDataSet/CrossValidation/Annotated/B22-250_0/01808.png,0
B22-250,/fhome/maed/HelicoDataSet/CrossValidation/Annotated/B22-250_0/01114.png,0
B22-250,/fhome/maed/HelicoDataSet/CrossValidation/Annotated/B22-250_0/01629.png,0
B22-250,/fhome/maed/HelicoDataSet/CrossValidation/Annotated/B22-250_0/01451.png,0
B22-250,/fhome/maed/HelicoDataSet/CrossValidation/Annotated/B22-250_0/02286.png,0
B22-250,/fhome/maed/HelicoDataSet/CrossValidation/Annotated/B22-250_0/02912.png,0
B22-250,/fhome/maed/HelicoDataSet/CrossValidation/Annotated/B22-250_0/01777.png,0
B22-250,/fhome/maed/HelicoDataSet/CrossValidation/Annotated/B22-250_0/01027.png,0
B22-250,/fhome/maed/HelicoDataSet/CrossValidation/Annotated/B22-250_0/01120.png,0
B22-250,/fhome/maed/HelicoDataSet/CrossValidation/Annotated/B22-250_0/02774.png,0
B22-250,/fhome/maed/HelicoDataSet/CrossValidation/Annotated/B22-250_0/02965.png,0
B22-250,/fhome/maed/HelicoDataSet/CrossValidation/Annotated/B22-250_0/01282.png,0
B22-250,/fhome/maed/HelicoDataSet/CrossValidation/Annotated/B22-250_0/01446.png,0
B22-250,/fhome/maed/HelicoDataSet/CrossValidation/Annotated/B22-250_0/01810.png,0
B22-250,/fhome/maed/HelicoDataSet/CrossValidation/Annotated/B22-250_0/02841.png,0
B22-250,/fhome/maed/HelicoDataSet/CrossValidation/Annotated/B22-250_0/01405.png,0
B22-250,/fhome/maed/HelicoDataSet/CrossValidation/Annotated/B22-250_0/02956.png,0
B22-250,/fhome/maed/HelicoDataSet/CrossValidation/Annotated/B22-250_0/02884.png,0
B22-250,/fhome/maed/HelicoDataSet/CrossValidation/Annotated/B22-250_0/02897.png,0
B22-250,/fhome/maed/HelicoDataSet/CrossValidation/Annotated/B22-250_0/01054.png,0
B22-250,/fhome/maed/HelicoDataSet/CrossValidation/Annotated/B22-250_0/02305.png,0
B22-250,/fhome/maed/HelicoDataSet/CrossValidation/Annotated/B22-250_0/02902.png,0
B22-250,/fhome/maed/HelicoDataSet/CrossValidation/Annotated/B22-250_0/01113.png,0
B22-250,/fhome/maed/HelicoDataSet/CrossValidation/Annotated/B22-250_0/02306.png,0
B22-250,/fhome/maed/HelicoDataSet/CrossValidation/Annotated/B22-250_0/01117.png,0
B22-250,/fhome/maed/HelicoDataSet/CrossValidation/Annotated/B22-250_0/02307.png,0
B22-250,/fhome/maed/HelicoDataSet/CrossValidation/Annotated/B22-250_0/02885.png,0
B22-250,/fhome/maed/HelicoDataSet/CrossValidation/Annotated/B22-250_0/01400.png,0
B22-250,/fhome/maed/HelicoDataSet/CrossValidation/Annotated/B22-250_0/01288.png,0
B22-250,/fhome/maed/HelicoDataSet/CrossValidation/Annotated/B22-250_0/02296.png,0
B22-250,/fhome/maed/HelicoDataSet/CrossValidation/Annotated/B22-250_0/02829.png,0
B22-250,/fhome/maed/HelicoDataSet/CrossValidation/Annotated/B22-250_0/01402.png,0
B22-250,/fhome/maed/HelicoDataSet/CrossValidation/Annotated/B22-250_0/01714.png,0
B22-250,/fhome/maed/HelicoDataSet/CrossValidation/Annotated/B22-250_0/01801.png,0
B22-250,/fhome/maed/HelicoDataSet/CrossValidation/Annotated/B22-250_0/02880.png,0
B22-250,/fhome/maed/HelicoDataSet/CrossValidation/Annotated/B22-250_0/02875.png,0
B22-250,/fhome/maed/HelicoDataSet/CrossValidation/Annotated/B22-250_0/02899.png,0
B22-250,/fhome/maed/HelicoDataSet/CrossValidation/Annotated/B22-250_0/02309.png,0
B22-250,/fhome/maed/HelicoDataSet/CrossValidation/Annotated/B22-250_0/02896.png,0
B22-250,/fhome/maed/HelicoDataSet/CrossValidation/Annotated/B22-250_0/02304.png,0
B22-250,/fhome/maed/HelicoDataSet/CrossValidation/Annotated/B22-250_0/01407.png,0
B22-250,/fhome/maed/HelicoDataSet/CrossValidation/Annotated/B22-250_0/02907.png,0
B22-250,/fhome/maed/HelicoDataSet/CrossValidation/Annotated/B22-250_0/02281.png,0
B22-250,/fhome/maed/HelicoDataSet/CrossValidation/Annotated/B22-250_0/02955.png,0
B22-250,/fhome/maed/HelicoDataSet/CrossValidation/Annotated/B22-250_0/02960.png,0
B22-250,/fhome/maed/HelicoDataSet/CrossValidation/Annotated/B22-250_0/02910.png,0
B22-250,/fhome/maed/HelicoDataSet/CrossValidation/Annotated/B22-250_0/01747.png,0
B22-250,/fhome/maed/HelicoDataSet/CrossValidation/Annotated/B22-250_0/02922.png,0
B22-250,/fhome/maed/HelicoDataSet/CrossValidation/Annotated/B22-250_0/01711.png,0
B22-250,/fhome/maed/HelicoDataSet/CrossValidation/Annotated/B22-250_0/02292.png,0
B22-250,/fhome/maed/HelicoDataSet/CrossValidation/Annotated/B22-250_0/02873.png,0
B22-250,/fhome/maed/HelicoDataSet/CrossValidation/Annotated/B22-250_0/02889.png,0
B22-250,/fhome/maed/HelicoDataSet/CrossValidation/Annotated/B22-250_0/02294.png,0
B22-250,/fhome/maed/HelicoDataSet/CrossValidation/Annotated/B22-250_0/02831.png,0
B22-250,/fhome/maed/HelicoDataSet/CrossValidation/Annotated/B22-250_0/01797.png,0
B22-250,/fhome/maed/HelicoDataSet/CrossValidation/Annotated/B22-250_0/02308.png,0
B22-250,/fhome/maed/HelicoDataSet/CrossValidation/Annotated/B22-250_0/02888.png,0
B22-250,/fhome/maed/HelicoDataSet/CrossValidation/Annotated/B22-250_0/02856.png,0
B22-250,/fhome/maed/HelicoDataSet/CrossValidation/Annotated/B22-250_0/01452.png,0
B22-250,/fhome/maed/HelicoDataSet/CrossValidation/Annotated/B22-250_0/02291.png,0
B22-250,/fhome/maed/HelicoDataSet/CrossValidation/Annotated/B22-250_0/02298.png,0
B22-250,/fhome/maed/HelicoDataSet/CrossValidation/Annotated/B22-250_0/01608.png,0
B22-250,/fhome/maed/HelicoDataSet/CrossValidation/Annotated/B22-250_0/02944.png,0
B22-250,/fhome/maed/HelicoDataSet/CrossValidation/Annotated/B22-250_0/01279.png,0
B22-250,/fhome/maed/HelicoDataSet/CrossValidation/Annotated/B22-250_0/01123.png,0
B22-250,/fhome/maed/HelicoDataSet/CrossValidation/Annotated/B22-250_0/02957.png,0
B22-250,/fhome/maed/HelicoDataSet/CrossValidation/Annotated/B22-250_0/02909.png,0
B22-250,/fhome/maed/HelicoDataSet/CrossValidation/Annotated/B22-250_0/01605.png,0
B22-250,/fhome/maed/HelicoDataSet/CrossValidation/Annotated/B22-250_0/01757.png,0
B22-250,/fhome/maed/HelicoDataSet/CrossValidation/Annotated/B22-250_0/02847.png,0
B22-250,/fhome/maed/HelicoDataSet/CrossValidation/Annotated/B22-250_0/01724.png,0
B22-250,/fhome/maed/HelicoDataSet/CrossValidation/Annotated/B22-250_0/01429.png,0
B22-250,/fhome/maed/HelicoDataSet/CrossValidation/Annotated/B22-250_0/02255.png,0
B22-250,/fhome/maed/HelicoDataSet/CrossValidation/Annotated/B22-250_0/02869.png,0
B22-250,/fhome/maed/HelicoDataSet/CrossValidation/Annotated/B22-250_0/01640.png,0
B22-250,/fhome/maed/HelicoDataSet/CrossValidation/Annotated/B22-250_0/01047.png,0
B22-250,/fhome/maed/HelicoDataSet/CrossValidation/Annotated/B22-250_0/02846.png,0
B22-250,/fhome/maed/HelicoDataSet/CrossValidation/Annotated/B22-250_0/02917.png,0
B22-250,/fhome/maed/HelicoDataSet/CrossValidation/Annotated/B22-250_0/02925.png,0
B22-250,/fhome/maed/HelicoDataSet/CrossValidation/Annotated/B22-250_0/02852.png,0
B22-250,/fhome/maed/HelicoDataSet/CrossValidation/Annotated/B22-250_0/02954.png,0
B22-250,/fhome/maed/HelicoDataSet/CrossValidation/Annotated/B22-250_0/01756.png,0
B22-250,/fhome/maed/HelicoDataSet/CrossValidation/Annotated/B22-250_0/01450.png,0
B22-250,/fhome/maed/HelicoDataSet/CrossValidation/Annotated/B22-250_0/01745.png,0
B22-250,/fhome/maed/HelicoDataSet/CrossValidation/Annotated/B22-250_0/01600.png,0
B22-250,/fhome/maed/HelicoDataSet/CrossValidation/Annotated/B22-250_0/02299.png,0
B22-250,/fhome/maed/HelicoDataSet/CrossValidation/Annotated/B22-250_0/02894.png,0
B22-250,/fhome/maed/HelicoDataSet/CrossValidation/Annotated/B22-250_0/01235.png,0
B22-250,/fhome/maed/HelicoDataSet/CrossValidation/Annotated/B22-250_0/02901.png,0
B22-250,/fhome/maed/HelicoDataSet/CrossValidation/Annotated/B22-250_0/01805.png,0
B22-250,/fhome/maed/HelicoDataSet/CrossValidation/Annotated/B22-250_0/02876.png,0
B22-250,/fhome/maed/HelicoDataSet/CrossValidation/Annotated/B22-250_0/01122.png,0
B22-250,/fhome/maed/HelicoDataSet/CrossValidation/Annotated/B22-250_0/02289.png,0
B22-250,/fhome/maed/HelicoDataSet/CrossValidation/Annotated/B22-250_0/01766.png,0
B22-250,/fhome/maed/HelicoDataSet/CrossValidation/Annotated/B22-250_0/01634.png,0
B22-250,/fhome/maed/HelicoDataSet/CrossValidation/Annotated/B22-250_0/02920.png,0
B22-250,/fhome/maed/HelicoDataSet/CrossValidation/Annotated/B22-250_0/01055.png,0
B22-250,/fhome/maed/HelicoDataSet/CrossValidation/Annotated/B22-250_0/01241.png,0
B22-250,/fhome/maed/HelicoDataSet/CrossValidation/Annotated/B22-250_0/02262.png,0
B22-250,/fhome/maed/HelicoDataSet/CrossValidation/Annotated/B22-250_0/01627.png,0
B22-250,/fhome/maed/HelicoDataSet/CrossValidation/Annotated/B22-250_0/01240.png,0
B22-250,/fhome/maed/HelicoDataSet/CrossValidation/Annotated/B22-250_0/01716.png,0
B22-250,/fhome/maed/HelicoDataSet/CrossValidation/Annotated/B22-250_0/02918.png,0
B22-250,/fhome/maed/HelicoDataSet/CrossValidation/Annotated/B22-250_0/02843.png,0
B22-250,/fhome/maed/HelicoDataSet/CrossValidation/Annotated/B22-250_0/01119.png,0
B22-250,/fhome/maed/HelicoDataSet/CrossValidation/Annotated/B22-250_0/01426.png,0
B22-250,/fhome/maed/HelicoDataSet/CrossValidation/Annotated/B22-250_0/02927.png,0
B22-250,/fhome/maed/HelicoDataSet/CrossValidation/Annotated/B22-250_0/02845.png,0
B22-250,/fhome/maed/HelicoDataSet/CrossValidation/Annotated/B22-250_0/01713.png,0
B22-250,/fhome/maed/HelicoDataSet/CrossValidation/Annotated/B22-250_0/01275.png,0
B22-250,/fhome/maed/HelicoDataSet/CrossValidation/Annotated/B22-250_0/01115.png,0
B22-250,/fhome/maed/HelicoDataSet/CrossValidation/Annotated/B22-250_0/01637.png,0
B22-250,/fhome/maed/HelicoDataSet/CrossValidation/Annotated/B22-250_0/01615.png,0
B22-250,/fhome/maed/HelicoDataSet/CrossValidation/Annotated/B22-250_0/02945.png,0
B22-250,/fhome/maed/HelicoDataSet/CrossValidation/Annotated/B22-250_0/01124.png,0
B22-250,/fhome/maed/HelicoDataSet/CrossValidation/Annotated/B22-250_0/02961.png,0
B22-250,/fhome/maed/HelicoDataSet/CrossValidation/Annotated/B22-250_0/02261.png,0
B22-250,/fhome/maed/HelicoDataSet/CrossValidation/Annotated/B22-250_0/01233.png,0
B22-250,/fhome/maed/HelicoDataSet/CrossValidation/Annotated/B22-250_0/01630.png,0
B22-250,/fhome/maed/HelicoDataSet/CrossValidation/Annotated/B22-250_0/02837.png,0
B22-250,/fhome/maed/HelicoDataSet/CrossValidation/Annotated/B22-250_0/02895.png,0
B22-250,/fhome/maed/HelicoDataSet/CrossValidation/Annotated/B22-250_0/02921.png,0
B22-250,/fhome/maed/HelicoDataSet/CrossValidation/Annotated/B22-250_0/02871.png,0
B22-250,/fhome/maed/HelicoDataSet/CrossValidation/Annotated/B22-250_0/01770.png,0
B22-250,/fhome/maed/HelicoDataSet/CrossValidation/Annotated/B22-250_0/01056.png,0
B22-250,/fhome/maed/HelicoDataSet/CrossValidation/Annotated/B22-250_0/01455.png,0
B22-250,/fhome/maed/HelicoDataSet/CrossValidation/Annotated/B22-250_0/02872.png,0
B22-250,/fhome/maed/HelicoDataSet/CrossValidation/Annotated/B22-250_0/02890.png,0
B22-250,/fhome/maed/HelicoDataSet/CrossValidation/Annotated/B22-250_0/02905.png,0
B22-250,/fhome/maed/HelicoDataSet/CrossValidation/Annotated/B22-250_0/01040.png,0
B22-250,/fhome/maed/HelicoDataSet/CrossValidation/Annotated/B22-250_0/02258.png,0
B22-250,/fhome/maed/HelicoDataSet/CrossValidation/Annotated/B22-250_0/02290.png,0
B22-250,/fhome/maed/HelicoDataSet/CrossValidation/Annotated/B22-250_0/01715.png,0
B22-250,/fhome/maed/HelicoDataSet/CrossValidation/Annotated/B22-250_0/02877.png,0
B22-250,/fhome/maed/HelicoDataSet/CrossValidation/Annotated/B22-250_0/01604.png,0
B22-250,/fhome/maed/HelicoDataSet/CrossValidation/Annotated/B22-250_0/02297.png,0
B22-250,/fhome/maed/HelicoDataSet/CrossValidation/Annotated/B22-250_0/01809.png,0
B22-250,/fhome/maed/HelicoDataSet/CrossValidation/Annotated/B22-250_0/01775.png,0
B22-250,/fhome/maed/HelicoDataSet/CrossValidation/Annotated/B22-250_0/01718.png,0
B22-250,/fhome/maed/HelicoDataSet/CrossValidation/Annotated/B22-250_0/02259.png,0
B22-250,/fhome/maed/HelicoDataSet/CrossValidation/Annotated/B22-250_0/02924.png,0
B22-250,/fhome/maed/HelicoDataSet/CrossValidation/Annotated/B22-250_0/01424.png,0
B22-250,/fhome/maed/HelicoDataSet/CrossValidation/Annotated/B22-250_0/01776.png,0
B22-250,/fhome/maed/HelicoDataSet/CrossValidation/Annotated/B22-250_0/02283.png,0
B22-250,/fhome/maed/HelicoDataSet/CrossValidation/Annotated/B22-250_0/02881.png,0
B22-250,/fhome/maed/HelicoDataSet/CrossValidation/Annotated/B22-250_0/01639.png,0
B22-250,/fhome/maed/HelicoDataSet/CrossValidation/Annotated/B22-250_0/02966.png,0
B22-250,/fhome/maed/HelicoDataSet/CrossValidation/Annotated/B22-250_0/02949.png,0
B22-250,/fhome/maed/HelicoDataSet/CrossValidation/Annotated/B22-250_0/01039.png,0
B22-250,/fhome/maed/HelicoDataSet/CrossValidation/Annotated/B22-250_0/01285.png,0
B22-250,/fhome/maed/HelicoDataSet/CrossValidation/Annotated/B22-250_0/02870.png,0
B22-250,/fhome/maed/HelicoDataSet/CrossValidation/Annotated/B22-250_0/01286.png,0
B22-250,/fhome/maed/HelicoDataSet/CrossValidation/Annotated/B22-250_0/01720.png,0
B22-250,/fhome/maed/HelicoDataSet/CrossValidation/Annotated/B22-250_0/01762.png,0
B22-250,/fhome/maed/HelicoDataSet/CrossValidation/Annotated/B22-250_0/02943.png,0
B22-250,/fhome/maed/HelicoDataSet/CrossValidation/Annotated/B22-250_0/02263.png,0
B22-250,/fhome/maed/HelicoDataSet/CrossValidation/Annotated/B22-250_0/01453.png,0
B22-250,/fhome/maed/HelicoDataSet/CrossValidation/Annotated/B22-250_0/02913.png,0
B22-250,/fhome/maed/HelicoDataSet/CrossValidation/Annotated/B22-250_0/01284.png,0
B22-250,/fhome/maed/HelicoDataSet/CrossValidation/Annotated/B22-250_0/01448.png,0
B22-250,/fhome/maed/HelicoDataSet/CrossValidation/Annotated/B22-250_0/02898.png,0
B22-250,/fhome/maed/HelicoDataSet/CrossValidation/Annotated/B22-250_0/01612.png,0
B22-250,/fhome/maed/HelicoDataSet/CrossValidation/Annotated/B22-250_0/01631.png,0
B22-250,/fhome/maed/HelicoDataSet/CrossValidation/Annotated/B22-250_0/01399.png,0
B22-250,/fhome/maed/HelicoDataSet/CrossValidation/Annotated/B22-250_0/02946.png,0
B22-250,/fhome/maed/HelicoDataSet/CrossValidation/Annotated/B22-250_0/01239.png,0
B22-250,/fhome/maed/HelicoDataSet/CrossValidation/Annotated/B22-250_0/01754.png,0
B22-250,/fhome/maed/HelicoDataSet/CrossValidation/Annotated/B22-250_0/01111.png,0
B22-250,/fhome/maed/HelicoDataSet/CrossValidation/Annotated/B22-250_0/01761.png,0
B22-250,/fhome/maed/HelicoDataSet/CrossValidation/Annotated/B22-250_0/01744.png,0
B22-250,/fhome/maed/HelicoDataSet/CrossValidation/Annotated/B22-250_0/01750.png,0
B22-250,/fhome/maed/HelicoDataSet/CrossValidation/Annotated/B22-250_0/01237.png,0
B22-250,/fhome/maed/HelicoDataSet/CrossValidation/Annotated/B22-250_0/01127.png,0
B22-250,/fhome/maed/HelicoDataSet/CrossValidation/Annotated/B22-250_0/01051.png,0
B22-250,/fhome/maed/HelicoDataSet/CrossValidation/Annotated/B22-250_0/01768.png,0
B22-250,/fhome/maed/HelicoDataSet/CrossValidation/Annotated/B22-250_0/02879.png,0
B22-250,/fhome/maed/HelicoDataSet/CrossValidation/Annotated/B22-250_0/01626.png,0
B22-250,/fhome/maed/HelicoDataSet/CrossValidation/Annotated/B22-250_0/01774.png,0
B22-250,/fhome/maed/HelicoDataSet/CrossValidation/Annotated/B22-250_0/02959.png,0
B22-250,/fhome/maed/HelicoDataSet/CrossValidation/Annotated/B22-250_0/01769.png,0
B22-250,/fhome/maed/HelicoDataSet/CrossValidation/Annotated/B22-250_0/02878.png,0
B22-250,/fhome/maed/HelicoDataSet/CrossValidation/Annotated/B22-250_0/01234.png,0
B22-250,/fhome/maed/HelicoDataSet/CrossValidation/Annotated/B22-250_0/02840.png,0
B22-250,/fhome/maed/HelicoDataSet/CrossValidation/Annotated/B22-250_0/02256.png,0
B22-250,/fhome/maed/HelicoDataSet/CrossValidation/Annotated/B22-250_0/01212.png,0
B22-250,/fhome/maed/HelicoDataSet/CrossValidation/Annotated/B22-250_0/01719.png,0
B22-250,/fhome/maed/HelicoDataSet/CrossValidation/Annotated/B22-250_0/01804.png,0
B22-250,/fhome/maed/HelicoDataSet/CrossValidation/Annotated/B22-250_0/01759.png,0
B22-250,/fhome/maed/HelicoDataSet/CrossValidation/Annotated/B22-250_0/02758.png,0
B22-250,/fhome/maed/HelicoDataSet/CrossValidation/Annotated/B22-250_0/01641.png,0
B22-250,/fhome/maed/HelicoDataSet/CrossValidation/Annotated/B22-250_0/02919.png,0
B22-250,/fhome/maed/HelicoDataSet/CrossValidation/Annotated/B22-250_0/01053.png,0
B22-250,/fhome/maed/HelicoDataSet/CrossValidation/Annotated/B22-250_0/02284.png,0
B22-250,/fhome/maed/HelicoDataSet/CrossValidation/Annotated/B22-250_0/01636.png,0
B22-250,/fhome/maed/HelicoDataSet/CrossValidation/Annotated/B22-250_0/02293.png,0
B22-250,/fhome/maed/HelicoDataSet/CrossValidation/Annotated/B22-250_0/02951.png,0
B22-250,/fhome/maed/HelicoDataSet/CrossValidation/Annotated/B22-250_0/01038.png,0
B22-250,/fhome/maed/HelicoDataSet/CrossValidation/Annotated/B22-250_0/01118.png,0
B22-250,/fhome/maed/HelicoDataSet/CrossValidation/Annotated/B22-250_0/01778.png,0
B22-250,/fhome/maed/HelicoDataSet/CrossValidation/Annotated/B22-250_0/01606.png,0
B22-250,/fhome/maed/HelicoDataSet/CrossValidation/Annotated/B22-250_0/01428.png,0
B22-250,/fhome/maed/HelicoDataSet/CrossValidation/Annotated/B22-250_0/01628.png,0
B22-250,/fhome/maed/HelicoDataSet/CrossValidation/Annotated/B22-250_0/02285.png,0
B22-250,/fhome/maed/HelicoDataSet/CrossValidation/Annotated/B22-250_0/02265.png,0
B22-250,/fhome/maed/HelicoDataSet/CrossValidation/Annotated/B22-250_0/02911.png,0
B22-250,/fhome/maed/HelicoDataSet/CrossValidation/Annotated/B22-250_0/01398.png,0
B22-250,/fhome/maed/HelicoDataSet/CrossValidation/Annotated/B22-250_0/01742.png,0
B22-250,/fhome/maed/HelicoDataSet/CrossValidation/Annotated/B22-250_0/02948.png,0
B22-250,/fhome/maed/HelicoDataSet/CrossValidation/Annotated/B22-250_0/01765.png,0
B22-250,/fhome/maed/HelicoDataSet/CrossValidation/Annotated/B22-250_0/01121.png,0
B22-250,/fhome/maed/HelicoDataSet/CrossValidation/Annotated/B22-250_0/01752.png,0
