CODI,PATH,PRESENCE,ERROR
B22-270,/fhome/maed/HelicoDataSet/CrossValidation/Annotated/B22-270_0/01134.png,0,0.02026817388832569
B22-270,/fhome/maed/HelicoDataSet/CrossValidation/Annotated/B22-270_0/01133.png,0,0.03648419678211212
B22-47,/fhome/maed/HelicoDataSet/CrossValidation/Annotated/B22-47_0/01236.png,0,0.04800410196185112
B22-47,/fhome/maed/HelicoDataSet/CrossValidation/Annotated/B22-47_0/00285.png,0,0.278931587934494
B22-47,/fhome/maed/HelicoDataSet/CrossValidation/Annotated/B22-47_0/01549.png,0,0.18077002465724945
B22-47,/fhome/maed/HelicoDataSet/CrossValidation/Annotated/B22-47_0/01092.png,0,0.4134879410266876
B22-47,/fhome/maed/HelicoDataSet/CrossValidation/Annotated/B22-47_0/01653_Aug8.png,1,0.4950940012931824
B22-47,/fhome/maed/HelicoDataSet/CrossValidation/Annotated/B22-47_0/01653_Aug6.png,1,0.4892130196094513
B22-47,/fhome/maed/HelicoDataSet/CrossValidation/Annotated/B22-47_0/01371.png,0,0.09858907014131546
B22-47,/fhome/maed/HelicoDataSet/CrossValidation/Annotated/B22-47_0/01653.png,1,0.4703945517539978
B22-47,/fhome/maed/HelicoDataSet/CrossValidation/Annotated/B22-47_0/01539.png,0,0.4443601965904236
B22-47,/fhome/maed/HelicoDataSet/CrossValidation/Annotated/B22-47_0/00435.png,0,0.35914430022239685
B22-47,/fhome/maed/HelicoDataSet/CrossValidation/Annotated/B22-47_0/01653_Aug3.png,1,0.5041469931602478
B22-47,/fhome/maed/HelicoDataSet/CrossValidation/Annotated/B22-47_0/01653_Aug5.png,1,0.5179480314254761
B22-47,/fhome/maed/HelicoDataSet/CrossValidation/Annotated/B22-47_0/01653_Aug4.png,1,0.5109961032867432
B22-47,/fhome/maed/HelicoDataSet/CrossValidation/Annotated/B22-47_0/01729.png,0,0.06189641356468201
B22-47,/fhome/maed/HelicoDataSet/CrossValidation/Annotated/B22-47_0/01653_Aug2.png,1,0.5041760206222534
B22-47,/fhome/maed/HelicoDataSet/CrossValidation/Annotated/B22-47_0/01239.png,0,0.3834834396839142
B22-47,/fhome/maed/HelicoDataSet/CrossValidation/Annotated/B22-47_0/00390.png,0,0.0815969705581665
B22-47,/fhome/maed/HelicoDataSet/CrossValidation/Annotated/B22-47_0/01650.png,0,0.04766842722892761
B22-47,/fhome/maed/HelicoDataSet/CrossValidation/Annotated/B22-47_0/01653_Aug1.png,1,0.483307421207428
B22-47,/fhome/maed/HelicoDataSet/CrossValidation/Annotated/B22-47_0/01653_Aug7.png,1,0.490793913602829
B22-84,/fhome/maed/HelicoDataSet/CrossValidation/Annotated/B22-84_0/00582_Aug7.png,1,0.2949671149253845
B22-84,/fhome/maed/HelicoDataSet/CrossValidation/Annotated/B22-84_0/01978_Aug8.png,1,0.07433096319437027
B22-84,/fhome/maed/HelicoDataSet/CrossValidation/Annotated/B22-84_0/00099.png,1,0.29526156187057495
B22-84,/fhome/maed/HelicoDataSet/CrossValidation/Annotated/B22-84_0/01978_Aug4.png,1,0.4190385043621063
B22-84,/fhome/maed/HelicoDataSet/CrossValidation/Annotated/B22-84_0/00627_Aug1.png,1,0.48987287282943726
B22-84,/fhome/maed/HelicoDataSet/CrossValidation/Annotated/B22-84_0/00627_Aug7.png,1,0.41202613711357117
B22-84,/fhome/maed/HelicoDataSet/CrossValidation/Annotated/B22-84_0/01522.png,0,0.02218020148575306
B22-84,/fhome/maed/HelicoDataSet/CrossValidation/Annotated/B22-84_0/00582_Aug4.png,1,0.1716693639755249
B22-84,/fhome/maed/HelicoDataSet/CrossValidation/Annotated/B22-84_0/00739_Aug6.png,1,0.49480319023132324
B22-84,/fhome/maed/HelicoDataSet/CrossValidation/Annotated/B22-84_0/03689.png,0,0.004728870000690222
B22-84,/fhome/maed/HelicoDataSet/CrossValidation/Annotated/B22-84_0/00099_Aug3.png,1,0.29526039958000183
B22-84,/fhome/maed/HelicoDataSet/CrossValidation/Annotated/B22-84_0/01982_Aug5.png,1,0.4300355613231659
B22-84,/fhome/maed/HelicoDataSet/CrossValidation/Annotated/B22-84_0/01006.png,0,0.007903935387730598
B22-84,/fhome/maed/HelicoDataSet/CrossValidation/Annotated/B22-84_0/01982.png,1,0.4442620873451233
B22-84,/fhome/maed/HelicoDataSet/CrossValidation/Annotated/B22-84_0/00739_Aug4.png,1,0.4956873953342438
B22-84,/fhome/maed/HelicoDataSet/CrossValidation/Annotated/B22-84_0/02891.png,0,0.058130618184804916
B22-84,/fhome/maed/HelicoDataSet/CrossValidation/Annotated/B22-84_0/01978_Aug5.png,1,0.4146084785461426
B22-84,/fhome/maed/HelicoDataSet/CrossValidation/Annotated/B22-84_0/00582_Aug2.png,1,0.3039907217025757
B22-84,/fhome/maed/HelicoDataSet/CrossValidation/Annotated/B22-84_0/01534.png,0,0.04131186753511429
B22-84,/fhome/maed/HelicoDataSet/CrossValidation/Annotated/B22-84_0/00739.png,1,0.5036733150482178
B22-84,/fhome/maed/HelicoDataSet/CrossValidation/Annotated/B22-84_0/00582.png,1,0.24742980301380157
B22-84,/fhome/maed/HelicoDataSet/CrossValidation/Annotated/B22-84_0/00099_Aug4.png,1,0.311922162771225
B22-84,/fhome/maed/HelicoDataSet/CrossValidation/Annotated/B22-84_0/01978_Aug1.png,1,0.4615330994129181
B22-84,/fhome/maed/HelicoDataSet/CrossValidation/Annotated/B22-84_0/00739_Aug7.png,1,0.49117010831832886
B22-84,/fhome/maed/HelicoDataSet/CrossValidation/Annotated/B22-84_0/01982_Aug3.png,1,0.4581862986087799
B22-84,/fhome/maed/HelicoDataSet/CrossValidation/Annotated/B22-84_0/01978_Aug7.png,1,0.46907874941825867
B22-84,/fhome/maed/HelicoDataSet/CrossValidation/Annotated/B22-84_0/01982_Aug7.png,1,0.4898366332054138
B22-84,/fhome/maed/HelicoDataSet/CrossValidation/Annotated/B22-84_0/03675.png,0,0.0053360918536782265
B22-84,/fhome/maed/HelicoDataSet/CrossValidation/Annotated/B22-84_0/01978_Aug3.png,1,0.478602796792984
B22-84,/fhome/maed/HelicoDataSet/CrossValidation/Annotated/B22-84_0/00099_Aug1.png,1,0.2952611446380615
B22-84,/fhome/maed/HelicoDataSet/CrossValidation/Annotated/B22-84_0/01982_Aug8.png,1,0.0380585677921772
B22-84,/fhome/maed/HelicoDataSet/CrossValidation/Annotated/B22-84_0/00627.png,1,0.48264798521995544
B22-84,/fhome/maed/HelicoDataSet/CrossValidation/Annotated/B22-84_0/00627_Aug8.png,1,0.47323107719421387
B22-84,/fhome/maed/HelicoDataSet/CrossValidation/Annotated/B22-84_0/00739_Aug1.png,1,0.487630695104599
B22-84,/fhome/maed/HelicoDataSet/CrossValidation/Annotated/B22-84_0/00099_Aug2.png,1,0.22117003798484802
B22-84,/fhome/maed/HelicoDataSet/CrossValidation/Annotated/B22-84_0/00627_Aug5.png,1,0.43248286843299866
B22-84,/fhome/maed/HelicoDataSet/CrossValidation/Annotated/B22-84_0/00627_Aug2.png,1,0.4867668151855469
B22-84,/fhome/maed/HelicoDataSet/CrossValidation/Annotated/B22-84_0/00582_Aug8.png,1,0.20855337381362915
B22-84,/fhome/maed/HelicoDataSet/CrossValidation/Annotated/B22-84_0/01214.png,0,0.0032734989654272795
B22-84,/fhome/maed/HelicoDataSet/CrossValidation/Annotated/B22-84_0/01978_Aug6.png,1,0.41354963183403015
B22-84,/fhome/maed/HelicoDataSet/CrossValidation/Annotated/B22-84_0/00627_Aug6.png,1,0.4883646070957184
B22-84,/fhome/maed/HelicoDataSet/CrossValidation/Annotated/B22-84_0/00627_Aug3.png,1,0.4902341365814209
B22-84,/fhome/maed/HelicoDataSet/CrossValidation/Annotated/B22-84_0/00099_Aug5.png,1,0.29528000950813293
B22-84,/fhome/maed/HelicoDataSet/CrossValidation/Annotated/B22-84_0/00099_Aug6.png,1,0.2856103479862213
B22-84,/fhome/maed/HelicoDataSet/CrossValidation/Annotated/B22-84_0/00582_Aug1.png,1,0.3020073473453522
B22-84,/fhome/maed/HelicoDataSet/CrossValidation/Annotated/B22-84_0/02890.png,0,0.007282327860593796
B22-84,/fhome/maed/HelicoDataSet/CrossValidation/Annotated/B22-84_0/00739_Aug5.png,1,0.48717549443244934
B22-84,/fhome/maed/HelicoDataSet/CrossValidation/Annotated/B22-84_0/01982_Aug6.png,1,0.049095556139945984
B22-84,/fhome/maed/HelicoDataSet/CrossValidation/Annotated/B22-84_0/00739_Aug3.png,1,0.5065917372703552
B22-84,/fhome/maed/HelicoDataSet/CrossValidation/Annotated/B22-84_0/01982_Aug4.png,1,0.16169442236423492
B22-84,/fhome/maed/HelicoDataSet/CrossValidation/Annotated/B22-84_0/00582_Aug5.png,1,0.3959365487098694
B22-84,/fhome/maed/HelicoDataSet/CrossValidation/Annotated/B22-84_0/01016.png,0,0.01803864911198616
B22-84,/fhome/maed/HelicoDataSet/CrossValidation/Annotated/B22-84_0/01978_Aug2.png,1,0.46518564224243164
B22-84,/fhome/maed/HelicoDataSet/CrossValidation/Annotated/B22-84_0/00627_Aug4.png,1,0.4887162744998932
B22-84,/fhome/maed/HelicoDataSet/CrossValidation/Annotated/B22-84_0/00739_Aug8.png,1,0.4668947756290436
B22-84,/fhome/maed/HelicoDataSet/CrossValidation/Annotated/B22-84_0/00582_Aug6.png,1,0.1848035454750061
B22-84,/fhome/maed/HelicoDataSet/CrossValidation/Annotated/B22-84_0/01982_Aug1.png,1,0.4572003483772278
B22-84,/fhome/maed/HelicoDataSet/CrossValidation/Annotated/B22-84_0/00220.png,0,0.005867774598300457
B22-84,/fhome/maed/HelicoDataSet/CrossValidation/Annotated/B22-84_0/00739_Aug2.png,1,0.4936063885688782
B22-84,/fhome/maed/HelicoDataSet/CrossValidation/Annotated/B22-84_0/00959.png,0,0.00825933925807476
B22-84,/fhome/maed/HelicoDataSet/CrossValidation/Annotated/B22-84_0/00099_Aug8.png,1,0.1819261610507965
B22-84,/fhome/maed/HelicoDataSet/CrossValidation/Annotated/B22-84_0/01982_Aug2.png,1,0.3695124089717865
B22-84,/fhome/maed/HelicoDataSet/CrossValidation/Annotated/B22-84_0/01013.png,0,0.029947465285658836
B22-84,/fhome/maed/HelicoDataSet/CrossValidation/Annotated/B22-84_0/00582_Aug3.png,1,0.22968508303165436
B22-84,/fhome/maed/HelicoDataSet/CrossValidation/Annotated/B22-84_0/01978.png,1,0.4786037802696228
B22-84,/fhome/maed/HelicoDataSet/CrossValidation/Annotated/B22-84_0/00099_Aug7.png,1,0.29528048634529114
B22-45,/fhome/maed/HelicoDataSet/CrossValidation/Annotated/B22-45_0/01059_Aug3.png,1,0.5047735571861267
B22-45,/fhome/maed/HelicoDataSet/CrossValidation/Annotated/B22-45_0/01027_Aug5.png,1,0.4138852655887604
B22-45,/fhome/maed/HelicoDataSet/CrossValidation/Annotated/B22-45_0/01059_Aug8.png,1,0.47907912731170654
B22-45,/fhome/maed/HelicoDataSet/CrossValidation/Annotated/B22-45_0/01050.png,0,0.016963379457592964
B22-45,/fhome/maed/HelicoDataSet/CrossValidation/Annotated/B22-45_0/00741_Aug3.png,1,0.2163993865251541
B22-45,/fhome/maed/HelicoDataSet/CrossValidation/Annotated/B22-45_0/01027_Aug2.png,1,0.3863362967967987
B22-45,/fhome/maed/HelicoDataSet/CrossValidation/Annotated/B22-45_0/01027.png,1,0.4164358973503113
B22-45,/fhome/maed/HelicoDataSet/CrossValidation/Annotated/B22-45_0/00741_Aug5.png,1,0.1820988953113556
B22-45,/fhome/maed/HelicoDataSet/CrossValidation/Annotated/B22-45_0/01059_Aug7.png,1,0.4943314790725708
B22-45,/fhome/maed/HelicoDataSet/CrossValidation/Annotated/B22-45_0/01059_Aug4.png,1,0.4741916358470917
B22-45,/fhome/maed/HelicoDataSet/CrossValidation/Annotated/B22-45_0/01059_Aug1.png,1,0.48857414722442627
B22-45,/fhome/maed/HelicoDataSet/CrossValidation/Annotated/B22-45_0/01027_Aug6.png,1,0.4535290002822876
B22-45,/fhome/maed/HelicoDataSet/CrossValidation/Annotated/B22-45_0/01027_Aug8.png,1,0.30643412470817566
B22-45,/fhome/maed/HelicoDataSet/CrossValidation/Annotated/B22-45_0/00741.png,1,0.18664990365505219
B22-45,/fhome/maed/HelicoDataSet/CrossValidation/Annotated/B22-45_0/01027_Aug4.png,1,0.42157021164894104
B22-45,/fhome/maed/HelicoDataSet/CrossValidation/Annotated/B22-45_0/01059.png,1,0.46213987469673157
B22-45,/fhome/maed/HelicoDataSet/CrossValidation/Annotated/B22-45_0/01027_Aug1.png,1,0.30523261427879333
B22-45,/fhome/maed/HelicoDataSet/CrossValidation/Annotated/B22-45_0/01027_Aug3.png,1,0.4313392639160156
B22-45,/fhome/maed/HelicoDataSet/CrossValidation/Annotated/B22-45_0/00741_Aug2.png,1,0.18224544823169708
B22-45,/fhome/maed/HelicoDataSet/CrossValidation/Annotated/B22-45_0/00741_Aug8.png,1,0.33643075823783875
B22-45,/fhome/maed/HelicoDataSet/CrossValidation/Annotated/B22-45_0/01059_Aug5.png,1,0.4778924882411957
B22-45,/fhome/maed/HelicoDataSet/CrossValidation/Annotated/B22-45_0/00741_Aug7.png,1,0.19326749444007874
B22-45,/fhome/maed/HelicoDataSet/CrossValidation/Annotated/B22-45_0/00741_Aug4.png,1,0.2925940155982971
B22-45,/fhome/maed/HelicoDataSet/CrossValidation/Annotated/B22-45_0/01027_Aug7.png,1,0.27438774704933167
B22-45,/fhome/maed/HelicoDataSet/CrossValidation/Annotated/B22-45_0/01059_Aug2.png,1,0.49655723571777344
B22-45,/fhome/maed/HelicoDataSet/CrossValidation/Annotated/B22-45_0/01059_Aug6.png,1,0.49984264373779297
B22-45,/fhome/maed/HelicoDataSet/CrossValidation/Annotated/B22-45_0/00741_Aug6.png,1,0.3287335932254791
B22-45,/fhome/maed/HelicoDataSet/CrossValidation/Annotated/B22-45_0/00741_Aug1.png,1,0.18020494282245636
B22-54,/fhome/maed/HelicoDataSet/CrossValidation/Annotated/B22-54_1/00266.png,0,0.004874734673649073
B22-54,/fhome/maed/HelicoDataSet/CrossValidation/Annotated/B22-54_1/00486.png,0,0.014714323915541172
B22-54,/fhome/maed/HelicoDataSet/CrossValidation/Annotated/B22-54_1/00118.png,0,0.006805822253227234
B22-54,/fhome/maed/HelicoDataSet/CrossValidation/Annotated/B22-54_1/00194.png,0,0.01782396249473095
B22-34,/fhome/maed/HelicoDataSet/CrossValidation/Annotated/B22-34_1/00629.png,0,0.019752031192183495
B22-34,/fhome/maed/HelicoDataSet/CrossValidation/Annotated/B22-34_1/00592.png,0,0.013099475763738155
B22-34,/fhome/maed/HelicoDataSet/CrossValidation/Annotated/B22-34_1/00767.png,0,0.006794835440814495
B22-311,/fhome/maed/HelicoDataSet/CrossValidation/Annotated/B22-311_0/00529.png,0,0.08388706296682358
B22-311,/fhome/maed/HelicoDataSet/CrossValidation/Annotated/B22-311_0/00002.png,0,0.46467915177345276
B22-167,/fhome/maed/HelicoDataSet/CrossValidation/Annotated/B22-167_0/00005.png,0,0.005361400544643402
B22-167,/fhome/maed/HelicoDataSet/CrossValidation/Annotated/B22-167_0/02942.png,0,0.013759150169789791
B22-167,/fhome/maed/HelicoDataSet/CrossValidation/Annotated/B22-167_0/00159.png,0,0.016142146661877632
B22-167,/fhome/maed/HelicoDataSet/CrossValidation/Annotated/B22-167_0/00004.png,0,0.019175861030817032
B22-167,/fhome/maed/HelicoDataSet/CrossValidation/Annotated/B22-167_0/00006.png,0,0.005939752794802189
B22-284,/fhome/maed/HelicoDataSet/CrossValidation/Annotated/B22-284_0/01017.png,0,0.003420325694605708
B22-284,/fhome/maed/HelicoDataSet/CrossValidation/Annotated/B22-284_0/00707.png,0,0.011075343005359173
B22-284,/fhome/maed/HelicoDataSet/CrossValidation/Annotated/B22-284_0/01101.png,0,0.015470261685550213
B22-284,/fhome/maed/HelicoDataSet/CrossValidation/Annotated/B22-284_0/01058.png,0,0.004715226124972105
B22-284,/fhome/maed/HelicoDataSet/CrossValidation/Annotated/B22-284_0/01060.png,0,0.004467731341719627
B22-284,/fhome/maed/HelicoDataSet/CrossValidation/Annotated/B22-284_0/00833.png,0,0.023096397519111633
B22-284,/fhome/maed/HelicoDataSet/CrossValidation/Annotated/B22-284_0/01057.png,0,0.008353435434401035
B22-284,/fhome/maed/HelicoDataSet/CrossValidation/Annotated/B22-284_0/00706.png,0,0.01134083978831768
B22-284,/fhome/maed/HelicoDataSet/CrossValidation/Annotated/B22-284_0/01074.png,0,0.0084693543612957
B22-284,/fhome/maed/HelicoDataSet/CrossValidation/Annotated/B22-284_0/00989.png,0,0.006480416748672724
B22-284,/fhome/maed/HelicoDataSet/CrossValidation/Annotated/B22-284_0/01033.png,0,0.011004453524947166
B22-284,/fhome/maed/HelicoDataSet/CrossValidation/Annotated/B22-284_0/00687.png,0,0.013735609129071236
B22-284,/fhome/maed/HelicoDataSet/CrossValidation/Annotated/B22-284_0/01100.png,0,0.003911563660949469
B22-284,/fhome/maed/HelicoDataSet/CrossValidation/Annotated/B22-284_0/00838.png,0,0.01512935385107994
B22-284,/fhome/maed/HelicoDataSet/CrossValidation/Annotated/B22-284_0/01062.png,0,0.007008915301412344
B22-284,/fhome/maed/HelicoDataSet/CrossValidation/Annotated/B22-284_0/01012.png,0,0.008801315911114216
B22-284,/fhome/maed/HelicoDataSet/CrossValidation/Annotated/B22-284_0/01103.png,0,0.005262678489089012
B22-284,/fhome/maed/HelicoDataSet/CrossValidation/Annotated/B22-284_0/01032.png,0,0.0038518961519002914
B22-284,/fhome/maed/HelicoDataSet/CrossValidation/Annotated/B22-284_0/00984.png,0,0.017869681119918823
B22-284,/fhome/maed/HelicoDataSet/CrossValidation/Annotated/B22-284_0/00686.png,0,0.005323705729097128
B22-284,/fhome/maed/HelicoDataSet/CrossValidation/Annotated/B22-284_0/00705.png,0,0.022072192281484604
B22-284,/fhome/maed/HelicoDataSet/CrossValidation/Annotated/B22-284_0/01061.png,0,0.041230976581573486
B22-284,/fhome/maed/HelicoDataSet/CrossValidation/Annotated/B22-284_0/00986.png,0,0.011747530661523342
B22-284,/fhome/maed/HelicoDataSet/CrossValidation/Annotated/B22-284_0/01059.png,0,0.014216153882443905
B22-284,/fhome/maed/HelicoDataSet/CrossValidation/Annotated/B22-284_0/01073.png,0,0.016539815813302994
B22-284,/fhome/maed/HelicoDataSet/CrossValidation/Annotated/B22-284_0/01029.png,0,0.0035226887557655573
B22-284,/fhome/maed/HelicoDataSet/CrossValidation/Annotated/B22-284_0/00835.png,0,0.021078364923596382
B22-284,/fhome/maed/HelicoDataSet/CrossValidation/Annotated/B22-284_0/01102.png,0,0.010163960978388786
B22-284,/fhome/maed/HelicoDataSet/CrossValidation/Annotated/B22-284_0/01034.png,0,0.003289927262812853
B22-284,/fhome/maed/HelicoDataSet/CrossValidation/Annotated/B22-284_0/01075.png,0,0.012347676791250706
B22-284,/fhome/maed/HelicoDataSet/CrossValidation/Annotated/B22-284_0/00688.png,0,0.0028128111734986305
B22-284,/fhome/maed/HelicoDataSet/CrossValidation/Annotated/B22-284_0/00987.png,0,0.004271393641829491
B22-284,/fhome/maed/HelicoDataSet/CrossValidation/Annotated/B22-284_0/01076.png,0,0.024179920554161072
B22-284,/fhome/maed/HelicoDataSet/CrossValidation/Annotated/B22-284_0/01014.png,0,0.005896409507840872
B22-284,/fhome/maed/HelicoDataSet/CrossValidation/Annotated/B22-284_0/00985.png,0,0.02078144997358322
B22-284,/fhome/maed/HelicoDataSet/CrossValidation/Annotated/B22-284_0/01031.png,0,0.017325595021247864
B22-284,/fhome/maed/HelicoDataSet/CrossValidation/Annotated/B22-284_0/00990.png,0,0.008216389454901218
B22-284,/fhome/maed/HelicoDataSet/CrossValidation/Annotated/B22-284_0/00704.png,0,0.02124909684062004
B22-284,/fhome/maed/HelicoDataSet/CrossValidation/Annotated/B22-284_0/01056.png,0,0.006484164856374264
B22-284,/fhome/maed/HelicoDataSet/CrossValidation/Annotated/B22-284_0/01105.png,0,0.006131145171821117
B22-284,/fhome/maed/HelicoDataSet/CrossValidation/Annotated/B22-284_0/00837.png,0,0.012209841050207615
B22-284,/fhome/maed/HelicoDataSet/CrossValidation/Annotated/B22-284_0/00988.png,0,0.052039194852113724
B22-284,/fhome/maed/HelicoDataSet/CrossValidation/Annotated/B22-284_0/01028.png,0,0.007616193499416113
B22-284,/fhome/maed/HelicoDataSet/CrossValidation/Annotated/B22-284_0/01016.png,0,0.018213924020528793
B22-284,/fhome/maed/HelicoDataSet/CrossValidation/Annotated/B22-284_0/01104.png,0,0.010042855516076088
B22-284,/fhome/maed/HelicoDataSet/CrossValidation/Annotated/B22-284_0/00690.png,0,0.007278561592102051
B22-284,/fhome/maed/HelicoDataSet/CrossValidation/Annotated/B22-284_0/00689.png,0,0.0026557312812656164
B22-284,/fhome/maed/HelicoDataSet/CrossValidation/Annotated/B22-284_0/01013.png,0,0.00426583644002676
B22-284,/fhome/maed/HelicoDataSet/CrossValidation/Annotated/B22-284_0/01030.png,0,0.00841346476227045
B22-284,/fhome/maed/HelicoDataSet/CrossValidation/Annotated/B22-284_0/01015.png,0,0.0053122746758162975
B22-284,/fhome/maed/HelicoDataSet/CrossValidation/Annotated/B22-284_0/00834.png,0,0.018027039244771004
B22-284,/fhome/maed/HelicoDataSet/CrossValidation/Annotated/B22-284_0/00836.png,0,0.009633176028728485
B22-190,/fhome/maed/HelicoDataSet/CrossValidation/Annotated/B22-190_1/00737.png,0,0.06165178865194321
B22-190,/fhome/maed/HelicoDataSet/CrossValidation/Annotated/B22-190_1/01059.png,0,0.013978784903883934
B22-190,/fhome/maed/HelicoDataSet/CrossValidation/Annotated/B22-190_1/00027.png,0,0.011148222722113132
B22-190,/fhome/maed/HelicoDataSet/CrossValidation/Annotated/B22-190_1/00802.png,0,0.019331753253936768
B22-190,/fhome/maed/HelicoDataSet/CrossValidation/Annotated/B22-190_1/00180.png,0,0.010734829120337963
B22-307,/fhome/maed/HelicoDataSet/CrossValidation/Annotated/B22-307_0/00284.png,0,0.43849530816078186
B22-307,/fhome/maed/HelicoDataSet/CrossValidation/Annotated/B22-307_0/00261.png,0,0.13758142292499542
B22-307,/fhome/maed/HelicoDataSet/CrossValidation/Annotated/B22-307_0/00300.png,0,0.011190740391612053
B22-123,/fhome/maed/HelicoDataSet/CrossValidation/Annotated/B22-123_0/01063_Aug2.png,1,0.4415624439716339
B22-123,/fhome/maed/HelicoDataSet/CrossValidation/Annotated/B22-123_0/01063_Aug7.png,1,0.4558592140674591
B22-123,/fhome/maed/HelicoDataSet/CrossValidation/Annotated/B22-123_0/00687_Aug2.png,1,0.5106561183929443
B22-123,/fhome/maed/HelicoDataSet/CrossValidation/Annotated/B22-123_0/01063_Aug8.png,1,0.4412325620651245
B22-123,/fhome/maed/HelicoDataSet/CrossValidation/Annotated/B22-123_0/00696_Aug3.png,1,0.5931009650230408
B22-123,/fhome/maed/HelicoDataSet/CrossValidation/Annotated/B22-123_0/00696_Aug2.png,1,0.585483193397522
B22-123,/fhome/maed/HelicoDataSet/CrossValidation/Annotated/B22-123_0/00994.png,0,0.029790937900543213
B22-123,/fhome/maed/HelicoDataSet/CrossValidation/Annotated/B22-123_0/00839.png,0,0.0714341402053833
B22-123,/fhome/maed/HelicoDataSet/CrossValidation/Annotated/B22-123_0/00687_Aug6.png,1,0.5038027763366699
B22-123,/fhome/maed/HelicoDataSet/CrossValidation/Annotated/B22-123_0/00696_Aug4.png,1,0.5878980755805969
B22-123,/fhome/maed/HelicoDataSet/CrossValidation/Annotated/B22-123_0/00308.png,0,0.2308247983455658
B22-123,/fhome/maed/HelicoDataSet/CrossValidation/Annotated/B22-123_0/00687.png,1,0.5259464979171753
B22-123,/fhome/maed/HelicoDataSet/CrossValidation/Annotated/B22-123_0/00993.png,0,0.07880187779664993
B22-123,/fhome/maed/HelicoDataSet/CrossValidation/Annotated/B22-123_0/00696_Aug1.png,1,0.5792516469955444
B22-123,/fhome/maed/HelicoDataSet/CrossValidation/Annotated/B22-123_0/00047.png,0,0.2948990762233734
B22-123,/fhome/maed/HelicoDataSet/CrossValidation/Annotated/B22-123_0/01063_Aug6.png,1,0.4160754680633545
B22-123,/fhome/maed/HelicoDataSet/CrossValidation/Annotated/B22-123_0/00687_Aug8.png,1,0.5168822407722473
B22-123,/fhome/maed/HelicoDataSet/CrossValidation/Annotated/B22-123_0/00696_Aug7.png,1,0.6049799919128418
B22-123,/fhome/maed/HelicoDataSet/CrossValidation/Annotated/B22-123_0/01063_Aug5.png,1,0.40950682759284973
B22-123,/fhome/maed/HelicoDataSet/CrossValidation/Annotated/B22-123_0/00696_Aug5.png,1,0.6007193326950073
B22-123,/fhome/maed/HelicoDataSet/CrossValidation/Annotated/B22-123_0/00696.png,1,0.5586363673210144
B22-123,/fhome/maed/HelicoDataSet/CrossValidation/Annotated/B22-123_0/01063_Aug3.png,1,0.3763071298599243
B22-123,/fhome/maed/HelicoDataSet/CrossValidation/Annotated/B22-123_0/00696_Aug8.png,1,0.6087440848350525
B22-123,/fhome/maed/HelicoDataSet/CrossValidation/Annotated/B22-123_0/00687_Aug4.png,1,0.5061927437782288
B22-123,/fhome/maed/HelicoDataSet/CrossValidation/Annotated/B22-123_0/00687_Aug7.png,1,0.550403356552124
B22-123,/fhome/maed/HelicoDataSet/CrossValidation/Annotated/B22-123_0/01063_Aug1.png,1,0.4631787836551666
B22-123,/fhome/maed/HelicoDataSet/CrossValidation/Annotated/B22-123_0/00687_Aug5.png,1,0.5269205570220947
B22-123,/fhome/maed/HelicoDataSet/CrossValidation/Annotated/B22-123_0/00696_Aug6.png,1,0.6013042330741882
B22-123,/fhome/maed/HelicoDataSet/CrossValidation/Annotated/B22-123_0/00687_Aug3.png,1,0.5379298329353333
B22-123,/fhome/maed/HelicoDataSet/CrossValidation/Annotated/B22-123_0/00687_Aug1.png,1,0.5345218181610107
B22-123,/fhome/maed/HelicoDataSet/CrossValidation/Annotated/B22-123_0/01063.png,1,0.42634621262550354
B22-123,/fhome/maed/HelicoDataSet/CrossValidation/Annotated/B22-123_0/01063_Aug4.png,1,0.4411298930644989
B22-244,/fhome/maed/HelicoDataSet/CrossValidation/Annotated/B22-244_0/01327.png,0,0.016111712902784348
B22-244,/fhome/maed/HelicoDataSet/CrossValidation/Annotated/B22-244_0/01708.png,0,0.03731754794716835
B22-244,/fhome/maed/HelicoDataSet/CrossValidation/Annotated/B22-244_0/01288.png,0,0.01707826927304268
B22-244,/fhome/maed/HelicoDataSet/CrossValidation/Annotated/B22-244_0/01711.png,0,0.011224775575101376
B22-214,/fhome/maed/HelicoDataSet/CrossValidation/Annotated/B22-214_0/01101.png,0,0.01931637153029442
B22-214,/fhome/maed/HelicoDataSet/CrossValidation/Annotated/B22-214_0/00949.png,0,0.018634842708706856
B22-188,/fhome/maed/HelicoDataSet/CrossValidation/Annotated/B22-188_0/00005.png,0,0.4909220039844513
B22-188,/fhome/maed/HelicoDataSet/CrossValidation/Annotated/B22-188_0/00254.png,0,0.007179983891546726
B22-188,/fhome/maed/HelicoDataSet/CrossValidation/Annotated/B22-188_0/00256.png,0,0.09510736912488937
B22-185,/fhome/maed/HelicoDataSet/CrossValidation/Annotated/B22-185_0/00821.png,0,0.017194896936416626
B22-175,/fhome/maed/HelicoDataSet/CrossValidation/Annotated/B22-175_1/00551.png,0,0.016279524192214012
B22-175,/fhome/maed/HelicoDataSet/CrossValidation/Annotated/B22-175_1/00683.png,0,0.01688062958419323
B22-175,/fhome/maed/HelicoDataSet/CrossValidation/Annotated/B22-175_1/00609.png,0,0.018284475430846214
B22-175,/fhome/maed/HelicoDataSet/CrossValidation/Annotated/B22-175_1/00467.png,0,0.0168293584138155
B22-175,/fhome/maed/HelicoDataSet/CrossValidation/Annotated/B22-175_1/00325.png,0,0.018731633201241493
B22-175,/fhome/maed/HelicoDataSet/CrossValidation/Annotated/B22-175_1/00624.png,0,0.01595727913081646
B22-175,/fhome/maed/HelicoDataSet/CrossValidation/Annotated/B22-175_1/00538.png,0,0.0047369240783154964
B22-175,/fhome/maed/HelicoDataSet/CrossValidation/Annotated/B22-175_1/00569.png,0,0.006582747679203749
B22-175,/fhome/maed/HelicoDataSet/CrossValidation/Annotated/B22-175_1/00500.png,0,0.005449074320495129
B22-152,/fhome/maed/HelicoDataSet/CrossValidation/Annotated/B22-152_1/00214.png,0,0.00799104105681181
B22-152,/fhome/maed/HelicoDataSet/CrossValidation/Annotated/B22-152_1/00556.png,0,0.005042471922934055
B22-152,/fhome/maed/HelicoDataSet/CrossValidation/Annotated/B22-152_1/00102.png,0,0.0037622740492224693
B22-152,/fhome/maed/HelicoDataSet/CrossValidation/Annotated/B22-152_1/00416.png,0,0.007249157875776291
B22-157,/fhome/maed/HelicoDataSet/CrossValidation/Annotated/B22-157_0/00111.png,0,0.4703756272792816
B22-275,/fhome/maed/HelicoDataSet/CrossValidation/Annotated/B22-275_0/00119.png,1,0.44220757484436035
B22-275,/fhome/maed/HelicoDataSet/CrossValidation/Annotated/B22-275_0/00119_Aug5.png,1,0.43748602271080017
B22-275,/fhome/maed/HelicoDataSet/CrossValidation/Annotated/B22-275_0/00119_Aug6.png,1,0.49130740761756897
B22-275,/fhome/maed/HelicoDataSet/CrossValidation/Annotated/B22-275_0/00119_Aug8.png,1,0.4727618396282196
B22-275,/fhome/maed/HelicoDataSet/CrossValidation/Annotated/B22-275_0/00119_Aug2.png,1,0.45031440258026123
B22-275,/fhome/maed/HelicoDataSet/CrossValidation/Annotated/B22-275_0/00144_Aug6.png,1,0.43360790610313416
B22-275,/fhome/maed/HelicoDataSet/CrossValidation/Annotated/B22-275_0/00144_Aug8.png,1,0.4536696672439575
B22-275,/fhome/maed/HelicoDataSet/CrossValidation/Annotated/B22-275_0/00144_Aug5.png,1,0.4007548689842224
B22-275,/fhome/maed/HelicoDataSet/CrossValidation/Annotated/B22-275_0/00144_Aug3.png,1,0.45787692070007324
B22-275,/fhome/maed/HelicoDataSet/CrossValidation/Annotated/B22-275_0/00119_Aug7.png,1,0.445831835269928
B22-275,/fhome/maed/HelicoDataSet/CrossValidation/Annotated/B22-275_0/00119_Aug4.png,1,0.4942971467971802
B22-275,/fhome/maed/HelicoDataSet/CrossValidation/Annotated/B22-275_0/00119_Aug1.png,1,0.46664807200431824
B22-275,/fhome/maed/HelicoDataSet/CrossValidation/Annotated/B22-275_0/00144_Aug1.png,1,0.42839768528938293
B22-275,/fhome/maed/HelicoDataSet/CrossValidation/Annotated/B22-275_0/00119_Aug3.png,1,0.44373297691345215
B22-275,/fhome/maed/HelicoDataSet/CrossValidation/Annotated/B22-275_0/00477.png,0,0.19957171380519867
B22-275,/fhome/maed/HelicoDataSet/CrossValidation/Annotated/B22-275_0/00144_Aug4.png,1,0.4134793281555176
B22-275,/fhome/maed/HelicoDataSet/CrossValidation/Annotated/B22-275_0/00144_Aug7.png,1,0.3254086673259735
B22-275,/fhome/maed/HelicoDataSet/CrossValidation/Annotated/B22-275_0/00144.png,1,0.4858322739601135
B22-275,/fhome/maed/HelicoDataSet/CrossValidation/Annotated/B22-275_0/00144_Aug2.png,1,0.48357218503952026
B22-298,/fhome/maed/HelicoDataSet/CrossValidation/Annotated/B22-298_0/01280.png,0,0.01327095553278923
B22-298,/fhome/maed/HelicoDataSet/CrossValidation/Annotated/B22-298_0/00338.png,0,0.022533565759658813
B22-35,/fhome/maed/HelicoDataSet/CrossValidation/Annotated/B22-35_0/00332.png,0,0.01833256706595421
B22-148,/fhome/maed/HelicoDataSet/CrossValidation/Annotated/B22-148_1/00035.png,0,0.015759721398353577
B22-148,/fhome/maed/HelicoDataSet/CrossValidation/Annotated/B22-148_1/00193.png,0,0.007443055976182222
B22-56,/fhome/maed/HelicoDataSet/CrossValidation/Annotated/B22-56_0/02617.png,0,0.02048383839428425
B22-56,/fhome/maed/HelicoDataSet/CrossValidation/Annotated/B22-56_0/00015.png,0,0.3251749575138092
B22-56,/fhome/maed/HelicoDataSet/CrossValidation/Annotated/B22-56_0/00021.png,0,0.030171239748597145
B22-56,/fhome/maed/HelicoDataSet/CrossValidation/Annotated/B22-56_0/00017.png,0,0.06145597621798515
B22-56,/fhome/maed/HelicoDataSet/CrossValidation/Annotated/B22-56_0/00519.png,0,0.035199034959077835
B22-56,/fhome/maed/HelicoDataSet/CrossValidation/Annotated/B22-56_0/00320.png,0,0.26752638816833496
B22-56,/fhome/maed/HelicoDataSet/CrossValidation/Annotated/B22-56_0/00316.png,0,0.06834425032138824
B22-56,/fhome/maed/HelicoDataSet/CrossValidation/Annotated/B22-56_0/00016.png,0,0.13963046669960022
B22-101,/fhome/maed/HelicoDataSet/CrossValidation/Annotated/B22-101_0/00201_Aug1.png,1,0.43493223190307617
B22-101,/fhome/maed/HelicoDataSet/CrossValidation/Annotated/B22-101_0/00201_Aug7.png,1,0.3952065706253052
B22-101,/fhome/maed/HelicoDataSet/CrossValidation/Annotated/B22-101_0/00201.png,1,0.44955122470855713
B22-101,/fhome/maed/HelicoDataSet/CrossValidation/Annotated/B22-101_0/00201_Aug6.png,1,0.45778656005859375
B22-101,/fhome/maed/HelicoDataSet/CrossValidation/Annotated/B22-101_0/00280.png,0,0.03257385268807411
B22-101,/fhome/maed/HelicoDataSet/CrossValidation/Annotated/B22-101_0/00415.png,0,0.01835581846535206
B22-101,/fhome/maed/HelicoDataSet/CrossValidation/Annotated/B22-101_0/00201_Aug3.png,1,0.37483909726142883
B22-101,/fhome/maed/HelicoDataSet/CrossValidation/Annotated/B22-101_0/00201_Aug5.png,1,0.3810614049434662
B22-101,/fhome/maed/HelicoDataSet/CrossValidation/Annotated/B22-101_0/00180.png,0,0.025525188073515892
B22-101,/fhome/maed/HelicoDataSet/CrossValidation/Annotated/B22-101_0/00201_Aug2.png,1,0.45037782192230225
B22-101,/fhome/maed/HelicoDataSet/CrossValidation/Annotated/B22-101_0/00201_Aug8.png,1,0.43213024735450745
B22-101,/fhome/maed/HelicoDataSet/CrossValidation/Annotated/B22-101_0/00201_Aug4.png,1,0.4537438750267029
B22-193,/fhome/maed/HelicoDataSet/CrossValidation/Annotated/B22-193_0/00549.png,0,0.015155695378780365
B22-193,/fhome/maed/HelicoDataSet/CrossValidation/Annotated/B22-193_0/00598.png,0,0.04654764011502266
B22-104,/fhome/maed/HelicoDataSet/CrossValidation/Annotated/B22-104_0/00555.png,0,0.022160127758979797
B22-104,/fhome/maed/HelicoDataSet/CrossValidation/Annotated/B22-104_0/00557.png,0,0.021045999601483345
B22-104,/fhome/maed/HelicoDataSet/CrossValidation/Annotated/B22-104_0/00398.png,0,0.004460593219846487
B22-104,/fhome/maed/HelicoDataSet/CrossValidation/Annotated/B22-104_0/00553.png,0,0.004277684725821018
B22-104,/fhome/maed/HelicoDataSet/CrossValidation/Annotated/B22-104_0/00438.png,0,0.020755263045430183
B22-112,/fhome/maed/HelicoDataSet/CrossValidation/Annotated/B22-112_1/00279.png,0,0.006546229589730501
B22-112,/fhome/maed/HelicoDataSet/CrossValidation/Annotated/B22-112_1/00061.png,0,0.02098924107849598
B22-112,/fhome/maed/HelicoDataSet/CrossValidation/Annotated/B22-112_1/00341.png,0,0.10655825585126877
B22-112,/fhome/maed/HelicoDataSet/CrossValidation/Annotated/B22-112_1/00050.png,0,0.38633599877357483
B22-112,/fhome/maed/HelicoDataSet/CrossValidation/Annotated/B22-112_1/00237.png,0,0.017142174765467644
B22-112,/fhome/maed/HelicoDataSet/CrossValidation/Annotated/B22-112_1/00038.png,0,0.005743768066167831
B22-112,/fhome/maed/HelicoDataSet/CrossValidation/Annotated/B22-112_1/00109.png,0,0.009532034397125244
B22-112,/fhome/maed/HelicoDataSet/CrossValidation/Annotated/B22-112_1/00245.png,0,0.007879676297307014
B22-300,/fhome/maed/HelicoDataSet/CrossValidation/Annotated/B22-300_0/01116.png,0,0.01791047677397728
B22-300,/fhome/maed/HelicoDataSet/CrossValidation/Annotated/B22-300_0/01062.png,0,0.22212108969688416
B22-300,/fhome/maed/HelicoDataSet/CrossValidation/Annotated/B22-300_0/00842.png,0,0.01202697679400444
B22-300,/fhome/maed/HelicoDataSet/CrossValidation/Annotated/B22-300_0/00148.png,0,0.3887077569961548
B22-165,/fhome/maed/HelicoDataSet/CrossValidation/Annotated/B22-165_0/00060.png,0,0.006970170885324478
B22-165,/fhome/maed/HelicoDataSet/CrossValidation/Annotated/B22-165_0/00061.png,0,0.01938677951693535
B22-51,/fhome/maed/HelicoDataSet/CrossValidation/Annotated/B22-51_0/00392_Aug8.png,1,0.49729421734809875
B22-51,/fhome/maed/HelicoDataSet/CrossValidation/Annotated/B22-51_0/00392_Aug5.png,1,0.4906145930290222
B22-51,/fhome/maed/HelicoDataSet/CrossValidation/Annotated/B22-51_0/00392_Aug1.png,1,0.4752407968044281
B22-51,/fhome/maed/HelicoDataSet/CrossValidation/Annotated/B22-51_0/00392_Aug6.png,1,0.49114149808883667
B22-51,/fhome/maed/HelicoDataSet/CrossValidation/Annotated/B22-51_0/00652.png,0,0.008008267730474472
B22-51,/fhome/maed/HelicoDataSet/CrossValidation/Annotated/B22-51_0/00226.png,0,0.04206832870841026
B22-51,/fhome/maed/HelicoDataSet/CrossValidation/Annotated/B22-51_0/00392.png,1,0.49572739005088806
B22-51,/fhome/maed/HelicoDataSet/CrossValidation/Annotated/B22-51_0/00392_Aug7.png,1,0.45628899335861206
B22-51,/fhome/maed/HelicoDataSet/CrossValidation/Annotated/B22-51_0/00392_Aug4.png,1,0.495005339384079
B22-51,/fhome/maed/HelicoDataSet/CrossValidation/Annotated/B22-51_0/00392_Aug2.png,1,0.46824416518211365
B22-51,/fhome/maed/HelicoDataSet/CrossValidation/Annotated/B22-51_0/00392_Aug3.png,1,0.4833146333694458
B22-51,/fhome/maed/HelicoDataSet/CrossValidation/Annotated/B22-51_0/00242.png,0,0.4642379879951477
B22-51,/fhome/maed/HelicoDataSet/CrossValidation/Annotated/B22-51_0/00317.png,0,0.38987237215042114
B22-174,/fhome/maed/HelicoDataSet/CrossValidation/Annotated/B22-174_0/00249_Aug1.png,1,0.4440728724002838
B22-174,/fhome/maed/HelicoDataSet/CrossValidation/Annotated/B22-174_0/00249_Aug2.png,1,0.436776727437973
B22-174,/fhome/maed/HelicoDataSet/CrossValidation/Annotated/B22-174_0/00249_Aug8.png,1,0.4845018684864044
B22-174,/fhome/maed/HelicoDataSet/CrossValidation/Annotated/B22-174_0/00167.png,0,0.03743045777082443
B22-174,/fhome/maed/HelicoDataSet/CrossValidation/Annotated/B22-174_0/00234.png,0,0.009119742549955845
B22-174,/fhome/maed/HelicoDataSet/CrossValidation/Annotated/B22-174_0/00249_Aug3.png,1,0.42344754934310913
B22-174,/fhome/maed/HelicoDataSet/CrossValidation/Annotated/B22-174_0/00159.png,0,0.017989864572882652
B22-174,/fhome/maed/HelicoDataSet/CrossValidation/Annotated/B22-174_0/00224_Aug4.png,1,0.41821765899658203
B22-174,/fhome/maed/HelicoDataSet/CrossValidation/Annotated/B22-174_0/00166.png,0,0.006831873208284378
B22-174,/fhome/maed/HelicoDataSet/CrossValidation/Annotated/B22-174_0/00288.png,0,0.020226841792464256
B22-174,/fhome/maed/HelicoDataSet/CrossValidation/Annotated/B22-174_0/00235.png,0,0.017551755532622337
B22-174,/fhome/maed/HelicoDataSet/CrossValidation/Annotated/B22-174_0/00155.png,0,0.004145996645092964
B22-174,/fhome/maed/HelicoDataSet/CrossValidation/Annotated/B22-174_0/00191.png,0,0.005246147513389587
B22-174,/fhome/maed/HelicoDataSet/CrossValidation/Annotated/B22-174_0/00224_Aug1.png,1,0.43440496921539307
B22-174,/fhome/maed/HelicoDataSet/CrossValidation/Annotated/B22-174_0/00201.png,0,0.01293513085693121
B22-174,/fhome/maed/HelicoDataSet/CrossValidation/Annotated/B22-174_0/00225_Aug6.png,1,0.498599112033844
B22-174,/fhome/maed/HelicoDataSet/CrossValidation/Annotated/B22-174_0/00168.png,0,0.019906938076019287
B22-174,/fhome/maed/HelicoDataSet/CrossValidation/Annotated/B22-174_0/00216.png,0,0.019227223470807076
B22-174,/fhome/maed/HelicoDataSet/CrossValidation/Annotated/B22-174_0/00239.png,1,0.5143622159957886
B22-174,/fhome/maed/HelicoDataSet/CrossValidation/Annotated/B22-174_0/00170.png,0,0.03243495151400566
B22-174,/fhome/maed/HelicoDataSet/CrossValidation/Annotated/B22-174_0/00270.png,0,0.01902146264910698
B22-174,/fhome/maed/HelicoDataSet/CrossValidation/Annotated/B22-174_0/00224_Aug2.png,1,0.4729836583137512
B22-174,/fhome/maed/HelicoDataSet/CrossValidation/Annotated/B22-174_0/00215.png,0,0.00589979300275445
B22-174,/fhome/maed/HelicoDataSet/CrossValidation/Annotated/B22-174_0/00249_Aug6.png,1,0.46500322222709656
B22-174,/fhome/maed/HelicoDataSet/CrossValidation/Annotated/B22-174_0/00239_Aug4.png,1,0.5018474459648132
B22-174,/fhome/maed/HelicoDataSet/CrossValidation/Annotated/B22-174_0/00198.png,0,0.1656956672668457
B22-174,/fhome/maed/HelicoDataSet/CrossValidation/Annotated/B22-174_0/00183.png,0,0.0026069842278957367
B22-174,/fhome/maed/HelicoDataSet/CrossValidation/Annotated/B22-174_0/00224_Aug6.png,1,0.10309838503599167
B22-174,/fhome/maed/HelicoDataSet/CrossValidation/Annotated/B22-174_0/00239_Aug1.png,1,0.4865090250968933
B22-174,/fhome/maed/HelicoDataSet/CrossValidation/Annotated/B22-174_0/00228.png,0,0.009759686887264252
B22-174,/fhome/maed/HelicoDataSet/CrossValidation/Annotated/B22-174_0/00272.png,0,0.01755334623157978
B22-174,/fhome/maed/HelicoDataSet/CrossValidation/Annotated/B22-174_0/00188.png,0,0.02008930966258049
B22-174,/fhome/maed/HelicoDataSet/CrossValidation/Annotated/B22-174_0/00243.png,0,0.004663305357098579
B22-174,/fhome/maed/HelicoDataSet/CrossValidation/Annotated/B22-174_0/00249_Aug5.png,1,0.43669891357421875
B22-174,/fhome/maed/HelicoDataSet/CrossValidation/Annotated/B22-174_0/00238.png,0,0.00969738233834505
B22-174,/fhome/maed/HelicoDataSet/CrossValidation/Annotated/B22-174_0/00222.png,0,0.017792651429772377
B22-174,/fhome/maed/HelicoDataSet/CrossValidation/Annotated/B22-174_0/00239_Aug7.png,1,0.5038992762565613
B22-174,/fhome/maed/HelicoDataSet/CrossValidation/Annotated/B22-174_0/00214.png,0,0.011507679708302021
B22-174,/fhome/maed/HelicoDataSet/CrossValidation/Annotated/B22-174_0/00210.png,0,0.01804208569228649
B22-174,/fhome/maed/HelicoDataSet/CrossValidation/Annotated/B22-174_0/00249_Aug4.png,1,0.4768697917461395
B22-174,/fhome/maed/HelicoDataSet/CrossValidation/Annotated/B22-174_0/00224_Aug5.png,1,0.06704407185316086
B22-174,/fhome/maed/HelicoDataSet/CrossValidation/Annotated/B22-174_0/00267.png,0,0.019897006452083588
B22-174,/fhome/maed/HelicoDataSet/CrossValidation/Annotated/B22-174_0/00256.png,0,0.0028832280077040195
B22-174,/fhome/maed/HelicoDataSet/CrossValidation/Annotated/B22-174_0/00768.png,0,0.004308502655476332
B22-174,/fhome/maed/HelicoDataSet/CrossValidation/Annotated/B22-174_0/00195.png,0,0.00539190461859107
B22-174,/fhome/maed/HelicoDataSet/CrossValidation/Annotated/B22-174_0/00226.png,0,0.004608935676515102
B22-174,/fhome/maed/HelicoDataSet/CrossValidation/Annotated/B22-174_0/00204.png,0,0.02973024919629097
B22-174,/fhome/maed/HelicoDataSet/CrossValidation/Annotated/B22-174_0/00239_Aug2.png,1,0.5039796829223633
B22-174,/fhome/maed/HelicoDataSet/CrossValidation/Annotated/B22-174_0/00232.png,0,0.005702918861061335
B22-174,/fhome/maed/HelicoDataSet/CrossValidation/Annotated/B22-174_0/00187.png,0,0.003380635054782033
B22-174,/fhome/maed/HelicoDataSet/CrossValidation/Annotated/B22-174_0/00190.png,0,0.0273844413459301
B22-174,/fhome/maed/HelicoDataSet/CrossValidation/Annotated/B22-174_0/00225_Aug1.png,1,0.4710259735584259
B22-174,/fhome/maed/HelicoDataSet/CrossValidation/Annotated/B22-174_0/00289.png,0,0.011123893782496452
B22-174,/fhome/maed/HelicoDataSet/CrossValidation/Annotated/B22-174_0/00172.png,0,0.02008146233856678
B22-174,/fhome/maed/HelicoDataSet/CrossValidation/Annotated/B22-174_0/00225_Aug5.png,1,0.47229862213134766
B22-174,/fhome/maed/HelicoDataSet/CrossValidation/Annotated/B22-174_0/00284.png,0,0.014300758950412273
B22-174,/fhome/maed/HelicoDataSet/CrossValidation/Annotated/B22-174_0/00241.png,0,0.01107573602348566
B22-174,/fhome/maed/HelicoDataSet/CrossValidation/Annotated/B22-174_0/00161.png,0,0.02534242533147335
B22-174,/fhome/maed/HelicoDataSet/CrossValidation/Annotated/B22-174_0/00237.png,0,0.0067581613548099995
B22-174,/fhome/maed/HelicoDataSet/CrossValidation/Annotated/B22-174_0/00224_Aug3.png,1,0.39061132073402405
B22-174,/fhome/maed/HelicoDataSet/CrossValidation/Annotated/B22-174_0/00225_Aug3.png,1,0.4752686619758606
B22-174,/fhome/maed/HelicoDataSet/CrossValidation/Annotated/B22-174_0/00182.png,0,0.003542906604707241
B22-174,/fhome/maed/HelicoDataSet/CrossValidation/Annotated/B22-174_0/00199.png,0,0.004410197027027607
B22-174,/fhome/maed/HelicoDataSet/CrossValidation/Annotated/B22-174_0/00196.png,0,0.0026258400175720453
B22-174,/fhome/maed/HelicoDataSet/CrossValidation/Annotated/B22-174_0/00211.png,0,0.03216252103447914
B22-174,/fhome/maed/HelicoDataSet/CrossValidation/Annotated/B22-174_0/00205.png,0,0.044157691299915314
B22-174,/fhome/maed/HelicoDataSet/CrossValidation/Annotated/B22-174_0/00225.png,1,0.47825807332992554
B22-174,/fhome/maed/HelicoDataSet/CrossValidation/Annotated/B22-174_0/00162.png,0,0.004349930211901665
B22-174,/fhome/maed/HelicoDataSet/CrossValidation/Annotated/B22-174_0/00180.png,0,0.003409172175452113
B22-174,/fhome/maed/HelicoDataSet/CrossValidation/Annotated/B22-174_0/00225_Aug2.png,1,0.47818222641944885
B22-174,/fhome/maed/HelicoDataSet/CrossValidation/Annotated/B22-174_0/00244.png,0,0.03538580238819122
B22-174,/fhome/maed/HelicoDataSet/CrossValidation/Annotated/B22-174_0/00224_Aug8.png,1,0.18346019089221954
B22-174,/fhome/maed/HelicoDataSet/CrossValidation/Annotated/B22-174_0/00197.png,0,0.01887369155883789
B22-174,/fhome/maed/HelicoDataSet/CrossValidation/Annotated/B22-174_0/00268.png,0,0.016075924038887024
B22-174,/fhome/maed/HelicoDataSet/CrossValidation/Annotated/B22-174_0/00192.png,0,0.019782083109021187
B22-174,/fhome/maed/HelicoDataSet/CrossValidation/Annotated/B22-174_0/00236.png,0,0.009010782465338707
B22-174,/fhome/maed/HelicoDataSet/CrossValidation/Annotated/B22-174_0/00156.png,0,0.0038466930855065584
B22-174,/fhome/maed/HelicoDataSet/CrossValidation/Annotated/B22-174_0/00178.png,0,0.010348908603191376
B22-174,/fhome/maed/HelicoDataSet/CrossValidation/Annotated/B22-174_0/00175.png,0,0.006486071739345789
B22-174,/fhome/maed/HelicoDataSet/CrossValidation/Annotated/B22-174_0/00255.png,0,0.020572761073708534
B22-174,/fhome/maed/HelicoDataSet/CrossValidation/Annotated/B22-174_0/00240.png,0,0.018080897629261017
B22-174,/fhome/maed/HelicoDataSet/CrossValidation/Annotated/B22-174_0/00290.png,0,0.007041384465992451
B22-174,/fhome/maed/HelicoDataSet/CrossValidation/Annotated/B22-174_0/00246.png,0,0.019759343937039375
B22-174,/fhome/maed/HelicoDataSet/CrossValidation/Annotated/B22-174_0/00181.png,0,0.003303978592157364
B22-174,/fhome/maed/HelicoDataSet/CrossValidation/Annotated/B22-174_0/00208.png,0,0.017276348546147346
B22-174,/fhome/maed/HelicoDataSet/CrossValidation/Annotated/B22-174_0/00173.png,0,0.05197859928011894
B22-174,/fhome/maed/HelicoDataSet/CrossValidation/Annotated/B22-174_0/00174.png,0,0.003721072105690837
B22-174,/fhome/maed/HelicoDataSet/CrossValidation/Annotated/B22-174_0/00152.png,0,0.005421443842351437
B22-174,/fhome/maed/HelicoDataSet/CrossValidation/Annotated/B22-174_0/00262.png,0,0.011715247295796871
B22-174,/fhome/maed/HelicoDataSet/CrossValidation/Annotated/B22-174_0/00261.png,0,0.007657017558813095
B22-174,/fhome/maed/HelicoDataSet/CrossValidation/Annotated/B22-174_0/00242.png,0,0.008838238194584846
B22-174,/fhome/maed/HelicoDataSet/CrossValidation/Annotated/B22-174_0/00189.png,0,0.01947295106947422
B22-174,/fhome/maed/HelicoDataSet/CrossValidation/Annotated/B22-174_0/00283.png,0,0.0205121748149395
B22-174,/fhome/maed/HelicoDataSet/CrossValidation/Annotated/B22-174_0/00193.png,0,0.002916078781709075
B22-174,/fhome/maed/HelicoDataSet/CrossValidation/Annotated/B22-174_0/00186.png,0,0.01060323603451252
B22-174,/fhome/maed/HelicoDataSet/CrossValidation/Annotated/B22-174_0/00225_Aug4.png,1,0.4810609817504883
B22-174,/fhome/maed/HelicoDataSet/CrossValidation/Annotated/B22-174_0/00225_Aug8.png,1,0.48258912563323975
B22-174,/fhome/maed/HelicoDataSet/CrossValidation/Annotated/B22-174_0/00207.png,0,0.01655103825032711
B22-174,/fhome/maed/HelicoDataSet/CrossValidation/Annotated/B22-174_0/00258.png,0,0.00416428642347455
B22-174,/fhome/maed/HelicoDataSet/CrossValidation/Annotated/B22-174_0/00249.png,1,0.4935115575790405
B22-174,/fhome/maed/HelicoDataSet/CrossValidation/Annotated/B22-174_0/00219.png,0,0.02562079019844532
B22-174,/fhome/maed/HelicoDataSet/CrossValidation/Annotated/B22-174_0/00224_Aug7.png,1,0.11462870240211487
B22-174,/fhome/maed/HelicoDataSet/CrossValidation/Annotated/B22-174_0/00239_Aug8.png,1,0.5156324505805969
B22-174,/fhome/maed/HelicoDataSet/CrossValidation/Annotated/B22-174_0/00154.png,0,0.005294756963849068
B22-174,/fhome/maed/HelicoDataSet/CrossValidation/Annotated/B22-174_0/00239_Aug6.png,1,0.5009952187538147
B22-174,/fhome/maed/HelicoDataSet/CrossValidation/Annotated/B22-174_0/00202.png,0,0.02125420793890953
B22-174,/fhome/maed/HelicoDataSet/CrossValidation/Annotated/B22-174_0/00227.png,0,0.011242051608860493
B22-174,/fhome/maed/HelicoDataSet/CrossValidation/Annotated/B22-174_0/00229.png,0,0.009602170437574387
B22-174,/fhome/maed/HelicoDataSet/CrossValidation/Annotated/B22-174_0/00217.png,0,0.006699300371110439
B22-174,/fhome/maed/HelicoDataSet/CrossValidation/Annotated/B22-174_0/00286.png,0,0.018614204600453377
B22-174,/fhome/maed/HelicoDataSet/CrossValidation/Annotated/B22-174_0/00194.png,0,0.004371374845504761
B22-174,/fhome/maed/HelicoDataSet/CrossValidation/Annotated/B22-174_0/00165.png,0,0.016243204474449158
B22-174,/fhome/maed/HelicoDataSet/CrossValidation/Annotated/B22-174_0/00184.png,0,0.007065226789563894
B22-174,/fhome/maed/HelicoDataSet/CrossValidation/Annotated/B22-174_0/00158.png,0,0.006113745272159576
B22-174,/fhome/maed/HelicoDataSet/CrossValidation/Annotated/B22-174_0/00239_Aug3.png,1,0.5089196562767029
B22-174,/fhome/maed/HelicoDataSet/CrossValidation/Annotated/B22-174_0/00177.png,0,0.0037667464930564165
B22-174,/fhome/maed/HelicoDataSet/CrossValidation/Annotated/B22-174_0/00252.png,0,0.003855509450659156
B22-174,/fhome/maed/HelicoDataSet/CrossValidation/Annotated/B22-174_0/00233.png,0,0.010577863082289696
B22-174,/fhome/maed/HelicoDataSet/CrossValidation/Annotated/B22-174_0/00257.png,0,0.003774910932406783
B22-174,/fhome/maed/HelicoDataSet/CrossValidation/Annotated/B22-174_0/00275.png,0,0.0047367350198328495
B22-174,/fhome/maed/HelicoDataSet/CrossValidation/Annotated/B22-174_0/00249_Aug7.png,1,0.4453621804714203
B22-174,/fhome/maed/HelicoDataSet/CrossValidation/Annotated/B22-174_0/00225_Aug7.png,1,0.48824048042297363
B22-174,/fhome/maed/HelicoDataSet/CrossValidation/Annotated/B22-174_0/00245.png,0,0.4459904134273529
B22-174,/fhome/maed/HelicoDataSet/CrossValidation/Annotated/B22-174_0/00631.png,0,0.08319348841905594
B22-174,/fhome/maed/HelicoDataSet/CrossValidation/Annotated/B22-174_0/00239_Aug5.png,1,0.5107143521308899
B22-174,/fhome/maed/HelicoDataSet/CrossValidation/Annotated/B22-174_0/00224.png,1,0.4629054665565491
B22-174,/fhome/maed/HelicoDataSet/CrossValidation/Annotated/B22-174_0/00157.png,0,0.03327504172921181
B22-308,/fhome/maed/HelicoDataSet/CrossValidation/Annotated/B22-308_0/00086.png,0,0.4150799512863159
B22-183,/fhome/maed/HelicoDataSet/CrossValidation/Annotated/B22-183_1/00817.png,0,0.017938287928700447
B22-183,/fhome/maed/HelicoDataSet/CrossValidation/Annotated/B22-183_1/00788.png,0,0.046353522688150406
B22-183,/fhome/maed/HelicoDataSet/CrossValidation/Annotated/B22-183_1/00704.png,0,0.024947989732027054
B22-183,/fhome/maed/HelicoDataSet/CrossValidation/Annotated/B22-183_1/00801.png,0,0.02930249460041523
B22-183,/fhome/maed/HelicoDataSet/CrossValidation/Annotated/B22-183_1/00472.png,0,0.06307490170001984
B22-59,/fhome/maed/HelicoDataSet/CrossValidation/Annotated/B22-59_1/00254.png,0,0.007458069361746311
B22-59,/fhome/maed/HelicoDataSet/CrossValidation/Annotated/B22-59_1/00198.png,0,0.01201360858976841
B22-59,/fhome/maed/HelicoDataSet/CrossValidation/Annotated/B22-59_1/00355.png,0,0.02197706326842308
B22-59,/fhome/maed/HelicoDataSet/CrossValidation/Annotated/B22-59_1/00137.png,0,0.02859136089682579
B22-158,/fhome/maed/HelicoDataSet/CrossValidation/Annotated/B22-158_0/01108_Aug4.png,1,0.47175586223602295
B22-158,/fhome/maed/HelicoDataSet/CrossValidation/Annotated/B22-158_0/00764_Aug6.png,1,0.45271095633506775
B22-158,/fhome/maed/HelicoDataSet/CrossValidation/Annotated/B22-158_0/00764_Aug5.png,1,0.460377037525177
B22-158,/fhome/maed/HelicoDataSet/CrossValidation/Annotated/B22-158_0/00764_Aug1.png,1,0.4755890965461731
B22-158,/fhome/maed/HelicoDataSet/CrossValidation/Annotated/B22-158_0/00244_Aug3.png,1,0.5020005702972412
B22-158,/fhome/maed/HelicoDataSet/CrossValidation/Annotated/B22-158_0/00244_Aug2.png,1,0.4742297828197479
B22-158,/fhome/maed/HelicoDataSet/CrossValidation/Annotated/B22-158_0/00244_Aug5.png,1,0.4959865212440491
B22-158,/fhome/maed/HelicoDataSet/CrossValidation/Annotated/B22-158_0/01108_Aug8.png,1,0.41844242811203003
B22-158,/fhome/maed/HelicoDataSet/CrossValidation/Annotated/B22-158_0/01108_Aug2.png,1,0.4369254410266876
B22-158,/fhome/maed/HelicoDataSet/CrossValidation/Annotated/B22-158_0/01108_Aug5.png,1,0.48166078329086304
B22-158,/fhome/maed/HelicoDataSet/CrossValidation/Annotated/B22-158_0/00244_Aug1.png,1,0.46999040246009827
B22-158,/fhome/maed/HelicoDataSet/CrossValidation/Annotated/B22-158_0/00764.png,1,0.4799489974975586
B22-158,/fhome/maed/HelicoDataSet/CrossValidation/Annotated/B22-158_0/01108.png,1,0.418634831905365
B22-158,/fhome/maed/HelicoDataSet/CrossValidation/Annotated/B22-158_0/00764_Aug4.png,1,0.4669070243835449
B22-158,/fhome/maed/HelicoDataSet/CrossValidation/Annotated/B22-158_0/00764_Aug7.png,1,0.47245779633522034
B22-158,/fhome/maed/HelicoDataSet/CrossValidation/Annotated/B22-158_0/00764_Aug2.png,1,0.479576975107193
B22-158,/fhome/maed/HelicoDataSet/CrossValidation/Annotated/B22-158_0/00244.png,1,0.45632266998291016
B22-158,/fhome/maed/HelicoDataSet/CrossValidation/Annotated/B22-158_0/00244_Aug8.png,1,0.4875592887401581
B22-158,/fhome/maed/HelicoDataSet/CrossValidation/Annotated/B22-158_0/01108_Aug1.png,1,0.47420963644981384
B22-158,/fhome/maed/HelicoDataSet/CrossValidation/Annotated/B22-158_0/01108_Aug3.png,1,0.47450923919677734
B22-158,/fhome/maed/HelicoDataSet/CrossValidation/Annotated/B22-158_0/00764_Aug3.png,1,0.44874587655067444
B22-158,/fhome/maed/HelicoDataSet/CrossValidation/Annotated/B22-158_0/01108_Aug6.png,1,0.47844186425209045
B22-158,/fhome/maed/HelicoDataSet/CrossValidation/Annotated/B22-158_0/00244_Aug6.png,1,0.4589783847332001
B22-158,/fhome/maed/HelicoDataSet/CrossValidation/Annotated/B22-158_0/00244_Aug7.png,1,0.49319860339164734
B22-158,/fhome/maed/HelicoDataSet/CrossValidation/Annotated/B22-158_0/00244_Aug4.png,1,0.48552289605140686
B22-158,/fhome/maed/HelicoDataSet/CrossValidation/Annotated/B22-158_0/00764_Aug8.png,1,0.44500789046287537
B22-158,/fhome/maed/HelicoDataSet/CrossValidation/Annotated/B22-158_0/00091.png,0,0.4478466808795929
B22-158,/fhome/maed/HelicoDataSet/CrossValidation/Annotated/B22-158_0/01108_Aug7.png,1,0.44603317975997925
B22-158,/fhome/maed/HelicoDataSet/CrossValidation/Annotated/B22-158_0/00969.png,0,0.13525007665157318
B22-251,/fhome/maed/HelicoDataSet/CrossValidation/Annotated/B22-251_0/01295.png,0,0.02536587417125702
B22-251,/fhome/maed/HelicoDataSet/CrossValidation/Annotated/B22-251_0/00210.png,0,0.07710066437721252
B22-251,/fhome/maed/HelicoDataSet/CrossValidation/Annotated/B22-251_0/01286.png,0,0.2312088906764984
B22-151,/fhome/maed/HelicoDataSet/CrossValidation/Annotated/B22-151_0/04625.png,0,0.020245574414730072
B22-151,/fhome/maed/HelicoDataSet/CrossValidation/Annotated/B22-151_0/00142.png,0,0.019687531515955925
B22-151,/fhome/maed/HelicoDataSet/CrossValidation/Annotated/B22-151_0/00678.png,0,0.39751115441322327
B22-151,/fhome/maed/HelicoDataSet/CrossValidation/Annotated/B22-151_0/07681.png,0,0.032438766211271286
B22-151,/fhome/maed/HelicoDataSet/CrossValidation/Annotated/B22-151_0/00458.png,0,0.3894677460193634
B22-151,/fhome/maed/HelicoDataSet/CrossValidation/Annotated/B22-151_0/00002.png,0,0.4551883935928345
B22-151,/fhome/maed/HelicoDataSet/CrossValidation/Annotated/B22-151_0/04353.png,0,0.3391481041908264
B22-151,/fhome/maed/HelicoDataSet/CrossValidation/Annotated/B22-151_0/00147.png,0,0.017630673944950104
B22-151,/fhome/maed/HelicoDataSet/CrossValidation/Annotated/B22-151_0/00146.png,0,0.012489990331232548
B22-151,/fhome/maed/HelicoDataSet/CrossValidation/Annotated/B22-151_0/07330.png,0,0.04143176227807999
B22-151,/fhome/maed/HelicoDataSet/CrossValidation/Annotated/B22-151_0/03310.png,0,0.014171525835990906
B22-151,/fhome/maed/HelicoDataSet/CrossValidation/Annotated/B22-151_0/00092.png,0,0.01974819228053093
B22-151,/fhome/maed/HelicoDataSet/CrossValidation/Annotated/B22-151_0/00100.png,0,0.0630531907081604
B22-151,/fhome/maed/HelicoDataSet/CrossValidation/Annotated/B22-151_0/00095.png,0,0.026343289762735367
B22-151,/fhome/maed/HelicoDataSet/CrossValidation/Annotated/B22-151_0/03312.png,0,0.20007465779781342
B22-151,/fhome/maed/HelicoDataSet/CrossValidation/Annotated/B22-151_0/05153.png,0,0.02103099413216114
B22-151,/fhome/maed/HelicoDataSet/CrossValidation/Annotated/B22-151_0/00677.png,0,0.08636226505041122
B22-151,/fhome/maed/HelicoDataSet/CrossValidation/Annotated/B22-151_0/00140.png,0,0.030823778361082077
B22-151,/fhome/maed/HelicoDataSet/CrossValidation/Annotated/B22-151_0/00676.png,0,0.3943382799625397
B22-151,/fhome/maed/HelicoDataSet/CrossValidation/Annotated/B22-151_0/00186.png,0,0.02005842886865139
B22-151,/fhome/maed/HelicoDataSet/CrossValidation/Annotated/B22-151_0/00148.png,0,0.014990394935011864
B22-151,/fhome/maed/HelicoDataSet/CrossValidation/Annotated/B22-151_0/07374.png,0,0.03337400034070015
B22-151,/fhome/maed/HelicoDataSet/CrossValidation/Annotated/B22-151_0/00093.png,0,0.014408250339329243
B22-151,/fhome/maed/HelicoDataSet/CrossValidation/Annotated/B22-151_0/06042.png,0,0.015269291587173939
B22-151,/fhome/maed/HelicoDataSet/CrossValidation/Annotated/B22-151_0/06132.png,0,0.39425477385520935
B22-151,/fhome/maed/HelicoDataSet/CrossValidation/Annotated/B22-151_0/06558.png,0,0.022740593180060387
B22-92,/fhome/maed/HelicoDataSet/CrossValidation/Annotated/B22-92_1/00586.png,0,0.005418508779257536
B22-92,/fhome/maed/HelicoDataSet/CrossValidation/Annotated/B22-92_1/00235.png,0,0.008572070859372616
B22-92,/fhome/maed/HelicoDataSet/CrossValidation/Annotated/B22-92_1/00678.png,0,0.018536537885665894
B22-92,/fhome/maed/HelicoDataSet/CrossValidation/Annotated/B22-92_1/00346.png,0,0.015959909185767174
B22-92,/fhome/maed/HelicoDataSet/CrossValidation/Annotated/B22-92_1/00341.png,0,0.017547661438584328
B22-92,/fhome/maed/HelicoDataSet/CrossValidation/Annotated/B22-92_1/00485.png,0,0.002581367501989007
B22-92,/fhome/maed/HelicoDataSet/CrossValidation/Annotated/B22-92_1/00307.png,0,0.015841426327824593
B22-92,/fhome/maed/HelicoDataSet/CrossValidation/Annotated/B22-92_1/00517.png,0,0.0235044676810503
B22-92,/fhome/maed/HelicoDataSet/CrossValidation/Annotated/B22-92_1/00395.png,0,0.00396714685484767
B22-92,/fhome/maed/HelicoDataSet/CrossValidation/Annotated/B22-92_1/00676.png,0,0.017612645402550697
B22-92,/fhome/maed/HelicoDataSet/CrossValidation/Annotated/B22-92_1/00558.png,0,0.012434188276529312
B22-92,/fhome/maed/HelicoDataSet/CrossValidation/Annotated/B22-92_1/00619.png,0,0.008034954778850079
B22-92,/fhome/maed/HelicoDataSet/CrossValidation/Annotated/B22-92_1/00305.png,0,0.01606370322406292
B22-276,/fhome/maed/HelicoDataSet/CrossValidation/Annotated/B22-276_0/00776.png,0,0.4642712473869324
B22-276,/fhome/maed/HelicoDataSet/CrossValidation/Annotated/B22-276_0/01019.png,0,0.4186275899410248
B22-276,/fhome/maed/HelicoDataSet/CrossValidation/Annotated/B22-276_0/00162.png,0,0.3885403573513031
B22-276,/fhome/maed/HelicoDataSet/CrossValidation/Annotated/B22-276_0/01263.png,0,0.06845882534980774
B22-77,/fhome/maed/HelicoDataSet/CrossValidation/Annotated/B22-77_0/00442.png,0,0.02820439077913761
B22-77,/fhome/maed/HelicoDataSet/CrossValidation/Annotated/B22-77_0/01326.png,0,0.049837492406368256
B22-77,/fhome/maed/HelicoDataSet/CrossValidation/Annotated/B22-77_0/01657.png,0,0.016379164531826973
B22-77,/fhome/maed/HelicoDataSet/CrossValidation/Annotated/B22-77_0/01649.png,0,0.018931888043880463
B22-277,/fhome/maed/HelicoDataSet/CrossValidation/Annotated/B22-277_0/00601_Aug5.png,1,0.5960462689399719
B22-277,/fhome/maed/HelicoDataSet/CrossValidation/Annotated/B22-277_0/01139.png,0,0.010533724911510944
B22-277,/fhome/maed/HelicoDataSet/CrossValidation/Annotated/B22-277_0/00601_Aug4.png,1,0.5938119292259216
B22-277,/fhome/maed/HelicoDataSet/CrossValidation/Annotated/B22-277_0/00910.png,0,0.036341991275548935
B22-277,/fhome/maed/HelicoDataSet/CrossValidation/Annotated/B22-277_0/00601_Aug6.png,1,0.5941896438598633
B22-277,/fhome/maed/HelicoDataSet/CrossValidation/Annotated/B22-277_0/00212.png,0,0.28470954298973083
B22-277,/fhome/maed/HelicoDataSet/CrossValidation/Annotated/B22-277_0/00601_Aug2.png,1,0.5846081972122192
B22-277,/fhome/maed/HelicoDataSet/CrossValidation/Annotated/B22-277_0/01338.png,0,0.014420817606151104
B22-277,/fhome/maed/HelicoDataSet/CrossValidation/Annotated/B22-277_0/00601_Aug7.png,1,0.5942528247833252
B22-277,/fhome/maed/HelicoDataSet/CrossValidation/Annotated/B22-277_0/00601.png,1,0.572348952293396
B22-277,/fhome/maed/HelicoDataSet/CrossValidation/Annotated/B22-277_0/00601_Aug3.png,1,0.5728898048400879
B22-277,/fhome/maed/HelicoDataSet/CrossValidation/Annotated/B22-277_0/00601_Aug1.png,1,0.5720241665840149
B22-277,/fhome/maed/HelicoDataSet/CrossValidation/Annotated/B22-277_0/00601_Aug8.png,1,0.5997079610824585
B22-192,/fhome/maed/HelicoDataSet/CrossValidation/Annotated/B22-192_1/00524.png,0,0.04421788826584816
B22-192,/fhome/maed/HelicoDataSet/CrossValidation/Annotated/B22-192_1/00520.png,0,0.17422890663146973
B22-192,/fhome/maed/HelicoDataSet/CrossValidation/Annotated/B22-192_1/00373.png,0,0.01614495925605297
B22-192,/fhome/maed/HelicoDataSet/CrossValidation/Annotated/B22-192_1/00203.png,0,0.021826451644301414
B22-192,/fhome/maed/HelicoDataSet/CrossValidation/Annotated/B22-192_1/00245.png,0,0.030504563823342323
B22-178,/fhome/maed/HelicoDataSet/CrossValidation/Annotated/B22-178_0/01111.png,0,0.011613057926297188
B22-248,/fhome/maed/HelicoDataSet/CrossValidation/Annotated/B22-248_0/01335.png,0,0.008638130500912666
B22-248,/fhome/maed/HelicoDataSet/CrossValidation/Annotated/B22-248_0/01337.png,0,0.005302198696881533
B22-248,/fhome/maed/HelicoDataSet/CrossValidation/Annotated/B22-248_0/01340.png,0,0.18757833540439606
B22-248,/fhome/maed/HelicoDataSet/CrossValidation/Annotated/B22-248_0/01338.png,0,0.09117256850004196
B22-248,/fhome/maed/HelicoDataSet/CrossValidation/Annotated/B22-248_0/01336.png,0,0.032130446285009384
B22-248,/fhome/maed/HelicoDataSet/CrossValidation/Annotated/B22-248_0/01333.png,0,0.005582043435424566
B22-248,/fhome/maed/HelicoDataSet/CrossValidation/Annotated/B22-248_0/01332.png,0,0.016864746809005737
B22-248,/fhome/maed/HelicoDataSet/CrossValidation/Annotated/B22-248_0/01334.png,0,0.005804330576211214
B22-248,/fhome/maed/HelicoDataSet/CrossValidation/Annotated/B22-248_0/01339.png,0,0.006488974206149578
B22-181,/fhome/maed/HelicoDataSet/CrossValidation/Annotated/B22-181_1/01289.png,0,0.03739934414625168
B22-27,/fhome/maed/HelicoDataSet/CrossValidation/Annotated/B22-27_0/00200.png,0,0.20350000262260437
B22-27,/fhome/maed/HelicoDataSet/CrossValidation/Annotated/B22-27_0/02438.png,0,0.017859546467661858
B22-27,/fhome/maed/HelicoDataSet/CrossValidation/Annotated/B22-27_0/01419.png,0,0.011323847807943821
B22-27,/fhome/maed/HelicoDataSet/CrossValidation/Annotated/B22-27_0/01861.png,0,0.06306499987840652
B22-126,/fhome/maed/HelicoDataSet/CrossValidation/Annotated/B22-126_0/01535_Aug6.png,1,0.5135622620582581
B22-126,/fhome/maed/HelicoDataSet/CrossValidation/Annotated/B22-126_0/00664_Aug5.png,1,0.4766339063644409
B22-126,/fhome/maed/HelicoDataSet/CrossValidation/Annotated/B22-126_0/00667_Aug5.png,1,0.46100059151649475
B22-126,/fhome/maed/HelicoDataSet/CrossValidation/Annotated/B22-126_0/01535_Aug3.png,1,0.541458010673523
B22-126,/fhome/maed/HelicoDataSet/CrossValidation/Annotated/B22-126_0/01176_Aug5.png,1,0.39062926173210144
B22-126,/fhome/maed/HelicoDataSet/CrossValidation/Annotated/B22-126_0/01144_Aug3.png,1,0.4995230436325073
B22-126,/fhome/maed/HelicoDataSet/CrossValidation/Annotated/B22-126_0/01239_Aug7.png,1,0.44650211930274963
B22-126,/fhome/maed/HelicoDataSet/CrossValidation/Annotated/B22-126_0/01537_Aug1.png,1,0.5013402700424194
B22-126,/fhome/maed/HelicoDataSet/CrossValidation/Annotated/B22-126_0/01387_Aug3.png,1,0.5539419054985046
B22-126,/fhome/maed/HelicoDataSet/CrossValidation/Annotated/B22-126_0/01176_Aug8.png,1,0.2400307059288025
B22-126,/fhome/maed/HelicoDataSet/CrossValidation/Annotated/B22-126_0/00664_Aug1.png,1,0.48601117730140686
B22-126,/fhome/maed/HelicoDataSet/CrossValidation/Annotated/B22-126_0/01728.png,1,0.4125185012817383
B22-126,/fhome/maed/HelicoDataSet/CrossValidation/Annotated/B22-126_0/01734_Aug5.png,1,0.36539047956466675
B22-126,/fhome/maed/HelicoDataSet/CrossValidation/Annotated/B22-126_0/01535_Aug2.png,1,0.5175923109054565
B22-126,/fhome/maed/HelicoDataSet/CrossValidation/Annotated/B22-126_0/01144_Aug8.png,1,0.4188285171985626
B22-126,/fhome/maed/HelicoDataSet/CrossValidation/Annotated/B22-126_0/01387_Aug1.png,1,0.5444805026054382
B22-126,/fhome/maed/HelicoDataSet/CrossValidation/Annotated/B22-126_0/01483_Aug8.png,1,0.40826430916786194
B22-126,/fhome/maed/HelicoDataSet/CrossValidation/Annotated/B22-126_0/00667_Aug1.png,1,0.4633549749851227
B22-126,/fhome/maed/HelicoDataSet/CrossValidation/Annotated/B22-126_0/01562_Aug8.png,1,0.45830291509628296
B22-126,/fhome/maed/HelicoDataSet/CrossValidation/Annotated/B22-126_0/01535_Aug4.png,1,0.5102173089981079
B22-126,/fhome/maed/HelicoDataSet/CrossValidation/Annotated/B22-126_0/00664_Aug4.png,1,0.4835110306739807
B22-126,/fhome/maed/HelicoDataSet/CrossValidation/Annotated/B22-126_0/01728_Aug1.png,1,0.3954485356807709
B22-126,/fhome/maed/HelicoDataSet/CrossValidation/Annotated/B22-126_0/01728_Aug5.png,1,0.4616048038005829
B22-126,/fhome/maed/HelicoDataSet/CrossValidation/Annotated/B22-126_0/03081_Aug6.png,1,0.504329264163971
B22-126,/fhome/maed/HelicoDataSet/CrossValidation/Annotated/B22-126_0/01537_Aug7.png,1,0.5194697380065918
B22-126,/fhome/maed/HelicoDataSet/CrossValidation/Annotated/B22-126_0/01537_Aug2.png,1,0.501937210559845
B22-126,/fhome/maed/HelicoDataSet/CrossValidation/Annotated/B22-126_0/01239_Aug5.png,1,0.45311272144317627
B22-126,/fhome/maed/HelicoDataSet/CrossValidation/Annotated/B22-126_0/01387_Aug6.png,1,0.5481497049331665
B22-126,/fhome/maed/HelicoDataSet/CrossValidation/Annotated/B22-126_0/02490.png,0,0.0089805219322443
B22-126,/fhome/maed/HelicoDataSet/CrossValidation/Annotated/B22-126_0/03081_Aug7.png,1,0.5051224231719971
B22-126,/fhome/maed/HelicoDataSet/CrossValidation/Annotated/B22-126_0/03081.png,1,0.4778503179550171
B22-126,/fhome/maed/HelicoDataSet/CrossValidation/Annotated/B22-126_0/01483_Aug6.png,1,0.42546311020851135
B22-126,/fhome/maed/HelicoDataSet/CrossValidation/Annotated/B22-126_0/01734_Aug8.png,1,0.42264246940612793
B22-126,/fhome/maed/HelicoDataSet/CrossValidation/Annotated/B22-126_0/03081_Aug3.png,1,0.49969473481178284
B22-126,/fhome/maed/HelicoDataSet/CrossValidation/Annotated/B22-126_0/01387_Aug7.png,1,0.5404441952705383
B22-126,/fhome/maed/HelicoDataSet/CrossValidation/Annotated/B22-126_0/01387_Aug5.png,1,0.5411569476127625
B22-126,/fhome/maed/HelicoDataSet/CrossValidation/Annotated/B22-126_0/01387_Aug8.png,1,0.5375426411628723
B22-126,/fhome/maed/HelicoDataSet/CrossValidation/Annotated/B22-126_0/01728_Aug2.png,1,0.42410731315612793
B22-126,/fhome/maed/HelicoDataSet/CrossValidation/Annotated/B22-126_0/03081_Aug5.png,1,0.5043292045593262
B22-126,/fhome/maed/HelicoDataSet/CrossValidation/Annotated/B22-126_0/01537_Aug3.png,1,0.5148128271102905
B22-126,/fhome/maed/HelicoDataSet/CrossValidation/Annotated/B22-126_0/03081_Aug4.png,1,0.49969491362571716
B22-126,/fhome/maed/HelicoDataSet/CrossValidation/Annotated/B22-126_0/01239_Aug4.png,1,0.444916695356369
B22-126,/fhome/maed/HelicoDataSet/CrossValidation/Annotated/B22-126_0/00667_Aug3.png,1,0.4218689203262329
B22-126,/fhome/maed/HelicoDataSet/CrossValidation/Annotated/B22-126_0/01537_Aug5.png,1,0.5233947038650513
B22-126,/fhome/maed/HelicoDataSet/CrossValidation/Annotated/B22-126_0/01387_Aug4.png,1,0.54803466796875
B22-126,/fhome/maed/HelicoDataSet/CrossValidation/Annotated/B22-126_0/00667_Aug2.png,1,0.46537289023399353
B22-126,/fhome/maed/HelicoDataSet/CrossValidation/Annotated/B22-126_0/01176_Aug7.png,1,0.24006600677967072
B22-126,/fhome/maed/HelicoDataSet/CrossValidation/Annotated/B22-126_0/01483_Aug1.png,1,0.4698595106601715
B22-126,/fhome/maed/HelicoDataSet/CrossValidation/Annotated/B22-126_0/00664_Aug2.png,1,0.4848099946975708
B22-126,/fhome/maed/HelicoDataSet/CrossValidation/Annotated/B22-126_0/01144_Aug1.png,1,0.5087400674819946
B22-126,/fhome/maed/HelicoDataSet/CrossValidation/Annotated/B22-126_0/00667.png,1,0.47232669591903687
B22-126,/fhome/maed/HelicoDataSet/CrossValidation/Annotated/B22-126_0/01535_Aug7.png,1,0.531802773475647
B22-126,/fhome/maed/HelicoDataSet/CrossValidation/Annotated/B22-126_0/01535.png,1,0.5350008606910706
B22-126,/fhome/maed/HelicoDataSet/CrossValidation/Annotated/B22-126_0/01535_Aug5.png,1,0.5326449275016785
B22-126,/fhome/maed/HelicoDataSet/CrossValidation/Annotated/B22-126_0/01144_Aug6.png,1,0.465876966714859
B22-126,/fhome/maed/HelicoDataSet/CrossValidation/Annotated/B22-126_0/01239_Aug3.png,1,0.46859118342399597
B22-126,/fhome/maed/HelicoDataSet/CrossValidation/Annotated/B22-126_0/01734.png,1,0.3438769280910492
B22-126,/fhome/maed/HelicoDataSet/CrossValidation/Annotated/B22-126_0/01176_Aug4.png,1,0.19864001870155334
B22-126,/fhome/maed/HelicoDataSet/CrossValidation/Annotated/B22-126_0/01176_Aug3.png,1,0.21891124546527863
B22-126,/fhome/maed/HelicoDataSet/CrossValidation/Annotated/B22-126_0/01144_Aug7.png,1,0.4798200726509094
B22-126,/fhome/maed/HelicoDataSet/CrossValidation/Annotated/B22-126_0/00664_Aug7.png,1,0.45098045468330383
B22-126,/fhome/maed/HelicoDataSet/CrossValidation/Annotated/B22-126_0/00664.png,1,0.45024630427360535
B22-126,/fhome/maed/HelicoDataSet/CrossValidation/Annotated/B22-126_0/01483_Aug2.png,1,0.4133586585521698
B22-126,/fhome/maed/HelicoDataSet/CrossValidation/Annotated/B22-126_0/00664_Aug8.png,1,0.47445014119148254
B22-126,/fhome/maed/HelicoDataSet/CrossValidation/Annotated/B22-126_0/00667_Aug4.png,1,0.4987267851829529
B22-126,/fhome/maed/HelicoDataSet/CrossValidation/Annotated/B22-126_0/01483_Aug4.png,1,0.411027193069458
B22-126,/fhome/maed/HelicoDataSet/CrossValidation/Annotated/B22-126_0/00664_Aug6.png,1,0.4580043852329254
B22-126,/fhome/maed/HelicoDataSet/CrossValidation/Annotated/B22-126_0/00667_Aug7.png,1,0.4731011986732483
B22-126,/fhome/maed/HelicoDataSet/CrossValidation/Annotated/B22-126_0/01239_Aug1.png,1,0.4412786066532135
B22-126,/fhome/maed/HelicoDataSet/CrossValidation/Annotated/B22-126_0/01144_Aug2.png,1,0.47827497124671936
B22-126,/fhome/maed/HelicoDataSet/CrossValidation/Annotated/B22-126_0/01562_Aug6.png,1,0.4952859878540039
B22-126,/fhome/maed/HelicoDataSet/CrossValidation/Annotated/B22-126_0/03081_Aug8.png,1,0.5051224827766418
B22-126,/fhome/maed/HelicoDataSet/CrossValidation/Annotated/B22-126_0/01239_Aug2.png,1,0.4382402002811432
B22-126,/fhome/maed/HelicoDataSet/CrossValidation/Annotated/B22-126_0/01239_Aug8.png,1,0.4436926245689392
B22-126,/fhome/maed/HelicoDataSet/CrossValidation/Annotated/B22-126_0/01537.png,1,0.5196148157119751
B22-126,/fhome/maed/HelicoDataSet/CrossValidation/Annotated/B22-126_0/01734_Aug3.png,1,0.30326610803604126
B22-126,/fhome/maed/HelicoDataSet/CrossValidation/Annotated/B22-126_0/01728_Aug8.png,1,0.4240671396255493
B22-126,/fhome/maed/HelicoDataSet/CrossValidation/Annotated/B22-126_0/01176_Aug1.png,1,0.46146637201309204
B22-126,/fhome/maed/HelicoDataSet/CrossValidation/Annotated/B22-126_0/01483_Aug3.png,1,0.45093896985054016
B22-126,/fhome/maed/HelicoDataSet/CrossValidation/Annotated/B22-126_0/01728_Aug6.png,1,0.42409592866897583
B22-126,/fhome/maed/HelicoDataSet/CrossValidation/Annotated/B22-126_0/01387_Aug2.png,1,0.5528971552848816
B22-126,/fhome/maed/HelicoDataSet/CrossValidation/Annotated/B22-126_0/01562.png,1,0.4657065272331238
B22-126,/fhome/maed/HelicoDataSet/CrossValidation/Annotated/B22-126_0/01239_Aug6.png,1,0.44702571630477905
B22-126,/fhome/maed/HelicoDataSet/CrossValidation/Annotated/B22-126_0/01483.png,1,0.45210447907447815
B22-126,/fhome/maed/HelicoDataSet/CrossValidation/Annotated/B22-126_0/01535_Aug8.png,1,0.5171625018119812
B22-126,/fhome/maed/HelicoDataSet/CrossValidation/Annotated/B22-126_0/01483_Aug5.png,1,0.48004040122032166
B22-126,/fhome/maed/HelicoDataSet/CrossValidation/Annotated/B22-126_0/01483_Aug7.png,1,0.4788772761821747
B22-126,/fhome/maed/HelicoDataSet/CrossValidation/Annotated/B22-126_0/01176_Aug2.png,1,0.1876436024904251
B22-126,/fhome/maed/HelicoDataSet/CrossValidation/Annotated/B22-126_0/01728_Aug3.png,1,0.45563358068466187
B22-126,/fhome/maed/HelicoDataSet/CrossValidation/Annotated/B22-126_0/01537_Aug6.png,1,0.48714524507522583
B22-126,/fhome/maed/HelicoDataSet/CrossValidation/Annotated/B22-126_0/01734_Aug2.png,1,0.25816160440444946
B22-126,/fhome/maed/HelicoDataSet/CrossValidation/Annotated/B22-126_0/01562_Aug4.png,1,0.43550071120262146
B22-126,/fhome/maed/HelicoDataSet/CrossValidation/Annotated/B22-126_0/00667_Aug6.png,1,0.47877994179725647
B22-126,/fhome/maed/HelicoDataSet/CrossValidation/Annotated/B22-126_0/01176.png,1,0.30439338088035583
B22-126,/fhome/maed/HelicoDataSet/CrossValidation/Annotated/B22-126_0/01239.png,1,0.45698705315589905
B22-126,/fhome/maed/HelicoDataSet/CrossValidation/Annotated/B22-126_0/01734_Aug7.png,1,0.3961794078350067
B22-126,/fhome/maed/HelicoDataSet/CrossValidation/Annotated/B22-126_0/03081_Aug2.png,1,0.5008714199066162
B22-126,/fhome/maed/HelicoDataSet/CrossValidation/Annotated/B22-126_0/01535_Aug1.png,1,0.5358127951622009
B22-126,/fhome/maed/HelicoDataSet/CrossValidation/Annotated/B22-126_0/00664_Aug3.png,1,0.4157603681087494
B22-126,/fhome/maed/HelicoDataSet/CrossValidation/Annotated/B22-126_0/01734_Aug4.png,1,0.36221063137054443
B22-126,/fhome/maed/HelicoDataSet/CrossValidation/Annotated/B22-126_0/01144.png,1,0.48898687958717346
B22-126,/fhome/maed/HelicoDataSet/CrossValidation/Annotated/B22-126_0/01176_Aug6.png,1,0.32636862993240356
B22-126,/fhome/maed/HelicoDataSet/CrossValidation/Annotated/B22-126_0/01734_Aug6.png,1,0.34208598732948303
B22-126,/fhome/maed/HelicoDataSet/CrossValidation/Annotated/B22-126_0/01728_Aug7.png,1,0.4254835844039917
B22-126,/fhome/maed/HelicoDataSet/CrossValidation/Annotated/B22-126_0/01387.png,1,0.5586651563644409
B22-126,/fhome/maed/HelicoDataSet/CrossValidation/Annotated/B22-126_0/01537_Aug4.png,1,0.5045990943908691
B22-126,/fhome/maed/HelicoDataSet/CrossValidation/Annotated/B22-126_0/01144_Aug4.png,1,0.4816858768463135
B22-126,/fhome/maed/HelicoDataSet/CrossValidation/Annotated/B22-126_0/01734_Aug1.png,1,0.2953568696975708
B22-126,/fhome/maed/HelicoDataSet/CrossValidation/Annotated/B22-126_0/01537_Aug8.png,1,0.49358296394348145
B22-126,/fhome/maed/HelicoDataSet/CrossValidation/Annotated/B22-126_0/00667_Aug8.png,1,0.4564949572086334
B22-126,/fhome/maed/HelicoDataSet/CrossValidation/Annotated/B22-126_0/01728_Aug4.png,1,0.4241069555282593
B22-126,/fhome/maed/HelicoDataSet/CrossValidation/Annotated/B22-126_0/01144_Aug5.png,1,0.49701178073883057
B22-126,/fhome/maed/HelicoDataSet/CrossValidation/Annotated/B22-126_0/01562_Aug2.png,1,0.43436530232429504
B22-126,/fhome/maed/HelicoDataSet/CrossValidation/Annotated/B22-126_0/03081_Aug1.png,1,0.5008713006973267
B22-187,/fhome/maed/HelicoDataSet/CrossValidation/Annotated/B22-187_0/00692.png,0,0.37490537762641907
B22-187,/fhome/maed/HelicoDataSet/CrossValidation/Annotated/B22-187_0/00588.png,0,0.01641620323061943
B22-187,/fhome/maed/HelicoDataSet/CrossValidation/Annotated/B22-187_0/00688.png,0,0.0652940422296524
B22-187,/fhome/maed/HelicoDataSet/CrossValidation/Annotated/B22-187_0/00591.png,0,0.01599474996328354
B22-187,/fhome/maed/HelicoDataSet/CrossValidation/Annotated/B22-187_0/00726.png,0,0.08583053946495056
B22-187,/fhome/maed/HelicoDataSet/CrossValidation/Annotated/B22-187_0/00731.png,0,0.014542610384523869
B22-173,/fhome/maed/HelicoDataSet/CrossValidation/Annotated/B22-173_1/00375.png,0,0.015737663954496384
B22-173,/fhome/maed/HelicoDataSet/CrossValidation/Annotated/B22-173_1/00260.png,0,0.012737085111439228
B22-173,/fhome/maed/HelicoDataSet/CrossValidation/Annotated/B22-173_1/00207.png,0,0.27996766567230225
B22-173,/fhome/maed/HelicoDataSet/CrossValidation/Annotated/B22-173_1/00316.png,0,0.007804218679666519
B22-28,/fhome/maed/HelicoDataSet/CrossValidation/Annotated/B22-28_1/00131.png,0,0.021609308198094368
B22-28,/fhome/maed/HelicoDataSet/CrossValidation/Annotated/B22-28_1/00025.png,0,0.26070740818977356
B22-28,/fhome/maed/HelicoDataSet/CrossValidation/Annotated/B22-28_1/00349.png,0,0.019001904875040054
B22-28,/fhome/maed/HelicoDataSet/CrossValidation/Annotated/B22-28_1/00272.png,0,0.2523721754550934
B22-28,/fhome/maed/HelicoDataSet/CrossValidation/Annotated/B22-28_1/00095.png,0,0.016731470823287964
B22-28,/fhome/maed/HelicoDataSet/CrossValidation/Annotated/B22-28_1/00029.png,0,0.20712468028068542
B22-28,/fhome/maed/HelicoDataSet/CrossValidation/Annotated/B22-28_1/00249.png,0,0.032455772161483765
B22-110,/fhome/maed/HelicoDataSet/CrossValidation/Annotated/B22-110_1/00614.png,0,0.005706447176635265
B22-110,/fhome/maed/HelicoDataSet/CrossValidation/Annotated/B22-110_1/00045.png,0,0.010219793766736984
B22-110,/fhome/maed/HelicoDataSet/CrossValidation/Annotated/B22-110_1/00006.png,0,0.01590857096016407
B22-249,/fhome/maed/HelicoDataSet/CrossValidation/Annotated/B22-249_0/00183_Aug5.png,1,0.42104658484458923
B22-249,/fhome/maed/HelicoDataSet/CrossValidation/Annotated/B22-249_0/01018.png,0,0.016535034403204918
B22-249,/fhome/maed/HelicoDataSet/CrossValidation/Annotated/B22-249_0/00929.png,0,0.19133640825748444
B22-249,/fhome/maed/HelicoDataSet/CrossValidation/Annotated/B22-249_0/01050.png,0,0.1682245135307312
B22-249,/fhome/maed/HelicoDataSet/CrossValidation/Annotated/B22-249_0/00892.png,0,0.010111573152244091
B22-249,/fhome/maed/HelicoDataSet/CrossValidation/Annotated/B22-249_0/00183_Aug6.png,1,0.4415266811847687
B22-249,/fhome/maed/HelicoDataSet/CrossValidation/Annotated/B22-249_0/00183_Aug2.png,1,0.4390026032924652
B22-249,/fhome/maed/HelicoDataSet/CrossValidation/Annotated/B22-249_0/00183.png,1,0.4831176996231079
B22-249,/fhome/maed/HelicoDataSet/CrossValidation/Annotated/B22-249_0/00183_Aug3.png,1,0.4744872748851776
B22-249,/fhome/maed/HelicoDataSet/CrossValidation/Annotated/B22-249_0/00183_Aug4.png,1,0.4359494745731354
B22-249,/fhome/maed/HelicoDataSet/CrossValidation/Annotated/B22-249_0/00183_Aug7.png,1,0.3965396285057068
B22-249,/fhome/maed/HelicoDataSet/CrossValidation/Annotated/B22-249_0/00162.png,0,0.018748681992292404
B22-249,/fhome/maed/HelicoDataSet/CrossValidation/Annotated/B22-249_0/00183_Aug1.png,1,0.4293367266654968
B22-249,/fhome/maed/HelicoDataSet/CrossValidation/Annotated/B22-249_0/00183_Aug8.png,1,0.46115726232528687
B22-249,/fhome/maed/HelicoDataSet/CrossValidation/Annotated/B22-249_0/01200.png,0,0.1429641842842102
B22-249,/fhome/maed/HelicoDataSet/CrossValidation/Annotated/B22-249_0/01053.png,0,0.24126234650611877
B22-179,/fhome/maed/HelicoDataSet/CrossValidation/Annotated/B22-179_1/00315.png,0,0.017513591796159744
B22-25,/fhome/maed/HelicoDataSet/CrossValidation/Annotated/B22-25_0/02817.png,0,0.2687787711620331
B22-25,/fhome/maed/HelicoDataSet/CrossValidation/Annotated/B22-25_0/02816.png,0,0.013726647943258286
B22-108,/fhome/maed/HelicoDataSet/CrossValidation/Annotated/B22-108_0/00080.png,0,0.057227395474910736
B22-108,/fhome/maed/HelicoDataSet/CrossValidation/Annotated/B22-108_0/00022.png,0,0.018731622025370598
B22-108,/fhome/maed/HelicoDataSet/CrossValidation/Annotated/B22-108_0/00023.png,0,0.015381294302642345
B22-57,/fhome/maed/HelicoDataSet/CrossValidation/Annotated/B22-57_0/01142.png,0,0.03809298574924469
B22-57,/fhome/maed/HelicoDataSet/CrossValidation/Annotated/B22-57_0/01145.png,0,0.018552789464592934
B22-57,/fhome/maed/HelicoDataSet/CrossValidation/Annotated/B22-57_0/01144.png,0,0.012825500220060349
B22-57,/fhome/maed/HelicoDataSet/CrossValidation/Annotated/B22-57_0/00001.png,0,0.0690387561917305
B22-172,/fhome/maed/HelicoDataSet/CrossValidation/Annotated/B22-172_0/01401.png,0,0.01792697235941887
B22-172,/fhome/maed/HelicoDataSet/CrossValidation/Annotated/B22-172_0/00101.png,0,0.19484634697437286
B22-172,/fhome/maed/HelicoDataSet/CrossValidation/Annotated/B22-172_0/01205.png,0,0.06508792191743851
B22-172,/fhome/maed/HelicoDataSet/CrossValidation/Annotated/B22-172_0/00447.png,0,0.017691299319267273
B22-172,/fhome/maed/HelicoDataSet/CrossValidation/Annotated/B22-172_0/01230.png,0,0.15530657768249512
B22-172,/fhome/maed/HelicoDataSet/CrossValidation/Annotated/B22-172_0/01400.png,0,0.0063389940187335014
B22-172,/fhome/maed/HelicoDataSet/CrossValidation/Annotated/B22-172_0/01207.png,0,0.056762225925922394
B22-172,/fhome/maed/HelicoDataSet/CrossValidation/Annotated/B22-172_0/01206.png,0,0.007964855059981346
B22-172,/fhome/maed/HelicoDataSet/CrossValidation/Annotated/B22-172_0/01229.png,0,0.0055278814397752285
B22-142,/fhome/maed/HelicoDataSet/CrossValidation/Annotated/B22-142_0/00087.png,0,0.018965771421790123
B22-170,/fhome/maed/HelicoDataSet/CrossValidation/Annotated/B22-170_0/01015_Aug7.png,1,0.47469204664230347
B22-170,/fhome/maed/HelicoDataSet/CrossValidation/Annotated/B22-170_0/00949_Aug6.png,1,0.4527011513710022
B22-170,/fhome/maed/HelicoDataSet/CrossValidation/Annotated/B22-170_0/01094_Aug1.png,1,0.5144293308258057
B22-170,/fhome/maed/HelicoDataSet/CrossValidation/Annotated/B22-170_0/01094_Aug4.png,1,0.5149264931678772
B22-170,/fhome/maed/HelicoDataSet/CrossValidation/Annotated/B22-170_0/00949_Aug3.png,1,0.3612482249736786
B22-170,/fhome/maed/HelicoDataSet/CrossValidation/Annotated/B22-170_0/00949_Aug7.png,1,0.389929860830307
B22-170,/fhome/maed/HelicoDataSet/CrossValidation/Annotated/B22-170_0/00949.png,1,0.4490565359592438
B22-170,/fhome/maed/HelicoDataSet/CrossValidation/Annotated/B22-170_0/00254.png,0,0.03758804872632027
B22-170,/fhome/maed/HelicoDataSet/CrossValidation/Annotated/B22-170_0/01094_Aug8.png,1,0.5155447721481323
B22-170,/fhome/maed/HelicoDataSet/CrossValidation/Annotated/B22-170_0/01015_Aug6.png,1,0.4763060212135315
B22-170,/fhome/maed/HelicoDataSet/CrossValidation/Annotated/B22-170_0/01094_Aug3.png,1,0.5147587656974792
B22-170,/fhome/maed/HelicoDataSet/CrossValidation/Annotated/B22-170_0/00793.png,0,0.01825219951570034
B22-170,/fhome/maed/HelicoDataSet/CrossValidation/Annotated/B22-170_0/01015_Aug3.png,1,0.4914116859436035
B22-170,/fhome/maed/HelicoDataSet/CrossValidation/Annotated/B22-170_0/01015_Aug8.png,1,0.4913794994354248
B22-170,/fhome/maed/HelicoDataSet/CrossValidation/Annotated/B22-170_0/01094_Aug7.png,1,0.5174463987350464
B22-170,/fhome/maed/HelicoDataSet/CrossValidation/Annotated/B22-170_0/01094.png,1,0.516463041305542
B22-170,/fhome/maed/HelicoDataSet/CrossValidation/Annotated/B22-170_0/00949_Aug8.png,1,0.45004206895828247
B22-170,/fhome/maed/HelicoDataSet/CrossValidation/Annotated/B22-170_0/01015_Aug4.png,1,0.4763166308403015
B22-170,/fhome/maed/HelicoDataSet/CrossValidation/Annotated/B22-170_0/00949_Aug1.png,1,0.38996684551239014
B22-170,/fhome/maed/HelicoDataSet/CrossValidation/Annotated/B22-170_0/00949_Aug4.png,1,0.4410892724990845
B22-170,/fhome/maed/HelicoDataSet/CrossValidation/Annotated/B22-170_0/00949_Aug2.png,1,0.456714004278183
B22-170,/fhome/maed/HelicoDataSet/CrossValidation/Annotated/B22-170_0/01095.png,0,0.020684445276856422
B22-170,/fhome/maed/HelicoDataSet/CrossValidation/Annotated/B22-170_0/01094_Aug6.png,1,0.5060162544250488
B22-170,/fhome/maed/HelicoDataSet/CrossValidation/Annotated/B22-170_0/01094_Aug5.png,1,0.5185882449150085
B22-170,/fhome/maed/HelicoDataSet/CrossValidation/Annotated/B22-170_0/00303.png,0,0.02043825201690197
B22-170,/fhome/maed/HelicoDataSet/CrossValidation/Annotated/B22-170_0/01015_Aug5.png,1,0.4831283390522003
B22-170,/fhome/maed/HelicoDataSet/CrossValidation/Annotated/B22-170_0/01015_Aug2.png,1,0.4905203580856323
B22-170,/fhome/maed/HelicoDataSet/CrossValidation/Annotated/B22-170_0/01094_Aug2.png,1,0.5196411609649658
B22-170,/fhome/maed/HelicoDataSet/CrossValidation/Annotated/B22-170_0/00055.png,0,0.00473987078294158
B22-170,/fhome/maed/HelicoDataSet/CrossValidation/Annotated/B22-170_0/00949_Aug5.png,1,0.4399484395980835
B22-170,/fhome/maed/HelicoDataSet/CrossValidation/Annotated/B22-170_0/01015.png,1,0.5001857280731201
B22-170,/fhome/maed/HelicoDataSet/CrossValidation/Annotated/B22-170_0/01015_Aug1.png,1,0.4838111698627472
B22-296,/fhome/maed/HelicoDataSet/CrossValidation/Annotated/B22-296_0/00307_Aug8.png,1,0.37897077202796936
B22-296,/fhome/maed/HelicoDataSet/CrossValidation/Annotated/B22-296_0/00307_Aug2.png,1,0.4506428837776184
B22-296,/fhome/maed/HelicoDataSet/CrossValidation/Annotated/B22-296_0/00307_Aug4.png,1,0.4968366026878357
B22-296,/fhome/maed/HelicoDataSet/CrossValidation/Annotated/B22-296_0/00307_Aug7.png,1,0.4502369463443756
B22-296,/fhome/maed/HelicoDataSet/CrossValidation/Annotated/B22-296_0/00307.png,1,0.47344541549682617
B22-296,/fhome/maed/HelicoDataSet/CrossValidation/Annotated/B22-296_0/00307_Aug3.png,1,0.4454684555530548
B22-296,/fhome/maed/HelicoDataSet/CrossValidation/Annotated/B22-296_0/00307_Aug6.png,1,0.4825492799282074
B22-296,/fhome/maed/HelicoDataSet/CrossValidation/Annotated/B22-296_0/00307_Aug5.png,1,0.47875064611434937
B22-296,/fhome/maed/HelicoDataSet/CrossValidation/Annotated/B22-296_0/00307_Aug1.png,1,0.4897100329399109
B22-109,/fhome/maed/HelicoDataSet/CrossValidation/Annotated/B22-109_0/00322.png,0,0.009249520488083363
B22-109,/fhome/maed/HelicoDataSet/CrossValidation/Annotated/B22-109_0/00323.png,0,0.017705760896205902
B22-109,/fhome/maed/HelicoDataSet/CrossValidation/Annotated/B22-109_0/00017.png,0,0.009718259796500206
B22-109,/fhome/maed/HelicoDataSet/CrossValidation/Annotated/B22-109_0/00320.png,0,0.017774464562535286
B22-303,/fhome/maed/HelicoDataSet/CrossValidation/Annotated/B22-303_0/00123_Aug6.png,1,0.4443863332271576
B22-303,/fhome/maed/HelicoDataSet/CrossValidation/Annotated/B22-303_0/00106_Aug7.png,1,0.4818771481513977
B22-303,/fhome/maed/HelicoDataSet/CrossValidation/Annotated/B22-303_0/00093_Aug2.png,1,0.4702002704143524
B22-303,/fhome/maed/HelicoDataSet/CrossValidation/Annotated/B22-303_0/00093_Aug3.png,1,0.48016923666000366
B22-303,/fhome/maed/HelicoDataSet/CrossValidation/Annotated/B22-303_0/00602_Aug8.png,1,0.4620901346206665
B22-303,/fhome/maed/HelicoDataSet/CrossValidation/Annotated/B22-303_0/00093_Aug8.png,1,0.5076745748519897
B22-303,/fhome/maed/HelicoDataSet/CrossValidation/Annotated/B22-303_0/00123_Aug4.png,1,0.482562780380249
B22-303,/fhome/maed/HelicoDataSet/CrossValidation/Annotated/B22-303_0/00106.png,1,0.4696066975593567
B22-303,/fhome/maed/HelicoDataSet/CrossValidation/Annotated/B22-303_0/00602_Aug1.png,1,0.5047165751457214
B22-303,/fhome/maed/HelicoDataSet/CrossValidation/Annotated/B22-303_0/00106_Aug8.png,1,0.48146116733551025
B22-303,/fhome/maed/HelicoDataSet/CrossValidation/Annotated/B22-303_0/00106_Aug2.png,1,0.47686541080474854
B22-303,/fhome/maed/HelicoDataSet/CrossValidation/Annotated/B22-303_0/00106_Aug4.png,1,0.4537694454193115
B22-303,/fhome/maed/HelicoDataSet/CrossValidation/Annotated/B22-303_0/00106_Aug1.png,1,0.47892048954963684
B22-303,/fhome/maed/HelicoDataSet/CrossValidation/Annotated/B22-303_0/00093_Aug7.png,1,0.4936574101448059
B22-303,/fhome/maed/HelicoDataSet/CrossValidation/Annotated/B22-303_0/00106_Aug6.png,1,0.47414419054985046
B22-303,/fhome/maed/HelicoDataSet/CrossValidation/Annotated/B22-303_0/00602_Aug7.png,1,0.5021993517875671
B22-303,/fhome/maed/HelicoDataSet/CrossValidation/Annotated/B22-303_0/00093_Aug5.png,1,0.48301488161087036
B22-303,/fhome/maed/HelicoDataSet/CrossValidation/Annotated/B22-303_0/00123.png,1,0.43938443064689636
B22-303,/fhome/maed/HelicoDataSet/CrossValidation/Annotated/B22-303_0/00123_Aug3.png,1,0.46105319261550903
B22-303,/fhome/maed/HelicoDataSet/CrossValidation/Annotated/B22-303_0/00106_Aug5.png,1,0.4462704062461853
B22-303,/fhome/maed/HelicoDataSet/CrossValidation/Annotated/B22-303_0/00123_Aug1.png,1,0.4719364643096924
B22-303,/fhome/maed/HelicoDataSet/CrossValidation/Annotated/B22-303_0/00123_Aug2.png,1,0.47214141488075256
B22-303,/fhome/maed/HelicoDataSet/CrossValidation/Annotated/B22-303_0/00093_Aug1.png,1,0.4523506164550781
B22-303,/fhome/maed/HelicoDataSet/CrossValidation/Annotated/B22-303_0/00602.png,1,0.48697325587272644
B22-303,/fhome/maed/HelicoDataSet/CrossValidation/Annotated/B22-303_0/00123_Aug5.png,1,0.48900842666625977
B22-303,/fhome/maed/HelicoDataSet/CrossValidation/Annotated/B22-303_0/00602_Aug5.png,1,0.4347229599952698
B22-303,/fhome/maed/HelicoDataSet/CrossValidation/Annotated/B22-303_0/00602_Aug6.png,1,0.4925915002822876
B22-303,/fhome/maed/HelicoDataSet/CrossValidation/Annotated/B22-303_0/00123_Aug7.png,1,0.46399492025375366
B22-303,/fhome/maed/HelicoDataSet/CrossValidation/Annotated/B22-303_0/00602_Aug4.png,1,0.4546433091163635
B22-303,/fhome/maed/HelicoDataSet/CrossValidation/Annotated/B22-303_0/00093_Aug4.png,1,0.49122947454452515
B22-303,/fhome/maed/HelicoDataSet/CrossValidation/Annotated/B22-303_0/00602_Aug2.png,1,0.47839775681495667
B22-303,/fhome/maed/HelicoDataSet/CrossValidation/Annotated/B22-303_0/00602_Aug3.png,1,0.5003762245178223
B22-303,/fhome/maed/HelicoDataSet/CrossValidation/Annotated/B22-303_0/00106_Aug3.png,1,0.4767277240753174
B22-303,/fhome/maed/HelicoDataSet/CrossValidation/Annotated/B22-303_0/00093.png,1,0.49953362345695496
B22-303,/fhome/maed/HelicoDataSet/CrossValidation/Annotated/B22-303_0/00093_Aug6.png,1,0.491635799407959
B22-303,/fhome/maed/HelicoDataSet/CrossValidation/Annotated/B22-303_0/00123_Aug8.png,1,0.4762009084224701
B22-184,/fhome/maed/HelicoDataSet/CrossValidation/Annotated/B22-184_0/01180.png,0,0.08836254477500916
B22-184,/fhome/maed/HelicoDataSet/CrossValidation/Annotated/B22-184_0/01066.png,0,0.20535661280155182
B22-184,/fhome/maed/HelicoDataSet/CrossValidation/Annotated/B22-184_0/01179.png,0,0.012435766868293285
B22-184,/fhome/maed/HelicoDataSet/CrossValidation/Annotated/B22-184_0/01134.png,0,0.04770530387759209
B22-184,/fhome/maed/HelicoDataSet/CrossValidation/Annotated/B22-184_0/01178.png,0,0.00870890449732542
B22-184,/fhome/maed/HelicoDataSet/CrossValidation/Annotated/B22-184_0/01063.png,0,0.08350930362939835
B22-91,/fhome/maed/HelicoDataSet/CrossValidation/Annotated/B22-91_1/00087.png,0,0.020510632544755936
B22-91,/fhome/maed/HelicoDataSet/CrossValidation/Annotated/B22-91_1/00360.png,0,0.009186002425849438
B22-91,/fhome/maed/HelicoDataSet/CrossValidation/Annotated/B22-91_1/00165.png,0,0.005414750427007675
B22-91,/fhome/maed/HelicoDataSet/CrossValidation/Annotated/B22-91_1/00275.png,0,0.00596240907907486
B22-312,/fhome/maed/HelicoDataSet/CrossValidation/Annotated/B22-312_0/01780_Aug3.png,1,0.4153399169445038
B22-312,/fhome/maed/HelicoDataSet/CrossValidation/Annotated/B22-312_0/01154_Aug1.png,1,0.4965968728065491
B22-312,/fhome/maed/HelicoDataSet/CrossValidation/Annotated/B22-312_0/00010.png,0,0.005048193037509918
B22-312,/fhome/maed/HelicoDataSet/CrossValidation/Annotated/B22-312_0/00957.png,1,0.48328182101249695
B22-312,/fhome/maed/HelicoDataSet/CrossValidation/Annotated/B22-312_0/01780_Aug7.png,1,0.46864908933639526
B22-312,/fhome/maed/HelicoDataSet/CrossValidation/Annotated/B22-312_0/01780_Aug6.png,1,0.43008121848106384
B22-312,/fhome/maed/HelicoDataSet/CrossValidation/Annotated/B22-312_0/00957_Aug4.png,1,0.4710034728050232
B22-312,/fhome/maed/HelicoDataSet/CrossValidation/Annotated/B22-312_0/01764.png,0,0.011989851482212543
B22-312,/fhome/maed/HelicoDataSet/CrossValidation/Annotated/B22-312_0/00097.png,0,0.008162085898220539
B22-312,/fhome/maed/HelicoDataSet/CrossValidation/Annotated/B22-312_0/01461_Aug4.png,1,0.22528056800365448
B22-312,/fhome/maed/HelicoDataSet/CrossValidation/Annotated/B22-312_0/01780_Aug2.png,1,0.4115757644176483
B22-312,/fhome/maed/HelicoDataSet/CrossValidation/Annotated/B22-312_0/00235.png,0,0.021653547883033752
B22-312,/fhome/maed/HelicoDataSet/CrossValidation/Annotated/B22-312_0/01343.png,0,0.004901717882603407
B22-312,/fhome/maed/HelicoDataSet/CrossValidation/Annotated/B22-312_0/01154_Aug8.png,1,0.49045202136039734
B22-312,/fhome/maed/HelicoDataSet/CrossValidation/Annotated/B22-312_0/01461.png,1,0.19213110208511353
B22-312,/fhome/maed/HelicoDataSet/CrossValidation/Annotated/B22-312_0/01347.png,0,0.008524151518940926
B22-312,/fhome/maed/HelicoDataSet/CrossValidation/Annotated/B22-312_0/01679.png,0,0.017968103289604187
B22-312,/fhome/maed/HelicoDataSet/CrossValidation/Annotated/B22-312_0/00910.png,0,0.01269078254699707
B22-312,/fhome/maed/HelicoDataSet/CrossValidation/Annotated/B22-312_0/01763.png,0,0.01303525734692812
B22-312,/fhome/maed/HelicoDataSet/CrossValidation/Annotated/B22-312_0/01755.png,0,0.006139487959444523
B22-312,/fhome/maed/HelicoDataSet/CrossValidation/Annotated/B22-312_0/00957_Aug8.png,1,0.4883544147014618
B22-312,/fhome/maed/HelicoDataSet/CrossValidation/Annotated/B22-312_0/00308.png,0,0.008783631026744843
B22-312,/fhome/maed/HelicoDataSet/CrossValidation/Annotated/B22-312_0/01739.png,0,0.004134633112698793
B22-312,/fhome/maed/HelicoDataSet/CrossValidation/Annotated/B22-312_0/00957_Aug1.png,1,0.4804377257823944
B22-312,/fhome/maed/HelicoDataSet/CrossValidation/Annotated/B22-312_0/00957_Aug2.png,1,0.47141993045806885
B22-312,/fhome/maed/HelicoDataSet/CrossValidation/Annotated/B22-312_0/01154_Aug5.png,1,0.49366495013237
B22-312,/fhome/maed/HelicoDataSet/CrossValidation/Annotated/B22-312_0/00957_Aug3.png,1,0.4640762209892273
B22-312,/fhome/maed/HelicoDataSet/CrossValidation/Annotated/B22-312_0/01154.png,1,0.49053457379341125
B22-312,/fhome/maed/HelicoDataSet/CrossValidation/Annotated/B22-312_0/01780_Aug4.png,1,0.4198213219642639
B22-312,/fhome/maed/HelicoDataSet/CrossValidation/Annotated/B22-312_0/01461_Aug8.png,1,0.24415788054466248
B22-312,/fhome/maed/HelicoDataSet/CrossValidation/Annotated/B22-312_0/01461_Aug5.png,1,0.19795459508895874
B22-312,/fhome/maed/HelicoDataSet/CrossValidation/Annotated/B22-312_0/01780_Aug5.png,1,0.42923933267593384
B22-312,/fhome/maed/HelicoDataSet/CrossValidation/Annotated/B22-312_0/01780_Aug8.png,1,0.3873257339000702
B22-312,/fhome/maed/HelicoDataSet/CrossValidation/Annotated/B22-312_0/01154_Aug6.png,1,0.48912447690963745
B22-312,/fhome/maed/HelicoDataSet/CrossValidation/Annotated/B22-312_0/01047.png,0,0.18763110041618347
B22-312,/fhome/maed/HelicoDataSet/CrossValidation/Annotated/B22-312_0/01461_Aug7.png,1,0.2206772267818451
B22-312,/fhome/maed/HelicoDataSet/CrossValidation/Annotated/B22-312_0/00957_Aug7.png,1,0.4805581271648407
B22-312,/fhome/maed/HelicoDataSet/CrossValidation/Annotated/B22-312_0/01468.png,0,0.010008360259234905
B22-312,/fhome/maed/HelicoDataSet/CrossValidation/Annotated/B22-312_0/01154_Aug4.png,1,0.47508829832077026
B22-312,/fhome/maed/HelicoDataSet/CrossValidation/Annotated/B22-312_0/01461_Aug3.png,1,0.2038508504629135
B22-312,/fhome/maed/HelicoDataSet/CrossValidation/Annotated/B22-312_0/00600.png,0,0.05959710851311684
B22-312,/fhome/maed/HelicoDataSet/CrossValidation/Annotated/B22-312_0/00891.png,0,0.011829393915832043
B22-312,/fhome/maed/HelicoDataSet/CrossValidation/Annotated/B22-312_0/01780_Aug1.png,1,0.4961691200733185
B22-312,/fhome/maed/HelicoDataSet/CrossValidation/Annotated/B22-312_0/00957_Aug5.png,1,0.45529904961586
B22-312,/fhome/maed/HelicoDataSet/CrossValidation/Annotated/B22-312_0/01780.png,1,0.4570215344429016
B22-312,/fhome/maed/HelicoDataSet/CrossValidation/Annotated/B22-312_0/01461_Aug1.png,1,0.2140834927558899
B22-312,/fhome/maed/HelicoDataSet/CrossValidation/Annotated/B22-312_0/01461_Aug6.png,1,0.21986909210681915
B22-312,/fhome/maed/HelicoDataSet/CrossValidation/Annotated/B22-312_0/01154_Aug2.png,1,0.49343985319137573
B22-312,/fhome/maed/HelicoDataSet/CrossValidation/Annotated/B22-312_0/00000.png,0,0.48984986543655396
B22-312,/fhome/maed/HelicoDataSet/CrossValidation/Annotated/B22-312_0/01461_Aug2.png,1,0.21360079944133759
B22-312,/fhome/maed/HelicoDataSet/CrossValidation/Annotated/B22-312_0/01154_Aug3.png,1,0.4812571704387665
B22-312,/fhome/maed/HelicoDataSet/CrossValidation/Annotated/B22-312_0/00957_Aug6.png,1,0.47547414898872375
B22-312,/fhome/maed/HelicoDataSet/CrossValidation/Annotated/B22-312_0/01758.png,0,0.029810886830091476
B22-312,/fhome/maed/HelicoDataSet/CrossValidation/Annotated/B22-312_0/00096.png,0,0.010306620970368385
B22-312,/fhome/maed/HelicoDataSet/CrossValidation/Annotated/B22-312_0/01154_Aug7.png,1,0.49311304092407227
B22-122,/fhome/maed/HelicoDataSet/CrossValidation/Annotated/B22-122_0/00368.png,0,0.00883888453245163
B22-122,/fhome/maed/HelicoDataSet/CrossValidation/Annotated/B22-122_0/00366.png,0,0.04542570933699608
B22-245,/fhome/maed/HelicoDataSet/CrossValidation/Annotated/B22-245_0/00266.png,0,0.014268362894654274
B22-245,/fhome/maed/HelicoDataSet/CrossValidation/Annotated/B22-245_0/00267.png,0,0.0075385682284832
B22-102,/fhome/maed/HelicoDataSet/CrossValidation/Annotated/B22-102_0/03685_Aug1.png,1,0.5227315425872803
B22-102,/fhome/maed/HelicoDataSet/CrossValidation/Annotated/B22-102_0/01468_Aug1.png,1,0.22434893250465393
B22-102,/fhome/maed/HelicoDataSet/CrossValidation/Annotated/B22-102_0/03685_Aug5.png,1,0.5235370397567749
B22-102,/fhome/maed/HelicoDataSet/CrossValidation/Annotated/B22-102_0/03685.png,1,0.5137777924537659
B22-102,/fhome/maed/HelicoDataSet/CrossValidation/Annotated/B22-102_0/01468_Aug2.png,1,0.2724982798099518
B22-102,/fhome/maed/HelicoDataSet/CrossValidation/Annotated/B22-102_0/03685_Aug8.png,1,0.49876755475997925
B22-102,/fhome/maed/HelicoDataSet/CrossValidation/Annotated/B22-102_0/03685_Aug4.png,1,0.5139501690864563
B22-102,/fhome/maed/HelicoDataSet/CrossValidation/Annotated/B22-102_0/01468_Aug7.png,1,0.014013716019690037
B22-102,/fhome/maed/HelicoDataSet/CrossValidation/Annotated/B22-102_0/03798.png,0,0.019113615155220032
B22-102,/fhome/maed/HelicoDataSet/CrossValidation/Annotated/B22-102_0/01468_Aug5.png,1,0.006981885526329279
B22-102,/fhome/maed/HelicoDataSet/CrossValidation/Annotated/B22-102_0/03685_Aug7.png,1,0.5243489146232605
B22-102,/fhome/maed/HelicoDataSet/CrossValidation/Annotated/B22-102_0/01468_Aug6.png,1,0.007964592427015305
B22-102,/fhome/maed/HelicoDataSet/CrossValidation/Annotated/B22-102_0/01468_Aug3.png,1,0.18359366059303284
B22-102,/fhome/maed/HelicoDataSet/CrossValidation/Annotated/B22-102_0/03685_Aug3.png,1,0.5156821608543396
B22-102,/fhome/maed/HelicoDataSet/CrossValidation/Annotated/B22-102_0/01468.png,1,0.20673270523548126
B22-102,/fhome/maed/HelicoDataSet/CrossValidation/Annotated/B22-102_0/01468_Aug8.png,1,0.009771374985575676
B22-102,/fhome/maed/HelicoDataSet/CrossValidation/Annotated/B22-102_0/03838.png,0,0.014607497490942478
B22-102,/fhome/maed/HelicoDataSet/CrossValidation/Annotated/B22-102_0/01468_Aug4.png,1,0.18939194083213806
B22-102,/fhome/maed/HelicoDataSet/CrossValidation/Annotated/B22-102_0/03685_Aug6.png,1,0.5063260197639465
B22-102,/fhome/maed/HelicoDataSet/CrossValidation/Annotated/B22-102_0/03685_Aug2.png,1,0.4994039535522461
B22-177,/fhome/maed/HelicoDataSet/CrossValidation/Annotated/B22-177_1/00298.png,0,0.006626780144870281
B22-177,/fhome/maed/HelicoDataSet/CrossValidation/Annotated/B22-177_1/00862.png,0,0.014681831933557987
B22-177,/fhome/maed/HelicoDataSet/CrossValidation/Annotated/B22-177_1/00469.png,0,0.01712583750486374
B22-177,/fhome/maed/HelicoDataSet/CrossValidation/Annotated/B22-177_1/01193.png,0,0.010542580857872963
B22-177,/fhome/maed/HelicoDataSet/CrossValidation/Annotated/B22-177_1/00962.png,0,0.02123585343360901
B22-177,/fhome/maed/HelicoDataSet/CrossValidation/Annotated/B22-177_1/01386.png,0,0.009509667754173279
B22-177,/fhome/maed/HelicoDataSet/CrossValidation/Annotated/B22-177_1/01836.png,0,0.011620409786701202
B22-156,/fhome/maed/HelicoDataSet/CrossValidation/Annotated/B22-156_0/00139_Aug7.png,1,0.41177335381507874
B22-156,/fhome/maed/HelicoDataSet/CrossValidation/Annotated/B22-156_0/00139_Aug2.png,1,0.43292179703712463
B22-156,/fhome/maed/HelicoDataSet/CrossValidation/Annotated/B22-156_0/00139_Aug4.png,1,0.41549012064933777
B22-156,/fhome/maed/HelicoDataSet/CrossValidation/Annotated/B22-156_0/00139_Aug5.png,1,0.4116998612880707
B22-156,/fhome/maed/HelicoDataSet/CrossValidation/Annotated/B22-156_0/00139_Aug6.png,1,0.44511598348617554
B22-156,/fhome/maed/HelicoDataSet/CrossValidation/Annotated/B22-156_0/00139_Aug1.png,1,0.4482833743095398
B22-156,/fhome/maed/HelicoDataSet/CrossValidation/Annotated/B22-156_0/00139_Aug3.png,1,0.46745142340660095
B22-156,/fhome/maed/HelicoDataSet/CrossValidation/Annotated/B22-156_0/00139_Aug8.png,1,0.4280986189842224
B22-156,/fhome/maed/HelicoDataSet/CrossValidation/Annotated/B22-156_0/00133.png,0,0.02075716108083725
B22-156,/fhome/maed/HelicoDataSet/CrossValidation/Annotated/B22-156_0/00139.png,1,0.4514656662940979
B22-74,/fhome/maed/HelicoDataSet/CrossValidation/Annotated/B22-74_0/00890_Aug7.png,1,0.4699580669403076
B22-74,/fhome/maed/HelicoDataSet/CrossValidation/Annotated/B22-74_0/00890_Aug8.png,1,0.37043824791908264
B22-74,/fhome/maed/HelicoDataSet/CrossValidation/Annotated/B22-74_0/00890_Aug2.png,1,0.4509717524051666
B22-74,/fhome/maed/HelicoDataSet/CrossValidation/Annotated/B22-74_0/00759.png,0,0.019120248034596443
B22-74,/fhome/maed/HelicoDataSet/CrossValidation/Annotated/B22-74_0/00890_Aug1.png,1,0.4613977372646332
B22-74,/fhome/maed/HelicoDataSet/CrossValidation/Annotated/B22-74_0/00415.png,0,0.4649716317653656
B22-74,/fhome/maed/HelicoDataSet/CrossValidation/Annotated/B22-74_0/00890.png,1,0.46153396368026733
B22-74,/fhome/maed/HelicoDataSet/CrossValidation/Annotated/B22-74_0/00890_Aug5.png,1,0.46040475368499756
B22-74,/fhome/maed/HelicoDataSet/CrossValidation/Annotated/B22-74_0/00890_Aug6.png,1,0.4214971363544464
B22-74,/fhome/maed/HelicoDataSet/CrossValidation/Annotated/B22-74_0/00890_Aug4.png,1,0.4862847328186035
B22-74,/fhome/maed/HelicoDataSet/CrossValidation/Annotated/B22-74_0/00890_Aug3.png,1,0.4535912573337555
B22-74,/fhome/maed/HelicoDataSet/CrossValidation/Annotated/B22-74_0/00762.png,0,0.018992481753230095
B22-74,/fhome/maed/HelicoDataSet/CrossValidation/Annotated/B22-74_0/00420.png,0,0.46200457215309143
B22-74,/fhome/maed/HelicoDataSet/CrossValidation/Annotated/B22-74_0/00011.png,0,0.15229521691799164
B22-180,/fhome/maed/HelicoDataSet/CrossValidation/Annotated/B22-180_1/00629.png,0,0.008621679618954659
B22-180,/fhome/maed/HelicoDataSet/CrossValidation/Annotated/B22-180_1/00294.png,0,0.014802591875195503
B22-180,/fhome/maed/HelicoDataSet/CrossValidation/Annotated/B22-180_1/00658.png,0,0.014840778894722462
B22-180,/fhome/maed/HelicoDataSet/CrossValidation/Annotated/B22-180_1/00615.png,0,0.005151733756065369
B22-124,/fhome/maed/HelicoDataSet/CrossValidation/Annotated/B22-124_0/00759.png,0,0.019120248034596443
B22-124,/fhome/maed/HelicoDataSet/CrossValidation/Annotated/B22-124_0/00902_Aug8.png,1,0.2634994089603424
B22-124,/fhome/maed/HelicoDataSet/CrossValidation/Annotated/B22-124_0/00902_Aug7.png,1,0.239085391163826
B22-124,/fhome/maed/HelicoDataSet/CrossValidation/Annotated/B22-124_0/00902_Aug1.png,1,0.47090470790863037
B22-124,/fhome/maed/HelicoDataSet/CrossValidation/Annotated/B22-124_0/00902.png,1,0.4013996720314026
B22-124,/fhome/maed/HelicoDataSet/CrossValidation/Annotated/B22-124_0/00902_Aug6.png,1,0.40877339243888855
B22-124,/fhome/maed/HelicoDataSet/CrossValidation/Annotated/B22-124_0/00902_Aug3.png,1,0.3576315939426422
B22-124,/fhome/maed/HelicoDataSet/CrossValidation/Annotated/B22-124_0/00902_Aug5.png,1,0.4859378933906555
B22-124,/fhome/maed/HelicoDataSet/CrossValidation/Annotated/B22-124_0/00762.png,0,0.018992481753230095
B22-124,/fhome/maed/HelicoDataSet/CrossValidation/Annotated/B22-124_0/00902_Aug4.png,1,0.23796646296977997
B22-124,/fhome/maed/HelicoDataSet/CrossValidation/Annotated/B22-124_0/01143.png,0,0.20838063955307007
B22-124,/fhome/maed/HelicoDataSet/CrossValidation/Annotated/B22-124_0/00902_Aug2.png,1,0.33748766779899597
B22-124,/fhome/maed/HelicoDataSet/CrossValidation/Annotated/B22-124_0/01419.png,0,0.002737173344939947
B22-124,/fhome/maed/HelicoDataSet/CrossValidation/Annotated/B22-124_0/00011.png,0,0.15229526162147522
B22-253,/fhome/maed/HelicoDataSet/CrossValidation/Annotated/B22-253_0/01723.png,0,0.025820540264248848
B22-253,/fhome/maed/HelicoDataSet/CrossValidation/Annotated/B22-253_0/02465.png,0,0.2479105442762375
B22-253,/fhome/maed/HelicoDataSet/CrossValidation/Annotated/B22-253_0/02440.png,0,0.19484318792819977
B22-253,/fhome/maed/HelicoDataSet/CrossValidation/Annotated/B22-253_0/01933.png,0,0.12223509699106216
B22-253,/fhome/maed/HelicoDataSet/CrossValidation/Annotated/B22-253_0/02317.png,0,0.2096775621175766
B22-253,/fhome/maed/HelicoDataSet/CrossValidation/Annotated/B22-253_0/01044.png,0,0.04617806896567345
B22-253,/fhome/maed/HelicoDataSet/CrossValidation/Annotated/B22-253_0/01036.png,0,0.39385050535202026
B22-253,/fhome/maed/HelicoDataSet/CrossValidation/Annotated/B22-253_0/01119.png,0,0.029041685163974762
B22-253,/fhome/maed/HelicoDataSet/CrossValidation/Annotated/B22-253_0/01219.png,0,0.2219434231519699
B22-253,/fhome/maed/HelicoDataSet/CrossValidation/Annotated/B22-253_0/00999.png,0,0.030186105519533157
B22-253,/fhome/maed/HelicoDataSet/CrossValidation/Annotated/B22-253_0/01115.png,0,0.06616231799125671
B22-253,/fhome/maed/HelicoDataSet/CrossValidation/Annotated/B22-253_0/02437.png,0,0.38354751467704773
B22-253,/fhome/maed/HelicoDataSet/CrossValidation/Annotated/B22-253_0/01016.png,0,0.2428465336561203
B22-253,/fhome/maed/HelicoDataSet/CrossValidation/Annotated/B22-253_0/01039.png,0,0.03895578533411026
B22-253,/fhome/maed/HelicoDataSet/CrossValidation/Annotated/B22-253_0/02398.png,0,0.3296072483062744
B22-253,/fhome/maed/HelicoDataSet/CrossValidation/Annotated/B22-253_0/01937.png,0,0.07018352299928665
B22-253,/fhome/maed/HelicoDataSet/CrossValidation/Annotated/B22-253_0/01144.png,0,0.04992750659584999
B22-253,/fhome/maed/HelicoDataSet/CrossValidation/Annotated/B22-253_0/01143.png,0,0.027293186634778976
B22-253,/fhome/maed/HelicoDataSet/CrossValidation/Annotated/B22-253_0/02478.png,0,0.05345648154616356
B22-129,/fhome/maed/HelicoDataSet/CrossValidation/Annotated/B22-129_0/00659.png,0,0.021568449214100838
B22-240,/fhome/maed/HelicoDataSet/CrossValidation/Annotated/B22-240_0/00500_Aug5.png,1,0.49365606904029846
B22-240,/fhome/maed/HelicoDataSet/CrossValidation/Annotated/B22-240_0/00500_Aug3.png,1,0.4551351070404053
B22-240,/fhome/maed/HelicoDataSet/CrossValidation/Annotated/B22-240_0/00500_Aug1.png,1,0.4780818521976471
B22-240,/fhome/maed/HelicoDataSet/CrossValidation/Annotated/B22-240_0/00629_Aug3.png,1,0.44268274307250977
B22-240,/fhome/maed/HelicoDataSet/CrossValidation/Annotated/B22-240_0/00629_Aug7.png,1,0.4773504137992859
B22-240,/fhome/maed/HelicoDataSet/CrossValidation/Annotated/B22-240_0/00629.png,1,0.4631883502006531
B22-240,/fhome/maed/HelicoDataSet/CrossValidation/Annotated/B22-240_0/00629_Aug4.png,1,0.46027690172195435
B22-240,/fhome/maed/HelicoDataSet/CrossValidation/Annotated/B22-240_0/00500_Aug6.png,1,0.4863213300704956
B22-240,/fhome/maed/HelicoDataSet/CrossValidation/Annotated/B22-240_0/00500_Aug7.png,1,0.45236462354660034
B22-240,/fhome/maed/HelicoDataSet/CrossValidation/Annotated/B22-240_0/00500_Aug4.png,1,0.5144054293632507
B22-240,/fhome/maed/HelicoDataSet/CrossValidation/Annotated/B22-240_0/00629_Aug2.png,1,0.4369925558567047
B22-240,/fhome/maed/HelicoDataSet/CrossValidation/Annotated/B22-240_0/00740_Aug8.png,1,0.36212995648384094
B22-240,/fhome/maed/HelicoDataSet/CrossValidation/Annotated/B22-240_0/00740_Aug3.png,1,0.3721065819263458
B22-240,/fhome/maed/HelicoDataSet/CrossValidation/Annotated/B22-240_0/00740_Aug4.png,1,0.3861252963542938
B22-240,/fhome/maed/HelicoDataSet/CrossValidation/Annotated/B22-240_0/00740_Aug5.png,1,0.34819239377975464
B22-240,/fhome/maed/HelicoDataSet/CrossValidation/Annotated/B22-240_0/00807.png,0,0.1970341056585312
B22-240,/fhome/maed/HelicoDataSet/CrossValidation/Annotated/B22-240_0/00629_Aug8.png,1,0.46856966614723206
B22-240,/fhome/maed/HelicoDataSet/CrossValidation/Annotated/B22-240_0/00740_Aug6.png,1,0.3813660144805908
B22-240,/fhome/maed/HelicoDataSet/CrossValidation/Annotated/B22-240_0/00740_Aug1.png,1,0.3516407310962677
B22-240,/fhome/maed/HelicoDataSet/CrossValidation/Annotated/B22-240_0/00740.png,1,0.3681756258010864
B22-240,/fhome/maed/HelicoDataSet/CrossValidation/Annotated/B22-240_0/00740_Aug7.png,1,0.32603251934051514
B22-240,/fhome/maed/HelicoDataSet/CrossValidation/Annotated/B22-240_0/00629_Aug1.png,1,0.45183154940605164
B22-240,/fhome/maed/HelicoDataSet/CrossValidation/Annotated/B22-240_0/00629_Aug6.png,1,0.45221391320228577
B22-240,/fhome/maed/HelicoDataSet/CrossValidation/Annotated/B22-240_0/00500_Aug8.png,1,0.46242213249206543
B22-240,/fhome/maed/HelicoDataSet/CrossValidation/Annotated/B22-240_0/00039.png,0,0.06292605400085449
B22-240,/fhome/maed/HelicoDataSet/CrossValidation/Annotated/B22-240_0/00038.png,0,0.34260424971580505
B22-240,/fhome/maed/HelicoDataSet/CrossValidation/Annotated/B22-240_0/00500_Aug2.png,1,0.473745733499527
B22-240,/fhome/maed/HelicoDataSet/CrossValidation/Annotated/B22-240_0/00814.png,0,0.2663296163082123
B22-240,/fhome/maed/HelicoDataSet/CrossValidation/Annotated/B22-240_0/00629_Aug5.png,1,0.43448391556739807
B22-240,/fhome/maed/HelicoDataSet/CrossValidation/Annotated/B22-240_0/00500.png,1,0.46979355812072754
B22-240,/fhome/maed/HelicoDataSet/CrossValidation/Annotated/B22-240_0/00740_Aug2.png,1,0.3183372914791107
B22-55,/fhome/maed/HelicoDataSet/CrossValidation/Annotated/B22-55_0/00314.png,0,0.008067091926932335
B22-106,/fhome/maed/HelicoDataSet/CrossValidation/Annotated/B22-106_1/00071.png,0,0.01667439192533493
B22-106,/fhome/maed/HelicoDataSet/CrossValidation/Annotated/B22-106_1/00079.png,0,0.016273565590381622
B22-106,/fhome/maed/HelicoDataSet/CrossValidation/Annotated/B22-106_1/00166.png,0,0.0052598342299461365
B22-106,/fhome/maed/HelicoDataSet/CrossValidation/Annotated/B22-106_1/00281.png,0,0.01842423714697361
B22-106,/fhome/maed/HelicoDataSet/CrossValidation/Annotated/B22-106_1/00389.png,0,0.019497375935316086
B22-106,/fhome/maed/HelicoDataSet/CrossValidation/Annotated/B22-106_1/00125.png,0,0.017670242115855217
B22-106,/fhome/maed/HelicoDataSet/CrossValidation/Annotated/B22-106_1/00344.png,0,0.011323067359626293
B22-106,/fhome/maed/HelicoDataSet/CrossValidation/Annotated/B22-106_1/00469.png,0,0.019239330664277077
B22-106,/fhome/maed/HelicoDataSet/CrossValidation/Annotated/B22-106_1/00319.png,0,0.0033338158391416073
B22-106,/fhome/maed/HelicoDataSet/CrossValidation/Annotated/B22-106_1/00128.png,0,0.017373671755194664
B22-106,/fhome/maed/HelicoDataSet/CrossValidation/Annotated/B22-106_1/00269.png,0,0.017951399087905884
B22-114,/fhome/maed/HelicoDataSet/CrossValidation/Annotated/B22-114_0/00112_Aug5.png,1,0.5129026174545288
B22-114,/fhome/maed/HelicoDataSet/CrossValidation/Annotated/B22-114_0/00080_Aug7.png,1,0.5487403869628906
B22-114,/fhome/maed/HelicoDataSet/CrossValidation/Annotated/B22-114_0/00112_Aug4.png,1,0.5216888189315796
B22-114,/fhome/maed/HelicoDataSet/CrossValidation/Annotated/B22-114_0/00054_Aug7.png,1,0.39891958236694336
B22-114,/fhome/maed/HelicoDataSet/CrossValidation/Annotated/B22-114_0/00238_Aug3.png,1,0.5312474966049194
B22-114,/fhome/maed/HelicoDataSet/CrossValidation/Annotated/B22-114_0/00054_Aug2.png,1,0.3857976496219635
B22-114,/fhome/maed/HelicoDataSet/CrossValidation/Annotated/B22-114_0/00080_Aug8.png,1,0.4448719322681427
B22-114,/fhome/maed/HelicoDataSet/CrossValidation/Annotated/B22-114_0/00112.png,1,0.5102062821388245
B22-114,/fhome/maed/HelicoDataSet/CrossValidation/Annotated/B22-114_0/00238_Aug1.png,1,0.510628342628479
B22-114,/fhome/maed/HelicoDataSet/CrossValidation/Annotated/B22-114_0/00238_Aug5.png,1,0.5137267708778381
B22-114,/fhome/maed/HelicoDataSet/CrossValidation/Annotated/B22-114_0/00080_Aug3.png,1,0.5431459546089172
B22-114,/fhome/maed/HelicoDataSet/CrossValidation/Annotated/B22-114_0/00080.png,1,0.5080854296684265
B22-114,/fhome/maed/HelicoDataSet/CrossValidation/Annotated/B22-114_0/00080_Aug5.png,1,0.5358878970146179
B22-114,/fhome/maed/HelicoDataSet/CrossValidation/Annotated/B22-114_0/00054_Aug8.png,1,0.2699822187423706
B22-114,/fhome/maed/HelicoDataSet/CrossValidation/Annotated/B22-114_0/00112_Aug7.png,1,0.5217843055725098
B22-114,/fhome/maed/HelicoDataSet/CrossValidation/Annotated/B22-114_0/00238.png,1,0.5184141993522644
B22-114,/fhome/maed/HelicoDataSet/CrossValidation/Annotated/B22-114_0/00238_Aug2.png,1,0.5209102630615234
B22-114,/fhome/maed/HelicoDataSet/CrossValidation/Annotated/B22-114_0/00054_Aug3.png,1,0.4051116704940796
B22-114,/fhome/maed/HelicoDataSet/CrossValidation/Annotated/B22-114_0/00112_Aug2.png,1,0.5126050710678101
B22-114,/fhome/maed/HelicoDataSet/CrossValidation/Annotated/B22-114_0/00080_Aug6.png,1,0.44194966554641724
B22-114,/fhome/maed/HelicoDataSet/CrossValidation/Annotated/B22-114_0/00112_Aug3.png,1,0.506751537322998
B22-114,/fhome/maed/HelicoDataSet/CrossValidation/Annotated/B22-114_0/00080_Aug2.png,1,0.5138850212097168
B22-114,/fhome/maed/HelicoDataSet/CrossValidation/Annotated/B22-114_0/00112_Aug6.png,1,0.5125948786735535
B22-114,/fhome/maed/HelicoDataSet/CrossValidation/Annotated/B22-114_0/00054_Aug1.png,1,0.3904714286327362
B22-114,/fhome/maed/HelicoDataSet/CrossValidation/Annotated/B22-114_0/00238_Aug4.png,1,0.49941202998161316
B22-114,/fhome/maed/HelicoDataSet/CrossValidation/Annotated/B22-114_0/00080_Aug1.png,1,0.5317828059196472
B22-114,/fhome/maed/HelicoDataSet/CrossValidation/Annotated/B22-114_0/00112_Aug8.png,1,0.5096966028213501
B22-114,/fhome/maed/HelicoDataSet/CrossValidation/Annotated/B22-114_0/00238_Aug6.png,1,0.4944985806941986
B22-114,/fhome/maed/HelicoDataSet/CrossValidation/Annotated/B22-114_0/00080_Aug4.png,1,0.5100710988044739
B22-114,/fhome/maed/HelicoDataSet/CrossValidation/Annotated/B22-114_0/00054.png,1,0.3830433785915375
B22-114,/fhome/maed/HelicoDataSet/CrossValidation/Annotated/B22-114_0/00112_Aug1.png,1,0.5117079019546509
B22-114,/fhome/maed/HelicoDataSet/CrossValidation/Annotated/B22-114_0/00238_Aug8.png,1,0.47797656059265137
B22-114,/fhome/maed/HelicoDataSet/CrossValidation/Annotated/B22-114_0/00238_Aug7.png,1,0.5171723365783691
B22-114,/fhome/maed/HelicoDataSet/CrossValidation/Annotated/B22-114_0/00054_Aug4.png,1,0.3466625213623047
B22-114,/fhome/maed/HelicoDataSet/CrossValidation/Annotated/B22-114_0/00054_Aug5.png,1,0.378115177154541
B22-114,/fhome/maed/HelicoDataSet/CrossValidation/Annotated/B22-114_0/00054_Aug6.png,1,0.2602332532405853
B22-114,/fhome/maed/HelicoDataSet/CrossValidation/Annotated/B22-114_0/00158.png,0,0.4166966378688812
B22-114,/fhome/maed/HelicoDataSet/CrossValidation/Annotated/B22-114_0/00012.png,0,0.026912178844213486
B22-234,/fhome/maed/HelicoDataSet/CrossValidation/Annotated/B22-234_0/02275.png,0,0.013612745329737663
B22-234,/fhome/maed/HelicoDataSet/CrossValidation/Annotated/B22-234_0/00003.png,0,0.3239564001560211
B22-115,/fhome/maed/HelicoDataSet/CrossValidation/Annotated/B22-115_0/00234.png,0,0.40196502208709717
B22-115,/fhome/maed/HelicoDataSet/CrossValidation/Annotated/B22-115_0/00122.png,0,0.08580869436264038
B22-306,/fhome/maed/HelicoDataSet/CrossValidation/Annotated/B22-306_0/01039.png,0,0.0079831313341856
B22-154,/fhome/maed/HelicoDataSet/CrossValidation/Annotated/B22-154_0/00166.png,0,0.37907129526138306
B22-154,/fhome/maed/HelicoDataSet/CrossValidation/Annotated/B22-154_0/00437.png,0,0.05935228615999222
B22-103,/fhome/maed/HelicoDataSet/CrossValidation/Annotated/B22-103_0/02245_Aug2.png,1,0.46413281559944153
B22-103,/fhome/maed/HelicoDataSet/CrossValidation/Annotated/B22-103_0/02201_Aug5.png,1,0.006819820497184992
B22-103,/fhome/maed/HelicoDataSet/CrossValidation/Annotated/B22-103_0/02245_Aug7.png,1,0.4678271412849426
B22-103,/fhome/maed/HelicoDataSet/CrossValidation/Annotated/B22-103_0/02245_Aug5.png,1,0.4744327664375305
B22-103,/fhome/maed/HelicoDataSet/CrossValidation/Annotated/B22-103_0/02245_Aug1.png,1,0.48045849800109863
B22-103,/fhome/maed/HelicoDataSet/CrossValidation/Annotated/B22-103_0/02201_Aug4.png,1,0.11958346515893936
B22-103,/fhome/maed/HelicoDataSet/CrossValidation/Annotated/B22-103_0/02201_Aug7.png,1,0.005331294611096382
B22-103,/fhome/maed/HelicoDataSet/CrossValidation/Annotated/B22-103_0/02201_Aug1.png,1,0.06207570806145668
B22-103,/fhome/maed/HelicoDataSet/CrossValidation/Annotated/B22-103_0/02201_Aug3.png,1,0.016121843829751015
B22-103,/fhome/maed/HelicoDataSet/CrossValidation/Annotated/B22-103_0/02201.png,1,0.09902910143136978
B22-103,/fhome/maed/HelicoDataSet/CrossValidation/Annotated/B22-103_0/02245_Aug3.png,1,0.4683164954185486
B22-103,/fhome/maed/HelicoDataSet/CrossValidation/Annotated/B22-103_0/02201_Aug2.png,1,0.12019428610801697
B22-103,/fhome/maed/HelicoDataSet/CrossValidation/Annotated/B22-103_0/02245.png,1,0.48465830087661743
B22-103,/fhome/maed/HelicoDataSet/CrossValidation/Annotated/B22-103_0/02201_Aug6.png,1,0.09505311399698257
B22-103,/fhome/maed/HelicoDataSet/CrossValidation/Annotated/B22-103_0/02201_Aug8.png,1,0.14412429928779602
B22-103,/fhome/maed/HelicoDataSet/CrossValidation/Annotated/B22-103_0/02245_Aug4.png,1,0.47537416219711304
B22-103,/fhome/maed/HelicoDataSet/CrossValidation/Annotated/B22-103_0/02245_Aug8.png,1,0.47277939319610596
B22-103,/fhome/maed/HelicoDataSet/CrossValidation/Annotated/B22-103_0/02245_Aug6.png,1,0.48565787076950073
B22-103,/fhome/maed/HelicoDataSet/CrossValidation/Annotated/B22-103_0/02790.png,0,0.011664156801998615
B22-218,/fhome/maed/HelicoDataSet/CrossValidation/Annotated/B22-218_0/00901.png,0,0.25251975655555725
B22-218,/fhome/maed/HelicoDataSet/CrossValidation/Annotated/B22-218_0/00782.png,0,0.013856284320354462
B22-218,/fhome/maed/HelicoDataSet/CrossValidation/Annotated/B22-218_0/00771.png,0,0.015506451949477196
B22-218,/fhome/maed/HelicoDataSet/CrossValidation/Annotated/B22-218_0/00884.png,0,0.013306135311722755
B22-218,/fhome/maed/HelicoDataSet/CrossValidation/Annotated/B22-218_0/01755.png,0,0.011463322676718235
B22-218,/fhome/maed/HelicoDataSet/CrossValidation/Annotated/B22-218_0/00838.png,0,0.053526073694229126
B22-218,/fhome/maed/HelicoDataSet/CrossValidation/Annotated/B22-218_0/01400.png,0,0.01641560159623623
B22-218,/fhome/maed/HelicoDataSet/CrossValidation/Annotated/B22-218_0/00777.png,0,0.0146330576390028
B22-218,/fhome/maed/HelicoDataSet/CrossValidation/Annotated/B22-218_0/01753.png,0,0.021935826167464256
B22-218,/fhome/maed/HelicoDataSet/CrossValidation/Annotated/B22-218_0/00902.png,0,0.24921363592147827
B22-218,/fhome/maed/HelicoDataSet/CrossValidation/Annotated/B22-218_0/00875.png,0,0.17677338421344757
B22-218,/fhome/maed/HelicoDataSet/CrossValidation/Annotated/B22-218_0/00877.png,0,0.019191326573491096
B22-218,/fhome/maed/HelicoDataSet/CrossValidation/Annotated/B22-218_0/00882.png,0,0.030095666646957397
B22-218,/fhome/maed/HelicoDataSet/CrossValidation/Annotated/B22-218_0/00837.png,0,0.0362001396715641
B22-218,/fhome/maed/HelicoDataSet/CrossValidation/Annotated/B22-218_0/00779.png,0,0.03487455099821091
B22-218,/fhome/maed/HelicoDataSet/CrossValidation/Annotated/B22-218_0/01210.png,0,0.24435307085514069
B22-218,/fhome/maed/HelicoDataSet/CrossValidation/Annotated/B22-218_0/00900.png,0,0.05066775158047676
B22-218,/fhome/maed/HelicoDataSet/CrossValidation/Annotated/B22-218_0/01754.png,0,0.38655295968055725
B22-218,/fhome/maed/HelicoDataSet/CrossValidation/Annotated/B22-218_0/00772.png,0,0.018910042941570282
B22-218,/fhome/maed/HelicoDataSet/CrossValidation/Annotated/B22-218_0/00836.png,0,0.27133768796920776
B22-218,/fhome/maed/HelicoDataSet/CrossValidation/Annotated/B22-218_0/00778.png,0,0.021288305521011353
B22-30,/fhome/maed/HelicoDataSet/CrossValidation/Annotated/B22-30_0/00018.png,0,0.01694050431251526
B22-30,/fhome/maed/HelicoDataSet/CrossValidation/Annotated/B22-30_0/00629.png,0,0.2499236911535263
B22-30,/fhome/maed/HelicoDataSet/CrossValidation/Annotated/B22-30_0/00536.png,0,0.05560944974422455
B22-30,/fhome/maed/HelicoDataSet/CrossValidation/Annotated/B22-30_0/00178.png,0,0.060989730060100555
B22-30,/fhome/maed/HelicoDataSet/CrossValidation/Annotated/B22-30_0/00535.png,0,0.03614695370197296
B22-53,/fhome/maed/HelicoDataSet/CrossValidation/Annotated/B22-53_1/00141.png,0,0.018938126042485237
B22-53,/fhome/maed/HelicoDataSet/CrossValidation/Annotated/B22-53_1/00047.png,0,0.019932512193918228
B22-53,/fhome/maed/HelicoDataSet/CrossValidation/Annotated/B22-53_1/00100.png,0,0.007815264165401459
B22-53,/fhome/maed/HelicoDataSet/CrossValidation/Annotated/B22-53_1/00074.png,0,0.014978146180510521
B22-301,/fhome/maed/HelicoDataSet/CrossValidation/Annotated/B22-301_0/00254.png,0,0.030482901260256767
B22-301,/fhome/maed/HelicoDataSet/CrossValidation/Annotated/B22-301_0/00225.png,0,0.07773727178573608
B22-29,/fhome/maed/HelicoDataSet/CrossValidation/Annotated/B22-29_1/00084.png,0,0.08554390072822571
B22-29,/fhome/maed/HelicoDataSet/CrossValidation/Annotated/B22-29_1/00195.png,0,0.0167513620108366
B22-29,/fhome/maed/HelicoDataSet/CrossValidation/Annotated/B22-29_1/00187.png,0,0.04057838395237923
B22-29,/fhome/maed/HelicoDataSet/CrossValidation/Annotated/B22-29_1/00024.png,0,0.06352829188108444
B22-29,/fhome/maed/HelicoDataSet/CrossValidation/Annotated/B22-29_1/00180.png,0,0.23472148180007935
B22-29,/fhome/maed/HelicoDataSet/CrossValidation/Annotated/B22-29_1/00129.png,0,0.3731716275215149
B22-29,/fhome/maed/HelicoDataSet/CrossValidation/Annotated/B22-29_1/00242.png,0,0.0193842351436615
B22-29,/fhome/maed/HelicoDataSet/CrossValidation/Annotated/B22-29_1/00000.png,0,0.07762348651885986
B22-29,/fhome/maed/HelicoDataSet/CrossValidation/Annotated/B22-29_1/00154.png,0,0.19369524717330933
B22-29,/fhome/maed/HelicoDataSet/CrossValidation/Annotated/B22-29_1/00004.png,0,0.11432481557130814
B22-29,/fhome/maed/HelicoDataSet/CrossValidation/Annotated/B22-29_1/00012.png,0,0.013415670022368431
B22-29,/fhome/maed/HelicoDataSet/CrossValidation/Annotated/B22-29_1/00203.png,0,0.2414974868297577
B22-29,/fhome/maed/HelicoDataSet/CrossValidation/Annotated/B22-29_1/00245.png,0,0.019150827080011368
B22-186,/fhome/maed/HelicoDataSet/CrossValidation/Annotated/B22-186_0/02125.png,0,0.040814805775880814
B22-143,/fhome/maed/HelicoDataSet/CrossValidation/Annotated/B22-143_1/00448.png,0,0.004678191617131233
B22-143,/fhome/maed/HelicoDataSet/CrossValidation/Annotated/B22-143_1/00656.png,0,0.017110411077737808
B22-143,/fhome/maed/HelicoDataSet/CrossValidation/Annotated/B22-143_1/00412.png,0,0.016746127977967262
B22-143,/fhome/maed/HelicoDataSet/CrossValidation/Annotated/B22-143_1/00346.png,0,0.013843903318047523
B22-143,/fhome/maed/HelicoDataSet/CrossValidation/Annotated/B22-143_1/00064.png,0,0.012173760682344437
B22-143,/fhome/maed/HelicoDataSet/CrossValidation/Annotated/B22-143_1/00549.png,0,0.007382968906313181
B22-143,/fhome/maed/HelicoDataSet/CrossValidation/Annotated/B22-143_1/00116.png,0,0.004439986776560545
B22-143,/fhome/maed/HelicoDataSet/CrossValidation/Annotated/B22-143_1/00300.png,0,0.009550200775265694
B22-143,/fhome/maed/HelicoDataSet/CrossValidation/Annotated/B22-143_1/00585.png,0,0.009518874809145927
B22-143,/fhome/maed/HelicoDataSet/CrossValidation/Annotated/B22-143_1/00494.png,0,0.004696402698755264
B22-143,/fhome/maed/HelicoDataSet/CrossValidation/Annotated/B22-143_1/00430.png,0,0.01662200316786766
B22-143,/fhome/maed/HelicoDataSet/CrossValidation/Annotated/B22-143_1/00001.png,0,0.015965837985277176
B22-38,/fhome/maed/HelicoDataSet/CrossValidation/Annotated/B22-38_0/00283_Aug6.png,1,0.499518483877182
B22-38,/fhome/maed/HelicoDataSet/CrossValidation/Annotated/B22-38_0/00283_Aug7.png,1,0.4705312252044678
B22-38,/fhome/maed/HelicoDataSet/CrossValidation/Annotated/B22-38_0/00341_Aug7.png,1,0.46157920360565186
B22-38,/fhome/maed/HelicoDataSet/CrossValidation/Annotated/B22-38_0/00283_Aug8.png,1,0.4772043824195862
B22-38,/fhome/maed/HelicoDataSet/CrossValidation/Annotated/B22-38_0/01284_Aug4.png,1,0.4149540066719055
B22-38,/fhome/maed/HelicoDataSet/CrossValidation/Annotated/B22-38_0/01525_Aug6.png,1,0.5065414905548096
B22-38,/fhome/maed/HelicoDataSet/CrossValidation/Annotated/B22-38_0/01855.png,0,0.015340331941843033
B22-38,/fhome/maed/HelicoDataSet/CrossValidation/Annotated/B22-38_0/01525_Aug7.png,1,0.501091718673706
B22-38,/fhome/maed/HelicoDataSet/CrossValidation/Annotated/B22-38_0/00283_Aug2.png,1,0.48191237449645996
B22-38,/fhome/maed/HelicoDataSet/CrossValidation/Annotated/B22-38_0/01525_Aug8.png,1,0.5024531483650208
B22-38,/fhome/maed/HelicoDataSet/CrossValidation/Annotated/B22-38_0/01284_Aug3.png,1,0.41495078802108765
B22-38,/fhome/maed/HelicoDataSet/CrossValidation/Annotated/B22-38_0/01284_Aug5.png,1,0.3554958999156952
B22-38,/fhome/maed/HelicoDataSet/CrossValidation/Annotated/B22-38_0/00341_Aug5.png,1,0.499480664730072
B22-38,/fhome/maed/HelicoDataSet/CrossValidation/Annotated/B22-38_0/00341.png,1,0.4809068441390991
B22-38,/fhome/maed/HelicoDataSet/CrossValidation/Annotated/B22-38_0/01525_Aug3.png,1,0.5064659714698792
B22-38,/fhome/maed/HelicoDataSet/CrossValidation/Annotated/B22-38_0/00283_Aug4.png,1,0.48792797327041626
B22-38,/fhome/maed/HelicoDataSet/CrossValidation/Annotated/B22-38_0/01525_Aug5.png,1,0.490244597196579
B22-38,/fhome/maed/HelicoDataSet/CrossValidation/Annotated/B22-38_0/01284_Aug1.png,1,0.39860999584198
B22-38,/fhome/maed/HelicoDataSet/CrossValidation/Annotated/B22-38_0/01525_Aug4.png,1,0.5113146305084229
B22-38,/fhome/maed/HelicoDataSet/CrossValidation/Annotated/B22-38_0/00341_Aug2.png,1,0.4732864201068878
B22-38,/fhome/maed/HelicoDataSet/CrossValidation/Annotated/B22-38_0/00283_Aug3.png,1,0.49573814868927
B22-38,/fhome/maed/HelicoDataSet/CrossValidation/Annotated/B22-38_0/01284_Aug2.png,1,0.3554996848106384
B22-38,/fhome/maed/HelicoDataSet/CrossValidation/Annotated/B22-38_0/01284_Aug7.png,1,0.4008302390575409
B22-38,/fhome/maed/HelicoDataSet/CrossValidation/Annotated/B22-38_0/00341_Aug3.png,1,0.47668203711509705
B22-38,/fhome/maed/HelicoDataSet/CrossValidation/Annotated/B22-38_0/01525.png,1,0.5015819668769836
B22-38,/fhome/maed/HelicoDataSet/CrossValidation/Annotated/B22-38_0/00703.png,0,0.02100781351327896
B22-38,/fhome/maed/HelicoDataSet/CrossValidation/Annotated/B22-38_0/00283_Aug5.png,1,0.5016171336174011
B22-38,/fhome/maed/HelicoDataSet/CrossValidation/Annotated/B22-38_0/01525_Aug2.png,1,0.503792941570282
B22-38,/fhome/maed/HelicoDataSet/CrossValidation/Annotated/B22-38_0/01284_Aug6.png,1,0.3986135721206665
B22-38,/fhome/maed/HelicoDataSet/CrossValidation/Annotated/B22-38_0/00341_Aug6.png,1,0.44610199332237244
B22-38,/fhome/maed/HelicoDataSet/CrossValidation/Annotated/B22-38_0/00283.png,1,0.4921524226665497
B22-38,/fhome/maed/HelicoDataSet/CrossValidation/Annotated/B22-38_0/00283_Aug1.png,1,0.4709640443325043
B22-38,/fhome/maed/HelicoDataSet/CrossValidation/Annotated/B22-38_0/00341_Aug8.png,1,0.477655827999115
B22-38,/fhome/maed/HelicoDataSet/CrossValidation/Annotated/B22-38_0/01284.png,1,0.40232276916503906
B22-38,/fhome/maed/HelicoDataSet/CrossValidation/Annotated/B22-38_0/01525_Aug1.png,1,0.5061609745025635
B22-38,/fhome/maed/HelicoDataSet/CrossValidation/Annotated/B22-38_0/00341_Aug1.png,1,0.476462185382843
B22-38,/fhome/maed/HelicoDataSet/CrossValidation/Annotated/B22-38_0/01409.png,0,0.04967271909117699
B22-38,/fhome/maed/HelicoDataSet/CrossValidation/Annotated/B22-38_0/01284_Aug8.png,1,0.4008428752422333
B22-38,/fhome/maed/HelicoDataSet/CrossValidation/Annotated/B22-38_0/00341_Aug4.png,1,0.42053017020225525
B22-52,/fhome/maed/HelicoDataSet/CrossValidation/Annotated/B22-52_0/00760.png,0,0.0820842981338501
B22-83,/fhome/maed/HelicoDataSet/CrossValidation/Annotated/B22-83_0/01018.png,1,0.4859742820262909
B22-83,/fhome/maed/HelicoDataSet/CrossValidation/Annotated/B22-83_0/01018_Aug2.png,1,0.4818556010723114
B22-83,/fhome/maed/HelicoDataSet/CrossValidation/Annotated/B22-83_0/01018_Aug6.png,1,0.48748981952667236
B22-83,/fhome/maed/HelicoDataSet/CrossValidation/Annotated/B22-83_0/01018_Aug5.png,1,0.41982147097587585
B22-83,/fhome/maed/HelicoDataSet/CrossValidation/Annotated/B22-83_0/01018_Aug8.png,1,0.5097153186798096
B22-83,/fhome/maed/HelicoDataSet/CrossValidation/Annotated/B22-83_0/01018_Aug3.png,1,0.48063722252845764
B22-83,/fhome/maed/HelicoDataSet/CrossValidation/Annotated/B22-83_0/01018_Aug1.png,1,0.4563494324684143
B22-83,/fhome/maed/HelicoDataSet/CrossValidation/Annotated/B22-83_0/01061.png,0,0.008883840404450893
B22-83,/fhome/maed/HelicoDataSet/CrossValidation/Annotated/B22-83_0/01076.png,0,0.006272435653954744
B22-83,/fhome/maed/HelicoDataSet/CrossValidation/Annotated/B22-83_0/01018_Aug7.png,1,0.41734710335731506
B22-83,/fhome/maed/HelicoDataSet/CrossValidation/Annotated/B22-83_0/01063.png,0,0.005610429681837559
B22-83,/fhome/maed/HelicoDataSet/CrossValidation/Annotated/B22-83_0/01018_Aug4.png,1,0.4920843243598938
B22-138,/fhome/maed/HelicoDataSet/CrossValidation/Annotated/B22-138_0/01017.png,0,0.0350930355489254
B22-138,/fhome/maed/HelicoDataSet/CrossValidation/Annotated/B22-138_0/01330_Aug4.png,1,0.48468440771102905
B22-138,/fhome/maed/HelicoDataSet/CrossValidation/Annotated/B22-138_0/00200_Aug1.png,1,0.4276934564113617
B22-138,/fhome/maed/HelicoDataSet/CrossValidation/Annotated/B22-138_0/01018.png,0,0.055938173085451126
B22-138,/fhome/maed/HelicoDataSet/CrossValidation/Annotated/B22-138_0/01355_Aug5.png,1,0.5021883845329285
B22-138,/fhome/maed/HelicoDataSet/CrossValidation/Annotated/B22-138_0/01366_Aug4.png,1,0.13546980917453766
B22-138,/fhome/maed/HelicoDataSet/CrossValidation/Annotated/B22-138_0/01799.png,0,0.023345978930592537
B22-138,/fhome/maed/HelicoDataSet/CrossValidation/Annotated/B22-138_0/00555.png,0,0.02103407494723797
B22-138,/fhome/maed/HelicoDataSet/CrossValidation/Annotated/B22-138_0/01365_Aug1.png,1,0.3938278555870056
B22-138,/fhome/maed/HelicoDataSet/CrossValidation/Annotated/B22-138_0/00351_Aug8.png,1,0.4411548674106598
B22-138,/fhome/maed/HelicoDataSet/CrossValidation/Annotated/B22-138_0/01019.png,0,0.05657382309436798
B22-138,/fhome/maed/HelicoDataSet/CrossValidation/Annotated/B22-138_0/01401.png,0,0.048642709851264954
B22-138,/fhome/maed/HelicoDataSet/CrossValidation/Annotated/B22-138_0/01506.png,0,0.3027706444263458
B22-138,/fhome/maed/HelicoDataSet/CrossValidation/Annotated/B22-138_0/01500.png,1,0.4497908353805542
B22-138,/fhome/maed/HelicoDataSet/CrossValidation/Annotated/B22-138_0/01365_Aug7.png,1,0.4008159339427948
B22-138,/fhome/maed/HelicoDataSet/CrossValidation/Annotated/B22-138_0/01366_Aug1.png,1,0.438538521528244
B22-138,/fhome/maed/HelicoDataSet/CrossValidation/Annotated/B22-138_0/00361_Aug3.png,1,0.4588433504104614
B22-138,/fhome/maed/HelicoDataSet/CrossValidation/Annotated/B22-138_0/01011.png,0,0.4219638407230377
B22-138,/fhome/maed/HelicoDataSet/CrossValidation/Annotated/B22-138_0/01366_Aug6.png,1,0.1700064241886139
B22-138,/fhome/maed/HelicoDataSet/CrossValidation/Annotated/B22-138_0/00607.png,0,0.008160566911101341
B22-138,/fhome/maed/HelicoDataSet/CrossValidation/Annotated/B22-138_0/00351_Aug2.png,1,0.4736000597476959
B22-138,/fhome/maed/HelicoDataSet/CrossValidation/Annotated/B22-138_0/01648_Aug3.png,1,0.500953733921051
B22-138,/fhome/maed/HelicoDataSet/CrossValidation/Annotated/B22-138_0/00361_Aug4.png,1,0.4435833990573883
B22-138,/fhome/maed/HelicoDataSet/CrossValidation/Annotated/B22-138_0/00200_Aug6.png,1,0.3943880498409271
B22-138,/fhome/maed/HelicoDataSet/CrossValidation/Annotated/B22-138_0/00200_Aug4.png,1,0.4958711564540863
B22-138,/fhome/maed/HelicoDataSet/CrossValidation/Annotated/B22-138_0/00961.png,0,0.08475606143474579
B22-138,/fhome/maed/HelicoDataSet/CrossValidation/Annotated/B22-138_0/00879_Aug2.png,1,0.5073615312576294
B22-138,/fhome/maed/HelicoDataSet/CrossValidation/Annotated/B22-138_0/00699_Aug7.png,1,0.49297821521759033
B22-138,/fhome/maed/HelicoDataSet/CrossValidation/Annotated/B22-138_0/00892.png,1,0.349505752325058
B22-138,/fhome/maed/HelicoDataSet/CrossValidation/Annotated/B22-138_0/00361_Aug6.png,1,0.4238363206386566
B22-138,/fhome/maed/HelicoDataSet/CrossValidation/Annotated/B22-138_0/01355_Aug2.png,1,0.49548009037971497
B22-138,/fhome/maed/HelicoDataSet/CrossValidation/Annotated/B22-138_0/00497_Aug4.png,1,0.5247047543525696
B22-138,/fhome/maed/HelicoDataSet/CrossValidation/Annotated/B22-138_0/00759.png,0,0.014925670810043812
B22-138,/fhome/maed/HelicoDataSet/CrossValidation/Annotated/B22-138_0/01500_Aug7.png,1,0.19934280216693878
B22-138,/fhome/maed/HelicoDataSet/CrossValidation/Annotated/B22-138_0/00511.png,0,0.056844182312488556
B22-138,/fhome/maed/HelicoDataSet/CrossValidation/Annotated/B22-138_0/01538.png,0,0.02887760102748871
B22-138,/fhome/maed/HelicoDataSet/CrossValidation/Annotated/B22-138_0/01366_Aug2.png,1,0.14782412350177765
B22-138,/fhome/maed/HelicoDataSet/CrossValidation/Annotated/B22-138_0/00497_Aug3.png,1,0.5288650989532471
B22-138,/fhome/maed/HelicoDataSet/CrossValidation/Annotated/B22-138_0/01416.png,0,0.08662763983011246
B22-138,/fhome/maed/HelicoDataSet/CrossValidation/Annotated/B22-138_0/00699_Aug4.png,1,0.387117475271225
B22-138,/fhome/maed/HelicoDataSet/CrossValidation/Annotated/B22-138_0/01679.png,0,0.052065446972846985
B22-138,/fhome/maed/HelicoDataSet/CrossValidation/Annotated/B22-138_0/01271.png,0,0.04048481956124306
B22-138,/fhome/maed/HelicoDataSet/CrossValidation/Annotated/B22-138_0/00379_Aug3.png,1,0.4650854170322418
B22-138,/fhome/maed/HelicoDataSet/CrossValidation/Annotated/B22-138_0/01649_Aug7.png,1,0.5309370160102844
B22-138,/fhome/maed/HelicoDataSet/CrossValidation/Annotated/B22-138_0/01646_Aug8.png,1,0.39006805419921875
B22-138,/fhome/maed/HelicoDataSet/CrossValidation/Annotated/B22-138_0/00879_Aug4.png,1,0.45588886737823486
B22-138,/fhome/maed/HelicoDataSet/CrossValidation/Annotated/B22-138_0/01330_Aug7.png,1,0.476522296667099
B22-138,/fhome/maed/HelicoDataSet/CrossValidation/Annotated/B22-138_0/01366_Aug5.png,1,0.40026870369911194
B22-138,/fhome/maed/HelicoDataSet/CrossValidation/Annotated/B22-138_0/00699_Aug2.png,1,0.3779526948928833
B22-138,/fhome/maed/HelicoDataSet/CrossValidation/Annotated/B22-138_0/01598.png,0,0.00741195771843195
B22-138,/fhome/maed/HelicoDataSet/CrossValidation/Annotated/B22-138_0/01646.png,1,0.48927271366119385
B22-138,/fhome/maed/HelicoDataSet/CrossValidation/Annotated/B22-138_0/01649_Aug4.png,1,0.5062136650085449
B22-138,/fhome/maed/HelicoDataSet/CrossValidation/Annotated/B22-138_0/00198.png,0,0.023774495348334312
B22-138,/fhome/maed/HelicoDataSet/CrossValidation/Annotated/B22-138_0/01273.png,0,0.05681200698018074
B22-138,/fhome/maed/HelicoDataSet/CrossValidation/Annotated/B22-138_0/00200_Aug7.png,1,0.20545203983783722
B22-138,/fhome/maed/HelicoDataSet/CrossValidation/Annotated/B22-138_0/01735.png,0,0.026783635839819908
B22-138,/fhome/maed/HelicoDataSet/CrossValidation/Annotated/B22-138_0/01355.png,1,0.48107603192329407
B22-138,/fhome/maed/HelicoDataSet/CrossValidation/Annotated/B22-138_0/00200_Aug3.png,1,0.44092118740081787
B22-138,/fhome/maed/HelicoDataSet/CrossValidation/Annotated/B22-138_0/01649_Aug5.png,1,0.5297834873199463
B22-138,/fhome/maed/HelicoDataSet/CrossValidation/Annotated/B22-138_0/00525.png,0,0.027329398319125175
B22-138,/fhome/maed/HelicoDataSet/CrossValidation/Annotated/B22-138_0/00200_Aug5.png,1,0.014557098969817162
B22-138,/fhome/maed/HelicoDataSet/CrossValidation/Annotated/B22-138_0/01649_Aug6.png,1,0.5121171474456787
B22-138,/fhome/maed/HelicoDataSet/CrossValidation/Annotated/B22-138_0/00497_Aug6.png,1,0.531292736530304
B22-138,/fhome/maed/HelicoDataSet/CrossValidation/Annotated/B22-138_0/00409.png,0,0.06705714762210846
B22-138,/fhome/maed/HelicoDataSet/CrossValidation/Annotated/B22-138_0/01727.png,0,0.18527314066886902
B22-138,/fhome/maed/HelicoDataSet/CrossValidation/Annotated/B22-138_0/01648_Aug8.png,1,0.4944666922092438
B22-138,/fhome/maed/HelicoDataSet/CrossValidation/Annotated/B22-138_0/01330_Aug3.png,1,0.4762383997440338
B22-138,/fhome/maed/HelicoDataSet/CrossValidation/Annotated/B22-138_0/01366_Aug3.png,1,0.41940030455589294
B22-138,/fhome/maed/HelicoDataSet/CrossValidation/Annotated/B22-138_0/01648_Aug6.png,1,0.4870111644268036
B22-138,/fhome/maed/HelicoDataSet/CrossValidation/Annotated/B22-138_0/00542.png,0,0.030182072892785072
B22-138,/fhome/maed/HelicoDataSet/CrossValidation/Annotated/B22-138_0/01366.png,1,0.47598540782928467
B22-138,/fhome/maed/HelicoDataSet/CrossValidation/Annotated/B22-138_0/00892_Aug5.png,1,0.42480745911598206
B22-138,/fhome/maed/HelicoDataSet/CrossValidation/Annotated/B22-138_0/00351_Aug3.png,1,0.44946199655532837
B22-138,/fhome/maed/HelicoDataSet/CrossValidation/Annotated/B22-138_0/00879_Aug3.png,1,0.44788748025894165
B22-138,/fhome/maed/HelicoDataSet/CrossValidation/Annotated/B22-138_0/00699_Aug3.png,1,0.3609733581542969
B22-138,/fhome/maed/HelicoDataSet/CrossValidation/Annotated/B22-138_0/00699_Aug6.png,1,0.37179288268089294
B22-138,/fhome/maed/HelicoDataSet/CrossValidation/Annotated/B22-138_0/00442.png,0,0.00887501984834671
B22-138,/fhome/maed/HelicoDataSet/CrossValidation/Annotated/B22-138_0/00892_Aug2.png,1,0.3938197195529938
B22-138,/fhome/maed/HelicoDataSet/CrossValidation/Annotated/B22-138_0/01442.png,0,0.16653478145599365
B22-138,/fhome/maed/HelicoDataSet/CrossValidation/Annotated/B22-138_0/01330_Aug6.png,1,0.5090628862380981
B22-138,/fhome/maed/HelicoDataSet/CrossValidation/Annotated/B22-138_0/00378.png,0,0.015422960743308067
B22-138,/fhome/maed/HelicoDataSet/CrossValidation/Annotated/B22-138_0/00351_Aug4.png,1,0.45671024918556213
B22-138,/fhome/maed/HelicoDataSet/CrossValidation/Annotated/B22-138_0/01263_Aug3.png,1,0.26458439230918884
B22-138,/fhome/maed/HelicoDataSet/CrossValidation/Annotated/B22-138_0/01714.png,0,0.06741522252559662
B22-138,/fhome/maed/HelicoDataSet/CrossValidation/Annotated/B22-138_0/00879_Aug8.png,1,0.4724445641040802
B22-138,/fhome/maed/HelicoDataSet/CrossValidation/Annotated/B22-138_0/00351_Aug6.png,1,0.4600241184234619
B22-138,/fhome/maed/HelicoDataSet/CrossValidation/Annotated/B22-138_0/01648_Aug5.png,1,0.4895435571670532
B22-138,/fhome/maed/HelicoDataSet/CrossValidation/Annotated/B22-138_0/01500_Aug6.png,1,0.35649412870407104
B22-138,/fhome/maed/HelicoDataSet/CrossValidation/Annotated/B22-138_0/01813.png,0,0.019685538485646248
B22-138,/fhome/maed/HelicoDataSet/CrossValidation/Annotated/B22-138_0/01648_Aug1.png,1,0.506414532661438
B22-138,/fhome/maed/HelicoDataSet/CrossValidation/Annotated/B22-138_0/01646_Aug6.png,1,0.4553295969963074
B22-138,/fhome/maed/HelicoDataSet/CrossValidation/Annotated/B22-138_0/01500_Aug3.png,1,0.47607240080833435
B22-138,/fhome/maed/HelicoDataSet/CrossValidation/Annotated/B22-138_0/00699.png,1,0.3976821303367615
B22-138,/fhome/maed/HelicoDataSet/CrossValidation/Annotated/B22-138_0/00361_Aug5.png,1,0.47152039408683777
B22-138,/fhome/maed/HelicoDataSet/CrossValidation/Annotated/B22-138_0/01330_Aug5.png,1,0.4157653748989105
B22-138,/fhome/maed/HelicoDataSet/CrossValidation/Annotated/B22-138_0/00879_Aug6.png,1,0.45913076400756836
B22-138,/fhome/maed/HelicoDataSet/CrossValidation/Annotated/B22-138_0/00567.png,0,0.012072975747287273
B22-138,/fhome/maed/HelicoDataSet/CrossValidation/Annotated/B22-138_0/01508.png,0,0.022807050496339798
B22-138,/fhome/maed/HelicoDataSet/CrossValidation/Annotated/B22-138_0/01263_Aug2.png,1,0.19706416130065918
B22-138,/fhome/maed/HelicoDataSet/CrossValidation/Annotated/B22-138_0/00497.png,1,0.5070925951004028
B22-138,/fhome/maed/HelicoDataSet/CrossValidation/Annotated/B22-138_0/01608.png,0,0.3988310396671295
B22-138,/fhome/maed/HelicoDataSet/CrossValidation/Annotated/B22-138_0/01380.png,0,0.08273914456367493
B22-138,/fhome/maed/HelicoDataSet/CrossValidation/Annotated/B22-138_0/01355_Aug3.png,1,0.4833618402481079
B22-138,/fhome/maed/HelicoDataSet/CrossValidation/Annotated/B22-138_0/00967.png,0,0.05316541716456413
B22-138,/fhome/maed/HelicoDataSet/CrossValidation/Annotated/B22-138_0/00892_Aug6.png,1,0.2780236005783081
B22-138,/fhome/maed/HelicoDataSet/CrossValidation/Annotated/B22-138_0/01649_Aug3.png,1,0.5270572900772095
B22-138,/fhome/maed/HelicoDataSet/CrossValidation/Annotated/B22-138_0/01330_Aug2.png,1,0.47024470567703247
B22-138,/fhome/maed/HelicoDataSet/CrossValidation/Annotated/B22-138_0/00699_Aug8.png,1,0.34670835733413696
B22-138,/fhome/maed/HelicoDataSet/CrossValidation/Annotated/B22-138_0/00221.png,0,0.014864851720631123
B22-138,/fhome/maed/HelicoDataSet/CrossValidation/Annotated/B22-138_0/00497_Aug5.png,1,0.5081942081451416
B22-138,/fhome/maed/HelicoDataSet/CrossValidation/Annotated/B22-138_0/00361_Aug1.png,1,0.4004842936992645
B22-138,/fhome/maed/HelicoDataSet/CrossValidation/Annotated/B22-138_0/00879_Aug5.png,1,0.42038416862487793
B22-138,/fhome/maed/HelicoDataSet/CrossValidation/Annotated/B22-138_0/00361.png,1,0.41565337777137756
B22-138,/fhome/maed/HelicoDataSet/CrossValidation/Annotated/B22-138_0/00361_Aug7.png,1,0.4282890260219574
B22-138,/fhome/maed/HelicoDataSet/CrossValidation/Annotated/B22-138_0/01396.png,0,0.1674962192773819
B22-138,/fhome/maed/HelicoDataSet/CrossValidation/Annotated/B22-138_0/00116.png,0,0.41322779655456543
B22-138,/fhome/maed/HelicoDataSet/CrossValidation/Annotated/B22-138_0/01500_Aug5.png,1,0.22825968265533447
B22-138,/fhome/maed/HelicoDataSet/CrossValidation/Annotated/B22-138_0/00497_Aug2.png,1,0.525055468082428
B22-138,/fhome/maed/HelicoDataSet/CrossValidation/Annotated/B22-138_0/00879.png,1,0.4607432186603546
B22-138,/fhome/maed/HelicoDataSet/CrossValidation/Annotated/B22-138_0/00379_Aug5.png,1,0.45272397994995117
B22-138,/fhome/maed/HelicoDataSet/CrossValidation/Annotated/B22-138_0/00361_Aug8.png,1,0.40660879015922546
B22-138,/fhome/maed/HelicoDataSet/CrossValidation/Annotated/B22-138_0/01095.png,0,0.2232741117477417
B22-138,/fhome/maed/HelicoDataSet/CrossValidation/Annotated/B22-138_0/00056.png,0,0.3464755117893219
B22-138,/fhome/maed/HelicoDataSet/CrossValidation/Annotated/B22-138_0/01263_Aug8.png,1,0.16535460948944092
B22-138,/fhome/maed/HelicoDataSet/CrossValidation/Annotated/B22-138_0/00978.png,0,0.4742739200592041
B22-138,/fhome/maed/HelicoDataSet/CrossValidation/Annotated/B22-138_0/01365_Aug6.png,1,0.4055730402469635
B22-138,/fhome/maed/HelicoDataSet/CrossValidation/Annotated/B22-138_0/01263_Aug6.png,1,0.23757033050060272
B22-138,/fhome/maed/HelicoDataSet/CrossValidation/Annotated/B22-138_0/00361_Aug2.png,1,0.4199308753013611
B22-138,/fhome/maed/HelicoDataSet/CrossValidation/Annotated/B22-138_0/01263.png,1,0.18981440365314484
B22-138,/fhome/maed/HelicoDataSet/CrossValidation/Annotated/B22-138_0/01388.png,0,0.01824364811182022
B22-138,/fhome/maed/HelicoDataSet/CrossValidation/Annotated/B22-138_0/00200.png,1,0.4013870358467102
B22-138,/fhome/maed/HelicoDataSet/CrossValidation/Annotated/B22-138_0/00379_Aug4.png,1,0.3884374499320984
B22-138,/fhome/maed/HelicoDataSet/CrossValidation/Annotated/B22-138_0/01365_Aug3.png,1,0.3975179195404053
B22-138,/fhome/maed/HelicoDataSet/CrossValidation/Annotated/B22-138_0/01648_Aug2.png,1,0.5065324306488037
B22-138,/fhome/maed/HelicoDataSet/CrossValidation/Annotated/B22-138_0/00351_Aug5.png,1,0.47789955139160156
B22-138,/fhome/maed/HelicoDataSet/CrossValidation/Annotated/B22-138_0/00892_Aug8.png,1,0.364728182554245
B22-138,/fhome/maed/HelicoDataSet/CrossValidation/Annotated/B22-138_0/01495.png,0,0.06154356151819229
B22-138,/fhome/maed/HelicoDataSet/CrossValidation/Annotated/B22-138_0/00497_Aug7.png,1,0.5286931395530701
B22-138,/fhome/maed/HelicoDataSet/CrossValidation/Annotated/B22-138_0/00351_Aug7.png,1,0.45258137583732605
B22-138,/fhome/maed/HelicoDataSet/CrossValidation/Annotated/B22-138_0/00733.png,0,0.011581530794501305
B22-138,/fhome/maed/HelicoDataSet/CrossValidation/Annotated/B22-138_0/00647.png,0,0.010746530257165432
B22-138,/fhome/maed/HelicoDataSet/CrossValidation/Annotated/B22-138_0/00892_Aug4.png,1,0.42318904399871826
B22-138,/fhome/maed/HelicoDataSet/CrossValidation/Annotated/B22-138_0/01263_Aug7.png,1,0.18314342200756073
B22-138,/fhome/maed/HelicoDataSet/CrossValidation/Annotated/B22-138_0/01713.png,0,0.022263986989855766
B22-138,/fhome/maed/HelicoDataSet/CrossValidation/Annotated/B22-138_0/00958.png,0,0.02000563032925129
B22-138,/fhome/maed/HelicoDataSet/CrossValidation/Annotated/B22-138_0/01355_Aug6.png,1,0.5031510591506958
B22-138,/fhome/maed/HelicoDataSet/CrossValidation/Annotated/B22-138_0/01355_Aug4.png,1,0.4914088547229767
B22-138,/fhome/maed/HelicoDataSet/CrossValidation/Annotated/B22-138_0/01646_Aug1.png,1,0.4838477075099945
B22-138,/fhome/maed/HelicoDataSet/CrossValidation/Annotated/B22-138_0/01355_Aug8.png,1,0.48564592003822327
B22-138,/fhome/maed/HelicoDataSet/CrossValidation/Annotated/B22-138_0/00497_Aug1.png,1,0.5318785309791565
B22-138,/fhome/maed/HelicoDataSet/CrossValidation/Annotated/B22-138_0/00550.png,0,0.009199877269566059
B22-138,/fhome/maed/HelicoDataSet/CrossValidation/Annotated/B22-138_0/00985.png,0,0.06399181485176086
B22-138,/fhome/maed/HelicoDataSet/CrossValidation/Annotated/B22-138_0/01363.png,0,0.02978031150996685
B22-138,/fhome/maed/HelicoDataSet/CrossValidation/Annotated/B22-138_0/01678.png,0,0.4456467628479004
B22-138,/fhome/maed/HelicoDataSet/CrossValidation/Annotated/B22-138_0/00561.png,0,0.414672315120697
B22-138,/fhome/maed/HelicoDataSet/CrossValidation/Annotated/B22-138_0/01209.png,0,0.15411260724067688
B22-138,/fhome/maed/HelicoDataSet/CrossValidation/Annotated/B22-138_0/01646_Aug7.png,1,0.5066744089126587
B22-138,/fhome/maed/HelicoDataSet/CrossValidation/Annotated/B22-138_0/00379_Aug8.png,1,0.16246096789836884
B22-138,/fhome/maed/HelicoDataSet/CrossValidation/Annotated/B22-138_0/01263_Aug5.png,1,0.3184831142425537
B22-138,/fhome/maed/HelicoDataSet/CrossValidation/Annotated/B22-138_0/01366_Aug7.png,1,0.4277947247028351
B22-138,/fhome/maed/HelicoDataSet/CrossValidation/Annotated/B22-138_0/01648_Aug4.png,1,0.5103562474250793
B22-138,/fhome/maed/HelicoDataSet/CrossValidation/Annotated/B22-138_0/01330_Aug1.png,1,0.4877569377422333
B22-138,/fhome/maed/HelicoDataSet/CrossValidation/Annotated/B22-138_0/01504.png,0,0.05980530381202698
B22-138,/fhome/maed/HelicoDataSet/CrossValidation/Annotated/B22-138_0/01366_Aug8.png,1,0.03212656453251839
B22-138,/fhome/maed/HelicoDataSet/CrossValidation/Annotated/B22-138_0/01649_Aug8.png,1,0.4678897559642792
B22-138,/fhome/maed/HelicoDataSet/CrossValidation/Annotated/B22-138_0/00379_Aug7.png,1,0.2646022140979767
B22-138,/fhome/maed/HelicoDataSet/CrossValidation/Annotated/B22-138_0/00699_Aug5.png,1,0.4285730719566345
B22-138,/fhome/maed/HelicoDataSet/CrossValidation/Annotated/B22-138_0/01500_Aug8.png,1,0.45003026723861694
B22-138,/fhome/maed/HelicoDataSet/CrossValidation/Annotated/B22-138_0/00892_Aug1.png,1,0.4219023585319519
B22-138,/fhome/maed/HelicoDataSet/CrossValidation/Annotated/B22-138_0/01365_Aug5.png,1,0.3960414230823517
B22-138,/fhome/maed/HelicoDataSet/CrossValidation/Annotated/B22-138_0/01355_Aug7.png,1,0.4747518002986908
B22-138,/fhome/maed/HelicoDataSet/CrossValidation/Annotated/B22-138_0/01330_Aug8.png,1,0.4740968644618988
B22-138,/fhome/maed/HelicoDataSet/CrossValidation/Annotated/B22-138_0/00699_Aug1.png,1,0.4483380913734436
B22-138,/fhome/maed/HelicoDataSet/CrossValidation/Annotated/B22-138_0/01648_Aug7.png,1,0.5031386017799377
B22-138,/fhome/maed/HelicoDataSet/CrossValidation/Annotated/B22-138_0/01649_Aug2.png,1,0.5055108666419983
B22-138,/fhome/maed/HelicoDataSet/CrossValidation/Annotated/B22-138_0/00379.png,1,0.328639417886734
B22-138,/fhome/maed/HelicoDataSet/CrossValidation/Annotated/B22-138_0/00351_Aug1.png,1,0.4839022755622864
B22-138,/fhome/maed/HelicoDataSet/CrossValidation/Annotated/B22-138_0/01424.png,0,0.021415136754512787
B22-138,/fhome/maed/HelicoDataSet/CrossValidation/Annotated/B22-138_0/01008.png,0,0.036165811121463776
B22-138,/fhome/maed/HelicoDataSet/CrossValidation/Annotated/B22-138_0/00527.png,0,0.04251536354422569
B22-138,/fhome/maed/HelicoDataSet/CrossValidation/Annotated/B22-138_0/01430.png,0,0.2769336998462677
B22-138,/fhome/maed/HelicoDataSet/CrossValidation/Annotated/B22-138_0/01200.png,0,0.06962206214666367
B22-138,/fhome/maed/HelicoDataSet/CrossValidation/Annotated/B22-138_0/01646_Aug5.png,1,0.5116328597068787
B22-138,/fhome/maed/HelicoDataSet/CrossValidation/Annotated/B22-138_0/01185.png,0,0.010226135142147541
B22-138,/fhome/maed/HelicoDataSet/CrossValidation/Annotated/B22-138_0/01731.png,0,0.21750271320343018
B22-138,/fhome/maed/HelicoDataSet/CrossValidation/Annotated/B22-138_0/01365.png,1,0.4121655523777008
B22-138,/fhome/maed/HelicoDataSet/CrossValidation/Annotated/B22-138_0/01210.png,0,0.171137273311615
B22-138,/fhome/maed/HelicoDataSet/CrossValidation/Annotated/B22-138_0/01646_Aug4.png,1,0.4473094046115875
B22-138,/fhome/maed/HelicoDataSet/CrossValidation/Annotated/B22-138_0/01263_Aug1.png,1,0.29053086042404175
B22-138,/fhome/maed/HelicoDataSet/CrossValidation/Annotated/B22-138_0/01365_Aug2.png,1,0.4114599823951721
B22-138,/fhome/maed/HelicoDataSet/CrossValidation/Annotated/B22-138_0/01500_Aug1.png,1,0.44016316533088684
B22-138,/fhome/maed/HelicoDataSet/CrossValidation/Annotated/B22-138_0/01648.png,1,0.5149183869361877
B22-138,/fhome/maed/HelicoDataSet/CrossValidation/Annotated/B22-138_0/01263_Aug4.png,1,0.3559012711048126
B22-138,/fhome/maed/HelicoDataSet/CrossValidation/Annotated/B22-138_0/00892_Aug7.png,1,0.4356367886066437
B22-138,/fhome/maed/HelicoDataSet/CrossValidation/Annotated/B22-138_0/01500_Aug4.png,1,0.38274678587913513
B22-138,/fhome/maed/HelicoDataSet/CrossValidation/Annotated/B22-138_0/00497_Aug8.png,1,0.5060086250305176
B22-138,/fhome/maed/HelicoDataSet/CrossValidation/Annotated/B22-138_0/01594.png,0,0.016301363706588745
B22-138,/fhome/maed/HelicoDataSet/CrossValidation/Annotated/B22-138_0/01646_Aug3.png,1,0.44992974400520325
B22-138,/fhome/maed/HelicoDataSet/CrossValidation/Annotated/B22-138_0/01365_Aug8.png,1,0.3004481792449951
B22-138,/fhome/maed/HelicoDataSet/CrossValidation/Annotated/B22-138_0/00959.png,0,0.0774615928530693
B22-138,/fhome/maed/HelicoDataSet/CrossValidation/Annotated/B22-138_0/01649_Aug1.png,1,0.5239723920822144
B22-138,/fhome/maed/HelicoDataSet/CrossValidation/Annotated/B22-138_0/01192.png,0,0.04477957636117935
B22-138,/fhome/maed/HelicoDataSet/CrossValidation/Annotated/B22-138_0/00200_Aug8.png,1,0.15638253092765808
B22-138,/fhome/maed/HelicoDataSet/CrossValidation/Annotated/B22-138_0/01355_Aug1.png,1,0.4953235983848572
B22-138,/fhome/maed/HelicoDataSet/CrossValidation/Annotated/B22-138_0/01264.png,0,0.029946042224764824
B22-138,/fhome/maed/HelicoDataSet/CrossValidation/Annotated/B22-138_0/00574.png,0,0.013818641193211079
B22-138,/fhome/maed/HelicoDataSet/CrossValidation/Annotated/B22-138_0/00351.png,1,0.4544910192489624
B22-138,/fhome/maed/HelicoDataSet/CrossValidation/Annotated/B22-138_0/00379_Aug2.png,1,0.2833259403705597
B22-138,/fhome/maed/HelicoDataSet/CrossValidation/Annotated/B22-138_0/00526.png,0,0.030925331637263298
B22-138,/fhome/maed/HelicoDataSet/CrossValidation/Annotated/B22-138_0/01262.png,0,0.06142333894968033
B22-138,/fhome/maed/HelicoDataSet/CrossValidation/Annotated/B22-138_0/01256.png,0,0.055013351142406464
B22-138,/fhome/maed/HelicoDataSet/CrossValidation/Annotated/B22-138_0/00879_Aug7.png,1,0.46136611700057983
B22-138,/fhome/maed/HelicoDataSet/CrossValidation/Annotated/B22-138_0/00200_Aug2.png,1,0.4545784294605255
B22-138,/fhome/maed/HelicoDataSet/CrossValidation/Annotated/B22-138_0/00379_Aug1.png,1,0.3342045247554779
B22-138,/fhome/maed/HelicoDataSet/CrossValidation/Annotated/B22-138_0/01365_Aug4.png,1,0.33196574449539185
B22-138,/fhome/maed/HelicoDataSet/CrossValidation/Annotated/B22-138_0/00892_Aug3.png,1,0.37878724932670593
B22-138,/fhome/maed/HelicoDataSet/CrossValidation/Annotated/B22-138_0/01649.png,1,0.5196582674980164
B22-138,/fhome/maed/HelicoDataSet/CrossValidation/Annotated/B22-138_0/00879_Aug1.png,1,0.4718056917190552
B22-138,/fhome/maed/HelicoDataSet/CrossValidation/Annotated/B22-138_0/01577.png,0,0.06656546145677567
B22-138,/fhome/maed/HelicoDataSet/CrossValidation/Annotated/B22-138_0/00379_Aug6.png,1,0.18617567420005798
B22-138,/fhome/maed/HelicoDataSet/CrossValidation/Annotated/B22-138_0/01646_Aug2.png,1,0.44682154059410095
B22-138,/fhome/maed/HelicoDataSet/CrossValidation/Annotated/B22-138_0/01500_Aug2.png,1,0.37984514236450195
B22-138,/fhome/maed/HelicoDataSet/CrossValidation/Annotated/B22-138_0/01330.png,1,0.4865313768386841
B22-141,/fhome/maed/HelicoDataSet/CrossValidation/Annotated/B22-141_0/00131.png,0,0.06771057844161987
B22-141,/fhome/maed/HelicoDataSet/CrossValidation/Annotated/B22-141_0/00141.png,0,0.2532096207141876
B22-141,/fhome/maed/HelicoDataSet/CrossValidation/Annotated/B22-141_0/00298.png,0,0.013287307694554329
B22-141,/fhome/maed/HelicoDataSet/CrossValidation/Annotated/B22-141_0/00315.png,0,0.030943308025598526
B22-141,/fhome/maed/HelicoDataSet/CrossValidation/Annotated/B22-141_0/00352.png,0,0.028277086094021797
B22-141,/fhome/maed/HelicoDataSet/CrossValidation/Annotated/B22-141_0/00290.png,0,0.18185816705226898
B22-93,/fhome/maed/HelicoDataSet/CrossValidation/Annotated/B22-93_0/00641.png,0,0.012025609612464905
B22-93,/fhome/maed/HelicoDataSet/CrossValidation/Annotated/B22-93_0/00678.png,0,0.027187734842300415
B22-93,/fhome/maed/HelicoDataSet/CrossValidation/Annotated/B22-93_0/00675.png,0,0.014601300470530987
B22-93,/fhome/maed/HelicoDataSet/CrossValidation/Annotated/B22-93_0/00639.png,0,0.006600555963814259
B22-93,/fhome/maed/HelicoDataSet/CrossValidation/Annotated/B22-93_0/00677.png,0,0.015352017246186733
B22-166,/fhome/maed/HelicoDataSet/CrossValidation/Annotated/B22-166_0/00118.png,0,0.020441975444555283
B22-258,/fhome/maed/HelicoDataSet/CrossValidation/Annotated/B22-258_0/00714.png,0,0.06446026265621185
B22-258,/fhome/maed/HelicoDataSet/CrossValidation/Annotated/B22-258_0/00733.png,0,0.020685546100139618
B22-258,/fhome/maed/HelicoDataSet/CrossValidation/Annotated/B22-258_0/01007.png,0,0.0990605428814888
B22-258,/fhome/maed/HelicoDataSet/CrossValidation/Annotated/B22-258_0/00747.png,0,0.20940221846103668
B22-258,/fhome/maed/HelicoDataSet/CrossValidation/Annotated/B22-258_0/00721.png,0,0.019568629562854767
B22-258,/fhome/maed/HelicoDataSet/CrossValidation/Annotated/B22-258_0/00745.png,0,0.20060573518276215
B22-127,/fhome/maed/HelicoDataSet/CrossValidation/Annotated/B22-127_0/00117.png,0,0.018572013825178146
B22-127,/fhome/maed/HelicoDataSet/CrossValidation/Annotated/B22-127_0/00754.png,0,0.04863649979233742
B22-127,/fhome/maed/HelicoDataSet/CrossValidation/Annotated/B22-127_0/00624.png,0,0.024032719433307648
B22-125,/fhome/maed/HelicoDataSet/CrossValidation/Annotated/B22-125_0/03857.png,0,0.044402457773685455
B22-125,/fhome/maed/HelicoDataSet/CrossValidation/Annotated/B22-125_0/03028.png,0,0.025477666407823563
B22-230,/fhome/maed/HelicoDataSet/CrossValidation/Annotated/B22-230_0/03934.png,0,0.012626880779862404
B22-302,/fhome/maed/HelicoDataSet/CrossValidation/Annotated/B22-302_0/00846_Aug7.png,1,0.5545920133590698
B22-302,/fhome/maed/HelicoDataSet/CrossValidation/Annotated/B22-302_0/00231_Aug7.png,1,0.5295217037200928
B22-302,/fhome/maed/HelicoDataSet/CrossValidation/Annotated/B22-302_0/00957.png,0,0.6473140716552734
B22-302,/fhome/maed/HelicoDataSet/CrossValidation/Annotated/B22-302_0/00175_Aug7.png,1,0.44621261954307556
B22-302,/fhome/maed/HelicoDataSet/CrossValidation/Annotated/B22-302_0/00776.png,0,0.544951319694519
B22-302,/fhome/maed/HelicoDataSet/CrossValidation/Annotated/B22-302_0/00175_Aug5.png,1,0.39234697818756104
B22-302,/fhome/maed/HelicoDataSet/CrossValidation/Annotated/B22-302_0/00175_Aug3.png,1,0.43582120537757874
B22-302,/fhome/maed/HelicoDataSet/CrossValidation/Annotated/B22-302_0/01020.png,0,0.5343315005302429
B22-302,/fhome/maed/HelicoDataSet/CrossValidation/Annotated/B22-302_0/00168_Aug6.png,1,0.5228580832481384
B22-302,/fhome/maed/HelicoDataSet/CrossValidation/Annotated/B22-302_0/00154_Aug8.png,1,0.586864173412323
B22-302,/fhome/maed/HelicoDataSet/CrossValidation/Annotated/B22-302_0/00846.png,1,0.5480327010154724
B22-302,/fhome/maed/HelicoDataSet/CrossValidation/Annotated/B22-302_0/00846_Aug3.png,1,0.5570387840270996
B22-302,/fhome/maed/HelicoDataSet/CrossValidation/Annotated/B22-302_0/00168_Aug1.png,1,0.5430900454521179
B22-302,/fhome/maed/HelicoDataSet/CrossValidation/Annotated/B22-302_0/01449.png,0,0.5655548572540283
B22-302,/fhome/maed/HelicoDataSet/CrossValidation/Annotated/B22-302_0/00168.png,1,0.5424763560295105
B22-302,/fhome/maed/HelicoDataSet/CrossValidation/Annotated/B22-302_0/00175_Aug1.png,1,0.5138699412345886
B22-302,/fhome/maed/HelicoDataSet/CrossValidation/Annotated/B22-302_0/00946.png,0,0.5564869046211243
B22-302,/fhome/maed/HelicoDataSet/CrossValidation/Annotated/B22-302_0/00846_Aug5.png,1,0.5548186302185059
B22-302,/fhome/maed/HelicoDataSet/CrossValidation/Annotated/B22-302_0/00231_Aug8.png,1,0.032963287085294724
B22-302,/fhome/maed/HelicoDataSet/CrossValidation/Annotated/B22-302_0/00783.png,0,0.6292462348937988
B22-302,/fhome/maed/HelicoDataSet/CrossValidation/Annotated/B22-302_0/01292.png,0,0.6193869113922119
B22-302,/fhome/maed/HelicoDataSet/CrossValidation/Annotated/B22-302_0/00231_Aug1.png,1,0.5130137205123901
B22-302,/fhome/maed/HelicoDataSet/CrossValidation/Annotated/B22-302_0/00154_Aug6.png,1,0.5749461054801941
B22-302,/fhome/maed/HelicoDataSet/CrossValidation/Annotated/B22-302_0/01140.png,0,0.5383142232894897
B22-302,/fhome/maed/HelicoDataSet/CrossValidation/Annotated/B22-302_0/00846_Aug8.png,1,0.5976733565330505
B22-302,/fhome/maed/HelicoDataSet/CrossValidation/Annotated/B22-302_0/00846_Aug2.png,1,0.561923623085022
B22-302,/fhome/maed/HelicoDataSet/CrossValidation/Annotated/B22-302_0/00168_Aug8.png,1,0.5298722386360168
B22-302,/fhome/maed/HelicoDataSet/CrossValidation/Annotated/B22-302_0/00168_Aug2.png,1,0.5241259336471558
B22-302,/fhome/maed/HelicoDataSet/CrossValidation/Annotated/B22-302_0/00175_Aug8.png,1,0.44621139764785767
B22-302,/fhome/maed/HelicoDataSet/CrossValidation/Annotated/B22-302_0/00168_Aug4.png,1,0.5198140144348145
B22-302,/fhome/maed/HelicoDataSet/CrossValidation/Annotated/B22-302_0/00485.png,0,0.478148490190506
B22-302,/fhome/maed/HelicoDataSet/CrossValidation/Annotated/B22-302_0/00835.png,0,0.6359193325042725
B22-302,/fhome/maed/HelicoDataSet/CrossValidation/Annotated/B22-302_0/00154_Aug7.png,1,0.5730276107788086
B22-302,/fhome/maed/HelicoDataSet/CrossValidation/Annotated/B22-302_0/00231_Aug4.png,1,0.0470576249063015
B22-302,/fhome/maed/HelicoDataSet/CrossValidation/Annotated/B22-302_0/01034.png,0,0.5299956202507019
B22-302,/fhome/maed/HelicoDataSet/CrossValidation/Annotated/B22-302_0/00168_Aug5.png,1,0.556661069393158
B22-302,/fhome/maed/HelicoDataSet/CrossValidation/Annotated/B22-302_0/00583.png,0,0.3628661334514618
B22-302,/fhome/maed/HelicoDataSet/CrossValidation/Annotated/B22-302_0/00168_Aug7.png,1,0.5710592269897461
B22-302,/fhome/maed/HelicoDataSet/CrossValidation/Annotated/B22-302_0/01085.png,0,0.5590473413467407
B22-302,/fhome/maed/HelicoDataSet/CrossValidation/Annotated/B22-302_0/00175.png,1,0.4835369288921356
B22-302,/fhome/maed/HelicoDataSet/CrossValidation/Annotated/B22-302_0/00231.png,1,0.4800320863723755
B22-302,/fhome/maed/HelicoDataSet/CrossValidation/Annotated/B22-302_0/00731.png,0,0.5715233683586121
B22-302,/fhome/maed/HelicoDataSet/CrossValidation/Annotated/B22-302_0/00175_Aug6.png,1,0.4189188778400421
B22-302,/fhome/maed/HelicoDataSet/CrossValidation/Annotated/B22-302_0/00175_Aug2.png,1,0.5138713121414185
B22-302,/fhome/maed/HelicoDataSet/CrossValidation/Annotated/B22-302_0/00168_Aug3.png,1,0.5553414821624756
B22-302,/fhome/maed/HelicoDataSet/CrossValidation/Annotated/B22-302_0/00154_Aug2.png,1,0.5552132725715637
B22-302,/fhome/maed/HelicoDataSet/CrossValidation/Annotated/B22-302_0/00231_Aug3.png,1,0.5211083889007568
B22-302,/fhome/maed/HelicoDataSet/CrossValidation/Annotated/B22-302_0/00154_Aug3.png,1,0.5603653788566589
B22-302,/fhome/maed/HelicoDataSet/CrossValidation/Annotated/B22-302_0/00231_Aug5.png,1,0.5167921781539917
B22-302,/fhome/maed/HelicoDataSet/CrossValidation/Annotated/B22-302_0/00231_Aug2.png,1,0.404047429561615
B22-302,/fhome/maed/HelicoDataSet/CrossValidation/Annotated/B22-302_0/00436.png,0,0.08072123676538467
B22-302,/fhome/maed/HelicoDataSet/CrossValidation/Annotated/B22-302_0/00154.png,1,0.5419020652770996
B22-302,/fhome/maed/HelicoDataSet/CrossValidation/Annotated/B22-302_0/00154_Aug5.png,1,0.563274085521698
B22-302,/fhome/maed/HelicoDataSet/CrossValidation/Annotated/B22-302_0/00154_Aug1.png,1,0.5518481135368347
B22-302,/fhome/maed/HelicoDataSet/CrossValidation/Annotated/B22-302_0/00231_Aug6.png,1,0.04862905666232109
B22-302,/fhome/maed/HelicoDataSet/CrossValidation/Annotated/B22-302_0/00175_Aug4.png,1,0.43582120537757874
B22-302,/fhome/maed/HelicoDataSet/CrossValidation/Annotated/B22-302_0/00846_Aug1.png,1,0.5499317049980164
B22-302,/fhome/maed/HelicoDataSet/CrossValidation/Annotated/B22-302_0/00846_Aug4.png,1,0.5720035433769226
B22-302,/fhome/maed/HelicoDataSet/CrossValidation/Annotated/B22-302_0/00846_Aug6.png,1,0.589020311832428
B22-302,/fhome/maed/HelicoDataSet/CrossValidation/Annotated/B22-302_0/00154_Aug4.png,1,0.5693128108978271
B22-302,/fhome/maed/HelicoDataSet/CrossValidation/Annotated/B22-302_0/01043.png,0,0.5073177814483643
B22-46,/fhome/maed/HelicoDataSet/CrossValidation/Annotated/B22-46_0/01039_Aug4.png,1,0.52149498462677
B22-46,/fhome/maed/HelicoDataSet/CrossValidation/Annotated/B22-46_0/01039_Aug8.png,1,0.530437707901001
B22-46,/fhome/maed/HelicoDataSet/CrossValidation/Annotated/B22-46_0/01039_Aug7.png,1,0.5289614200592041
B22-46,/fhome/maed/HelicoDataSet/CrossValidation/Annotated/B22-46_0/01039_Aug5.png,1,0.5251463651657104
B22-46,/fhome/maed/HelicoDataSet/CrossValidation/Annotated/B22-46_0/01547.png,0,0.42503899335861206
B22-46,/fhome/maed/HelicoDataSet/CrossValidation/Annotated/B22-46_0/01340_Aug8.png,1,0.4894234240055084
B22-46,/fhome/maed/HelicoDataSet/CrossValidation/Annotated/B22-46_0/01338_Aug7.png,1,0.4869859516620636
B22-46,/fhome/maed/HelicoDataSet/CrossValidation/Annotated/B22-46_0/01340_Aug3.png,1,0.49302762746810913
B22-46,/fhome/maed/HelicoDataSet/CrossValidation/Annotated/B22-46_0/01039_Aug1.png,1,0.5234065651893616
B22-46,/fhome/maed/HelicoDataSet/CrossValidation/Annotated/B22-46_0/01291_Aug7.png,1,0.5177139043807983
B22-46,/fhome/maed/HelicoDataSet/CrossValidation/Annotated/B22-46_0/01338_Aug1.png,1,0.4669877290725708
B22-46,/fhome/maed/HelicoDataSet/CrossValidation/Annotated/B22-46_0/01340_Aug4.png,1,0.5133723616600037
B22-46,/fhome/maed/HelicoDataSet/CrossValidation/Annotated/B22-46_0/02336.png,0,0.05238262191414833
B22-46,/fhome/maed/HelicoDataSet/CrossValidation/Annotated/B22-46_0/01340_Aug5.png,1,0.5007106065750122
B22-46,/fhome/maed/HelicoDataSet/CrossValidation/Annotated/B22-46_0/01852.png,0,0.021481875330209732
B22-46,/fhome/maed/HelicoDataSet/CrossValidation/Annotated/B22-46_0/01338_Aug8.png,1,0.4659864604473114
B22-46,/fhome/maed/HelicoDataSet/CrossValidation/Annotated/B22-46_0/01291_Aug4.png,1,0.4492272734642029
B22-46,/fhome/maed/HelicoDataSet/CrossValidation/Annotated/B22-46_0/01340.png,1,0.5087204575538635
B22-46,/fhome/maed/HelicoDataSet/CrossValidation/Annotated/B22-46_0/01338_Aug3.png,1,0.4778555631637573
B22-46,/fhome/maed/HelicoDataSet/CrossValidation/Annotated/B22-46_0/01340_Aug2.png,1,0.5130542516708374
B22-46,/fhome/maed/HelicoDataSet/CrossValidation/Annotated/B22-46_0/01039_Aug3.png,1,0.5281358957290649
B22-46,/fhome/maed/HelicoDataSet/CrossValidation/Annotated/B22-46_0/01338_Aug6.png,1,0.46281948685646057
B22-46,/fhome/maed/HelicoDataSet/CrossValidation/Annotated/B22-46_0/01338.png,1,0.5057590007781982
B22-46,/fhome/maed/HelicoDataSet/CrossValidation/Annotated/B22-46_0/02831.png,0,0.10360948741436005
B22-46,/fhome/maed/HelicoDataSet/CrossValidation/Annotated/B22-46_0/02771.png,0,0.28487831354141235
B22-46,/fhome/maed/HelicoDataSet/CrossValidation/Annotated/B22-46_0/02888.png,0,0.027967723086476326
B22-46,/fhome/maed/HelicoDataSet/CrossValidation/Annotated/B22-46_0/01338_Aug5.png,1,0.5032666325569153
B22-46,/fhome/maed/HelicoDataSet/CrossValidation/Annotated/B22-46_0/01340_Aug1.png,1,0.5095893144607544
B22-46,/fhome/maed/HelicoDataSet/CrossValidation/Annotated/B22-46_0/01291_Aug1.png,1,0.48995184898376465
B22-46,/fhome/maed/HelicoDataSet/CrossValidation/Annotated/B22-46_0/00182.png,0,0.12066737562417984
B22-46,/fhome/maed/HelicoDataSet/CrossValidation/Annotated/B22-46_0/00649.png,0,0.19928930699825287
B22-46,/fhome/maed/HelicoDataSet/CrossValidation/Annotated/B22-46_0/01291_Aug6.png,1,0.4515573978424072
B22-46,/fhome/maed/HelicoDataSet/CrossValidation/Annotated/B22-46_0/01340_Aug6.png,1,0.4964492619037628
B22-46,/fhome/maed/HelicoDataSet/CrossValidation/Annotated/B22-46_0/01039_Aug6.png,1,0.5287771224975586
B22-46,/fhome/maed/HelicoDataSet/CrossValidation/Annotated/B22-46_0/01291.png,1,0.47552844882011414
B22-46,/fhome/maed/HelicoDataSet/CrossValidation/Annotated/B22-46_0/03030.png,0,0.009530731476843357
B22-46,/fhome/maed/HelicoDataSet/CrossValidation/Annotated/B22-46_0/01338_Aug4.png,1,0.46278971433639526
B22-46,/fhome/maed/HelicoDataSet/CrossValidation/Annotated/B22-46_0/01039.png,1,0.5129624605178833
B22-46,/fhome/maed/HelicoDataSet/CrossValidation/Annotated/B22-46_0/01039_Aug2.png,1,0.5202134251594543
B22-46,/fhome/maed/HelicoDataSet/CrossValidation/Annotated/B22-46_0/01291_Aug2.png,1,0.4560042917728424
B22-46,/fhome/maed/HelicoDataSet/CrossValidation/Annotated/B22-46_0/01338_Aug2.png,1,0.4652547538280487
B22-46,/fhome/maed/HelicoDataSet/CrossValidation/Annotated/B22-46_0/01470.png,0,0.10956194996833801
B22-46,/fhome/maed/HelicoDataSet/CrossValidation/Annotated/B22-46_0/01340_Aug7.png,1,0.49930310249328613
B22-46,/fhome/maed/HelicoDataSet/CrossValidation/Annotated/B22-46_0/00943.png,0,0.17114397883415222
B22-46,/fhome/maed/HelicoDataSet/CrossValidation/Annotated/B22-46_0/01291_Aug5.png,1,0.5028250217437744
B22-46,/fhome/maed/HelicoDataSet/CrossValidation/Annotated/B22-46_0/01291_Aug8.png,1,0.41384056210517883
B22-46,/fhome/maed/HelicoDataSet/CrossValidation/Annotated/B22-46_0/01291_Aug3.png,1,0.507552444934845
B22-117,/fhome/maed/HelicoDataSet/CrossValidation/Annotated/B22-117_0/01180.png,0,0.01836133375763893
B22-117,/fhome/maed/HelicoDataSet/CrossValidation/Annotated/B22-117_0/00952.png,0,0.06402798742055893
B22-117,/fhome/maed/HelicoDataSet/CrossValidation/Annotated/B22-117_0/01202.png,0,0.02265956439077854
B22-256,/fhome/maed/HelicoDataSet/CrossValidation/Annotated/B22-256_0/00216.png,0,0.06175285577774048
B22-256,/fhome/maed/HelicoDataSet/CrossValidation/Annotated/B22-256_0/00678.png,0,0.03572045639157295
B22-256,/fhome/maed/HelicoDataSet/CrossValidation/Annotated/B22-256_0/00258.png,0,0.20205619931221008
B22-71,/fhome/maed/HelicoDataSet/CrossValidation/Annotated/B22-71_0/00048_Aug6.png,1,0.5256314277648926
B22-71,/fhome/maed/HelicoDataSet/CrossValidation/Annotated/B22-71_0/00048_Aug8.png,1,0.5290959477424622
B22-71,/fhome/maed/HelicoDataSet/CrossValidation/Annotated/B22-71_0/00048_Aug2.png,1,0.5187205672264099
B22-71,/fhome/maed/HelicoDataSet/CrossValidation/Annotated/B22-71_0/00048_Aug4.png,1,0.5208757519721985
B22-71,/fhome/maed/HelicoDataSet/CrossValidation/Annotated/B22-71_0/00332.png,0,0.2247154265642166
B22-71,/fhome/maed/HelicoDataSet/CrossValidation/Annotated/B22-71_0/00048_Aug5.png,1,0.5246924161911011
B22-71,/fhome/maed/HelicoDataSet/CrossValidation/Annotated/B22-71_0/00048_Aug1.png,1,0.5282782316207886
B22-71,/fhome/maed/HelicoDataSet/CrossValidation/Annotated/B22-71_0/00048_Aug3.png,1,0.5229294300079346
B22-71,/fhome/maed/HelicoDataSet/CrossValidation/Annotated/B22-71_0/00048_Aug7.png,1,0.5309246778488159
B22-71,/fhome/maed/HelicoDataSet/CrossValidation/Annotated/B22-71_0/00048.png,1,0.5196451544761658
B22-60,/fhome/maed/HelicoDataSet/CrossValidation/Annotated/B22-60_0/01473.png,0,0.4090072512626648
B22-60,/fhome/maed/HelicoDataSet/CrossValidation/Annotated/B22-60_0/00339.png,0,0.045319389551877975
B22-60,/fhome/maed/HelicoDataSet/CrossValidation/Annotated/B22-60_0/00900.png,0,0.06980734318494797
B22-60,/fhome/maed/HelicoDataSet/CrossValidation/Annotated/B22-60_0/01474.png,0,0.28057393431663513
B22-60,/fhome/maed/HelicoDataSet/CrossValidation/Annotated/B22-60_0/00743.png,0,0.00942160189151764
B22-60,/fhome/maed/HelicoDataSet/CrossValidation/Annotated/B22-60_0/00636.png,0,0.01774786412715912
B22-26,/fhome/maed/HelicoDataSet/CrossValidation/Annotated/B22-26_0/01044.png,0,0.010136242024600506
B22-26,/fhome/maed/HelicoDataSet/CrossValidation/Annotated/B22-26_0/00000.png,0,0.31519123911857605
B22-94,/fhome/maed/HelicoDataSet/CrossValidation/Annotated/B22-94_1/00159.png,0,0.01551593467593193
B22-94,/fhome/maed/HelicoDataSet/CrossValidation/Annotated/B22-94_1/00164.png,0,0.005481124389916658
B22-94,/fhome/maed/HelicoDataSet/CrossValidation/Annotated/B22-94_1/00171.png,0,0.015486717224121094
B22-94,/fhome/maed/HelicoDataSet/CrossValidation/Annotated/B22-94_1/00068.png,0,0.0104985935613513
B22-280,/fhome/maed/HelicoDataSet/CrossValidation/Annotated/B22-280_0/00337_Aug3.png,1,0.5230382680892944
B22-280,/fhome/maed/HelicoDataSet/CrossValidation/Annotated/B22-280_0/00354_Aug8.png,1,0.524418830871582
B22-280,/fhome/maed/HelicoDataSet/CrossValidation/Annotated/B22-280_0/00060.png,1,0.4863963723182678
B22-280,/fhome/maed/HelicoDataSet/CrossValidation/Annotated/B22-280_0/00162_Aug2.png,1,0.5015112161636353
B22-280,/fhome/maed/HelicoDataSet/CrossValidation/Annotated/B22-280_0/00771.png,1,0.49363279342651367
B22-280,/fhome/maed/HelicoDataSet/CrossValidation/Annotated/B22-280_0/00337_Aug8.png,1,0.5422288775444031
B22-280,/fhome/maed/HelicoDataSet/CrossValidation/Annotated/B22-280_0/00354_Aug2.png,1,0.5432202816009521
B22-280,/fhome/maed/HelicoDataSet/CrossValidation/Annotated/B22-280_0/00191.png,1,0.5335555076599121
B22-280,/fhome/maed/HelicoDataSet/CrossValidation/Annotated/B22-280_0/00162_Aug3.png,1,0.5061715841293335
B22-280,/fhome/maed/HelicoDataSet/CrossValidation/Annotated/B22-280_0/00771_Aug1.png,1,0.4793356955051422
B22-280,/fhome/maed/HelicoDataSet/CrossValidation/Annotated/B22-280_0/00162_Aug6.png,1,0.5157133340835571
B22-280,/fhome/maed/HelicoDataSet/CrossValidation/Annotated/B22-280_0/00162_Aug8.png,1,0.5207902789115906
B22-280,/fhome/maed/HelicoDataSet/CrossValidation/Annotated/B22-280_0/00060_Aug7.png,1,0.5062979459762573
B22-280,/fhome/maed/HelicoDataSet/CrossValidation/Annotated/B22-280_0/00162_Aug4.png,1,0.5036814212799072
B22-280,/fhome/maed/HelicoDataSet/CrossValidation/Annotated/B22-280_0/00191_Aug5.png,1,0.5010376572608948
B22-280,/fhome/maed/HelicoDataSet/CrossValidation/Annotated/B22-280_0/00162_Aug7.png,1,0.521856427192688
B22-280,/fhome/maed/HelicoDataSet/CrossValidation/Annotated/B22-280_0/00337_Aug6.png,1,0.5391225814819336
B22-280,/fhome/maed/HelicoDataSet/CrossValidation/Annotated/B22-280_0/00060_Aug1.png,1,0.5039759278297424
B22-280,/fhome/maed/HelicoDataSet/CrossValidation/Annotated/B22-280_0/00060_Aug8.png,1,0.5020921230316162
B22-280,/fhome/maed/HelicoDataSet/CrossValidation/Annotated/B22-280_0/00354_Aug4.png,1,0.5332959890365601
B22-280,/fhome/maed/HelicoDataSet/CrossValidation/Annotated/B22-280_0/00354_Aug5.png,1,0.5268843173980713
B22-280,/fhome/maed/HelicoDataSet/CrossValidation/Annotated/B22-280_0/00354.png,1,0.5276498198509216
B22-280,/fhome/maed/HelicoDataSet/CrossValidation/Annotated/B22-280_0/00162_Aug5.png,1,0.5139346718788147
B22-280,/fhome/maed/HelicoDataSet/CrossValidation/Annotated/B22-280_0/00354_Aug7.png,1,0.5358113050460815
B22-280,/fhome/maed/HelicoDataSet/CrossValidation/Annotated/B22-280_0/00337.png,1,0.5181450843811035
B22-280,/fhome/maed/HelicoDataSet/CrossValidation/Annotated/B22-280_0/00191_Aug4.png,1,0.5387566685676575
B22-280,/fhome/maed/HelicoDataSet/CrossValidation/Annotated/B22-280_0/00337_Aug7.png,1,0.5080510973930359
B22-280,/fhome/maed/HelicoDataSet/CrossValidation/Annotated/B22-280_0/00191_Aug1.png,1,0.5356093645095825
B22-280,/fhome/maed/HelicoDataSet/CrossValidation/Annotated/B22-280_0/00337_Aug4.png,1,0.5272809267044067
B22-280,/fhome/maed/HelicoDataSet/CrossValidation/Annotated/B22-280_0/00771_Aug7.png,1,0.4897961914539337
B22-280,/fhome/maed/HelicoDataSet/CrossValidation/Annotated/B22-280_0/00060_Aug4.png,1,0.508581280708313
B22-280,/fhome/maed/HelicoDataSet/CrossValidation/Annotated/B22-280_0/00162.png,1,0.5164716839790344
B22-280,/fhome/maed/HelicoDataSet/CrossValidation/Annotated/B22-280_0/00337_Aug1.png,1,0.5234059691429138
B22-280,/fhome/maed/HelicoDataSet/CrossValidation/Annotated/B22-280_0/00060_Aug3.png,1,0.5056383013725281
B22-280,/fhome/maed/HelicoDataSet/CrossValidation/Annotated/B22-280_0/00060_Aug5.png,1,0.5168284177780151
B22-280,/fhome/maed/HelicoDataSet/CrossValidation/Annotated/B22-280_0/00162_Aug1.png,1,0.5093980431556702
B22-280,/fhome/maed/HelicoDataSet/CrossValidation/Annotated/B22-280_0/00771_Aug2.png,1,0.5076522827148438
B22-280,/fhome/maed/HelicoDataSet/CrossValidation/Annotated/B22-280_0/00771_Aug8.png,1,0.45913296937942505
B22-280,/fhome/maed/HelicoDataSet/CrossValidation/Annotated/B22-280_0/00354_Aug6.png,1,0.5287466645240784
B22-280,/fhome/maed/HelicoDataSet/CrossValidation/Annotated/B22-280_0/00337_Aug2.png,1,0.5244958996772766
B22-280,/fhome/maed/HelicoDataSet/CrossValidation/Annotated/B22-280_0/00771_Aug3.png,1,0.49294471740722656
B22-280,/fhome/maed/HelicoDataSet/CrossValidation/Annotated/B22-280_0/00191_Aug2.png,1,0.540128767490387
B22-280,/fhome/maed/HelicoDataSet/CrossValidation/Annotated/B22-280_0/00191_Aug7.png,1,0.5241329669952393
B22-280,/fhome/maed/HelicoDataSet/CrossValidation/Annotated/B22-280_0/00354_Aug1.png,1,0.5396733283996582
B22-280,/fhome/maed/HelicoDataSet/CrossValidation/Annotated/B22-280_0/00354_Aug3.png,1,0.5403820276260376
B22-280,/fhome/maed/HelicoDataSet/CrossValidation/Annotated/B22-280_0/00060_Aug6.png,1,0.49449172616004944
B22-280,/fhome/maed/HelicoDataSet/CrossValidation/Annotated/B22-280_0/00806.png,0,0.4534408748149872
B22-280,/fhome/maed/HelicoDataSet/CrossValidation/Annotated/B22-280_0/00771_Aug6.png,1,0.4795851707458496
B22-280,/fhome/maed/HelicoDataSet/CrossValidation/Annotated/B22-280_0/00191_Aug6.png,1,0.5471746921539307
B22-280,/fhome/maed/HelicoDataSet/CrossValidation/Annotated/B22-280_0/00771_Aug5.png,1,0.5001116394996643
B22-280,/fhome/maed/HelicoDataSet/CrossValidation/Annotated/B22-280_0/00191_Aug8.png,1,0.5441030859947205
B22-280,/fhome/maed/HelicoDataSet/CrossValidation/Annotated/B22-280_0/00191_Aug3.png,1,0.5280045866966248
B22-280,/fhome/maed/HelicoDataSet/CrossValidation/Annotated/B22-280_0/00060_Aug2.png,1,0.46806567907333374
B22-280,/fhome/maed/HelicoDataSet/CrossValidation/Annotated/B22-280_0/00337_Aug5.png,1,0.5150052309036255
B22-280,/fhome/maed/HelicoDataSet/CrossValidation/Annotated/B22-280_0/00397.png,0,0.008363780565559864
B22-280,/fhome/maed/HelicoDataSet/CrossValidation/Annotated/B22-280_0/00771_Aug4.png,1,0.4725273549556732
B22-99,/fhome/maed/HelicoDataSet/CrossValidation/Annotated/B22-99_0/00521.png,0,0.014520649798214436
B22-313,/fhome/maed/HelicoDataSet/CrossValidation/Annotated/B22-313_0/01364.png,0,0.01246090978384018
B22-313,/fhome/maed/HelicoDataSet/CrossValidation/Annotated/B22-313_0/00105_Aug5.png,1,0.49866950511932373
B22-313,/fhome/maed/HelicoDataSet/CrossValidation/Annotated/B22-313_0/01310.png,1,0.5171256065368652
B22-313,/fhome/maed/HelicoDataSet/CrossValidation/Annotated/B22-313_0/01552_Aug7.png,1,0.3940543830394745
B22-313,/fhome/maed/HelicoDataSet/CrossValidation/Annotated/B22-313_0/01552_Aug8.png,1,0.4922981560230255
B22-313,/fhome/maed/HelicoDataSet/CrossValidation/Annotated/B22-313_0/00105_Aug1.png,1,0.4885716438293457
B22-313,/fhome/maed/HelicoDataSet/CrossValidation/Annotated/B22-313_0/01310_Aug7.png,1,0.5122837424278259
B22-313,/fhome/maed/HelicoDataSet/CrossValidation/Annotated/B22-313_0/00105_Aug8.png,1,0.4942619800567627
B22-313,/fhome/maed/HelicoDataSet/CrossValidation/Annotated/B22-313_0/01310_Aug1.png,1,0.4911821484565735
B22-313,/fhome/maed/HelicoDataSet/CrossValidation/Annotated/B22-313_0/00105_Aug3.png,1,0.4854620695114136
B22-313,/fhome/maed/HelicoDataSet/CrossValidation/Annotated/B22-313_0/01310_Aug4.png,1,0.5099356174468994
B22-313,/fhome/maed/HelicoDataSet/CrossValidation/Annotated/B22-313_0/00210.png,0,0.020085062831640244
B22-313,/fhome/maed/HelicoDataSet/CrossValidation/Annotated/B22-313_0/01310_Aug2.png,1,0.4993320405483246
B22-313,/fhome/maed/HelicoDataSet/CrossValidation/Annotated/B22-313_0/00105_Aug7.png,1,0.49037373065948486
B22-313,/fhome/maed/HelicoDataSet/CrossValidation/Annotated/B22-313_0/01310_Aug8.png,1,0.4784435033798218
B22-313,/fhome/maed/HelicoDataSet/CrossValidation/Annotated/B22-313_0/01552_Aug4.png,1,0.5059527158737183
B22-313,/fhome/maed/HelicoDataSet/CrossValidation/Annotated/B22-313_0/00105_Aug6.png,1,0.4640877842903137
B22-313,/fhome/maed/HelicoDataSet/CrossValidation/Annotated/B22-313_0/01552.png,1,0.47086960077285767
B22-313,/fhome/maed/HelicoDataSet/CrossValidation/Annotated/B22-313_0/00105_Aug2.png,1,0.4951004385948181
B22-313,/fhome/maed/HelicoDataSet/CrossValidation/Annotated/B22-313_0/00105_Aug4.png,1,0.47999194264411926
B22-313,/fhome/maed/HelicoDataSet/CrossValidation/Annotated/B22-313_0/01552_Aug3.png,1,0.47870492935180664
B22-313,/fhome/maed/HelicoDataSet/CrossValidation/Annotated/B22-313_0/01552_Aug1.png,1,0.4732562303543091
B22-313,/fhome/maed/HelicoDataSet/CrossValidation/Annotated/B22-313_0/01310_Aug3.png,1,0.494719535112381
B22-313,/fhome/maed/HelicoDataSet/CrossValidation/Annotated/B22-313_0/00178.png,0,0.015298423357307911
B22-313,/fhome/maed/HelicoDataSet/CrossValidation/Annotated/B22-313_0/00200.png,0,0.010431545786559582
B22-313,/fhome/maed/HelicoDataSet/CrossValidation/Annotated/B22-313_0/01310_Aug6.png,1,0.48944681882858276
B22-313,/fhome/maed/HelicoDataSet/CrossValidation/Annotated/B22-313_0/01713.png,0,0.009623114950954914
B22-313,/fhome/maed/HelicoDataSet/CrossValidation/Annotated/B22-313_0/00105.png,1,0.5143869519233704
B22-313,/fhome/maed/HelicoDataSet/CrossValidation/Annotated/B22-313_0/01552_Aug5.png,1,0.46202540397644043
B22-313,/fhome/maed/HelicoDataSet/CrossValidation/Annotated/B22-313_0/01552_Aug6.png,1,0.4943304657936096
B22-313,/fhome/maed/HelicoDataSet/CrossValidation/Annotated/B22-313_0/00619.png,0,0.013877077028155327
B22-313,/fhome/maed/HelicoDataSet/CrossValidation/Annotated/B22-313_0/01647.png,0,0.005549735389649868
B22-313,/fhome/maed/HelicoDataSet/CrossValidation/Annotated/B22-313_0/01552_Aug2.png,1,0.4905271530151367
B22-313,/fhome/maed/HelicoDataSet/CrossValidation/Annotated/B22-313_0/01474.png,0,0.01827925629913807
B22-313,/fhome/maed/HelicoDataSet/CrossValidation/Annotated/B22-313_0/01310_Aug5.png,1,0.49864253401756287
B22-313,/fhome/maed/HelicoDataSet/CrossValidation/Annotated/B22-313_0/00245.png,0,0.009523993358016014
B22-87,/fhome/maed/HelicoDataSet/CrossValidation/Annotated/B22-87_1/00624.png,0,0.012590896338224411
B22-87,/fhome/maed/HelicoDataSet/CrossValidation/Annotated/B22-87_1/00152.png,0,0.48824846744537354
B22-87,/fhome/maed/HelicoDataSet/CrossValidation/Annotated/B22-87_1/00372.png,0,0.00859040953218937
B22-149,/fhome/maed/HelicoDataSet/CrossValidation/Annotated/B22-149_0/01277.png,0,0.014809706248342991
B22-149,/fhome/maed/HelicoDataSet/CrossValidation/Annotated/B22-149_0/03025.png,0,0.02190163917839527
B22-274,/fhome/maed/HelicoDataSet/CrossValidation/Annotated/B22-274_0/00906.png,0,0.019068630412220955
B22-274,/fhome/maed/HelicoDataSet/CrossValidation/Annotated/B22-274_0/01267.png,0,0.022174380719661713
B22-210,/fhome/maed/HelicoDataSet/CrossValidation/Annotated/B22-210_0/00025.png,0,0.015613198280334473
B22-111,/fhome/maed/HelicoDataSet/CrossValidation/Annotated/B22-111_1/00005.png,0,0.01788339763879776
B22-111,/fhome/maed/HelicoDataSet/CrossValidation/Annotated/B22-111_1/00138.png,0,0.021061737090349197
B22-111,/fhome/maed/HelicoDataSet/CrossValidation/Annotated/B22-111_1/00129.png,0,0.007340907119214535
B22-111,/fhome/maed/HelicoDataSet/CrossValidation/Annotated/B22-111_1/00207.png,0,0.01978611946105957
B22-111,/fhome/maed/HelicoDataSet/CrossValidation/Annotated/B22-111_1/00000.png,0,0.04090254381299019
B22-235,/fhome/maed/HelicoDataSet/CrossValidation/Annotated/B22-235_0/01248.png,0,0.39242279529571533
B22-235,/fhome/maed/HelicoDataSet/CrossValidation/Annotated/B22-235_0/01242.png,0,0.03566189482808113
B22-235,/fhome/maed/HelicoDataSet/CrossValidation/Annotated/B22-235_0/00014.png,0,0.028494970872998238
B22-235,/fhome/maed/HelicoDataSet/CrossValidation/Annotated/B22-235_0/01246.png,0,0.47525936365127563
B22-119,/fhome/maed/HelicoDataSet/CrossValidation/Annotated/B22-119_0/00975.png,0,0.03541819751262665
B22-119,/fhome/maed/HelicoDataSet/CrossValidation/Annotated/B22-119_0/01137.png,0,0.24393963813781738
B22-118,/fhome/maed/HelicoDataSet/CrossValidation/Annotated/B22-118_0/00106.png,0,0.09876742959022522
B22-118,/fhome/maed/HelicoDataSet/CrossValidation/Annotated/B22-118_0/00254.png,0,0.49688971042633057
B22-118,/fhome/maed/HelicoDataSet/CrossValidation/Annotated/B22-118_0/00650.png,0,0.07548221200704575
B22-118,/fhome/maed/HelicoDataSet/CrossValidation/Annotated/B22-118_0/00587.png,0,0.03553995117545128
B22-118,/fhome/maed/HelicoDataSet/CrossValidation/Annotated/B22-118_0/00405.png,0,0.2408793717622757
B22-118,/fhome/maed/HelicoDataSet/CrossValidation/Annotated/B22-118_0/00724.png,0,0.07530302554368973
B22-118,/fhome/maed/HelicoDataSet/CrossValidation/Annotated/B22-118_0/00232.png,0,0.07923031598329544
B22-118,/fhome/maed/HelicoDataSet/CrossValidation/Annotated/B22-118_0/00323.png,0,0.057224396616220474
B22-118,/fhome/maed/HelicoDataSet/CrossValidation/Annotated/B22-118_0/00890.png,0,0.03195492923259735
B22-118,/fhome/maed/HelicoDataSet/CrossValidation/Annotated/B22-118_0/00791.png,0,0.06537462770938873
B22-118,/fhome/maed/HelicoDataSet/CrossValidation/Annotated/B22-118_0/00313.png,0,0.03896890580654144
B22-118,/fhome/maed/HelicoDataSet/CrossValidation/Annotated/B22-118_0/00613.png,0,0.026149779558181763
B22-118,/fhome/maed/HelicoDataSet/CrossValidation/Annotated/B22-118_0/00134.png,0,0.16409170627593994
B22-118,/fhome/maed/HelicoDataSet/CrossValidation/Annotated/B22-118_0/03550.png,0,0.04176797717809677
B22-118,/fhome/maed/HelicoDataSet/CrossValidation/Annotated/B22-118_0/00631.png,0,0.038977526128292084
B22-95,/fhome/maed/HelicoDataSet/CrossValidation/Annotated/B22-95_1/00766.png,0,0.00711418129503727
B22-95,/fhome/maed/HelicoDataSet/CrossValidation/Annotated/B22-95_1/00361.png,0,0.004165822174400091
B22-95,/fhome/maed/HelicoDataSet/CrossValidation/Annotated/B22-95_1/00178.png,0,0.01624837890267372
B22-95,/fhome/maed/HelicoDataSet/CrossValidation/Annotated/B22-95_1/00255.png,0,0.02391211688518524
B22-95,/fhome/maed/HelicoDataSet/CrossValidation/Annotated/B22-95_1/01131.png,0,0.003907590173184872
B22-95,/fhome/maed/HelicoDataSet/CrossValidation/Annotated/B22-95_1/00781.png,0,0.009208324365317822
B22-95,/fhome/maed/HelicoDataSet/CrossValidation/Annotated/B22-95_1/00908.png,0,0.011096683330833912
B22-50,/fhome/maed/HelicoDataSet/CrossValidation/Annotated/B22-50_0/01342_Aug4.png,1,0.43963998556137085
B22-50,/fhome/maed/HelicoDataSet/CrossValidation/Annotated/B22-50_0/00865.png,1,0.4957236647605896
B22-50,/fhome/maed/HelicoDataSet/CrossValidation/Annotated/B22-50_0/01090_Aug3.png,1,0.4758738577365875
B22-50,/fhome/maed/HelicoDataSet/CrossValidation/Annotated/B22-50_0/01090.png,1,0.4928705096244812
B22-50,/fhome/maed/HelicoDataSet/CrossValidation/Annotated/B22-50_0/01342_Aug5.png,1,0.4919854998588562
B22-50,/fhome/maed/HelicoDataSet/CrossValidation/Annotated/B22-50_0/01090_Aug5.png,1,0.47678038477897644
B22-50,/fhome/maed/HelicoDataSet/CrossValidation/Annotated/B22-50_0/01342.png,1,0.469438374042511
B22-50,/fhome/maed/HelicoDataSet/CrossValidation/Annotated/B22-50_0/00429.png,0,0.0447554886341095
B22-50,/fhome/maed/HelicoDataSet/CrossValidation/Annotated/B22-50_0/01000.png,0,0.02076328732073307
B22-50,/fhome/maed/HelicoDataSet/CrossValidation/Annotated/B22-50_0/01090_Aug1.png,1,0.4803495705127716
B22-50,/fhome/maed/HelicoDataSet/CrossValidation/Annotated/B22-50_0/01342_Aug1.png,1,0.4920787215232849
B22-50,/fhome/maed/HelicoDataSet/CrossValidation/Annotated/B22-50_0/01090_Aug2.png,1,0.43212229013442993
B22-50,/fhome/maed/HelicoDataSet/CrossValidation/Annotated/B22-50_0/00992.png,0,0.025623813271522522
B22-50,/fhome/maed/HelicoDataSet/CrossValidation/Annotated/B22-50_0/00865_Aug2.png,1,0.3797784447669983
B22-50,/fhome/maed/HelicoDataSet/CrossValidation/Annotated/B22-50_0/01342_Aug8.png,1,0.4594604969024658
B22-50,/fhome/maed/HelicoDataSet/CrossValidation/Annotated/B22-50_0/01090_Aug6.png,1,0.4603997468948364
B22-50,/fhome/maed/HelicoDataSet/CrossValidation/Annotated/B22-50_0/00865_Aug5.png,1,0.3578777313232422
B22-50,/fhome/maed/HelicoDataSet/CrossValidation/Annotated/B22-50_0/01342_Aug7.png,1,0.4746730327606201
B22-50,/fhome/maed/HelicoDataSet/CrossValidation/Annotated/B22-50_0/00865_Aug7.png,1,0.340832382440567
B22-50,/fhome/maed/HelicoDataSet/CrossValidation/Annotated/B22-50_0/01342_Aug3.png,1,0.48766788840293884
B22-50,/fhome/maed/HelicoDataSet/CrossValidation/Annotated/B22-50_0/00865_Aug4.png,1,0.34477096796035767
B22-50,/fhome/maed/HelicoDataSet/CrossValidation/Annotated/B22-50_0/01090_Aug7.png,1,0.4786832332611084
B22-50,/fhome/maed/HelicoDataSet/CrossValidation/Annotated/B22-50_0/01342_Aug6.png,1,0.47170597314834595
B22-50,/fhome/maed/HelicoDataSet/CrossValidation/Annotated/B22-50_0/01090_Aug4.png,1,0.4316512942314148
B22-50,/fhome/maed/HelicoDataSet/CrossValidation/Annotated/B22-50_0/00990.png,0,0.025400428101420403
B22-50,/fhome/maed/HelicoDataSet/CrossValidation/Annotated/B22-50_0/00709.png,0,0.34256330132484436
B22-50,/fhome/maed/HelicoDataSet/CrossValidation/Annotated/B22-50_0/01342_Aug2.png,1,0.4606381356716156
B22-50,/fhome/maed/HelicoDataSet/CrossValidation/Annotated/B22-50_0/00865_Aug6.png,1,0.30650296807289124
B22-50,/fhome/maed/HelicoDataSet/CrossValidation/Annotated/B22-50_0/00865_Aug8.png,1,0.33830884099006653
B22-50,/fhome/maed/HelicoDataSet/CrossValidation/Annotated/B22-50_0/00865_Aug1.png,1,0.3807474672794342
B22-50,/fhome/maed/HelicoDataSet/CrossValidation/Annotated/B22-50_0/01090_Aug8.png,1,0.460399866104126
B22-50,/fhome/maed/HelicoDataSet/CrossValidation/Annotated/B22-50_0/00865_Aug3.png,1,0.30643725395202637
B22-86,/fhome/maed/HelicoDataSet/CrossValidation/Annotated/B22-86_0/00266.png,0,0.015445411205291748
B22-155,/fhome/maed/HelicoDataSet/CrossValidation/Annotated/B22-155_0/01909_Aug4.png,1,0.47390565276145935
B22-155,/fhome/maed/HelicoDataSet/CrossValidation/Annotated/B22-155_0/00137_Aug8.png,1,0.7737380266189575
B22-155,/fhome/maed/HelicoDataSet/CrossValidation/Annotated/B22-155_0/04763_Aug3.png,1,0.5433323383331299
B22-155,/fhome/maed/HelicoDataSet/CrossValidation/Annotated/B22-155_0/00588_Aug3.png,1,0.6137333512306213
B22-155,/fhome/maed/HelicoDataSet/CrossValidation/Annotated/B22-155_0/00137_Aug4.png,1,0.7630441784858704
B22-155,/fhome/maed/HelicoDataSet/CrossValidation/Annotated/B22-155_0/01688_Aug8.png,1,0.21354666352272034
B22-155,/fhome/maed/HelicoDataSet/CrossValidation/Annotated/B22-155_0/00317_Aug5.png,1,0.4539424180984497
B22-155,/fhome/maed/HelicoDataSet/CrossValidation/Annotated/B22-155_0/02106_Aug2.png,1,0.5712078213691711
B22-155,/fhome/maed/HelicoDataSet/CrossValidation/Annotated/B22-155_0/00065_Aug6.png,1,0.4530301094055176
B22-155,/fhome/maed/HelicoDataSet/CrossValidation/Annotated/B22-155_0/04070_Aug3.png,1,0.6114016771316528
B22-155,/fhome/maed/HelicoDataSet/CrossValidation/Annotated/B22-155_0/02185_Aug2.png,1,0.520743727684021
B22-155,/fhome/maed/HelicoDataSet/CrossValidation/Annotated/B22-155_0/04440_Aug3.png,1,0.4213300049304962
B22-155,/fhome/maed/HelicoDataSet/CrossValidation/Annotated/B22-155_0/03707_Aug5.png,1,0.5429155230522156
B22-155,/fhome/maed/HelicoDataSet/CrossValidation/Annotated/B22-155_0/03998_Aug4.png,1,0.23594151437282562
B22-155,/fhome/maed/HelicoDataSet/CrossValidation/Annotated/B22-155_0/03998_Aug5.png,1,0.4492983818054199
B22-155,/fhome/maed/HelicoDataSet/CrossValidation/Annotated/B22-155_0/03707_Aug6.png,1,0.5187891721725464
B22-155,/fhome/maed/HelicoDataSet/CrossValidation/Annotated/B22-155_0/00065_Aug8.png,1,0.4955447316169739
B22-155,/fhome/maed/HelicoDataSet/CrossValidation/Annotated/B22-155_0/00137_Aug7.png,1,0.6750820875167847
B22-155,/fhome/maed/HelicoDataSet/CrossValidation/Annotated/B22-155_0/01228.png,0,0.03176719322800636
B22-155,/fhome/maed/HelicoDataSet/CrossValidation/Annotated/B22-155_0/00137_Aug5.png,1,0.6878921985626221
B22-155,/fhome/maed/HelicoDataSet/CrossValidation/Annotated/B22-155_0/03707.png,1,0.5251706838607788
B22-155,/fhome/maed/HelicoDataSet/CrossValidation/Annotated/B22-155_0/00994_Aug5.png,1,0.5158774852752686
B22-155,/fhome/maed/HelicoDataSet/CrossValidation/Annotated/B22-155_0/04382_Aug7.png,1,0.49402251839637756
B22-155,/fhome/maed/HelicoDataSet/CrossValidation/Annotated/B22-155_0/01688_Aug3.png,1,0.5032159090042114
B22-155,/fhome/maed/HelicoDataSet/CrossValidation/Annotated/B22-155_0/01688_Aug4.png,1,0.3319843113422394
B22-155,/fhome/maed/HelicoDataSet/CrossValidation/Annotated/B22-155_0/01760.png,1,0.5187543630599976
B22-155,/fhome/maed/HelicoDataSet/CrossValidation/Annotated/B22-155_0/04382.png,1,0.4758278429508209
B22-155,/fhome/maed/HelicoDataSet/CrossValidation/Annotated/B22-155_0/02987_Aug3.png,1,0.42772865295410156
B22-155,/fhome/maed/HelicoDataSet/CrossValidation/Annotated/B22-155_0/04440_Aug4.png,1,0.45172739028930664
B22-155,/fhome/maed/HelicoDataSet/CrossValidation/Annotated/B22-155_0/04070_Aug7.png,1,0.5837106108665466
B22-155,/fhome/maed/HelicoDataSet/CrossValidation/Annotated/B22-155_0/02987_Aug2.png,1,0.4797292947769165
B22-155,/fhome/maed/HelicoDataSet/CrossValidation/Annotated/B22-155_0/00317_Aug6.png,1,0.47003689408302307
B22-155,/fhome/maed/HelicoDataSet/CrossValidation/Annotated/B22-155_0/02106_Aug4.png,1,0.5668173432350159
B22-155,/fhome/maed/HelicoDataSet/CrossValidation/Annotated/B22-155_0/04070.png,1,0.6391879320144653
B22-155,/fhome/maed/HelicoDataSet/CrossValidation/Annotated/B22-155_0/04440_Aug8.png,1,0.4922140836715698
B22-155,/fhome/maed/HelicoDataSet/CrossValidation/Annotated/B22-155_0/02989_Aug2.png,1,0.4616781771183014
B22-155,/fhome/maed/HelicoDataSet/CrossValidation/Annotated/B22-155_0/02125_Aug6.png,1,0.5931006073951721
B22-155,/fhome/maed/HelicoDataSet/CrossValidation/Annotated/B22-155_0/02987_Aug4.png,1,0.457742840051651
B22-155,/fhome/maed/HelicoDataSet/CrossValidation/Annotated/B22-155_0/01688_Aug2.png,1,0.4664149582386017
B22-155,/fhome/maed/HelicoDataSet/CrossValidation/Annotated/B22-155_0/01909_Aug6.png,1,0.23878930509090424
B22-155,/fhome/maed/HelicoDataSet/CrossValidation/Annotated/B22-155_0/02106_Aug8.png,1,0.5441634058952332
B22-155,/fhome/maed/HelicoDataSet/CrossValidation/Annotated/B22-155_0/02106_Aug5.png,1,0.5697457194328308
B22-155,/fhome/maed/HelicoDataSet/CrossValidation/Annotated/B22-155_0/03834.png,0,0.4230560064315796
B22-155,/fhome/maed/HelicoDataSet/CrossValidation/Annotated/B22-155_0/00065.png,1,0.39414912462234497
B22-155,/fhome/maed/HelicoDataSet/CrossValidation/Annotated/B22-155_0/02185_Aug1.png,1,0.47338154911994934
B22-155,/fhome/maed/HelicoDataSet/CrossValidation/Annotated/B22-155_0/04440_Aug1.png,1,0.5003582835197449
B22-155,/fhome/maed/HelicoDataSet/CrossValidation/Annotated/B22-155_0/00994_Aug3.png,1,0.5038594007492065
B22-155,/fhome/maed/HelicoDataSet/CrossValidation/Annotated/B22-155_0/02989_Aug4.png,1,0.4428410232067108
B22-155,/fhome/maed/HelicoDataSet/CrossValidation/Annotated/B22-155_0/04382_Aug8.png,1,0.4582608938217163
B22-155,/fhome/maed/HelicoDataSet/CrossValidation/Annotated/B22-155_0/00742.png,0,0.015140279196202755
B22-155,/fhome/maed/HelicoDataSet/CrossValidation/Annotated/B22-155_0/00065_Aug4.png,1,0.44415900111198425
B22-155,/fhome/maed/HelicoDataSet/CrossValidation/Annotated/B22-155_0/00317_Aug8.png,1,0.46428683400154114
B22-155,/fhome/maed/HelicoDataSet/CrossValidation/Annotated/B22-155_0/04763.png,1,0.55357426404953
B22-155,/fhome/maed/HelicoDataSet/CrossValidation/Annotated/B22-155_0/00065_Aug7.png,1,0.18828576803207397
B22-155,/fhome/maed/HelicoDataSet/CrossValidation/Annotated/B22-155_0/02987_Aug8.png,1,0.43913382291793823
B22-155,/fhome/maed/HelicoDataSet/CrossValidation/Annotated/B22-155_0/01688_Aug1.png,1,0.48547667264938354
B22-155,/fhome/maed/HelicoDataSet/CrossValidation/Annotated/B22-155_0/01909_Aug5.png,1,0.4865054190158844
B22-155,/fhome/maed/HelicoDataSet/CrossValidation/Annotated/B22-155_0/00994.png,1,0.5112330913543701
B22-155,/fhome/maed/HelicoDataSet/CrossValidation/Annotated/B22-155_0/02125_Aug4.png,1,0.6020748615264893
B22-155,/fhome/maed/HelicoDataSet/CrossValidation/Annotated/B22-155_0/00137_Aug2.png,1,0.7463928461074829
B22-155,/fhome/maed/HelicoDataSet/CrossValidation/Annotated/B22-155_0/02125.png,1,0.5974015593528748
B22-155,/fhome/maed/HelicoDataSet/CrossValidation/Annotated/B22-155_0/04440_Aug5.png,1,0.42864105105400085
B22-155,/fhome/maed/HelicoDataSet/CrossValidation/Annotated/B22-155_0/04070_Aug1.png,1,0.6160343885421753
B22-155,/fhome/maed/HelicoDataSet/CrossValidation/Annotated/B22-155_0/03998.png,1,0.49319133162498474
B22-155,/fhome/maed/HelicoDataSet/CrossValidation/Annotated/B22-155_0/00588_Aug6.png,1,0.6293545961380005
B22-155,/fhome/maed/HelicoDataSet/CrossValidation/Annotated/B22-155_0/00994_Aug8.png,1,0.5108307600021362
B22-155,/fhome/maed/HelicoDataSet/CrossValidation/Annotated/B22-155_0/01688_Aug5.png,1,0.49824005365371704
B22-155,/fhome/maed/HelicoDataSet/CrossValidation/Annotated/B22-155_0/02834.png,0,0.06889570504426956
B22-155,/fhome/maed/HelicoDataSet/CrossValidation/Annotated/B22-155_0/02989_Aug8.png,1,0.48869267106056213
B22-155,/fhome/maed/HelicoDataSet/CrossValidation/Annotated/B22-155_0/03707_Aug8.png,1,0.5003107190132141
B22-155,/fhome/maed/HelicoDataSet/CrossValidation/Annotated/B22-155_0/00588_Aug5.png,1,0.6074867248535156
B22-155,/fhome/maed/HelicoDataSet/CrossValidation/Annotated/B22-155_0/00317_Aug3.png,1,0.4929434657096863
B22-155,/fhome/maed/HelicoDataSet/CrossValidation/Annotated/B22-155_0/02338_Aug8.png,1,0.5106772184371948
B22-155,/fhome/maed/HelicoDataSet/CrossValidation/Annotated/B22-155_0/02989_Aug7.png,1,0.4627448320388794
B22-155,/fhome/maed/HelicoDataSet/CrossValidation/Annotated/B22-155_0/00317_Aug2.png,1,0.491290807723999
B22-155,/fhome/maed/HelicoDataSet/CrossValidation/Annotated/B22-155_0/01760_Aug8.png,1,0.5033774375915527
B22-155,/fhome/maed/HelicoDataSet/CrossValidation/Annotated/B22-155_0/00065_Aug2.png,1,0.4656810462474823
B22-155,/fhome/maed/HelicoDataSet/CrossValidation/Annotated/B22-155_0/03707_Aug3.png,1,0.5372669696807861
B22-155,/fhome/maed/HelicoDataSet/CrossValidation/Annotated/B22-155_0/02125_Aug5.png,1,0.5521215200424194
B22-155,/fhome/maed/HelicoDataSet/CrossValidation/Annotated/B22-155_0/04382_Aug4.png,1,0.4720691442489624
B22-155,/fhome/maed/HelicoDataSet/CrossValidation/Annotated/B22-155_0/01909_Aug3.png,1,0.4386626183986664
B22-155,/fhome/maed/HelicoDataSet/CrossValidation/Annotated/B22-155_0/04070_Aug4.png,1,0.6459414958953857
B22-155,/fhome/maed/HelicoDataSet/CrossValidation/Annotated/B22-155_0/00994_Aug1.png,1,0.5052633881568909
B22-155,/fhome/maed/HelicoDataSet/CrossValidation/Annotated/B22-155_0/00588_Aug1.png,1,0.6146544814109802
B22-155,/fhome/maed/HelicoDataSet/CrossValidation/Annotated/B22-155_0/03707_Aug7.png,1,0.5397749543190002
B22-155,/fhome/maed/HelicoDataSet/CrossValidation/Annotated/B22-155_0/02987_Aug7.png,1,0.43311694264411926
B22-155,/fhome/maed/HelicoDataSet/CrossValidation/Annotated/B22-155_0/00754.png,0,0.1258751004934311
B22-155,/fhome/maed/HelicoDataSet/CrossValidation/Annotated/B22-155_0/03998_Aug1.png,1,0.45279616117477417
B22-155,/fhome/maed/HelicoDataSet/CrossValidation/Annotated/B22-155_0/04382_Aug3.png,1,0.4916338324546814
B22-155,/fhome/maed/HelicoDataSet/CrossValidation/Annotated/B22-155_0/02338_Aug7.png,1,0.494130939245224
B22-155,/fhome/maed/HelicoDataSet/CrossValidation/Annotated/B22-155_0/02106_Aug3.png,1,0.5808175802230835
B22-155,/fhome/maed/HelicoDataSet/CrossValidation/Annotated/B22-155_0/02989_Aug1.png,1,0.4987890422344208
B22-155,/fhome/maed/HelicoDataSet/CrossValidation/Annotated/B22-155_0/04382_Aug5.png,1,0.48375004529953003
B22-155,/fhome/maed/HelicoDataSet/CrossValidation/Annotated/B22-155_0/00994_Aug7.png,1,0.5143357515335083
B22-155,/fhome/maed/HelicoDataSet/CrossValidation/Annotated/B22-155_0/01395.png,0,0.1941855102777481
B22-155,/fhome/maed/HelicoDataSet/CrossValidation/Annotated/B22-155_0/01688.png,1,0.47717925906181335
B22-155,/fhome/maed/HelicoDataSet/CrossValidation/Annotated/B22-155_0/01760_Aug3.png,1,0.4938276410102844
B22-155,/fhome/maed/HelicoDataSet/CrossValidation/Annotated/B22-155_0/01760_Aug1.png,1,0.4702792763710022
B22-155,/fhome/maed/HelicoDataSet/CrossValidation/Annotated/B22-155_0/01518.png,0,0.14481031894683838
B22-155,/fhome/maed/HelicoDataSet/CrossValidation/Annotated/B22-155_0/02987.png,1,0.41029131412506104
B22-155,/fhome/maed/HelicoDataSet/CrossValidation/Annotated/B22-155_0/02185_Aug4.png,1,0.4919722080230713
B22-155,/fhome/maed/HelicoDataSet/CrossValidation/Annotated/B22-155_0/01782_Aug8.png,1,0.5099455118179321
B22-155,/fhome/maed/HelicoDataSet/CrossValidation/Annotated/B22-155_0/01760_Aug2.png,1,0.5062692165374756
B22-155,/fhome/maed/HelicoDataSet/CrossValidation/Annotated/B22-155_0/03236.png,0,0.3434846103191376
B22-155,/fhome/maed/HelicoDataSet/CrossValidation/Annotated/B22-155_0/00137_Aug6.png,1,0.7758239507675171
B22-155,/fhome/maed/HelicoDataSet/CrossValidation/Annotated/B22-155_0/04070_Aug5.png,1,0.5797973275184631
B22-155,/fhome/maed/HelicoDataSet/CrossValidation/Annotated/B22-155_0/01760_Aug4.png,1,0.4907305836677551
B22-155,/fhome/maed/HelicoDataSet/CrossValidation/Annotated/B22-155_0/03998_Aug2.png,1,0.44719812273979187
B22-155,/fhome/maed/HelicoDataSet/CrossValidation/Annotated/B22-155_0/01782_Aug4.png,1,0.47497692704200745
B22-155,/fhome/maed/HelicoDataSet/CrossValidation/Annotated/B22-155_0/01760_Aug6.png,1,0.513674795627594
B22-155,/fhome/maed/HelicoDataSet/CrossValidation/Annotated/B22-155_0/01782.png,1,0.5152779221534729
B22-155,/fhome/maed/HelicoDataSet/CrossValidation/Annotated/B22-155_0/03707_Aug2.png,1,0.5217328071594238
B22-155,/fhome/maed/HelicoDataSet/CrossValidation/Annotated/B22-155_0/04382_Aug2.png,1,0.4418448507785797
B22-155,/fhome/maed/HelicoDataSet/CrossValidation/Annotated/B22-155_0/04763_Aug1.png,1,0.5495021343231201
B22-155,/fhome/maed/HelicoDataSet/CrossValidation/Annotated/B22-155_0/01909_Aug8.png,1,0.33764559030532837
B22-155,/fhome/maed/HelicoDataSet/CrossValidation/Annotated/B22-155_0/01782_Aug2.png,1,0.4934580326080322
B22-155,/fhome/maed/HelicoDataSet/CrossValidation/Annotated/B22-155_0/02106_Aug6.png,1,0.5628798007965088
B22-155,/fhome/maed/HelicoDataSet/CrossValidation/Annotated/B22-155_0/00588_Aug7.png,1,0.6105882525444031
B22-155,/fhome/maed/HelicoDataSet/CrossValidation/Annotated/B22-155_0/00588_Aug4.png,1,0.6294617652893066
B22-155,/fhome/maed/HelicoDataSet/CrossValidation/Annotated/B22-155_0/00588_Aug2.png,1,0.6275489330291748
B22-155,/fhome/maed/HelicoDataSet/CrossValidation/Annotated/B22-155_0/01909_Aug1.png,1,0.4728870093822479
B22-155,/fhome/maed/HelicoDataSet/CrossValidation/Annotated/B22-155_0/02106_Aug7.png,1,0.5697977542877197
B22-155,/fhome/maed/HelicoDataSet/CrossValidation/Annotated/B22-155_0/00994_Aug4.png,1,0.5021712779998779
B22-155,/fhome/maed/HelicoDataSet/CrossValidation/Annotated/B22-155_0/00588.png,1,0.6199805736541748
B22-155,/fhome/maed/HelicoDataSet/CrossValidation/Annotated/B22-155_0/02338_Aug2.png,1,0.4484950006008148
B22-155,/fhome/maed/HelicoDataSet/CrossValidation/Annotated/B22-155_0/03998_Aug7.png,1,0.4860389530658722
B22-155,/fhome/maed/HelicoDataSet/CrossValidation/Annotated/B22-155_0/02185_Aug6.png,1,0.5122988224029541
B22-155,/fhome/maed/HelicoDataSet/CrossValidation/Annotated/B22-155_0/00317_Aug7.png,1,0.44318675994873047
B22-155,/fhome/maed/HelicoDataSet/CrossValidation/Annotated/B22-155_0/01909.png,1,0.4959351122379303
B22-155,/fhome/maed/HelicoDataSet/CrossValidation/Annotated/B22-155_0/03707_Aug4.png,1,0.520540177822113
B22-155,/fhome/maed/HelicoDataSet/CrossValidation/Annotated/B22-155_0/04440_Aug2.png,1,0.4513614773750305
B22-155,/fhome/maed/HelicoDataSet/CrossValidation/Annotated/B22-155_0/02338_Aug6.png,1,0.4609948396682739
B22-155,/fhome/maed/HelicoDataSet/CrossValidation/Annotated/B22-155_0/01688_Aug7.png,1,0.49916964769363403
B22-155,/fhome/maed/HelicoDataSet/CrossValidation/Annotated/B22-155_0/00065_Aug1.png,1,0.43120256066322327
B22-155,/fhome/maed/HelicoDataSet/CrossValidation/Annotated/B22-155_0/02106.png,1,0.5577212572097778
B22-155,/fhome/maed/HelicoDataSet/CrossValidation/Annotated/B22-155_0/02989.png,1,0.45336464047431946
B22-155,/fhome/maed/HelicoDataSet/CrossValidation/Annotated/B22-155_0/04070_Aug8.png,1,0.6777091026306152
B22-155,/fhome/maed/HelicoDataSet/CrossValidation/Annotated/B22-155_0/03707_Aug1.png,1,0.5382400155067444
B22-155,/fhome/maed/HelicoDataSet/CrossValidation/Annotated/B22-155_0/02185.png,1,0.4908105731010437
B22-155,/fhome/maed/HelicoDataSet/CrossValidation/Annotated/B22-155_0/02185_Aug7.png,1,0.4751218557357788
B22-155,/fhome/maed/HelicoDataSet/CrossValidation/Annotated/B22-155_0/02987_Aug5.png,1,0.44695746898651123
B22-155,/fhome/maed/HelicoDataSet/CrossValidation/Annotated/B22-155_0/02338_Aug4.png,1,0.4553830325603485
B22-155,/fhome/maed/HelicoDataSet/CrossValidation/Annotated/B22-155_0/02106_Aug1.png,1,0.5833384990692139
B22-155,/fhome/maed/HelicoDataSet/CrossValidation/Annotated/B22-155_0/02185_Aug8.png,1,0.5162932872772217
B22-155,/fhome/maed/HelicoDataSet/CrossValidation/Annotated/B22-155_0/02989_Aug6.png,1,0.45771244168281555
B22-155,/fhome/maed/HelicoDataSet/CrossValidation/Annotated/B22-155_0/04440_Aug7.png,1,0.44311684370040894
B22-155,/fhome/maed/HelicoDataSet/CrossValidation/Annotated/B22-155_0/04763_Aug4.png,1,0.5465641617774963
B22-155,/fhome/maed/HelicoDataSet/CrossValidation/Annotated/B22-155_0/02338_Aug3.png,1,0.4786224663257599
B22-155,/fhome/maed/HelicoDataSet/CrossValidation/Annotated/B22-155_0/02125_Aug1.png,1,0.594842255115509
B22-155,/fhome/maed/HelicoDataSet/CrossValidation/Annotated/B22-155_0/00588_Aug8.png,1,0.6341175436973572
B22-155,/fhome/maed/HelicoDataSet/CrossValidation/Annotated/B22-155_0/04070_Aug6.png,1,0.6720511317253113
B22-155,/fhome/maed/HelicoDataSet/CrossValidation/Annotated/B22-155_0/00317_Aug1.png,1,0.419562965631485
B22-155,/fhome/maed/HelicoDataSet/CrossValidation/Annotated/B22-155_0/03998_Aug8.png,1,0.20945464074611664
B22-155,/fhome/maed/HelicoDataSet/CrossValidation/Annotated/B22-155_0/04763_Aug2.png,1,0.5493844151496887
B22-155,/fhome/maed/HelicoDataSet/CrossValidation/Annotated/B22-155_0/00065_Aug3.png,1,0.1961483508348465
B22-155,/fhome/maed/HelicoDataSet/CrossValidation/Annotated/B22-155_0/01688_Aug6.png,1,0.2066459059715271
B22-155,/fhome/maed/HelicoDataSet/CrossValidation/Annotated/B22-155_0/02989_Aug5.png,1,0.4381676912307739
B22-155,/fhome/maed/HelicoDataSet/CrossValidation/Annotated/B22-155_0/04763_Aug7.png,1,0.5505154728889465
B22-155,/fhome/maed/HelicoDataSet/CrossValidation/Annotated/B22-155_0/03998_Aug6.png,1,0.32397326827049255
B22-155,/fhome/maed/HelicoDataSet/CrossValidation/Annotated/B22-155_0/00317_Aug4.png,1,0.48703479766845703
B22-155,/fhome/maed/HelicoDataSet/CrossValidation/Annotated/B22-155_0/04070_Aug2.png,1,0.645990252494812
B22-155,/fhome/maed/HelicoDataSet/CrossValidation/Annotated/B22-155_0/02989_Aug3.png,1,0.5035417675971985
B22-155,/fhome/maed/HelicoDataSet/CrossValidation/Annotated/B22-155_0/01782_Aug3.png,1,0.5157607197761536
B22-155,/fhome/maed/HelicoDataSet/CrossValidation/Annotated/B22-155_0/01909_Aug7.png,1,0.44075360894203186
B22-155,/fhome/maed/HelicoDataSet/CrossValidation/Annotated/B22-155_0/02987_Aug6.png,1,0.39331290125846863
B22-155,/fhome/maed/HelicoDataSet/CrossValidation/Annotated/B22-155_0/02338_Aug1.png,1,0.4757705628871918
B22-155,/fhome/maed/HelicoDataSet/CrossValidation/Annotated/B22-155_0/01424.png,0,0.06554464995861053
B22-155,/fhome/maed/HelicoDataSet/CrossValidation/Annotated/B22-155_0/02987_Aug1.png,1,0.3277595639228821
B22-155,/fhome/maed/HelicoDataSet/CrossValidation/Annotated/B22-155_0/00137.png,1,0.730161190032959
B22-155,/fhome/maed/HelicoDataSet/CrossValidation/Annotated/B22-155_0/04440_Aug6.png,1,0.4918484687805176
B22-155,/fhome/maed/HelicoDataSet/CrossValidation/Annotated/B22-155_0/04763_Aug6.png,1,0.548329770565033
B22-155,/fhome/maed/HelicoDataSet/CrossValidation/Annotated/B22-155_0/00137_Aug3.png,1,0.7097903490066528
B22-155,/fhome/maed/HelicoDataSet/CrossValidation/Annotated/B22-155_0/02125_Aug2.png,1,0.6027010679244995
B22-155,/fhome/maed/HelicoDataSet/CrossValidation/Annotated/B22-155_0/01760_Aug5.png,1,0.4723794460296631
B22-155,/fhome/maed/HelicoDataSet/CrossValidation/Annotated/B22-155_0/02125_Aug7.png,1,0.5789238214492798
B22-155,/fhome/maed/HelicoDataSet/CrossValidation/Annotated/B22-155_0/02185_Aug3.png,1,0.5154537558555603
B22-155,/fhome/maed/HelicoDataSet/CrossValidation/Annotated/B22-155_0/01782_Aug5.png,1,0.49851858615875244
B22-155,/fhome/maed/HelicoDataSet/CrossValidation/Annotated/B22-155_0/00317.png,1,0.4470721185207367
B22-155,/fhome/maed/HelicoDataSet/CrossValidation/Annotated/B22-155_0/04382_Aug6.png,1,0.4614661633968353
B22-155,/fhome/maed/HelicoDataSet/CrossValidation/Annotated/B22-155_0/02338.png,1,0.45700037479400635
B22-155,/fhome/maed/HelicoDataSet/CrossValidation/Annotated/B22-155_0/02338_Aug5.png,1,0.48790669441223145
B22-155,/fhome/maed/HelicoDataSet/CrossValidation/Annotated/B22-155_0/04763_Aug5.png,1,0.5463262796401978
B22-155,/fhome/maed/HelicoDataSet/CrossValidation/Annotated/B22-155_0/01909_Aug2.png,1,0.44660869240760803
B22-155,/fhome/maed/HelicoDataSet/CrossValidation/Annotated/B22-155_0/04440.png,1,0.4526370167732239
B22-155,/fhome/maed/HelicoDataSet/CrossValidation/Annotated/B22-155_0/01782_Aug1.png,1,0.5035580396652222
B22-155,/fhome/maed/HelicoDataSet/CrossValidation/Annotated/B22-155_0/02445.png,0,0.1467733532190323
B22-155,/fhome/maed/HelicoDataSet/CrossValidation/Annotated/B22-155_0/02125_Aug8.png,1,0.5741184949874878
B22-155,/fhome/maed/HelicoDataSet/CrossValidation/Annotated/B22-155_0/00994_Aug6.png,1,0.5209843516349792
B22-155,/fhome/maed/HelicoDataSet/CrossValidation/Annotated/B22-155_0/00994_Aug2.png,1,0.5131059885025024
B22-155,/fhome/maed/HelicoDataSet/CrossValidation/Annotated/B22-155_0/04382_Aug1.png,1,0.49441400170326233
B22-155,/fhome/maed/HelicoDataSet/CrossValidation/Annotated/B22-155_0/00137_Aug1.png,1,0.7252551317214966
B22-155,/fhome/maed/HelicoDataSet/CrossValidation/Annotated/B22-155_0/04763_Aug8.png,1,0.5442482233047485
B22-155,/fhome/maed/HelicoDataSet/CrossValidation/Annotated/B22-155_0/02185_Aug5.png,1,0.49238526821136475
B22-155,/fhome/maed/HelicoDataSet/CrossValidation/Annotated/B22-155_0/00065_Aug5.png,1,0.19173020124435425
B22-155,/fhome/maed/HelicoDataSet/CrossValidation/Annotated/B22-155_0/01782_Aug7.png,1,0.48810699582099915
B22-155,/fhome/maed/HelicoDataSet/CrossValidation/Annotated/B22-155_0/01782_Aug6.png,1,0.49426740407943726
B22-155,/fhome/maed/HelicoDataSet/CrossValidation/Annotated/B22-155_0/01760_Aug7.png,1,0.49435579776763916
B22-155,/fhome/maed/HelicoDataSet/CrossValidation/Annotated/B22-155_0/03998_Aug3.png,1,0.4033259153366089
B22-155,/fhome/maed/HelicoDataSet/CrossValidation/Annotated/B22-155_0/02125_Aug3.png,1,0.5711796283721924
B22-305,/fhome/maed/HelicoDataSet/CrossValidation/Annotated/B22-305_0/00367.png,0,0.16526935994625092
B22-305,/fhome/maed/HelicoDataSet/CrossValidation/Annotated/B22-305_0/00365.png,0,0.21724268794059753
B22-305,/fhome/maed/HelicoDataSet/CrossValidation/Annotated/B22-305_0/00561.png,0,0.1797337830066681
B22-305,/fhome/maed/HelicoDataSet/CrossValidation/Annotated/B22-305_0/00252.png,0,0.03163791075348854
B22-68,/fhome/maed/HelicoDataSet/CrossValidation/Annotated/B22-68_0/00131.png,0,0.06771057844161987
B22-68,/fhome/maed/HelicoDataSet/CrossValidation/Annotated/B22-68_0/00141.png,0,0.2532096207141876
B22-68,/fhome/maed/HelicoDataSet/CrossValidation/Annotated/B22-68_0/00298.png,0,0.013287307694554329
B22-68,/fhome/maed/HelicoDataSet/CrossValidation/Annotated/B22-68_0/00315.png,0,0.030943190678954124
B22-68,/fhome/maed/HelicoDataSet/CrossValidation/Annotated/B22-68_0/00352.png,0,0.028277084231376648
B22-68,/fhome/maed/HelicoDataSet/CrossValidation/Annotated/B22-68_0/00290.png,0,0.18185816705226898
B22-197,/fhome/maed/HelicoDataSet/CrossValidation/Annotated/B22-197_0/00006.png,0,0.06195804476737976
B22-61,/fhome/maed/HelicoDataSet/CrossValidation/Annotated/B22-61_0/01100.png,0,0.0074580367654562
B22-297,/fhome/maed/HelicoDataSet/CrossValidation/Annotated/B22-297_0/00124.png,1,0.49309661984443665
B22-297,/fhome/maed/HelicoDataSet/CrossValidation/Annotated/B22-297_0/00124_Aug7.png,1,0.4482298493385315
B22-297,/fhome/maed/HelicoDataSet/CrossValidation/Annotated/B22-297_0/00124_Aug6.png,1,0.4902031421661377
B22-297,/fhome/maed/HelicoDataSet/CrossValidation/Annotated/B22-297_0/00124_Aug8.png,1,0.5071300268173218
B22-297,/fhome/maed/HelicoDataSet/CrossValidation/Annotated/B22-297_0/00124_Aug4.png,1,0.4953097701072693
B22-297,/fhome/maed/HelicoDataSet/CrossValidation/Annotated/B22-297_0/00124_Aug2.png,1,0.4969123601913452
B22-297,/fhome/maed/HelicoDataSet/CrossValidation/Annotated/B22-297_0/00124_Aug3.png,1,0.48753830790519714
B22-297,/fhome/maed/HelicoDataSet/CrossValidation/Annotated/B22-297_0/00124_Aug5.png,1,0.4641304612159729
B22-297,/fhome/maed/HelicoDataSet/CrossValidation/Annotated/B22-297_0/00124_Aug1.png,1,0.48858627676963806
B22-304,/fhome/maed/HelicoDataSet/CrossValidation/Annotated/B22-304_0/01044_Aug3.png,1,0.6257216930389404
B22-304,/fhome/maed/HelicoDataSet/CrossValidation/Annotated/B22-304_0/00318_Aug2.png,1,0.5148338079452515
B22-304,/fhome/maed/HelicoDataSet/CrossValidation/Annotated/B22-304_0/01658_Aug4.png,1,0.49972379207611084
B22-304,/fhome/maed/HelicoDataSet/CrossValidation/Annotated/B22-304_0/00973.png,1,0.49917516112327576
B22-304,/fhome/maed/HelicoDataSet/CrossValidation/Annotated/B22-304_0/01757_Aug8.png,1,0.4822244346141815
B22-304,/fhome/maed/HelicoDataSet/CrossValidation/Annotated/B22-304_0/00381_Aug6.png,1,0.45505860447883606
B22-304,/fhome/maed/HelicoDataSet/CrossValidation/Annotated/B22-304_0/00318_Aug1.png,1,0.5148338079452515
B22-304,/fhome/maed/HelicoDataSet/CrossValidation/Annotated/B22-304_0/00973_Aug6.png,1,0.5023233294487
B22-304,/fhome/maed/HelicoDataSet/CrossValidation/Annotated/B22-304_0/00314_Aug8.png,1,0.5125291347503662
B22-304,/fhome/maed/HelicoDataSet/CrossValidation/Annotated/B22-304_0/01044_Aug5.png,1,0.6083729267120361
B22-304,/fhome/maed/HelicoDataSet/CrossValidation/Annotated/B22-304_0/01757_Aug7.png,1,0.5076360702514648
B22-304,/fhome/maed/HelicoDataSet/CrossValidation/Annotated/B22-304_0/00783_Aug4.png,1,0.5220774412155151
B22-304,/fhome/maed/HelicoDataSet/CrossValidation/Annotated/B22-304_0/01658_Aug1.png,1,0.4959160387516022
B22-304,/fhome/maed/HelicoDataSet/CrossValidation/Annotated/B22-304_0/00783_Aug5.png,1,0.5339272022247314
B22-304,/fhome/maed/HelicoDataSet/CrossValidation/Annotated/B22-304_0/01100_Aug5.png,1,0.46965041756629944
B22-304,/fhome/maed/HelicoDataSet/CrossValidation/Annotated/B22-304_0/00314_Aug7.png,1,0.48285144567489624
B22-304,/fhome/maed/HelicoDataSet/CrossValidation/Annotated/B22-304_0/00381_Aug2.png,1,0.3909640312194824
B22-304,/fhome/maed/HelicoDataSet/CrossValidation/Annotated/B22-304_0/00783_Aug3.png,1,0.5229662656784058
B22-304,/fhome/maed/HelicoDataSet/CrossValidation/Annotated/B22-304_0/00783_Aug7.png,1,0.529860258102417
B22-304,/fhome/maed/HelicoDataSet/CrossValidation/Annotated/B22-304_0/01100_Aug2.png,1,0.5043507814407349
B22-304,/fhome/maed/HelicoDataSet/CrossValidation/Annotated/B22-304_0/01044_Aug7.png,1,0.5968491435050964
B22-304,/fhome/maed/HelicoDataSet/CrossValidation/Annotated/B22-304_0/01658_Aug2.png,1,0.49022945761680603
B22-304,/fhome/maed/HelicoDataSet/CrossValidation/Annotated/B22-304_0/00314_Aug1.png,1,0.48664891719818115
B22-304,/fhome/maed/HelicoDataSet/CrossValidation/Annotated/B22-304_0/01658_Aug5.png,1,0.48829057812690735
B22-304,/fhome/maed/HelicoDataSet/CrossValidation/Annotated/B22-304_0/00973_Aug1.png,1,0.5022755861282349
B22-304,/fhome/maed/HelicoDataSet/CrossValidation/Annotated/B22-304_0/00381_Aug7.png,1,0.5091736912727356
B22-304,/fhome/maed/HelicoDataSet/CrossValidation/Annotated/B22-304_0/01342.png,0,0.02297751046717167
B22-304,/fhome/maed/HelicoDataSet/CrossValidation/Annotated/B22-304_0/00314_Aug6.png,1,0.5154014229774475
B22-304,/fhome/maed/HelicoDataSet/CrossValidation/Annotated/B22-304_0/01757_Aug5.png,1,0.48909667134284973
B22-304,/fhome/maed/HelicoDataSet/CrossValidation/Annotated/B22-304_0/00783.png,1,0.5229347944259644
B22-304,/fhome/maed/HelicoDataSet/CrossValidation/Annotated/B22-304_0/00318_Aug4.png,1,0.49783656001091003
B22-304,/fhome/maed/HelicoDataSet/CrossValidation/Annotated/B22-304_0/01100.png,1,0.4880928695201874
B22-304,/fhome/maed/HelicoDataSet/CrossValidation/Annotated/B22-304_0/00783_Aug6.png,1,0.5313575267791748
B22-304,/fhome/maed/HelicoDataSet/CrossValidation/Annotated/B22-304_0/01658_Aug7.png,1,0.480324923992157
B22-304,/fhome/maed/HelicoDataSet/CrossValidation/Annotated/B22-304_0/00381_Aug1.png,1,0.5012641549110413
B22-304,/fhome/maed/HelicoDataSet/CrossValidation/Annotated/B22-304_0/00973_Aug2.png,1,0.49953898787498474
B22-304,/fhome/maed/HelicoDataSet/CrossValidation/Annotated/B22-304_0/01658_Aug6.png,1,0.489656925201416
B22-304,/fhome/maed/HelicoDataSet/CrossValidation/Annotated/B22-304_0/00799.png,0,0.36502206325531006
B22-304,/fhome/maed/HelicoDataSet/CrossValidation/Annotated/B22-304_0/00318_Aug8.png,1,0.4805782437324524
B22-304,/fhome/maed/HelicoDataSet/CrossValidation/Annotated/B22-304_0/01100_Aug1.png,1,0.4785424470901489
B22-304,/fhome/maed/HelicoDataSet/CrossValidation/Annotated/B22-304_0/01757_Aug6.png,1,0.4671231806278229
B22-304,/fhome/maed/HelicoDataSet/CrossValidation/Annotated/B22-304_0/01757_Aug2.png,1,0.42690521478652954
B22-304,/fhome/maed/HelicoDataSet/CrossValidation/Annotated/B22-304_0/01658_Aug8.png,1,0.4980320632457733
B22-304,/fhome/maed/HelicoDataSet/CrossValidation/Annotated/B22-304_0/01100_Aug8.png,1,0.5224949717521667
B22-304,/fhome/maed/HelicoDataSet/CrossValidation/Annotated/B22-304_0/00314_Aug5.png,1,0.48341038823127747
B22-304,/fhome/maed/HelicoDataSet/CrossValidation/Annotated/B22-304_0/00783_Aug1.png,1,0.5170828104019165
B22-304,/fhome/maed/HelicoDataSet/CrossValidation/Annotated/B22-304_0/00314.png,1,0.521828293800354
B22-304,/fhome/maed/HelicoDataSet/CrossValidation/Annotated/B22-304_0/01044_Aug1.png,1,0.6408212184906006
B22-304,/fhome/maed/HelicoDataSet/CrossValidation/Annotated/B22-304_0/01100_Aug3.png,1,0.4793623089790344
B22-304,/fhome/maed/HelicoDataSet/CrossValidation/Annotated/B22-304_0/00318_Aug7.png,1,0.48057812452316284
B22-304,/fhome/maed/HelicoDataSet/CrossValidation/Annotated/B22-304_0/01100_Aug7.png,1,0.4847964346408844
B22-304,/fhome/maed/HelicoDataSet/CrossValidation/Annotated/B22-304_0/01757.png,1,0.4416777789592743
B22-304,/fhome/maed/HelicoDataSet/CrossValidation/Annotated/B22-304_0/01044_Aug4.png,1,0.6725220680236816
B22-304,/fhome/maed/HelicoDataSet/CrossValidation/Annotated/B22-304_0/00973_Aug5.png,1,0.5093612670898438
B22-304,/fhome/maed/HelicoDataSet/CrossValidation/Annotated/B22-304_0/01044.png,1,0.6598383188247681
B22-304,/fhome/maed/HelicoDataSet/CrossValidation/Annotated/B22-304_0/01757_Aug1.png,1,0.4969739317893982
B22-304,/fhome/maed/HelicoDataSet/CrossValidation/Annotated/B22-304_0/00973_Aug8.png,1,0.49233806133270264
B22-304,/fhome/maed/HelicoDataSet/CrossValidation/Annotated/B22-304_0/00318_Aug6.png,1,0.4988619089126587
B22-304,/fhome/maed/HelicoDataSet/CrossValidation/Annotated/B22-304_0/00381_Aug4.png,1,0.46309950947761536
B22-304,/fhome/maed/HelicoDataSet/CrossValidation/Annotated/B22-304_0/00318_Aug3.png,1,0.49783697724342346
B22-304,/fhome/maed/HelicoDataSet/CrossValidation/Annotated/B22-304_0/00314_Aug3.png,1,0.49367454648017883
B22-304,/fhome/maed/HelicoDataSet/CrossValidation/Annotated/B22-304_0/00783_Aug2.png,1,0.5288292765617371
B22-304,/fhome/maed/HelicoDataSet/CrossValidation/Annotated/B22-304_0/01757_Aug3.png,1,0.4680981934070587
B22-304,/fhome/maed/HelicoDataSet/CrossValidation/Annotated/B22-304_0/00381_Aug3.png,1,0.47966212034225464
B22-304,/fhome/maed/HelicoDataSet/CrossValidation/Annotated/B22-304_0/00314_Aug2.png,1,0.5191921591758728
B22-304,/fhome/maed/HelicoDataSet/CrossValidation/Annotated/B22-304_0/00973_Aug4.png,1,0.4979214072227478
B22-304,/fhome/maed/HelicoDataSet/CrossValidation/Annotated/B22-304_0/01044_Aug6.png,1,0.6654837131500244
B22-304,/fhome/maed/HelicoDataSet/CrossValidation/Annotated/B22-304_0/01044_Aug8.png,1,0.6683717966079712
B22-304,/fhome/maed/HelicoDataSet/CrossValidation/Annotated/B22-304_0/00973_Aug3.png,1,0.5023223757743835
B22-304,/fhome/maed/HelicoDataSet/CrossValidation/Annotated/B22-304_0/01658.png,1,0.4894859790802002
B22-304,/fhome/maed/HelicoDataSet/CrossValidation/Annotated/B22-304_0/01100_Aug4.png,1,0.5000556111335754
B22-304,/fhome/maed/HelicoDataSet/CrossValidation/Annotated/B22-304_0/01658_Aug3.png,1,0.4818156659603119
B22-304,/fhome/maed/HelicoDataSet/CrossValidation/Annotated/B22-304_0/00283.png,0,0.24518339335918427
B22-304,/fhome/maed/HelicoDataSet/CrossValidation/Annotated/B22-304_0/00314_Aug4.png,1,0.5178958773612976
B22-304,/fhome/maed/HelicoDataSet/CrossValidation/Annotated/B22-304_0/00318_Aug5.png,1,0.49886202812194824
B22-304,/fhome/maed/HelicoDataSet/CrossValidation/Annotated/B22-304_0/00973_Aug7.png,1,0.4965316355228424
B22-304,/fhome/maed/HelicoDataSet/CrossValidation/Annotated/B22-304_0/00318.png,1,0.5112004280090332
B22-304,/fhome/maed/HelicoDataSet/CrossValidation/Annotated/B22-304_0/00381.png,1,0.4815766215324402
B22-304,/fhome/maed/HelicoDataSet/CrossValidation/Annotated/B22-304_0/01044_Aug2.png,1,0.6650494337081909
B22-304,/fhome/maed/HelicoDataSet/CrossValidation/Annotated/B22-304_0/00381_Aug8.png,1,0.49297142028808594
B22-304,/fhome/maed/HelicoDataSet/CrossValidation/Annotated/B22-304_0/01100_Aug6.png,1,0.49286019802093506
B22-304,/fhome/maed/HelicoDataSet/CrossValidation/Annotated/B22-304_0/01757_Aug4.png,1,0.4585367441177368
B22-304,/fhome/maed/HelicoDataSet/CrossValidation/Annotated/B22-304_0/00783_Aug8.png,1,0.5268514156341553
B22-304,/fhome/maed/HelicoDataSet/CrossValidation/Annotated/B22-304_0/00716.png,0,0.11130395531654358
B22-304,/fhome/maed/HelicoDataSet/CrossValidation/Annotated/B22-304_0/00381_Aug5.png,1,0.5041711330413818
B22-164,/fhome/maed/HelicoDataSet/CrossValidation/Annotated/B22-164_0/00290.png,0,0.1091175377368927
B22-189,/fhome/maed/HelicoDataSet/CrossValidation/Annotated/B22-189_1/00355.png,0,0.41010892391204834
B22-189,/fhome/maed/HelicoDataSet/CrossValidation/Annotated/B22-189_1/00358.png,0,0.09734591841697693
B22-189,/fhome/maed/HelicoDataSet/CrossValidation/Annotated/B22-189_1/00093.png,0,0.015775008127093315
B22-189,/fhome/maed/HelicoDataSet/CrossValidation/Annotated/B22-189_1/00472.png,0,0.26056623458862305
B22-150,/fhome/maed/HelicoDataSet/CrossValidation/Annotated/B22-150_0/00363.png,0,0.013955910690128803
B22-150,/fhome/maed/HelicoDataSet/CrossValidation/Annotated/B22-150_0/00362.png,0,0.06039147078990936
B22-150,/fhome/maed/HelicoDataSet/CrossValidation/Annotated/B22-150_0/01315.png,0,0.015881618484854698
B22-150,/fhome/maed/HelicoDataSet/CrossValidation/Annotated/B22-150_0/00360.png,0,0.015375489369034767
B22-150,/fhome/maed/HelicoDataSet/CrossValidation/Annotated/B22-150_0/01864.png,0,0.014293649233877659
B22-150,/fhome/maed/HelicoDataSet/CrossValidation/Annotated/B22-150_0/00889.png,0,0.01553388126194477
B22-150,/fhome/maed/HelicoDataSet/CrossValidation/Annotated/B22-150_0/01314.png,0,0.017702452838420868
B22-279,/fhome/maed/HelicoDataSet/CrossValidation/Annotated/B22-279_0/01200.png,0,0.022572286427021027
B22-279,/fhome/maed/HelicoDataSet/CrossValidation/Annotated/B22-279_0/00762.png,0,0.07629361748695374
B22-279,/fhome/maed/HelicoDataSet/CrossValidation/Annotated/B22-279_0/00876.png,0,0.22278787195682526
B22-254,/fhome/maed/HelicoDataSet/CrossValidation/Annotated/B22-254_0/03773.png,0,0.18319523334503174
B22-254,/fhome/maed/HelicoDataSet/CrossValidation/Annotated/B22-254_0/00007.png,0,0.08678992092609406
B22-254,/fhome/maed/HelicoDataSet/CrossValidation/Annotated/B22-254_0/00011.png,0,0.16372257471084595
B22-116,/fhome/maed/HelicoDataSet/CrossValidation/Annotated/B22-116_0/00256_Aug1.png,1,0.3139266073703766
B22-116,/fhome/maed/HelicoDataSet/CrossValidation/Annotated/B22-116_0/00256_Aug4.png,1,0.40864983201026917
B22-116,/fhome/maed/HelicoDataSet/CrossValidation/Annotated/B22-116_0/00252_Aug5.png,1,0.4608956575393677
B22-116,/fhome/maed/HelicoDataSet/CrossValidation/Annotated/B22-116_0/00256_Aug7.png,1,0.40372589230537415
B22-116,/fhome/maed/HelicoDataSet/CrossValidation/Annotated/B22-116_0/00256_Aug5.png,1,0.46872812509536743
B22-116,/fhome/maed/HelicoDataSet/CrossValidation/Annotated/B22-116_0/00256_Aug8.png,1,0.44687342643737793
B22-116,/fhome/maed/HelicoDataSet/CrossValidation/Annotated/B22-116_0/00493.png,0,0.026463614776730537
B22-116,/fhome/maed/HelicoDataSet/CrossValidation/Annotated/B22-116_0/00437_Aug6.png,1,0.5038403868675232
B22-116,/fhome/maed/HelicoDataSet/CrossValidation/Annotated/B22-116_0/00252_Aug8.png,1,0.426033079624176
B22-116,/fhome/maed/HelicoDataSet/CrossValidation/Annotated/B22-116_0/00256.png,1,0.4904830753803253
B22-116,/fhome/maed/HelicoDataSet/CrossValidation/Annotated/B22-116_0/00256_Aug2.png,1,0.4271126687526703
B22-116,/fhome/maed/HelicoDataSet/CrossValidation/Annotated/B22-116_0/00252_Aug7.png,1,0.46132802963256836
B22-116,/fhome/maed/HelicoDataSet/CrossValidation/Annotated/B22-116_0/00256_Aug3.png,1,0.38776257634162903
B22-116,/fhome/maed/HelicoDataSet/CrossValidation/Annotated/B22-116_0/00252_Aug3.png,1,0.43748122453689575
B22-116,/fhome/maed/HelicoDataSet/CrossValidation/Annotated/B22-116_0/00437_Aug8.png,1,0.485206663608551
B22-116,/fhome/maed/HelicoDataSet/CrossValidation/Annotated/B22-116_0/00217.png,0,0.016107631847262383
B22-116,/fhome/maed/HelicoDataSet/CrossValidation/Annotated/B22-116_0/00437_Aug4.png,1,0.47916311025619507
B22-116,/fhome/maed/HelicoDataSet/CrossValidation/Annotated/B22-116_0/00252_Aug1.png,1,0.4845040738582611
B22-116,/fhome/maed/HelicoDataSet/CrossValidation/Annotated/B22-116_0/00437_Aug2.png,1,0.4615633189678192
B22-116,/fhome/maed/HelicoDataSet/CrossValidation/Annotated/B22-116_0/00252_Aug2.png,1,0.42973819375038147
B22-116,/fhome/maed/HelicoDataSet/CrossValidation/Annotated/B22-116_0/00252_Aug4.png,1,0.4020077586174011
B22-116,/fhome/maed/HelicoDataSet/CrossValidation/Annotated/B22-116_0/00437_Aug1.png,1,0.3497687876224518
B22-116,/fhome/maed/HelicoDataSet/CrossValidation/Annotated/B22-116_0/00256_Aug6.png,1,0.41461628675460815
B22-116,/fhome/maed/HelicoDataSet/CrossValidation/Annotated/B22-116_0/00252.png,1,0.4131656885147095
B22-116,/fhome/maed/HelicoDataSet/CrossValidation/Annotated/B22-116_0/00437.png,1,0.4849613904953003
B22-116,/fhome/maed/HelicoDataSet/CrossValidation/Annotated/B22-116_0/00252_Aug6.png,1,0.39866435527801514
B22-168,/fhome/maed/HelicoDataSet/CrossValidation/Annotated/B22-168_1/00407.png,0,0.006819541100412607
B22-168,/fhome/maed/HelicoDataSet/CrossValidation/Annotated/B22-168_1/00389.png,0,0.011705748736858368
B22-168,/fhome/maed/HelicoDataSet/CrossValidation/Annotated/B22-168_1/00343.png,0,0.017894692718982697
B22-168,/fhome/maed/HelicoDataSet/CrossValidation/Annotated/B22-168_1/00156.png,0,0.009487339295446873
B22-168,/fhome/maed/HelicoDataSet/CrossValidation/Annotated/B22-168_1/00379.png,0,0.020460767671465874
B22-168,/fhome/maed/HelicoDataSet/CrossValidation/Annotated/B22-168_1/00828.png,0,0.017433203756809235
B22-163,/fhome/maed/HelicoDataSet/CrossValidation/Annotated/B22-163_0/00387_Aug4.png,1,0.5062515139579773
B22-163,/fhome/maed/HelicoDataSet/CrossValidation/Annotated/B22-163_0/00657_Aug8.png,1,0.5019575953483582
B22-163,/fhome/maed/HelicoDataSet/CrossValidation/Annotated/B22-163_0/00413.png,0,0.04304642975330353
B22-163,/fhome/maed/HelicoDataSet/CrossValidation/Annotated/B22-163_0/00444_Aug8.png,1,0.5378139615058899
B22-163,/fhome/maed/HelicoDataSet/CrossValidation/Annotated/B22-163_0/00357.png,0,0.017528941854834557
B22-163,/fhome/maed/HelicoDataSet/CrossValidation/Annotated/B22-163_0/00298_Aug3.png,1,0.5057300329208374
B22-163,/fhome/maed/HelicoDataSet/CrossValidation/Annotated/B22-163_0/00491_Aug3.png,1,0.5506722927093506
B22-163,/fhome/maed/HelicoDataSet/CrossValidation/Annotated/B22-163_0/00387_Aug1.png,1,0.514618456363678
B22-163,/fhome/maed/HelicoDataSet/CrossValidation/Annotated/B22-163_0/00298_Aug6.png,1,0.4865884482860565
B22-163,/fhome/maed/HelicoDataSet/CrossValidation/Annotated/B22-163_0/00657.png,1,0.49773234128952026
B22-163,/fhome/maed/HelicoDataSet/CrossValidation/Annotated/B22-163_0/00298_Aug4.png,1,0.48657339811325073
B22-163,/fhome/maed/HelicoDataSet/CrossValidation/Annotated/B22-163_0/00298.png,1,0.5061545968055725
B22-163,/fhome/maed/HelicoDataSet/CrossValidation/Annotated/B22-163_0/00643_Aug5.png,1,0.5072333812713623
B22-163,/fhome/maed/HelicoDataSet/CrossValidation/Annotated/B22-163_0/00657_Aug7.png,1,0.5021764636039734
B22-163,/fhome/maed/HelicoDataSet/CrossValidation/Annotated/B22-163_0/00452_Aug6.png,1,0.5636526346206665
B22-163,/fhome/maed/HelicoDataSet/CrossValidation/Annotated/B22-163_0/00657_Aug3.png,1,0.49567195773124695
B22-163,/fhome/maed/HelicoDataSet/CrossValidation/Annotated/B22-163_0/00387_Aug6.png,1,0.5150278806686401
B22-163,/fhome/maed/HelicoDataSet/CrossValidation/Annotated/B22-163_0/00452_Aug4.png,1,0.5627481937408447
B22-163,/fhome/maed/HelicoDataSet/CrossValidation/Annotated/B22-163_0/00387.png,1,0.5056039690971375
B22-163,/fhome/maed/HelicoDataSet/CrossValidation/Annotated/B22-163_0/00452_Aug5.png,1,0.5331953763961792
B22-163,/fhome/maed/HelicoDataSet/CrossValidation/Annotated/B22-163_0/00452_Aug2.png,1,0.563535749912262
B22-163,/fhome/maed/HelicoDataSet/CrossValidation/Annotated/B22-163_0/00387_Aug2.png,1,0.4743642807006836
B22-163,/fhome/maed/HelicoDataSet/CrossValidation/Annotated/B22-163_0/00491_Aug2.png,1,0.550363302230835
B22-163,/fhome/maed/HelicoDataSet/CrossValidation/Annotated/B22-163_0/00444_Aug4.png,1,0.5209790468215942
B22-163,/fhome/maed/HelicoDataSet/CrossValidation/Annotated/B22-163_0/00491_Aug4.png,1,0.5528890490531921
B22-163,/fhome/maed/HelicoDataSet/CrossValidation/Annotated/B22-163_0/00643_Aug6.png,1,0.5018906593322754
B22-163,/fhome/maed/HelicoDataSet/CrossValidation/Annotated/B22-163_0/00298_Aug1.png,1,0.4944207966327667
B22-163,/fhome/maed/HelicoDataSet/CrossValidation/Annotated/B22-163_0/00444_Aug1.png,1,0.5141544342041016
B22-163,/fhome/maed/HelicoDataSet/CrossValidation/Annotated/B22-163_0/00452_Aug3.png,1,0.537409782409668
B22-163,/fhome/maed/HelicoDataSet/CrossValidation/Annotated/B22-163_0/00491_Aug5.png,1,0.5644726753234863
B22-163,/fhome/maed/HelicoDataSet/CrossValidation/Annotated/B22-163_0/00387_Aug7.png,1,0.516237735748291
B22-163,/fhome/maed/HelicoDataSet/CrossValidation/Annotated/B22-163_0/00298_Aug2.png,1,0.4860197603702545
B22-163,/fhome/maed/HelicoDataSet/CrossValidation/Annotated/B22-163_0/00387_Aug3.png,1,0.5224959850311279
B22-163,/fhome/maed/HelicoDataSet/CrossValidation/Annotated/B22-163_0/00643_Aug3.png,1,0.49670177698135376
B22-163,/fhome/maed/HelicoDataSet/CrossValidation/Annotated/B22-163_0/00444_Aug7.png,1,0.5265682935714722
B22-163,/fhome/maed/HelicoDataSet/CrossValidation/Annotated/B22-163_0/00444_Aug3.png,1,0.5143254399299622
B22-163,/fhome/maed/HelicoDataSet/CrossValidation/Annotated/B22-163_0/00196.png,0,0.0852583646774292
B22-163,/fhome/maed/HelicoDataSet/CrossValidation/Annotated/B22-163_0/00452_Aug7.png,1,0.532834529876709
B22-163,/fhome/maed/HelicoDataSet/CrossValidation/Annotated/B22-163_0/00452_Aug1.png,1,0.5439921021461487
B22-163,/fhome/maed/HelicoDataSet/CrossValidation/Annotated/B22-163_0/00491_Aug6.png,1,0.5542012453079224
B22-163,/fhome/maed/HelicoDataSet/CrossValidation/Annotated/B22-163_0/00657_Aug1.png,1,0.47377821803092957
B22-163,/fhome/maed/HelicoDataSet/CrossValidation/Annotated/B22-163_0/00452_Aug8.png,1,0.5565876960754395
B22-163,/fhome/maed/HelicoDataSet/CrossValidation/Annotated/B22-163_0/00643_Aug2.png,1,0.4951188266277313
B22-163,/fhome/maed/HelicoDataSet/CrossValidation/Annotated/B22-163_0/00298_Aug8.png,1,0.5003715753555298
B22-163,/fhome/maed/HelicoDataSet/CrossValidation/Annotated/B22-163_0/00643_Aug4.png,1,0.5093078017234802
B22-163,/fhome/maed/HelicoDataSet/CrossValidation/Annotated/B22-163_0/00452.png,1,0.5476537942886353
B22-163,/fhome/maed/HelicoDataSet/CrossValidation/Annotated/B22-163_0/00444_Aug2.png,1,0.5107386708259583
B22-163,/fhome/maed/HelicoDataSet/CrossValidation/Annotated/B22-163_0/00657_Aug6.png,1,0.4986019730567932
B22-163,/fhome/maed/HelicoDataSet/CrossValidation/Annotated/B22-163_0/00657_Aug2.png,1,0.4872581362724304
B22-163,/fhome/maed/HelicoDataSet/CrossValidation/Annotated/B22-163_0/00298_Aug5.png,1,0.49630045890808105
B22-163,/fhome/maed/HelicoDataSet/CrossValidation/Annotated/B22-163_0/00298_Aug7.png,1,0.5055568814277649
B22-163,/fhome/maed/HelicoDataSet/CrossValidation/Annotated/B22-163_0/00657_Aug5.png,1,0.484258234500885
B22-163,/fhome/maed/HelicoDataSet/CrossValidation/Annotated/B22-163_0/00491_Aug7.png,1,0.5753464698791504
B22-163,/fhome/maed/HelicoDataSet/CrossValidation/Annotated/B22-163_0/00444.png,1,0.4956372380256653
B22-163,/fhome/maed/HelicoDataSet/CrossValidation/Annotated/B22-163_0/00643_Aug7.png,1,0.4915746748447418
B22-163,/fhome/maed/HelicoDataSet/CrossValidation/Annotated/B22-163_0/00387_Aug5.png,1,0.5113676190376282
B22-163,/fhome/maed/HelicoDataSet/CrossValidation/Annotated/B22-163_0/00444_Aug5.png,1,0.5222270488739014
B22-163,/fhome/maed/HelicoDataSet/CrossValidation/Annotated/B22-163_0/00390.png,0,0.30598145723342896
B22-163,/fhome/maed/HelicoDataSet/CrossValidation/Annotated/B22-163_0/00491_Aug8.png,1,0.5571264624595642
B22-163,/fhome/maed/HelicoDataSet/CrossValidation/Annotated/B22-163_0/00491_Aug1.png,1,0.5518831610679626
B22-163,/fhome/maed/HelicoDataSet/CrossValidation/Annotated/B22-163_0/00387_Aug8.png,1,0.5103461146354675
B22-163,/fhome/maed/HelicoDataSet/CrossValidation/Annotated/B22-163_0/00643_Aug8.png,1,0.4920947253704071
B22-163,/fhome/maed/HelicoDataSet/CrossValidation/Annotated/B22-163_0/00657_Aug4.png,1,0.4955178201198578
B22-163,/fhome/maed/HelicoDataSet/CrossValidation/Annotated/B22-163_0/00417.png,0,0.21488693356513977
B22-163,/fhome/maed/HelicoDataSet/CrossValidation/Annotated/B22-163_0/00643.png,1,0.4976920783519745
B22-163,/fhome/maed/HelicoDataSet/CrossValidation/Annotated/B22-163_0/00491.png,1,0.5502529740333557
B22-163,/fhome/maed/HelicoDataSet/CrossValidation/Annotated/B22-163_0/00643_Aug1.png,1,0.5013509392738342
B22-163,/fhome/maed/HelicoDataSet/CrossValidation/Annotated/B22-163_0/00444_Aug6.png,1,0.5311665534973145
B22-241,/fhome/maed/HelicoDataSet/CrossValidation/Annotated/B22-241_0/01290.png,0,0.2624026834964752
B22-241,/fhome/maed/HelicoDataSet/CrossValidation/Annotated/B22-241_0/00498.png,0,0.2771270275115967
B22-241,/fhome/maed/HelicoDataSet/CrossValidation/Annotated/B22-241_0/00536_Aug1.png,1,0.508855402469635
B22-241,/fhome/maed/HelicoDataSet/CrossValidation/Annotated/B22-241_0/00536_Aug4.png,1,0.4970443546772003
B22-241,/fhome/maed/HelicoDataSet/CrossValidation/Annotated/B22-241_0/00239.png,0,0.26865315437316895
B22-241,/fhome/maed/HelicoDataSet/CrossValidation/Annotated/B22-241_0/00536_Aug2.png,1,0.5066965818405151
B22-241,/fhome/maed/HelicoDataSet/CrossValidation/Annotated/B22-241_0/00989.png,0,0.062233537435531616
B22-241,/fhome/maed/HelicoDataSet/CrossValidation/Annotated/B22-241_0/01342.png,0,0.24439750611782074
B22-241,/fhome/maed/HelicoDataSet/CrossValidation/Annotated/B22-241_0/00536_Aug6.png,1,0.48249298334121704
B22-241,/fhome/maed/HelicoDataSet/CrossValidation/Annotated/B22-241_0/00536_Aug3.png,1,0.4956524968147278
B22-241,/fhome/maed/HelicoDataSet/CrossValidation/Annotated/B22-241_0/01567.png,0,0.14210429787635803
B22-241,/fhome/maed/HelicoDataSet/CrossValidation/Annotated/B22-241_0/01564.png,0,0.24069726467132568
B22-241,/fhome/maed/HelicoDataSet/CrossValidation/Annotated/B22-241_0/00536_Aug7.png,1,0.5069174766540527
B22-241,/fhome/maed/HelicoDataSet/CrossValidation/Annotated/B22-241_0/00237.png,0,0.4829871356487274
B22-241,/fhome/maed/HelicoDataSet/CrossValidation/Annotated/B22-241_0/00536.png,1,0.49590229988098145
B22-241,/fhome/maed/HelicoDataSet/CrossValidation/Annotated/B22-241_0/01587.png,0,0.2751522362232208
B22-241,/fhome/maed/HelicoDataSet/CrossValidation/Annotated/B22-241_0/01543.png,0,0.1770629584789276
B22-241,/fhome/maed/HelicoDataSet/CrossValidation/Annotated/B22-241_0/00881.png,0,0.4154302179813385
B22-241,/fhome/maed/HelicoDataSet/CrossValidation/Annotated/B22-241_0/01010.png,0,0.06410045176744461
B22-241,/fhome/maed/HelicoDataSet/CrossValidation/Annotated/B22-241_0/01106.png,0,0.2528446316719055
B22-241,/fhome/maed/HelicoDataSet/CrossValidation/Annotated/B22-241_0/00495.png,0,0.19507744908332825
B22-241,/fhome/maed/HelicoDataSet/CrossValidation/Annotated/B22-241_0/00536_Aug8.png,1,0.36687615513801575
B22-241,/fhome/maed/HelicoDataSet/CrossValidation/Annotated/B22-241_0/00536_Aug5.png,1,0.5080897808074951
B22-241,/fhome/maed/HelicoDataSet/CrossValidation/Annotated/B22-241_0/00883.png,0,0.07864179462194443
B22-241,/fhome/maed/HelicoDataSet/CrossValidation/Annotated/B22-241_0/01270.png,0,0.14231912791728973
B22-241,/fhome/maed/HelicoDataSet/CrossValidation/Annotated/B22-241_0/01039.png,0,0.03943364694714546
B22-241,/fhome/maed/HelicoDataSet/CrossValidation/Annotated/B22-241_0/01516.png,0,0.19580790400505066
B22-241,/fhome/maed/HelicoDataSet/CrossValidation/Annotated/B22-241_0/01489.png,0,0.241103395819664
B22-241,/fhome/maed/HelicoDataSet/CrossValidation/Annotated/B22-241_0/01589.png,0,0.2831841707229614
B22-241,/fhome/maed/HelicoDataSet/CrossValidation/Annotated/B22-241_0/00876.png,0,0.16544538736343384
B22-241,/fhome/maed/HelicoDataSet/CrossValidation/Annotated/B22-241_0/01419.png,0,0.04539107531309128
B22-278,/fhome/maed/HelicoDataSet/CrossValidation/Annotated/B22-278_0/00234_Aug6.png,1,0.49605533480644226
B22-278,/fhome/maed/HelicoDataSet/CrossValidation/Annotated/B22-278_0/00240_Aug3.png,1,0.39599329233169556
B22-278,/fhome/maed/HelicoDataSet/CrossValidation/Annotated/B22-278_0/00234_Aug8.png,1,0.4849936366081238
B22-278,/fhome/maed/HelicoDataSet/CrossValidation/Annotated/B22-278_0/00022_Aug8.png,1,0.5130079388618469
B22-278,/fhome/maed/HelicoDataSet/CrossValidation/Annotated/B22-278_0/00022_Aug2.png,1,0.5270267128944397
B22-278,/fhome/maed/HelicoDataSet/CrossValidation/Annotated/B22-278_0/00234.png,1,0.48217007517814636
B22-278,/fhome/maed/HelicoDataSet/CrossValidation/Annotated/B22-278_0/00240_Aug7.png,1,0.38686272501945496
B22-278,/fhome/maed/HelicoDataSet/CrossValidation/Annotated/B22-278_0/00155.png,0,0.1660921424627304
B22-278,/fhome/maed/HelicoDataSet/CrossValidation/Annotated/B22-278_0/00022_Aug4.png,1,0.5231755971908569
B22-278,/fhome/maed/HelicoDataSet/CrossValidation/Annotated/B22-278_0/00234_Aug2.png,1,0.4931153655052185
B22-278,/fhome/maed/HelicoDataSet/CrossValidation/Annotated/B22-278_0/00234_Aug5.png,1,0.4995759129524231
B22-278,/fhome/maed/HelicoDataSet/CrossValidation/Annotated/B22-278_0/00701.png,0,0.2859584391117096
B22-278,/fhome/maed/HelicoDataSet/CrossValidation/Annotated/B22-278_0/00022.png,1,0.5296686887741089
B22-278,/fhome/maed/HelicoDataSet/CrossValidation/Annotated/B22-278_0/00240_Aug1.png,1,0.4455762505531311
B22-278,/fhome/maed/HelicoDataSet/CrossValidation/Annotated/B22-278_0/00240_Aug8.png,1,0.2481580674648285
B22-278,/fhome/maed/HelicoDataSet/CrossValidation/Annotated/B22-278_0/00240_Aug5.png,1,0.43091726303100586
B22-278,/fhome/maed/HelicoDataSet/CrossValidation/Annotated/B22-278_0/00234_Aug1.png,1,0.4679419994354248
B22-278,/fhome/maed/HelicoDataSet/CrossValidation/Annotated/B22-278_0/00022_Aug3.png,1,0.5230408906936646
B22-278,/fhome/maed/HelicoDataSet/CrossValidation/Annotated/B22-278_0/00234_Aug4.png,1,0.4752899706363678
B22-278,/fhome/maed/HelicoDataSet/CrossValidation/Annotated/B22-278_0/00234_Aug7.png,1,0.48194435238838196
B22-278,/fhome/maed/HelicoDataSet/CrossValidation/Annotated/B22-278_0/00022_Aug1.png,1,0.5283988118171692
B22-278,/fhome/maed/HelicoDataSet/CrossValidation/Annotated/B22-278_0/00022_Aug6.png,1,0.5060412287712097
B22-278,/fhome/maed/HelicoDataSet/CrossValidation/Annotated/B22-278_0/00240.png,1,0.4095017910003662
B22-278,/fhome/maed/HelicoDataSet/CrossValidation/Annotated/B22-278_0/00022_Aug7.png,1,0.5153878331184387
B22-278,/fhome/maed/HelicoDataSet/CrossValidation/Annotated/B22-278_0/00240_Aug6.png,1,0.4304933547973633
B22-278,/fhome/maed/HelicoDataSet/CrossValidation/Annotated/B22-278_0/00240_Aug4.png,1,0.4421564042568207
B22-278,/fhome/maed/HelicoDataSet/CrossValidation/Annotated/B22-278_0/00022_Aug5.png,1,0.5265263915061951
B22-278,/fhome/maed/HelicoDataSet/CrossValidation/Annotated/B22-278_0/00240_Aug2.png,1,0.3894708454608917
B22-278,/fhome/maed/HelicoDataSet/CrossValidation/Annotated/B22-278_0/00234_Aug3.png,1,0.46004465222358704
B22-264,/fhome/maed/HelicoDataSet/CrossValidation/Annotated/B22-264_0/01511.png,1,0.4956037402153015
B22-264,/fhome/maed/HelicoDataSet/CrossValidation/Annotated/B22-264_0/01644.png,0,0.1720665544271469
B22-264,/fhome/maed/HelicoDataSet/CrossValidation/Annotated/B22-264_0/01511_Aug2.png,1,0.4678008258342743
B22-264,/fhome/maed/HelicoDataSet/CrossValidation/Annotated/B22-264_0/01511_Aug5.png,1,0.473707377910614
B22-264,/fhome/maed/HelicoDataSet/CrossValidation/Annotated/B22-264_0/01511_Aug4.png,1,0.443205863237381
B22-264,/fhome/maed/HelicoDataSet/CrossValidation/Annotated/B22-264_0/01511_Aug1.png,1,0.4678008258342743
B22-264,/fhome/maed/HelicoDataSet/CrossValidation/Annotated/B22-264_0/00267.png,0,0.01100931130349636
B22-264,/fhome/maed/HelicoDataSet/CrossValidation/Annotated/B22-264_0/01511_Aug6.png,1,0.47370773553848267
B22-264,/fhome/maed/HelicoDataSet/CrossValidation/Annotated/B22-264_0/01511_Aug8.png,1,0.49041616916656494
B22-264,/fhome/maed/HelicoDataSet/CrossValidation/Annotated/B22-264_0/01511_Aug3.png,1,0.443205863237381
B22-264,/fhome/maed/HelicoDataSet/CrossValidation/Annotated/B22-264_0/01511_Aug7.png,1,0.49041616916656494
B22-299,/fhome/maed/HelicoDataSet/CrossValidation/Annotated/B22-299_0/00773_Aug7.png,1,0.5089918375015259
B22-299,/fhome/maed/HelicoDataSet/CrossValidation/Annotated/B22-299_0/00773.png,1,0.5409746766090393
B22-299,/fhome/maed/HelicoDataSet/CrossValidation/Annotated/B22-299_0/00576_Aug6.png,1,0.4668301045894623
B22-299,/fhome/maed/HelicoDataSet/CrossValidation/Annotated/B22-299_0/00081_Aug8.png,1,0.5074242949485779
B22-299,/fhome/maed/HelicoDataSet/CrossValidation/Annotated/B22-299_0/00081_Aug7.png,1,0.5349158048629761
B22-299,/fhome/maed/HelicoDataSet/CrossValidation/Annotated/B22-299_0/00773_Aug2.png,1,0.5418381094932556
B22-299,/fhome/maed/HelicoDataSet/CrossValidation/Annotated/B22-299_0/00081_Aug3.png,1,0.5257759094238281
B22-299,/fhome/maed/HelicoDataSet/CrossValidation/Annotated/B22-299_0/00880.png,0,0.17507097125053406
B22-299,/fhome/maed/HelicoDataSet/CrossValidation/Annotated/B22-299_0/00773_Aug4.png,1,0.5434372425079346
B22-299,/fhome/maed/HelicoDataSet/CrossValidation/Annotated/B22-299_0/00576_Aug2.png,1,0.4588523507118225
B22-299,/fhome/maed/HelicoDataSet/CrossValidation/Annotated/B22-299_0/00576_Aug3.png,1,0.4466623365879059
B22-299,/fhome/maed/HelicoDataSet/CrossValidation/Annotated/B22-299_0/00773_Aug3.png,1,0.5352417230606079
B22-299,/fhome/maed/HelicoDataSet/CrossValidation/Annotated/B22-299_0/00576_Aug8.png,1,0.4864720106124878
B22-299,/fhome/maed/HelicoDataSet/CrossValidation/Annotated/B22-299_0/00576_Aug5.png,1,0.436131089925766
B22-299,/fhome/maed/HelicoDataSet/CrossValidation/Annotated/B22-299_0/00576_Aug1.png,1,0.46278735995292664
B22-299,/fhome/maed/HelicoDataSet/CrossValidation/Annotated/B22-299_0/00773_Aug8.png,1,0.555937647819519
B22-299,/fhome/maed/HelicoDataSet/CrossValidation/Annotated/B22-299_0/00081.png,1,0.526227593421936
B22-299,/fhome/maed/HelicoDataSet/CrossValidation/Annotated/B22-299_0/00576_Aug7.png,1,0.4443396031856537
B22-299,/fhome/maed/HelicoDataSet/CrossValidation/Annotated/B22-299_0/00576_Aug4.png,1,0.4860607087612152
B22-299,/fhome/maed/HelicoDataSet/CrossValidation/Annotated/B22-299_0/00576.png,1,0.446077436208725
B22-299,/fhome/maed/HelicoDataSet/CrossValidation/Annotated/B22-299_0/00773_Aug5.png,1,0.5301249623298645
B22-299,/fhome/maed/HelicoDataSet/CrossValidation/Annotated/B22-299_0/00081_Aug5.png,1,0.5303016304969788
B22-299,/fhome/maed/HelicoDataSet/CrossValidation/Annotated/B22-299_0/00773_Aug6.png,1,0.5519995093345642
B22-299,/fhome/maed/HelicoDataSet/CrossValidation/Annotated/B22-299_0/00773_Aug1.png,1,0.5396175384521484
B22-299,/fhome/maed/HelicoDataSet/CrossValidation/Annotated/B22-299_0/00081_Aug6.png,1,0.5158524513244629
B22-299,/fhome/maed/HelicoDataSet/CrossValidation/Annotated/B22-299_0/00081_Aug1.png,1,0.5234928727149963
B22-299,/fhome/maed/HelicoDataSet/CrossValidation/Annotated/B22-299_0/00081_Aug4.png,1,0.5203683376312256
B22-299,/fhome/maed/HelicoDataSet/CrossValidation/Annotated/B22-299_0/00081_Aug2.png,1,0.5297596454620361
B22-265,/fhome/maed/HelicoDataSet/CrossValidation/Annotated/B22-265_0/01412.png,0,0.011911743320524693
B22-265,/fhome/maed/HelicoDataSet/CrossValidation/Annotated/B22-265_0/01410.png,0,0.019662316888570786
B22-265,/fhome/maed/HelicoDataSet/CrossValidation/Annotated/B22-265_0/01414.png,0,0.01716369204223156
B22-265,/fhome/maed/HelicoDataSet/CrossValidation/Annotated/B22-265_0/01413.png,0,0.023448428139090538
B22-265,/fhome/maed/HelicoDataSet/CrossValidation/Annotated/B22-265_0/01411.png,0,0.019223501905798912
B22-223,/fhome/maed/HelicoDataSet/CrossValidation/Annotated/B22-223_0/00405.png,0,0.22332730889320374
B22-223,/fhome/maed/HelicoDataSet/CrossValidation/Annotated/B22-223_0/00592.png,0,0.36706358194351196
B22-223,/fhome/maed/HelicoDataSet/CrossValidation/Annotated/B22-223_0/00107.png,0,0.3915034532546997
B22-223,/fhome/maed/HelicoDataSet/CrossValidation/Annotated/B22-223_0/00453.png,0,0.29166921973228455
B22-195,/fhome/maed/HelicoDataSet/CrossValidation/Annotated/B22-195_0/01355.png,0,0.0031684425193816423
B22-195,/fhome/maed/HelicoDataSet/CrossValidation/Annotated/B22-195_0/01353.png,0,0.018699072301387787
B22-70,/fhome/maed/HelicoDataSet/CrossValidation/Annotated/B22-70_0/00154_Aug8.png,1,0.5120250582695007
B22-70,/fhome/maed/HelicoDataSet/CrossValidation/Annotated/B22-70_0/00042.png,0,0.04598136246204376
B22-70,/fhome/maed/HelicoDataSet/CrossValidation/Annotated/B22-70_0/00154_Aug6.png,1,0.5156021118164062
B22-70,/fhome/maed/HelicoDataSet/CrossValidation/Annotated/B22-70_0/00154_Aug7.png,1,0.5276587605476379
B22-70,/fhome/maed/HelicoDataSet/CrossValidation/Annotated/B22-70_0/00154_Aug2.png,1,0.509414553642273
B22-70,/fhome/maed/HelicoDataSet/CrossValidation/Annotated/B22-70_0/00154_Aug3.png,1,0.48785293102264404
B22-70,/fhome/maed/HelicoDataSet/CrossValidation/Annotated/B22-70_0/00154.png,1,0.5260640978813171
B22-70,/fhome/maed/HelicoDataSet/CrossValidation/Annotated/B22-70_0/00154_Aug5.png,1,0.5245271921157837
B22-70,/fhome/maed/HelicoDataSet/CrossValidation/Annotated/B22-70_0/00154_Aug1.png,1,0.5268364548683167
B22-70,/fhome/maed/HelicoDataSet/CrossValidation/Annotated/B22-70_0/00038.png,0,0.08739567548036575
B22-70,/fhome/maed/HelicoDataSet/CrossValidation/Annotated/B22-70_0/00154_Aug4.png,1,0.5221980810165405
B22-37,/fhome/maed/HelicoDataSet/CrossValidation/Annotated/B22-37_0/00045_Aug2.png,1,0.5007907152175903
B22-37,/fhome/maed/HelicoDataSet/CrossValidation/Annotated/B22-37_0/00045_Aug4.png,1,0.47773972153663635
B22-37,/fhome/maed/HelicoDataSet/CrossValidation/Annotated/B22-37_0/00045_Aug8.png,1,0.46782609820365906
B22-37,/fhome/maed/HelicoDataSet/CrossValidation/Annotated/B22-37_0/00272_Aug8.png,1,0.468309223651886
B22-37,/fhome/maed/HelicoDataSet/CrossValidation/Annotated/B22-37_0/00759.png,0,0.004884378518909216
B22-37,/fhome/maed/HelicoDataSet/CrossValidation/Annotated/B22-37_0/00604.png,0,0.006211000960320234
B22-37,/fhome/maed/HelicoDataSet/CrossValidation/Annotated/B22-37_0/00272_Aug4.png,1,0.48356935381889343
B22-37,/fhome/maed/HelicoDataSet/CrossValidation/Annotated/B22-37_0/00045_Aug3.png,1,0.4551800489425659
B22-37,/fhome/maed/HelicoDataSet/CrossValidation/Annotated/B22-37_0/00272.png,1,0.48549896478652954
B22-37,/fhome/maed/HelicoDataSet/CrossValidation/Annotated/B22-37_0/00272_Aug6.png,1,0.49671849608421326
B22-37,/fhome/maed/HelicoDataSet/CrossValidation/Annotated/B22-37_0/00919_Aug3.png,1,0.2555057108402252
B22-37,/fhome/maed/HelicoDataSet/CrossValidation/Annotated/B22-37_0/00272_Aug5.png,1,0.49671855568885803
B22-37,/fhome/maed/HelicoDataSet/CrossValidation/Annotated/B22-37_0/00919_Aug5.png,1,0.21495862305164337
B22-37,/fhome/maed/HelicoDataSet/CrossValidation/Annotated/B22-37_0/00045_Aug7.png,1,0.453654944896698
B22-37,/fhome/maed/HelicoDataSet/CrossValidation/Annotated/B22-37_0/00045_Aug5.png,1,0.457898885011673
B22-37,/fhome/maed/HelicoDataSet/CrossValidation/Annotated/B22-37_0/00919_Aug1.png,1,0.21940580010414124
B22-37,/fhome/maed/HelicoDataSet/CrossValidation/Annotated/B22-37_0/00919_Aug7.png,1,0.21495987474918365
B22-37,/fhome/maed/HelicoDataSet/CrossValidation/Annotated/B22-37_0/00919.png,1,0.21263131499290466
B22-37,/fhome/maed/HelicoDataSet/CrossValidation/Annotated/B22-37_0/00919_Aug2.png,1,0.27088889479637146
B22-37,/fhome/maed/HelicoDataSet/CrossValidation/Annotated/B22-37_0/00045_Aug6.png,1,0.4587100148200989
B22-37,/fhome/maed/HelicoDataSet/CrossValidation/Annotated/B22-37_0/00054.png,0,0.017368163913488388
B22-37,/fhome/maed/HelicoDataSet/CrossValidation/Annotated/B22-37_0/00272_Aug7.png,1,0.45506325364112854
B22-37,/fhome/maed/HelicoDataSet/CrossValidation/Annotated/B22-37_0/00045_Aug1.png,1,0.48635050654411316
B22-37,/fhome/maed/HelicoDataSet/CrossValidation/Annotated/B22-37_0/00272_Aug1.png,1,0.439134806394577
B22-37,/fhome/maed/HelicoDataSet/CrossValidation/Annotated/B22-37_0/00045.png,1,0.48634466528892517
B22-37,/fhome/maed/HelicoDataSet/CrossValidation/Annotated/B22-37_0/00919_Aug8.png,1,0.20530985295772552
B22-37,/fhome/maed/HelicoDataSet/CrossValidation/Annotated/B22-37_0/00272_Aug2.png,1,0.439134806394577
B22-37,/fhome/maed/HelicoDataSet/CrossValidation/Annotated/B22-37_0/00919_Aug6.png,1,0.2229636162519455
B22-37,/fhome/maed/HelicoDataSet/CrossValidation/Annotated/B22-37_0/00272_Aug3.png,1,0.4396987557411194
B22-37,/fhome/maed/HelicoDataSet/CrossValidation/Annotated/B22-37_0/00919_Aug4.png,1,0.33424630761146545
B22-107,/fhome/maed/HelicoDataSet/CrossValidation/Annotated/B22-107_1/00238.png,0,0.0201213750988245
B22-107,/fhome/maed/HelicoDataSet/CrossValidation/Annotated/B22-107_1/00290.png,0,0.012913468293845654
B22-107,/fhome/maed/HelicoDataSet/CrossValidation/Annotated/B22-107_1/00174.png,0,0.004790704697370529
B22-107,/fhome/maed/HelicoDataSet/CrossValidation/Annotated/B22-107_1/00320.png,0,0.0621684305369854
B22-107,/fhome/maed/HelicoDataSet/CrossValidation/Annotated/B22-107_1/00016.png,0,0.0064909812062978745
B22-171,/fhome/maed/HelicoDataSet/CrossValidation/Annotated/B22-171_0/01708.png,0,0.018583564087748528
B22-171,/fhome/maed/HelicoDataSet/CrossValidation/Annotated/B22-171_0/01566.png,0,0.02184005081653595
B22-171,/fhome/maed/HelicoDataSet/CrossValidation/Annotated/B22-171_0/02819.png,0,0.017524568364024162
B22-171,/fhome/maed/HelicoDataSet/CrossValidation/Annotated/B22-171_0/01707.png,0,0.009541722945868969
B22-219,/fhome/maed/HelicoDataSet/CrossValidation/Annotated/B22-219_0/00032_Aug5.png,1,0.4799547791481018
B22-219,/fhome/maed/HelicoDataSet/CrossValidation/Annotated/B22-219_0/00032_Aug8.png,1,0.5006363391876221
B22-219,/fhome/maed/HelicoDataSet/CrossValidation/Annotated/B22-219_0/00079.png,0,0.054427653551101685
B22-219,/fhome/maed/HelicoDataSet/CrossValidation/Annotated/B22-219_0/00032_Aug2.png,1,0.44247281551361084
B22-219,/fhome/maed/HelicoDataSet/CrossValidation/Annotated/B22-219_0/00032_Aug1.png,1,0.47404804825782776
B22-219,/fhome/maed/HelicoDataSet/CrossValidation/Annotated/B22-219_0/00861.png,0,0.09002427011728287
B22-219,/fhome/maed/HelicoDataSet/CrossValidation/Annotated/B22-219_0/00032_Aug6.png,1,0.4894625246524811
B22-219,/fhome/maed/HelicoDataSet/CrossValidation/Annotated/B22-219_0/00032_Aug7.png,1,0.513970673084259
B22-219,/fhome/maed/HelicoDataSet/CrossValidation/Annotated/B22-219_0/00078.png,0,0.06061781197786331
B22-219,/fhome/maed/HelicoDataSet/CrossValidation/Annotated/B22-219_0/00032_Aug3.png,1,0.4425700008869171
B22-219,/fhome/maed/HelicoDataSet/CrossValidation/Annotated/B22-219_0/00032.png,1,0.46163633465766907
B22-219,/fhome/maed/HelicoDataSet/CrossValidation/Annotated/B22-219_0/00032_Aug4.png,1,0.5033124089241028
B22-260,/fhome/maed/HelicoDataSet/CrossValidation/Annotated/B22-260_0/00931.png,0,0.009506428614258766
B22-260,/fhome/maed/HelicoDataSet/CrossValidation/Annotated/B22-260_0/01113.png,0,0.010021771304309368
B22-250,/fhome/maed/HelicoDataSet/CrossValidation/Annotated/B22-250_0/01710.png,0,0.2583564817905426
B22-250,/fhome/maed/HelicoDataSet/CrossValidation/Annotated/B22-250_0/02947.png,0,0.01756301149725914
B22-250,/fhome/maed/HelicoDataSet/CrossValidation/Annotated/B22-250_0/02853.png,0,0.036953557282686234
B22-250,/fhome/maed/HelicoDataSet/CrossValidation/Annotated/B22-250_0/01638.png,0,0.027540702372789383
B22-250,/fhome/maed/HelicoDataSet/CrossValidation/Annotated/B22-250_0/02287.png,0,0.017439039424061775
B22-250,/fhome/maed/HelicoDataSet/CrossValidation/Annotated/B22-250_0/02916.png,0,0.02633955329656601
B22-250,/fhome/maed/HelicoDataSet/CrossValidation/Annotated/B22-250_0/02279.png,0,0.04574652016162872
B22-250,/fhome/maed/HelicoDataSet/CrossValidation/Annotated/B22-250_0/02254.png,0,0.021046096459031105
B22-250,/fhome/maed/HelicoDataSet/CrossValidation/Annotated/B22-250_0/01236.png,0,0.33939751982688904
B22-250,/fhome/maed/HelicoDataSet/CrossValidation/Annotated/B22-250_0/02952.png,0,0.026576559990644455
B22-250,/fhome/maed/HelicoDataSet/CrossValidation/Annotated/B22-250_0/01803.png,0,0.03277578949928284
B22-250,/fhome/maed/HelicoDataSet/CrossValidation/Annotated/B22-250_0/02851.png,0,0.009737455286085606
B22-250,/fhome/maed/HelicoDataSet/CrossValidation/Annotated/B22-250_0/02964.png,0,0.01520649716258049
B22-250,/fhome/maed/HelicoDataSet/CrossValidation/Annotated/B22-250_0/02280.png,0,0.07550882548093796
B22-250,/fhome/maed/HelicoDataSet/CrossValidation/Annotated/B22-250_0/01058.png,0,0.14525428414344788
B22-250,/fhome/maed/HelicoDataSet/CrossValidation/Annotated/B22-250_0/01607.png,0,0.018880490213632584
B22-250,/fhome/maed/HelicoDataSet/CrossValidation/Annotated/B22-250_0/01049.png,0,0.4178282618522644
B22-250,/fhome/maed/HelicoDataSet/CrossValidation/Annotated/B22-250_0/01717.png,0,0.08543696254491806
B22-250,/fhome/maed/HelicoDataSet/CrossValidation/Annotated/B22-250_0/01289.png,0,0.4112676978111267
B22-250,/fhome/maed/HelicoDataSet/CrossValidation/Annotated/B22-250_0/02253.png,0,0.024088239297270775
B22-250,/fhome/maed/HelicoDataSet/CrossValidation/Annotated/B22-250_0/02844.png,0,0.011520453728735447
B22-250,/fhome/maed/HelicoDataSet/CrossValidation/Annotated/B22-250_0/02288.png,0,0.017810316756367683
B22-250,/fhome/maed/HelicoDataSet/CrossValidation/Annotated/B22-250_0/02904.png,0,0.018520543351769447
B22-250,/fhome/maed/HelicoDataSet/CrossValidation/Annotated/B22-250_0/01799.png,0,0.032496336847543716
B22-250,/fhome/maed/HelicoDataSet/CrossValidation/Annotated/B22-250_0/02942.png,0,0.4396718740463257
B22-250,/fhome/maed/HelicoDataSet/CrossValidation/Annotated/B22-250_0/02835.png,0,0.031744420528411865
B22-250,/fhome/maed/HelicoDataSet/CrossValidation/Annotated/B22-250_0/01767.png,0,0.13708271086215973
B22-250,/fhome/maed/HelicoDataSet/CrossValidation/Annotated/B22-250_0/01609.png,0,0.2394021600484848
B22-250,/fhome/maed/HelicoDataSet/CrossValidation/Annotated/B22-250_0/01427.png,0,0.26544564962387085
B22-250,/fhome/maed/HelicoDataSet/CrossValidation/Annotated/B22-250_0/01610.png,0,0.008343050256371498
B22-250,/fhome/maed/HelicoDataSet/CrossValidation/Annotated/B22-250_0/02926.png,0,0.039151035249233246
B22-250,/fhome/maed/HelicoDataSet/CrossValidation/Annotated/B22-250_0/02892.png,0,0.019342556595802307
B22-250,/fhome/maed/HelicoDataSet/CrossValidation/Annotated/B22-250_0/02848.png,0,0.03553982079029083
B22-250,/fhome/maed/HelicoDataSet/CrossValidation/Annotated/B22-250_0/01231.png,0,0.03845563903450966
B22-250,/fhome/maed/HelicoDataSet/CrossValidation/Annotated/B22-250_0/02260.png,0,0.024629009887576103
B22-250,/fhome/maed/HelicoDataSet/CrossValidation/Annotated/B22-250_0/02849.png,0,0.01236128993332386
B22-250,/fhome/maed/HelicoDataSet/CrossValidation/Annotated/B22-250_0/01401.png,0,0.023715995252132416
B22-250,/fhome/maed/HelicoDataSet/CrossValidation/Annotated/B22-250_0/01125.png,0,0.041811078786849976
B22-250,/fhome/maed/HelicoDataSet/CrossValidation/Annotated/B22-250_0/01760.png,0,0.07701223343610764
B22-250,/fhome/maed/HelicoDataSet/CrossValidation/Annotated/B22-250_0/02854.png,0,0.028661224991083145
B22-250,/fhome/maed/HelicoDataSet/CrossValidation/Annotated/B22-250_0/01800.png,0,0.03750286623835564
B22-250,/fhome/maed/HelicoDataSet/CrossValidation/Annotated/B22-250_0/02915.png,0,0.035075124353170395
B22-250,/fhome/maed/HelicoDataSet/CrossValidation/Annotated/B22-250_0/02830.png,0,0.043012261390686035
B22-250,/fhome/maed/HelicoDataSet/CrossValidation/Annotated/B22-250_0/01046.png,0,0.052569881081581116
B22-250,/fhome/maed/HelicoDataSet/CrossValidation/Annotated/B22-250_0/01771.png,0,0.05292465165257454
B22-250,/fhome/maed/HelicoDataSet/CrossValidation/Annotated/B22-250_0/02941.png,0,0.04916929453611374
B22-250,/fhome/maed/HelicoDataSet/CrossValidation/Annotated/B22-250_0/01633.png,0,0.06300380825996399
B22-250,/fhome/maed/HelicoDataSet/CrossValidation/Annotated/B22-250_0/01050.png,0,0.02634863182902336
B22-250,/fhome/maed/HelicoDataSet/CrossValidation/Annotated/B22-250_0/01613.png,0,0.04781019687652588
B22-250,/fhome/maed/HelicoDataSet/CrossValidation/Annotated/B22-250_0/01281.png,0,0.4458225667476654
B22-250,/fhome/maed/HelicoDataSet/CrossValidation/Annotated/B22-250_0/01406.png,0,0.04358053207397461
B22-250,/fhome/maed/HelicoDataSet/CrossValidation/Annotated/B22-250_0/02908.png,0,0.02693348005414009
B22-250,/fhome/maed/HelicoDataSet/CrossValidation/Annotated/B22-250_0/01238.png,0,0.2781439423561096
B22-250,/fhome/maed/HelicoDataSet/CrossValidation/Annotated/B22-250_0/01772.png,0,0.4342901110649109
B22-250,/fhome/maed/HelicoDataSet/CrossValidation/Annotated/B22-250_0/02303.png,0,0.08714623004198074
B22-250,/fhome/maed/HelicoDataSet/CrossValidation/Annotated/B22-250_0/01232.png,0,0.06713047623634338
B22-250,/fhome/maed/HelicoDataSet/CrossValidation/Annotated/B22-250_0/02850.png,0,0.01948435977101326
B22-250,/fhome/maed/HelicoDataSet/CrossValidation/Annotated/B22-250_0/01632.png,0,0.07956570386886597
B22-250,/fhome/maed/HelicoDataSet/CrossValidation/Annotated/B22-250_0/02928.png,0,0.03444444015622139
B22-250,/fhome/maed/HelicoDataSet/CrossValidation/Annotated/B22-250_0/01798.png,0,0.016105815768241882
B22-250,/fhome/maed/HelicoDataSet/CrossValidation/Annotated/B22-250_0/02874.png,0,0.049522701650857925
B22-250,/fhome/maed/HelicoDataSet/CrossValidation/Annotated/B22-250_0/02914.png,0,0.023320402950048447
B22-250,/fhome/maed/HelicoDataSet/CrossValidation/Annotated/B22-250_0/01112.png,0,0.14597858488559723
B22-250,/fhome/maed/HelicoDataSet/CrossValidation/Annotated/B22-250_0/01454.png,0,0.21917417645454407
B22-250,/fhome/maed/HelicoDataSet/CrossValidation/Annotated/B22-250_0/02842.png,0,0.03010592609643936
B22-250,/fhome/maed/HelicoDataSet/CrossValidation/Annotated/B22-250_0/02257.png,0,0.053236160427331924
B22-250,/fhome/maed/HelicoDataSet/CrossValidation/Annotated/B22-250_0/01773.png,0,0.3220653235912323
B22-250,/fhome/maed/HelicoDataSet/CrossValidation/Annotated/B22-250_0/02839.png,0,0.0533093586564064
B22-250,/fhome/maed/HelicoDataSet/CrossValidation/Annotated/B22-250_0/02883.png,0,0.035082656890153885
B22-250,/fhome/maed/HelicoDataSet/CrossValidation/Annotated/B22-250_0/01723.png,0,0.09943465888500214
B22-250,/fhome/maed/HelicoDataSet/CrossValidation/Annotated/B22-250_0/01611.png,0,0.011044038459658623
B22-250,/fhome/maed/HelicoDataSet/CrossValidation/Annotated/B22-250_0/01057.png,0,0.032418012619018555
B22-250,/fhome/maed/HelicoDataSet/CrossValidation/Annotated/B22-250_0/01425.png,0,0.02616811916232109
B22-250,/fhome/maed/HelicoDataSet/CrossValidation/Annotated/B22-250_0/01779.png,0,0.25707897543907166
B22-250,/fhome/maed/HelicoDataSet/CrossValidation/Annotated/B22-250_0/01748.png,0,0.09523668140172958
B22-250,/fhome/maed/HelicoDataSet/CrossValidation/Annotated/B22-250_0/01721.png,0,0.04224149510264397
B22-250,/fhome/maed/HelicoDataSet/CrossValidation/Annotated/B22-250_0/02906.png,0,0.02149033360183239
B22-250,/fhome/maed/HelicoDataSet/CrossValidation/Annotated/B22-250_0/01635.png,0,0.020975656807422638
B22-250,/fhome/maed/HelicoDataSet/CrossValidation/Annotated/B22-250_0/01449.png,0,0.02769472822546959
B22-250,/fhome/maed/HelicoDataSet/CrossValidation/Annotated/B22-250_0/01116.png,0,0.05635616555809975
B22-250,/fhome/maed/HelicoDataSet/CrossValidation/Annotated/B22-250_0/02958.png,0,0.03483021631836891
B22-250,/fhome/maed/HelicoDataSet/CrossValidation/Annotated/B22-250_0/01283.png,0,0.11596578359603882
B22-250,/fhome/maed/HelicoDataSet/CrossValidation/Annotated/B22-250_0/02950.png,0,0.031798720359802246
B22-250,/fhome/maed/HelicoDataSet/CrossValidation/Annotated/B22-250_0/01807.png,0,0.031171582639217377
B22-250,/fhome/maed/HelicoDataSet/CrossValidation/Annotated/B22-250_0/02295.png,0,0.033835675567388535
B22-250,/fhome/maed/HelicoDataSet/CrossValidation/Annotated/B22-250_0/02278.png,0,0.033834461122751236
B22-250,/fhome/maed/HelicoDataSet/CrossValidation/Annotated/B22-250_0/01709.png,0,0.10412787646055222
B22-250,/fhome/maed/HelicoDataSet/CrossValidation/Annotated/B22-250_0/02923.png,0,0.021718023344874382
B22-250,/fhome/maed/HelicoDataSet/CrossValidation/Annotated/B22-250_0/02953.png,0,0.03954707831144333
B22-250,/fhome/maed/HelicoDataSet/CrossValidation/Annotated/B22-250_0/01712.png,0,0.027811547741293907
B22-250,/fhome/maed/HelicoDataSet/CrossValidation/Annotated/B22-250_0/01278.png,0,0.29469722509384155
B22-250,/fhome/maed/HelicoDataSet/CrossValidation/Annotated/B22-250_0/01277.png,0,0.43653252720832825
B22-250,/fhome/maed/HelicoDataSet/CrossValidation/Annotated/B22-250_0/01749.png,0,0.1099986732006073
B22-250,/fhome/maed/HelicoDataSet/CrossValidation/Annotated/B22-250_0/01722.png,0,0.24111120402812958
B22-250,/fhome/maed/HelicoDataSet/CrossValidation/Annotated/B22-250_0/01614.png,0,0.012781658209860325
B22-250,/fhome/maed/HelicoDataSet/CrossValidation/Annotated/B22-250_0/01601.png,0,0.06271176785230637
B22-250,/fhome/maed/HelicoDataSet/CrossValidation/Annotated/B22-250_0/01602.png,0,0.0651974156498909
B22-250,/fhome/maed/HelicoDataSet/CrossValidation/Annotated/B22-250_0/02264.png,0,0.01563469134271145
B22-250,/fhome/maed/HelicoDataSet/CrossValidation/Annotated/B22-250_0/01755.png,0,0.09513150155544281
B22-250,/fhome/maed/HelicoDataSet/CrossValidation/Annotated/B22-250_0/01806.png,0,0.06762585043907166
B22-250,/fhome/maed/HelicoDataSet/CrossValidation/Annotated/B22-250_0/01802.png,0,0.18957073986530304
B22-250,/fhome/maed/HelicoDataSet/CrossValidation/Annotated/B22-250_0/01048.png,0,0.03303917497396469
B22-250,/fhome/maed/HelicoDataSet/CrossValidation/Annotated/B22-250_0/01603.png,0,0.052904825657606125
B22-250,/fhome/maed/HelicoDataSet/CrossValidation/Annotated/B22-250_0/02900.png,0,0.030381619930267334
B22-250,/fhome/maed/HelicoDataSet/CrossValidation/Annotated/B22-250_0/01751.png,0,0.07867033779621124
B22-250,/fhome/maed/HelicoDataSet/CrossValidation/Annotated/B22-250_0/01276.png,0,0.43464383482933044
B22-250,/fhome/maed/HelicoDataSet/CrossValidation/Annotated/B22-250_0/02891.png,0,0.20185481011867523
B22-250,/fhome/maed/HelicoDataSet/CrossValidation/Annotated/B22-250_0/01126.png,0,0.02879764325916767
B22-250,/fhome/maed/HelicoDataSet/CrossValidation/Annotated/B22-250_0/02887.png,0,0.018065843731164932
B22-250,/fhome/maed/HelicoDataSet/CrossValidation/Annotated/B22-250_0/02855.png,0,0.01982257142663002
B22-250,/fhome/maed/HelicoDataSet/CrossValidation/Annotated/B22-250_0/02282.png,0,0.010632099583745003
B22-250,/fhome/maed/HelicoDataSet/CrossValidation/Annotated/B22-250_0/02838.png,0,0.020469287410378456
B22-250,/fhome/maed/HelicoDataSet/CrossValidation/Annotated/B22-250_0/01280.png,0,0.43634846806526184
B22-250,/fhome/maed/HelicoDataSet/CrossValidation/Annotated/B22-250_0/02828.png,0,0.03320440277457237
B22-250,/fhome/maed/HelicoDataSet/CrossValidation/Annotated/B22-250_0/01026.png,0,0.021754732355475426
B22-250,/fhome/maed/HelicoDataSet/CrossValidation/Annotated/B22-250_0/01052.png,0,0.06826160103082657
B22-250,/fhome/maed/HelicoDataSet/CrossValidation/Annotated/B22-250_0/02277.png,0,0.0166433434933424
B22-250,/fhome/maed/HelicoDataSet/CrossValidation/Annotated/B22-250_0/02836.png,0,0.06733503192663193
B22-250,/fhome/maed/HelicoDataSet/CrossValidation/Annotated/B22-250_0/01447.png,0,0.20936855673789978
B22-250,/fhome/maed/HelicoDataSet/CrossValidation/Annotated/B22-250_0/01808.png,0,0.052122268825769424
B22-250,/fhome/maed/HelicoDataSet/CrossValidation/Annotated/B22-250_0/01114.png,0,0.18304559588432312
B22-250,/fhome/maed/HelicoDataSet/CrossValidation/Annotated/B22-250_0/01629.png,0,0.05107104405760765
B22-250,/fhome/maed/HelicoDataSet/CrossValidation/Annotated/B22-250_0/01451.png,0,0.06899888068437576
B22-250,/fhome/maed/HelicoDataSet/CrossValidation/Annotated/B22-250_0/02286.png,0,0.008638749830424786
B22-250,/fhome/maed/HelicoDataSet/CrossValidation/Annotated/B22-250_0/02912.png,0,0.17303861677646637
B22-250,/fhome/maed/HelicoDataSet/CrossValidation/Annotated/B22-250_0/01777.png,0,0.22991439700126648
B22-250,/fhome/maed/HelicoDataSet/CrossValidation/Annotated/B22-250_0/01027.png,0,0.06351258605718613
B22-250,/fhome/maed/HelicoDataSet/CrossValidation/Annotated/B22-250_0/01120.png,0,0.2218712419271469
B22-250,/fhome/maed/HelicoDataSet/CrossValidation/Annotated/B22-250_0/02774.png,0,0.06983694434165955
B22-250,/fhome/maed/HelicoDataSet/CrossValidation/Annotated/B22-250_0/02965.png,0,0.03457047417759895
B22-250,/fhome/maed/HelicoDataSet/CrossValidation/Annotated/B22-250_0/01282.png,0,0.4390687644481659
B22-250,/fhome/maed/HelicoDataSet/CrossValidation/Annotated/B22-250_0/01446.png,0,0.2089795172214508
B22-250,/fhome/maed/HelicoDataSet/CrossValidation/Annotated/B22-250_0/01810.png,0,0.09184367209672928
B22-250,/fhome/maed/HelicoDataSet/CrossValidation/Annotated/B22-250_0/02841.png,0,0.1500978171825409
B22-250,/fhome/maed/HelicoDataSet/CrossValidation/Annotated/B22-250_0/01405.png,0,0.06708028167486191
B22-250,/fhome/maed/HelicoDataSet/CrossValidation/Annotated/B22-250_0/02956.png,0,0.015026192180812359
B22-250,/fhome/maed/HelicoDataSet/CrossValidation/Annotated/B22-250_0/02884.png,0,0.13423219323158264
B22-250,/fhome/maed/HelicoDataSet/CrossValidation/Annotated/B22-250_0/02897.png,0,0.012379634194076061
B22-250,/fhome/maed/HelicoDataSet/CrossValidation/Annotated/B22-250_0/01054.png,0,0.03156192973256111
B22-250,/fhome/maed/HelicoDataSet/CrossValidation/Annotated/B22-250_0/02305.png,0,0.012420681305229664
B22-250,/fhome/maed/HelicoDataSet/CrossValidation/Annotated/B22-250_0/02902.png,0,0.1041974425315857
B22-250,/fhome/maed/HelicoDataSet/CrossValidation/Annotated/B22-250_0/01113.png,0,0.43614235520362854
B22-250,/fhome/maed/HelicoDataSet/CrossValidation/Annotated/B22-250_0/02306.png,0,0.020382799208164215
B22-250,/fhome/maed/HelicoDataSet/CrossValidation/Annotated/B22-250_0/01117.png,0,0.16852544248104095
B22-250,/fhome/maed/HelicoDataSet/CrossValidation/Annotated/B22-250_0/02307.png,0,0.008467046543955803
B22-250,/fhome/maed/HelicoDataSet/CrossValidation/Annotated/B22-250_0/02885.png,0,0.1551307886838913
B22-250,/fhome/maed/HelicoDataSet/CrossValidation/Annotated/B22-250_0/01400.png,0,0.14550937712192535
B22-250,/fhome/maed/HelicoDataSet/CrossValidation/Annotated/B22-250_0/01288.png,0,0.03596208989620209
B22-250,/fhome/maed/HelicoDataSet/CrossValidation/Annotated/B22-250_0/02296.png,0,0.04023175686597824
B22-250,/fhome/maed/HelicoDataSet/CrossValidation/Annotated/B22-250_0/02829.png,0,0.06778154522180557
B22-250,/fhome/maed/HelicoDataSet/CrossValidation/Annotated/B22-250_0/01402.png,0,0.025388522073626518
B22-250,/fhome/maed/HelicoDataSet/CrossValidation/Annotated/B22-250_0/01714.png,0,0.02561175264418125
B22-250,/fhome/maed/HelicoDataSet/CrossValidation/Annotated/B22-250_0/01801.png,0,0.03687095642089844
B22-250,/fhome/maed/HelicoDataSet/CrossValidation/Annotated/B22-250_0/02880.png,0,0.009867263026535511
B22-250,/fhome/maed/HelicoDataSet/CrossValidation/Annotated/B22-250_0/02875.png,0,0.049938980489969254
B22-250,/fhome/maed/HelicoDataSet/CrossValidation/Annotated/B22-250_0/02899.png,0,0.036757856607437134
B22-250,/fhome/maed/HelicoDataSet/CrossValidation/Annotated/B22-250_0/02309.png,0,0.13724742829799652
B22-250,/fhome/maed/HelicoDataSet/CrossValidation/Annotated/B22-250_0/02896.png,0,0.43315640091896057
B22-250,/fhome/maed/HelicoDataSet/CrossValidation/Annotated/B22-250_0/02304.png,0,0.01721361093223095
B22-250,/fhome/maed/HelicoDataSet/CrossValidation/Annotated/B22-250_0/01407.png,0,0.07141046971082687
B22-250,/fhome/maed/HelicoDataSet/CrossValidation/Annotated/B22-250_0/02907.png,0,0.024154191836714745
B22-250,/fhome/maed/HelicoDataSet/CrossValidation/Annotated/B22-250_0/02281.png,0,0.0617683008313179
B22-250,/fhome/maed/HelicoDataSet/CrossValidation/Annotated/B22-250_0/02955.png,0,0.04372529312968254
B22-250,/fhome/maed/HelicoDataSet/CrossValidation/Annotated/B22-250_0/02960.png,0,0.4028724730014801
B22-250,/fhome/maed/HelicoDataSet/CrossValidation/Annotated/B22-250_0/02910.png,0,0.03308069705963135
B22-250,/fhome/maed/HelicoDataSet/CrossValidation/Annotated/B22-250_0/01747.png,0,0.0817972868680954
B22-250,/fhome/maed/HelicoDataSet/CrossValidation/Annotated/B22-250_0/02922.png,0,0.23679287731647491
B22-250,/fhome/maed/HelicoDataSet/CrossValidation/Annotated/B22-250_0/01711.png,0,0.2324592024087906
B22-250,/fhome/maed/HelicoDataSet/CrossValidation/Annotated/B22-250_0/02292.png,0,0.026869285851716995
B22-250,/fhome/maed/HelicoDataSet/CrossValidation/Annotated/B22-250_0/02873.png,0,0.04762952774763107
B22-250,/fhome/maed/HelicoDataSet/CrossValidation/Annotated/B22-250_0/02889.png,0,0.04469317942857742
B22-250,/fhome/maed/HelicoDataSet/CrossValidation/Annotated/B22-250_0/02294.png,0,0.01151895523071289
B22-250,/fhome/maed/HelicoDataSet/CrossValidation/Annotated/B22-250_0/02831.png,0,0.17910531163215637
B22-250,/fhome/maed/HelicoDataSet/CrossValidation/Annotated/B22-250_0/01797.png,0,0.01770789362490177
B22-250,/fhome/maed/HelicoDataSet/CrossValidation/Annotated/B22-250_0/02308.png,0,0.02457978017628193
B22-250,/fhome/maed/HelicoDataSet/CrossValidation/Annotated/B22-250_0/02888.png,0,0.019348666071891785
B22-250,/fhome/maed/HelicoDataSet/CrossValidation/Annotated/B22-250_0/02856.png,0,0.01518509816378355
B22-250,/fhome/maed/HelicoDataSet/CrossValidation/Annotated/B22-250_0/01452.png,0,0.026331981644034386
B22-250,/fhome/maed/HelicoDataSet/CrossValidation/Annotated/B22-250_0/02291.png,0,0.021584035828709602
B22-250,/fhome/maed/HelicoDataSet/CrossValidation/Annotated/B22-250_0/02298.png,0,0.03305772319436073
B22-250,/fhome/maed/HelicoDataSet/CrossValidation/Annotated/B22-250_0/01608.png,0,0.017155757173895836
B22-250,/fhome/maed/HelicoDataSet/CrossValidation/Annotated/B22-250_0/02944.png,0,0.3630285859107971
B22-250,/fhome/maed/HelicoDataSet/CrossValidation/Annotated/B22-250_0/01279.png,0,0.029948757961392403
B22-250,/fhome/maed/HelicoDataSet/CrossValidation/Annotated/B22-250_0/01123.png,0,0.05322560667991638
B22-250,/fhome/maed/HelicoDataSet/CrossValidation/Annotated/B22-250_0/02957.png,0,0.03666028752923012
B22-250,/fhome/maed/HelicoDataSet/CrossValidation/Annotated/B22-250_0/02909.png,0,0.022501913830637932
B22-250,/fhome/maed/HelicoDataSet/CrossValidation/Annotated/B22-250_0/01605.png,0,0.040700118988752365
B22-250,/fhome/maed/HelicoDataSet/CrossValidation/Annotated/B22-250_0/01757.png,0,0.030002571642398834
B22-250,/fhome/maed/HelicoDataSet/CrossValidation/Annotated/B22-250_0/02847.png,0,0.018857592716813087
B22-250,/fhome/maed/HelicoDataSet/CrossValidation/Annotated/B22-250_0/01724.png,0,0.02474600076675415
B22-250,/fhome/maed/HelicoDataSet/CrossValidation/Annotated/B22-250_0/01429.png,0,0.26542678475379944
B22-250,/fhome/maed/HelicoDataSet/CrossValidation/Annotated/B22-250_0/02255.png,0,0.024833662435412407
B22-250,/fhome/maed/HelicoDataSet/CrossValidation/Annotated/B22-250_0/02869.png,0,0.32980379462242126
B22-250,/fhome/maed/HelicoDataSet/CrossValidation/Annotated/B22-250_0/01640.png,0,0.08845770359039307
B22-250,/fhome/maed/HelicoDataSet/CrossValidation/Annotated/B22-250_0/01047.png,0,0.0300687775015831
B22-250,/fhome/maed/HelicoDataSet/CrossValidation/Annotated/B22-250_0/02846.png,0,0.03208170831203461
B22-250,/fhome/maed/HelicoDataSet/CrossValidation/Annotated/B22-250_0/02917.png,0,0.026736076921224594
B22-250,/fhome/maed/HelicoDataSet/CrossValidation/Annotated/B22-250_0/02925.png,0,0.015361571684479713
B22-250,/fhome/maed/HelicoDataSet/CrossValidation/Annotated/B22-250_0/02852.png,0,0.023978620767593384
B22-250,/fhome/maed/HelicoDataSet/CrossValidation/Annotated/B22-250_0/02954.png,0,0.05356941744685173
B22-250,/fhome/maed/HelicoDataSet/CrossValidation/Annotated/B22-250_0/01756.png,0,0.04944431409239769
B22-250,/fhome/maed/HelicoDataSet/CrossValidation/Annotated/B22-250_0/01450.png,0,0.0490105077624321
B22-250,/fhome/maed/HelicoDataSet/CrossValidation/Annotated/B22-250_0/01745.png,0,0.17911368608474731
B22-250,/fhome/maed/HelicoDataSet/CrossValidation/Annotated/B22-250_0/01600.png,0,0.22787345945835114
B22-250,/fhome/maed/HelicoDataSet/CrossValidation/Annotated/B22-250_0/02299.png,0,0.05971570312976837
B22-250,/fhome/maed/HelicoDataSet/CrossValidation/Annotated/B22-250_0/02894.png,0,0.4096052944660187
B22-250,/fhome/maed/HelicoDataSet/CrossValidation/Annotated/B22-250_0/01235.png,0,0.02728208154439926
B22-250,/fhome/maed/HelicoDataSet/CrossValidation/Annotated/B22-250_0/02901.png,0,0.01637290045619011
B22-250,/fhome/maed/HelicoDataSet/CrossValidation/Annotated/B22-250_0/01805.png,0,0.17850372195243835
B22-250,/fhome/maed/HelicoDataSet/CrossValidation/Annotated/B22-250_0/02876.png,0,0.01117213349789381
B22-250,/fhome/maed/HelicoDataSet/CrossValidation/Annotated/B22-250_0/01122.png,0,0.20499485731124878
B22-250,/fhome/maed/HelicoDataSet/CrossValidation/Annotated/B22-250_0/02289.png,0,0.009749431163072586
B22-250,/fhome/maed/HelicoDataSet/CrossValidation/Annotated/B22-250_0/01766.png,0,0.0363818034529686
B22-250,/fhome/maed/HelicoDataSet/CrossValidation/Annotated/B22-250_0/01634.png,0,0.04821580648422241
B22-250,/fhome/maed/HelicoDataSet/CrossValidation/Annotated/B22-250_0/02920.png,0,0.21869519352912903
B22-250,/fhome/maed/HelicoDataSet/CrossValidation/Annotated/B22-250_0/01055.png,0,0.024176588281989098
B22-250,/fhome/maed/HelicoDataSet/CrossValidation/Annotated/B22-250_0/01241.png,0,0.20799298584461212
B22-250,/fhome/maed/HelicoDataSet/CrossValidation/Annotated/B22-250_0/02262.png,0,0.23196211457252502
B22-250,/fhome/maed/HelicoDataSet/CrossValidation/Annotated/B22-250_0/01627.png,0,0.05017290264368057
B22-250,/fhome/maed/HelicoDataSet/CrossValidation/Annotated/B22-250_0/01240.png,0,0.41454920172691345
B22-250,/fhome/maed/HelicoDataSet/CrossValidation/Annotated/B22-250_0/01716.png,0,0.0924602523446083
B22-250,/fhome/maed/HelicoDataSet/CrossValidation/Annotated/B22-250_0/02918.png,0,0.024589236825704575
B22-250,/fhome/maed/HelicoDataSet/CrossValidation/Annotated/B22-250_0/02843.png,0,0.020529931411147118
B22-250,/fhome/maed/HelicoDataSet/CrossValidation/Annotated/B22-250_0/01119.png,0,0.1649242788553238
B22-250,/fhome/maed/HelicoDataSet/CrossValidation/Annotated/B22-250_0/01426.png,0,0.03173364698886871
B22-250,/fhome/maed/HelicoDataSet/CrossValidation/Annotated/B22-250_0/02927.png,0,0.018630577251315117
B22-250,/fhome/maed/HelicoDataSet/CrossValidation/Annotated/B22-250_0/02845.png,0,0.1593378335237503
B22-250,/fhome/maed/HelicoDataSet/CrossValidation/Annotated/B22-250_0/01713.png,0,0.013322879560291767
B22-250,/fhome/maed/HelicoDataSet/CrossValidation/Annotated/B22-250_0/01275.png,0,0.008133985102176666
B22-250,/fhome/maed/HelicoDataSet/CrossValidation/Annotated/B22-250_0/01115.png,0,0.02567698247730732
B22-250,/fhome/maed/HelicoDataSet/CrossValidation/Annotated/B22-250_0/01637.png,0,0.05532623082399368
B22-250,/fhome/maed/HelicoDataSet/CrossValidation/Annotated/B22-250_0/01615.png,0,0.01241528894752264
B22-250,/fhome/maed/HelicoDataSet/CrossValidation/Annotated/B22-250_0/02945.png,0,0.17538103461265564
B22-250,/fhome/maed/HelicoDataSet/CrossValidation/Annotated/B22-250_0/01124.png,0,0.1696022003889084
B22-250,/fhome/maed/HelicoDataSet/CrossValidation/Annotated/B22-250_0/02961.png,0,0.04048989340662956
B22-250,/fhome/maed/HelicoDataSet/CrossValidation/Annotated/B22-250_0/02261.png,0,0.04540691897273064
B22-250,/fhome/maed/HelicoDataSet/CrossValidation/Annotated/B22-250_0/01233.png,0,0.2408830225467682
B22-250,/fhome/maed/HelicoDataSet/CrossValidation/Annotated/B22-250_0/01630.png,0,0.056545380502939224
B22-250,/fhome/maed/HelicoDataSet/CrossValidation/Annotated/B22-250_0/02837.png,0,0.02436312846839428
B22-250,/fhome/maed/HelicoDataSet/CrossValidation/Annotated/B22-250_0/02895.png,0,0.322401225566864
B22-250,/fhome/maed/HelicoDataSet/CrossValidation/Annotated/B22-250_0/02921.png,0,0.044487982988357544
B22-250,/fhome/maed/HelicoDataSet/CrossValidation/Annotated/B22-250_0/02871.png,0,0.03702997788786888
B22-250,/fhome/maed/HelicoDataSet/CrossValidation/Annotated/B22-250_0/01770.png,0,0.06470557302236557
B22-250,/fhome/maed/HelicoDataSet/CrossValidation/Annotated/B22-250_0/01056.png,0,0.0374940000474453
B22-250,/fhome/maed/HelicoDataSet/CrossValidation/Annotated/B22-250_0/01455.png,0,0.04695247858762741
B22-250,/fhome/maed/HelicoDataSet/CrossValidation/Annotated/B22-250_0/02872.png,0,0.04480699449777603
B22-250,/fhome/maed/HelicoDataSet/CrossValidation/Annotated/B22-250_0/02890.png,0,0.018149379640817642
B22-250,/fhome/maed/HelicoDataSet/CrossValidation/Annotated/B22-250_0/02905.png,0,0.022005800157785416
B22-250,/fhome/maed/HelicoDataSet/CrossValidation/Annotated/B22-250_0/01040.png,0,0.024309663102030754
B22-250,/fhome/maed/HelicoDataSet/CrossValidation/Annotated/B22-250_0/02258.png,0,0.03465103358030319
B22-250,/fhome/maed/HelicoDataSet/CrossValidation/Annotated/B22-250_0/02290.png,0,0.010382883250713348
B22-250,/fhome/maed/HelicoDataSet/CrossValidation/Annotated/B22-250_0/01715.png,0,0.24900925159454346
B22-250,/fhome/maed/HelicoDataSet/CrossValidation/Annotated/B22-250_0/02877.png,0,0.23792597651481628
B22-250,/fhome/maed/HelicoDataSet/CrossValidation/Annotated/B22-250_0/01604.png,0,0.05516890808939934
B22-250,/fhome/maed/HelicoDataSet/CrossValidation/Annotated/B22-250_0/02297.png,0,0.016889581456780434
B22-250,/fhome/maed/HelicoDataSet/CrossValidation/Annotated/B22-250_0/01809.png,0,0.07494997978210449
B22-250,/fhome/maed/HelicoDataSet/CrossValidation/Annotated/B22-250_0/01775.png,0,0.23262956738471985
B22-250,/fhome/maed/HelicoDataSet/CrossValidation/Annotated/B22-250_0/01718.png,0,0.020353050902485847
B22-250,/fhome/maed/HelicoDataSet/CrossValidation/Annotated/B22-250_0/02259.png,0,0.020625658333301544
B22-250,/fhome/maed/HelicoDataSet/CrossValidation/Annotated/B22-250_0/02924.png,0,0.021525979042053223
B22-250,/fhome/maed/HelicoDataSet/CrossValidation/Annotated/B22-250_0/01424.png,0,0.05972874164581299
B22-250,/fhome/maed/HelicoDataSet/CrossValidation/Annotated/B22-250_0/01776.png,0,0.19054566323757172
B22-250,/fhome/maed/HelicoDataSet/CrossValidation/Annotated/B22-250_0/02283.png,0,0.03476382791996002
B22-250,/fhome/maed/HelicoDataSet/CrossValidation/Annotated/B22-250_0/02881.png,0,0.05390211194753647
B22-250,/fhome/maed/HelicoDataSet/CrossValidation/Annotated/B22-250_0/01639.png,0,0.3735710382461548
B22-250,/fhome/maed/HelicoDataSet/CrossValidation/Annotated/B22-250_0/02966.png,0,0.012606402859091759
B22-250,/fhome/maed/HelicoDataSet/CrossValidation/Annotated/B22-250_0/02949.png,0,0.025805827230215073
B22-250,/fhome/maed/HelicoDataSet/CrossValidation/Annotated/B22-250_0/01039.png,0,0.023272547870874405
B22-250,/fhome/maed/HelicoDataSet/CrossValidation/Annotated/B22-250_0/01285.png,0,0.030691249296069145
B22-250,/fhome/maed/HelicoDataSet/CrossValidation/Annotated/B22-250_0/02870.png,0,0.04788625240325928
B22-250,/fhome/maed/HelicoDataSet/CrossValidation/Annotated/B22-250_0/01286.png,0,0.036903493106365204
B22-250,/fhome/maed/HelicoDataSet/CrossValidation/Annotated/B22-250_0/01720.png,0,0.045861758291721344
B22-250,/fhome/maed/HelicoDataSet/CrossValidation/Annotated/B22-250_0/01762.png,0,0.10566745698451996
B22-250,/fhome/maed/HelicoDataSet/CrossValidation/Annotated/B22-250_0/02943.png,0,0.035177651792764664
B22-250,/fhome/maed/HelicoDataSet/CrossValidation/Annotated/B22-250_0/02263.png,0,0.4473077654838562
B22-250,/fhome/maed/HelicoDataSet/CrossValidation/Annotated/B22-250_0/01453.png,0,0.030839528888463974
B22-250,/fhome/maed/HelicoDataSet/CrossValidation/Annotated/B22-250_0/02913.png,0,0.2042880356311798
B22-250,/fhome/maed/HelicoDataSet/CrossValidation/Annotated/B22-250_0/01284.png,0,0.034358371049165726
B22-250,/fhome/maed/HelicoDataSet/CrossValidation/Annotated/B22-250_0/01448.png,0,0.39174389839172363
B22-250,/fhome/maed/HelicoDataSet/CrossValidation/Annotated/B22-250_0/02898.png,0,0.019676627591252327
B22-250,/fhome/maed/HelicoDataSet/CrossValidation/Annotated/B22-250_0/01612.png,0,0.017361946403980255
B22-250,/fhome/maed/HelicoDataSet/CrossValidation/Annotated/B22-250_0/01631.png,0,0.03148676082491875
B22-250,/fhome/maed/HelicoDataSet/CrossValidation/Annotated/B22-250_0/01399.png,0,0.0659407451748848
B22-250,/fhome/maed/HelicoDataSet/CrossValidation/Annotated/B22-250_0/02946.png,0,0.20051613450050354
B22-250,/fhome/maed/HelicoDataSet/CrossValidation/Annotated/B22-250_0/01239.png,0,0.007197428494691849
B22-250,/fhome/maed/HelicoDataSet/CrossValidation/Annotated/B22-250_0/01754.png,0,0.015971548855304718
B22-250,/fhome/maed/HelicoDataSet/CrossValidation/Annotated/B22-250_0/01111.png,0,0.015696745365858078
B22-250,/fhome/maed/HelicoDataSet/CrossValidation/Annotated/B22-250_0/01761.png,0,0.10236215591430664
B22-250,/fhome/maed/HelicoDataSet/CrossValidation/Annotated/B22-250_0/01744.png,0,0.09712553024291992
B22-250,/fhome/maed/HelicoDataSet/CrossValidation/Annotated/B22-250_0/01750.png,0,0.28456249833106995
B22-250,/fhome/maed/HelicoDataSet/CrossValidation/Annotated/B22-250_0/01237.png,0,0.4281824827194214
B22-250,/fhome/maed/HelicoDataSet/CrossValidation/Annotated/B22-250_0/01127.png,0,0.18489763140678406
B22-250,/fhome/maed/HelicoDataSet/CrossValidation/Annotated/B22-250_0/01051.png,0,0.05146647244691849
B22-250,/fhome/maed/HelicoDataSet/CrossValidation/Annotated/B22-250_0/01768.png,0,0.23011067509651184
B22-250,/fhome/maed/HelicoDataSet/CrossValidation/Annotated/B22-250_0/02879.png,0,0.07488555461168289
B22-250,/fhome/maed/HelicoDataSet/CrossValidation/Annotated/B22-250_0/01626.png,0,0.05798467993736267
B22-250,/fhome/maed/HelicoDataSet/CrossValidation/Annotated/B22-250_0/01774.png,0,0.1092253178358078
B22-250,/fhome/maed/HelicoDataSet/CrossValidation/Annotated/B22-250_0/02959.png,0,0.011313372291624546
B22-250,/fhome/maed/HelicoDataSet/CrossValidation/Annotated/B22-250_0/01769.png,0,0.0782027617096901
B22-250,/fhome/maed/HelicoDataSet/CrossValidation/Annotated/B22-250_0/02878.png,0,0.13801531493663788
B22-250,/fhome/maed/HelicoDataSet/CrossValidation/Annotated/B22-250_0/01234.png,0,0.03900742530822754
B22-250,/fhome/maed/HelicoDataSet/CrossValidation/Annotated/B22-250_0/02840.png,0,0.05951400473713875
B22-250,/fhome/maed/HelicoDataSet/CrossValidation/Annotated/B22-250_0/02256.png,0,0.02231529913842678
B22-250,/fhome/maed/HelicoDataSet/CrossValidation/Annotated/B22-250_0/01212.png,0,0.020885596051812172
B22-250,/fhome/maed/HelicoDataSet/CrossValidation/Annotated/B22-250_0/01719.png,0,0.028833970427513123
B22-250,/fhome/maed/HelicoDataSet/CrossValidation/Annotated/B22-250_0/01804.png,0,0.37615492939949036
B22-250,/fhome/maed/HelicoDataSet/CrossValidation/Annotated/B22-250_0/01759.png,0,0.07086536288261414
B22-250,/fhome/maed/HelicoDataSet/CrossValidation/Annotated/B22-250_0/02758.png,0,0.027129041031003
B22-250,/fhome/maed/HelicoDataSet/CrossValidation/Annotated/B22-250_0/01641.png,0,0.031462859362363815
B22-250,/fhome/maed/HelicoDataSet/CrossValidation/Annotated/B22-250_0/02919.png,0,0.04698535427451134
B22-250,/fhome/maed/HelicoDataSet/CrossValidation/Annotated/B22-250_0/01053.png,0,0.019518520683050156
B22-250,/fhome/maed/HelicoDataSet/CrossValidation/Annotated/B22-250_0/02284.png,0,0.022417280822992325
B22-250,/fhome/maed/HelicoDataSet/CrossValidation/Annotated/B22-250_0/01636.png,0,0.04089156538248062
B22-250,/fhome/maed/HelicoDataSet/CrossValidation/Annotated/B22-250_0/02293.png,0,0.010625127702951431
B22-250,/fhome/maed/HelicoDataSet/CrossValidation/Annotated/B22-250_0/02951.png,0,0.037498991936445236
B22-250,/fhome/maed/HelicoDataSet/CrossValidation/Annotated/B22-250_0/01038.png,0,0.028659943491220474
B22-250,/fhome/maed/HelicoDataSet/CrossValidation/Annotated/B22-250_0/01118.png,0,0.03679464012384415
B22-250,/fhome/maed/HelicoDataSet/CrossValidation/Annotated/B22-250_0/01778.png,0,0.38665711879730225
B22-250,/fhome/maed/HelicoDataSet/CrossValidation/Annotated/B22-250_0/01606.png,0,0.010412908159196377
B22-250,/fhome/maed/HelicoDataSet/CrossValidation/Annotated/B22-250_0/01428.png,0,0.020375220105051994
B22-250,/fhome/maed/HelicoDataSet/CrossValidation/Annotated/B22-250_0/01628.png,0,0.05392222851514816
B22-250,/fhome/maed/HelicoDataSet/CrossValidation/Annotated/B22-250_0/02285.png,0,0.05660761520266533
B22-250,/fhome/maed/HelicoDataSet/CrossValidation/Annotated/B22-250_0/02265.png,0,0.03403264656662941
B22-250,/fhome/maed/HelicoDataSet/CrossValidation/Annotated/B22-250_0/02911.png,0,0.0256787221878767
B22-250,/fhome/maed/HelicoDataSet/CrossValidation/Annotated/B22-250_0/01398.png,0,0.0195649191737175
B22-250,/fhome/maed/HelicoDataSet/CrossValidation/Annotated/B22-250_0/01742.png,0,0.024250082671642303
B22-250,/fhome/maed/HelicoDataSet/CrossValidation/Annotated/B22-250_0/02948.png,0,0.024158714339137077
B22-250,/fhome/maed/HelicoDataSet/CrossValidation/Annotated/B22-250_0/01765.png,0,0.0701427236199379
B22-250,/fhome/maed/HelicoDataSet/CrossValidation/Annotated/B22-250_0/01121.png,0,0.16875267028808594
B22-250,/fhome/maed/HelicoDataSet/CrossValidation/Annotated/B22-250_0/01752.png,0,0.05111204832792282
