CODI,PATH,PRESENCE,ERROR
B22-270,/fhome/maed/HelicoDataSet/CrossValidation/Annotated/B22-270_0/01134.png,0,0.011306324042379856
B22-270,/fhome/maed/HelicoDataSet/CrossValidation/Annotated/B22-270_0/01133.png,0,0.12681207060813904
B22-47,/fhome/maed/HelicoDataSet/CrossValidation/Annotated/B22-47_0/01236.png,0,0.1132785901427269
B22-47,/fhome/maed/HelicoDataSet/CrossValidation/Annotated/B22-47_0/00285.png,0,0.10330834239721298
B22-47,/fhome/maed/HelicoDataSet/CrossValidation/Annotated/B22-47_0/01549.png,0,0.1647314578294754
B22-47,/fhome/maed/HelicoDataSet/CrossValidation/Annotated/B22-47_0/01092.png,0,0.16690483689308167
B22-47,/fhome/maed/HelicoDataSet/CrossValidation/Annotated/B22-47_0/01653_Aug8.png,1,0.17393998801708221
B22-47,/fhome/maed/HelicoDataSet/CrossValidation/Annotated/B22-47_0/01653_Aug6.png,1,0.17657333612442017
B22-47,/fhome/maed/HelicoDataSet/CrossValidation/Annotated/B22-47_0/01371.png,0,0.13249571621418
B22-47,/fhome/maed/HelicoDataSet/CrossValidation/Annotated/B22-47_0/01653.png,1,0.17465727031230927
B22-47,/fhome/maed/HelicoDataSet/CrossValidation/Annotated/B22-47_0/01539.png,0,0.1635366976261139
B22-47,/fhome/maed/HelicoDataSet/CrossValidation/Annotated/B22-47_0/00435.png,0,0.165184885263443
B22-47,/fhome/maed/HelicoDataSet/CrossValidation/Annotated/B22-47_0/01653_Aug3.png,1,0.17540499567985535
B22-47,/fhome/maed/HelicoDataSet/CrossValidation/Annotated/B22-47_0/01653_Aug5.png,1,0.17697198688983917
B22-47,/fhome/maed/HelicoDataSet/CrossValidation/Annotated/B22-47_0/01653_Aug4.png,1,0.17408199608325958
B22-47,/fhome/maed/HelicoDataSet/CrossValidation/Annotated/B22-47_0/01729.png,0,0.08387827128171921
B22-47,/fhome/maed/HelicoDataSet/CrossValidation/Annotated/B22-47_0/01653_Aug2.png,1,0.17683590948581696
B22-47,/fhome/maed/HelicoDataSet/CrossValidation/Annotated/B22-47_0/01239.png,0,0.1658928543329239
B22-47,/fhome/maed/HelicoDataSet/CrossValidation/Annotated/B22-47_0/00390.png,0,0.1569005697965622
B22-47,/fhome/maed/HelicoDataSet/CrossValidation/Annotated/B22-47_0/01650.png,0,0.10371869802474976
B22-47,/fhome/maed/HelicoDataSet/CrossValidation/Annotated/B22-47_0/01653_Aug1.png,1,0.17275471985340118
B22-47,/fhome/maed/HelicoDataSet/CrossValidation/Annotated/B22-47_0/01653_Aug7.png,1,0.17861062288284302
B22-84,/fhome/maed/HelicoDataSet/CrossValidation/Annotated/B22-84_0/00582_Aug7.png,1,0.17383797466754913
B22-84,/fhome/maed/HelicoDataSet/CrossValidation/Annotated/B22-84_0/01978_Aug8.png,1,0.16081206500530243
B22-84,/fhome/maed/HelicoDataSet/CrossValidation/Annotated/B22-84_0/00099.png,1,0.1631886065006256
B22-84,/fhome/maed/HelicoDataSet/CrossValidation/Annotated/B22-84_0/01978_Aug4.png,1,0.16317574679851532
B22-84,/fhome/maed/HelicoDataSet/CrossValidation/Annotated/B22-84_0/00627_Aug1.png,1,0.17427769303321838
B22-84,/fhome/maed/HelicoDataSet/CrossValidation/Annotated/B22-84_0/00627_Aug7.png,1,0.16620315611362457
B22-84,/fhome/maed/HelicoDataSet/CrossValidation/Annotated/B22-84_0/01522.png,0,0.09664502739906311
B22-84,/fhome/maed/HelicoDataSet/CrossValidation/Annotated/B22-84_0/00582_Aug4.png,1,0.16003145277500153
B22-84,/fhome/maed/HelicoDataSet/CrossValidation/Annotated/B22-84_0/00739_Aug6.png,1,0.17105533182621002
B22-84,/fhome/maed/HelicoDataSet/CrossValidation/Annotated/B22-84_0/03689.png,0,0.004331658594310284
B22-84,/fhome/maed/HelicoDataSet/CrossValidation/Annotated/B22-84_0/00099_Aug3.png,1,0.16318866610527039
B22-84,/fhome/maed/HelicoDataSet/CrossValidation/Annotated/B22-84_0/01982_Aug5.png,1,0.1661413609981537
B22-84,/fhome/maed/HelicoDataSet/CrossValidation/Annotated/B22-84_0/01006.png,0,0.012707379646599293
B22-84,/fhome/maed/HelicoDataSet/CrossValidation/Annotated/B22-84_0/01982.png,1,0.16506972908973694
B22-84,/fhome/maed/HelicoDataSet/CrossValidation/Annotated/B22-84_0/00739_Aug4.png,1,0.1712133139371872
B22-84,/fhome/maed/HelicoDataSet/CrossValidation/Annotated/B22-84_0/02891.png,0,0.16241617500782013
B22-84,/fhome/maed/HelicoDataSet/CrossValidation/Annotated/B22-84_0/01978_Aug5.png,1,0.16240918636322021
B22-84,/fhome/maed/HelicoDataSet/CrossValidation/Annotated/B22-84_0/00582_Aug2.png,1,0.17265821993350983
B22-84,/fhome/maed/HelicoDataSet/CrossValidation/Annotated/B22-84_0/01534.png,0,0.13705341517925262
B22-84,/fhome/maed/HelicoDataSet/CrossValidation/Annotated/B22-84_0/00739.png,1,0.16842865943908691
B22-84,/fhome/maed/HelicoDataSet/CrossValidation/Annotated/B22-84_0/00582.png,1,0.16734375059604645
B22-84,/fhome/maed/HelicoDataSet/CrossValidation/Annotated/B22-84_0/00099_Aug4.png,1,0.16474777460098267
B22-84,/fhome/maed/HelicoDataSet/CrossValidation/Annotated/B22-84_0/01978_Aug1.png,1,0.16576986014842987
B22-84,/fhome/maed/HelicoDataSet/CrossValidation/Annotated/B22-84_0/00739_Aug7.png,1,0.16885647177696228
B22-84,/fhome/maed/HelicoDataSet/CrossValidation/Annotated/B22-84_0/01982_Aug3.png,1,0.16699500381946564
B22-84,/fhome/maed/HelicoDataSet/CrossValidation/Annotated/B22-84_0/01978_Aug7.png,1,0.16241106390953064
B22-84,/fhome/maed/HelicoDataSet/CrossValidation/Annotated/B22-84_0/01982_Aug7.png,1,0.16613908112049103
B22-84,/fhome/maed/HelicoDataSet/CrossValidation/Annotated/B22-84_0/03675.png,0,0.005413881037384272
B22-84,/fhome/maed/HelicoDataSet/CrossValidation/Annotated/B22-84_0/01978_Aug3.png,1,0.16577664017677307
B22-84,/fhome/maed/HelicoDataSet/CrossValidation/Annotated/B22-84_0/00099_Aug1.png,1,0.16318818926811218
B22-84,/fhome/maed/HelicoDataSet/CrossValidation/Annotated/B22-84_0/01982_Aug8.png,1,0.1277737021446228
B22-84,/fhome/maed/HelicoDataSet/CrossValidation/Annotated/B22-84_0/00627.png,1,0.17282885313034058
B22-84,/fhome/maed/HelicoDataSet/CrossValidation/Annotated/B22-84_0/00627_Aug8.png,1,0.16917648911476135
B22-84,/fhome/maed/HelicoDataSet/CrossValidation/Annotated/B22-84_0/00739_Aug1.png,1,0.17183423042297363
B22-84,/fhome/maed/HelicoDataSet/CrossValidation/Annotated/B22-84_0/00099_Aug2.png,1,0.16695892810821533
B22-84,/fhome/maed/HelicoDataSet/CrossValidation/Annotated/B22-84_0/00627_Aug5.png,1,0.1662231981754303
B22-84,/fhome/maed/HelicoDataSet/CrossValidation/Annotated/B22-84_0/00627_Aug2.png,1,0.17371122539043427
B22-84,/fhome/maed/HelicoDataSet/CrossValidation/Annotated/B22-84_0/00582_Aug8.png,1,0.16383935511112213
B22-84,/fhome/maed/HelicoDataSet/CrossValidation/Annotated/B22-84_0/01214.png,0,0.041422728449106216
B22-84,/fhome/maed/HelicoDataSet/CrossValidation/Annotated/B22-84_0/01978_Aug6.png,1,0.16252289712429047
B22-84,/fhome/maed/HelicoDataSet/CrossValidation/Annotated/B22-84_0/00627_Aug6.png,1,0.17309318482875824
B22-84,/fhome/maed/HelicoDataSet/CrossValidation/Annotated/B22-84_0/00627_Aug3.png,1,0.17107319831848145
B22-84,/fhome/maed/HelicoDataSet/CrossValidation/Annotated/B22-84_0/00099_Aug5.png,1,0.16324195265769958
B22-84,/fhome/maed/HelicoDataSet/CrossValidation/Annotated/B22-84_0/00099_Aug6.png,1,0.16483275592327118
B22-84,/fhome/maed/HelicoDataSet/CrossValidation/Annotated/B22-84_0/00582_Aug1.png,1,0.16105087101459503
B22-84,/fhome/maed/HelicoDataSet/CrossValidation/Annotated/B22-84_0/02890.png,0,0.09310508519411087
B22-84,/fhome/maed/HelicoDataSet/CrossValidation/Annotated/B22-84_0/00739_Aug5.png,1,0.16921687126159668
B22-84,/fhome/maed/HelicoDataSet/CrossValidation/Annotated/B22-84_0/01982_Aug6.png,1,0.13118226826190948
B22-84,/fhome/maed/HelicoDataSet/CrossValidation/Annotated/B22-84_0/00739_Aug3.png,1,0.1714862436056137
B22-84,/fhome/maed/HelicoDataSet/CrossValidation/Annotated/B22-84_0/01982_Aug4.png,1,0.16132858395576477
B22-84,/fhome/maed/HelicoDataSet/CrossValidation/Annotated/B22-84_0/00582_Aug5.png,1,0.17618323862552643
B22-84,/fhome/maed/HelicoDataSet/CrossValidation/Annotated/B22-84_0/01016.png,0,0.014642300084233284
B22-84,/fhome/maed/HelicoDataSet/CrossValidation/Annotated/B22-84_0/01978_Aug2.png,1,0.16702690720558167
B22-84,/fhome/maed/HelicoDataSet/CrossValidation/Annotated/B22-84_0/00627_Aug4.png,1,0.17333866655826569
B22-84,/fhome/maed/HelicoDataSet/CrossValidation/Annotated/B22-84_0/00739_Aug8.png,1,0.16987600922584534
B22-84,/fhome/maed/HelicoDataSet/CrossValidation/Annotated/B22-84_0/00582_Aug6.png,1,0.1679823100566864
B22-84,/fhome/maed/HelicoDataSet/CrossValidation/Annotated/B22-84_0/01982_Aug1.png,1,0.16699351370334625
B22-84,/fhome/maed/HelicoDataSet/CrossValidation/Annotated/B22-84_0/00220.png,0,0.010657669976353645
B22-84,/fhome/maed/HelicoDataSet/CrossValidation/Annotated/B22-84_0/00739_Aug2.png,1,0.16922782361507416
B22-84,/fhome/maed/HelicoDataSet/CrossValidation/Annotated/B22-84_0/00959.png,0,0.07374916970729828
B22-84,/fhome/maed/HelicoDataSet/CrossValidation/Annotated/B22-84_0/00099_Aug8.png,1,0.15662069618701935
B22-84,/fhome/maed/HelicoDataSet/CrossValidation/Annotated/B22-84_0/01982_Aug2.png,1,0.1639305204153061
B22-84,/fhome/maed/HelicoDataSet/CrossValidation/Annotated/B22-84_0/01013.png,0,0.12882237136363983
B22-84,/fhome/maed/HelicoDataSet/CrossValidation/Annotated/B22-84_0/00582_Aug3.png,1,0.1675242781639099
B22-84,/fhome/maed/HelicoDataSet/CrossValidation/Annotated/B22-84_0/01978.png,1,0.16576626896858215
B22-84,/fhome/maed/HelicoDataSet/CrossValidation/Annotated/B22-84_0/00099_Aug7.png,1,0.16323821246623993
B22-45,/fhome/maed/HelicoDataSet/CrossValidation/Annotated/B22-45_0/01059_Aug3.png,1,0.17960090935230255
B22-45,/fhome/maed/HelicoDataSet/CrossValidation/Annotated/B22-45_0/01027_Aug5.png,1,0.16451089084148407
B22-45,/fhome/maed/HelicoDataSet/CrossValidation/Annotated/B22-45_0/01059_Aug8.png,1,0.16874542832374573
B22-45,/fhome/maed/HelicoDataSet/CrossValidation/Annotated/B22-45_0/01050.png,0,0.008656109683215618
B22-45,/fhome/maed/HelicoDataSet/CrossValidation/Annotated/B22-45_0/00741_Aug3.png,1,0.15758784115314484
B22-45,/fhome/maed/HelicoDataSet/CrossValidation/Annotated/B22-45_0/01027_Aug2.png,1,0.16345040500164032
B22-45,/fhome/maed/HelicoDataSet/CrossValidation/Annotated/B22-45_0/01027.png,1,0.1641065627336502
B22-45,/fhome/maed/HelicoDataSet/CrossValidation/Annotated/B22-45_0/00741_Aug5.png,1,0.16029472649097443
B22-45,/fhome/maed/HelicoDataSet/CrossValidation/Annotated/B22-45_0/01059_Aug7.png,1,0.17328689992427826
B22-45,/fhome/maed/HelicoDataSet/CrossValidation/Annotated/B22-45_0/01059_Aug4.png,1,0.1796026974916458
B22-45,/fhome/maed/HelicoDataSet/CrossValidation/Annotated/B22-45_0/01059_Aug1.png,1,0.17158983647823334
B22-45,/fhome/maed/HelicoDataSet/CrossValidation/Annotated/B22-45_0/01027_Aug6.png,1,0.1617993265390396
B22-45,/fhome/maed/HelicoDataSet/CrossValidation/Annotated/B22-45_0/01027_Aug8.png,1,0.16410841047763824
B22-45,/fhome/maed/HelicoDataSet/CrossValidation/Annotated/B22-45_0/00741.png,1,0.16108761727809906
B22-45,/fhome/maed/HelicoDataSet/CrossValidation/Annotated/B22-45_0/01027_Aug4.png,1,0.16235174238681793
B22-45,/fhome/maed/HelicoDataSet/CrossValidation/Annotated/B22-45_0/01059.png,1,0.17481155693531036
B22-45,/fhome/maed/HelicoDataSet/CrossValidation/Annotated/B22-45_0/01027_Aug1.png,1,0.16117693483829498
B22-45,/fhome/maed/HelicoDataSet/CrossValidation/Annotated/B22-45_0/01027_Aug3.png,1,0.16345097124576569
B22-45,/fhome/maed/HelicoDataSet/CrossValidation/Annotated/B22-45_0/00741_Aug2.png,1,0.1603555977344513
B22-45,/fhome/maed/HelicoDataSet/CrossValidation/Annotated/B22-45_0/00741_Aug8.png,1,0.15552709996700287
B22-45,/fhome/maed/HelicoDataSet/CrossValidation/Annotated/B22-45_0/01059_Aug5.png,1,0.16874386370182037
B22-45,/fhome/maed/HelicoDataSet/CrossValidation/Annotated/B22-45_0/00741_Aug7.png,1,0.1591285616159439
B22-45,/fhome/maed/HelicoDataSet/CrossValidation/Annotated/B22-45_0/00741_Aug4.png,1,0.15993632376194
B22-45,/fhome/maed/HelicoDataSet/CrossValidation/Annotated/B22-45_0/01027_Aug7.png,1,0.16658931970596313
B22-45,/fhome/maed/HelicoDataSet/CrossValidation/Annotated/B22-45_0/01059_Aug2.png,1,0.17491647601127625
B22-45,/fhome/maed/HelicoDataSet/CrossValidation/Annotated/B22-45_0/01059_Aug6.png,1,0.16964732110500336
B22-45,/fhome/maed/HelicoDataSet/CrossValidation/Annotated/B22-45_0/00741_Aug6.png,1,0.16103331744670868
B22-45,/fhome/maed/HelicoDataSet/CrossValidation/Annotated/B22-45_0/00741_Aug1.png,1,0.16288310289382935
B22-54,/fhome/maed/HelicoDataSet/CrossValidation/Annotated/B22-54_1/00266.png,0,0.0077190701849758625
B22-54,/fhome/maed/HelicoDataSet/CrossValidation/Annotated/B22-54_1/00486.png,0,0.010755777359008789
B22-54,/fhome/maed/HelicoDataSet/CrossValidation/Annotated/B22-54_1/00118.png,0,0.006795013323426247
B22-54,/fhome/maed/HelicoDataSet/CrossValidation/Annotated/B22-54_1/00194.png,0,0.01806924305856228
B22-34,/fhome/maed/HelicoDataSet/CrossValidation/Annotated/B22-34_1/00629.png,0,0.010592445731163025
B22-34,/fhome/maed/HelicoDataSet/CrossValidation/Annotated/B22-34_1/00592.png,0,0.011364716105163097
B22-34,/fhome/maed/HelicoDataSet/CrossValidation/Annotated/B22-34_1/00767.png,0,0.011994967237114906
B22-311,/fhome/maed/HelicoDataSet/CrossValidation/Annotated/B22-311_0/00529.png,0,0.12636823952198029
B22-311,/fhome/maed/HelicoDataSet/CrossValidation/Annotated/B22-311_0/00002.png,0,0.15636900067329407
B22-167,/fhome/maed/HelicoDataSet/CrossValidation/Annotated/B22-167_0/00005.png,0,0.008287107571959496
B22-167,/fhome/maed/HelicoDataSet/CrossValidation/Annotated/B22-167_0/02942.png,0,0.06308966875076294
B22-167,/fhome/maed/HelicoDataSet/CrossValidation/Annotated/B22-167_0/00159.png,0,0.011050596833229065
B22-167,/fhome/maed/HelicoDataSet/CrossValidation/Annotated/B22-167_0/00004.png,0,0.011930602602660656
B22-167,/fhome/maed/HelicoDataSet/CrossValidation/Annotated/B22-167_0/00006.png,0,0.05605263262987137
B22-284,/fhome/maed/HelicoDataSet/CrossValidation/Annotated/B22-284_0/01017.png,0,0.005268894601613283
B22-284,/fhome/maed/HelicoDataSet/CrossValidation/Annotated/B22-284_0/00707.png,0,0.008302809670567513
B22-284,/fhome/maed/HelicoDataSet/CrossValidation/Annotated/B22-284_0/01101.png,0,0.007758209481835365
B22-284,/fhome/maed/HelicoDataSet/CrossValidation/Annotated/B22-284_0/01058.png,0,0.003834218019619584
B22-284,/fhome/maed/HelicoDataSet/CrossValidation/Annotated/B22-284_0/01060.png,0,0.004402350168675184
B22-284,/fhome/maed/HelicoDataSet/CrossValidation/Annotated/B22-284_0/00833.png,0,0.012103322893381119
B22-284,/fhome/maed/HelicoDataSet/CrossValidation/Annotated/B22-284_0/01057.png,0,0.05508831888437271
B22-284,/fhome/maed/HelicoDataSet/CrossValidation/Annotated/B22-284_0/00706.png,0,0.08524562418460846
B22-284,/fhome/maed/HelicoDataSet/CrossValidation/Annotated/B22-284_0/01074.png,0,0.006593733560293913
B22-284,/fhome/maed/HelicoDataSet/CrossValidation/Annotated/B22-284_0/00989.png,0,0.004309592768549919
B22-284,/fhome/maed/HelicoDataSet/CrossValidation/Annotated/B22-284_0/01033.png,0,0.006731081288307905
B22-284,/fhome/maed/HelicoDataSet/CrossValidation/Annotated/B22-284_0/00687.png,0,0.008896345272660255
B22-284,/fhome/maed/HelicoDataSet/CrossValidation/Annotated/B22-284_0/01100.png,0,0.004866645205765963
B22-284,/fhome/maed/HelicoDataSet/CrossValidation/Annotated/B22-284_0/00838.png,0,0.012366482056677341
B22-284,/fhome/maed/HelicoDataSet/CrossValidation/Annotated/B22-284_0/01062.png,0,0.003646276891231537
B22-284,/fhome/maed/HelicoDataSet/CrossValidation/Annotated/B22-284_0/01012.png,0,0.08098860085010529
B22-284,/fhome/maed/HelicoDataSet/CrossValidation/Annotated/B22-284_0/01103.png,0,0.03330698236823082
B22-284,/fhome/maed/HelicoDataSet/CrossValidation/Annotated/B22-284_0/01032.png,0,0.006213639862835407
B22-284,/fhome/maed/HelicoDataSet/CrossValidation/Annotated/B22-284_0/00984.png,0,0.009278694167733192
B22-284,/fhome/maed/HelicoDataSet/CrossValidation/Annotated/B22-284_0/00686.png,0,0.007765700574964285
B22-284,/fhome/maed/HelicoDataSet/CrossValidation/Annotated/B22-284_0/00705.png,0,0.0970379188656807
B22-284,/fhome/maed/HelicoDataSet/CrossValidation/Annotated/B22-284_0/01061.png,0,0.12373268604278564
B22-284,/fhome/maed/HelicoDataSet/CrossValidation/Annotated/B22-284_0/00986.png,0,0.009135467931628227
B22-284,/fhome/maed/HelicoDataSet/CrossValidation/Annotated/B22-284_0/01059.png,0,0.009122639894485474
B22-284,/fhome/maed/HelicoDataSet/CrossValidation/Annotated/B22-284_0/01073.png,0,0.010339769534766674
B22-284,/fhome/maed/HelicoDataSet/CrossValidation/Annotated/B22-284_0/01029.png,0,0.0051554045639932156
B22-284,/fhome/maed/HelicoDataSet/CrossValidation/Annotated/B22-284_0/00835.png,0,0.06210644915699959
B22-284,/fhome/maed/HelicoDataSet/CrossValidation/Annotated/B22-284_0/01102.png,0,0.010533839464187622
B22-284,/fhome/maed/HelicoDataSet/CrossValidation/Annotated/B22-284_0/01034.png,0,0.0035498561337590218
B22-284,/fhome/maed/HelicoDataSet/CrossValidation/Annotated/B22-284_0/01075.png,0,0.006408165208995342
B22-284,/fhome/maed/HelicoDataSet/CrossValidation/Annotated/B22-284_0/00688.png,0,0.0032133753411471844
B22-284,/fhome/maed/HelicoDataSet/CrossValidation/Annotated/B22-284_0/00987.png,0,0.059306927025318146
B22-284,/fhome/maed/HelicoDataSet/CrossValidation/Annotated/B22-284_0/01076.png,0,0.010718333534896374
B22-284,/fhome/maed/HelicoDataSet/CrossValidation/Annotated/B22-284_0/01014.png,0,0.04396364092826843
B22-284,/fhome/maed/HelicoDataSet/CrossValidation/Annotated/B22-284_0/00985.png,0,0.08680442720651627
B22-284,/fhome/maed/HelicoDataSet/CrossValidation/Annotated/B22-284_0/01031.png,0,0.01087636686861515
B22-284,/fhome/maed/HelicoDataSet/CrossValidation/Annotated/B22-284_0/00990.png,0,0.015087914653122425
B22-284,/fhome/maed/HelicoDataSet/CrossValidation/Annotated/B22-284_0/00704.png,0,0.011393883265554905
B22-284,/fhome/maed/HelicoDataSet/CrossValidation/Annotated/B22-284_0/01056.png,0,0.008161654695868492
B22-284,/fhome/maed/HelicoDataSet/CrossValidation/Annotated/B22-284_0/01105.png,0,0.03260567784309387
B22-284,/fhome/maed/HelicoDataSet/CrossValidation/Annotated/B22-284_0/00837.png,0,0.010661442764103413
B22-284,/fhome/maed/HelicoDataSet/CrossValidation/Annotated/B22-284_0/00988.png,0,0.11780116707086563
B22-284,/fhome/maed/HelicoDataSet/CrossValidation/Annotated/B22-284_0/01028.png,0,0.011826328933238983
B22-284,/fhome/maed/HelicoDataSet/CrossValidation/Annotated/B22-284_0/01016.png,0,0.009428209625184536
B22-284,/fhome/maed/HelicoDataSet/CrossValidation/Annotated/B22-284_0/01104.png,0,0.006433700677007437
B22-284,/fhome/maed/HelicoDataSet/CrossValidation/Annotated/B22-284_0/00690.png,0,0.0038629607297480106
B22-284,/fhome/maed/HelicoDataSet/CrossValidation/Annotated/B22-284_0/00689.png,0,0.003455223748460412
B22-284,/fhome/maed/HelicoDataSet/CrossValidation/Annotated/B22-284_0/01013.png,0,0.0074888356029987335
B22-284,/fhome/maed/HelicoDataSet/CrossValidation/Annotated/B22-284_0/01030.png,0,0.012681565247476101
B22-284,/fhome/maed/HelicoDataSet/CrossValidation/Annotated/B22-284_0/01015.png,0,0.004646782297641039
B22-284,/fhome/maed/HelicoDataSet/CrossValidation/Annotated/B22-284_0/00834.png,0,0.06291534751653671
B22-284,/fhome/maed/HelicoDataSet/CrossValidation/Annotated/B22-284_0/00836.png,0,0.010811417363584042
B22-190,/fhome/maed/HelicoDataSet/CrossValidation/Annotated/B22-190_1/00737.png,0,0.12464440613985062
B22-190,/fhome/maed/HelicoDataSet/CrossValidation/Annotated/B22-190_1/01059.png,0,0.039535973221063614
B22-190,/fhome/maed/HelicoDataSet/CrossValidation/Annotated/B22-190_1/00027.png,0,0.03302878886461258
B22-190,/fhome/maed/HelicoDataSet/CrossValidation/Annotated/B22-190_1/00802.png,0,0.01445474848151207
B22-190,/fhome/maed/HelicoDataSet/CrossValidation/Annotated/B22-190_1/00180.png,0,0.00558551074936986
B22-307,/fhome/maed/HelicoDataSet/CrossValidation/Annotated/B22-307_0/00284.png,0,0.16010722517967224
B22-307,/fhome/maed/HelicoDataSet/CrossValidation/Annotated/B22-307_0/00261.png,0,0.1414276510477066
B22-307,/fhome/maed/HelicoDataSet/CrossValidation/Annotated/B22-307_0/00300.png,0,0.025686826556921005
B22-123,/fhome/maed/HelicoDataSet/CrossValidation/Annotated/B22-123_0/01063_Aug2.png,1,0.16825075447559357
B22-123,/fhome/maed/HelicoDataSet/CrossValidation/Annotated/B22-123_0/01063_Aug7.png,1,0.16321903467178345
B22-123,/fhome/maed/HelicoDataSet/CrossValidation/Annotated/B22-123_0/00687_Aug2.png,1,0.17335215210914612
B22-123,/fhome/maed/HelicoDataSet/CrossValidation/Annotated/B22-123_0/01063_Aug8.png,1,0.16913938522338867
B22-123,/fhome/maed/HelicoDataSet/CrossValidation/Annotated/B22-123_0/00696_Aug3.png,1,0.1875942349433899
B22-123,/fhome/maed/HelicoDataSet/CrossValidation/Annotated/B22-123_0/00696_Aug2.png,1,0.18488608300685883
B22-123,/fhome/maed/HelicoDataSet/CrossValidation/Annotated/B22-123_0/00994.png,0,0.03694548457860947
B22-123,/fhome/maed/HelicoDataSet/CrossValidation/Annotated/B22-123_0/00839.png,0,0.08393381536006927
B22-123,/fhome/maed/HelicoDataSet/CrossValidation/Annotated/B22-123_0/00687_Aug6.png,1,0.1740970015525818
B22-123,/fhome/maed/HelicoDataSet/CrossValidation/Annotated/B22-123_0/00696_Aug4.png,1,0.18486575782299042
B22-123,/fhome/maed/HelicoDataSet/CrossValidation/Annotated/B22-123_0/00308.png,0,0.1594134271144867
B22-123,/fhome/maed/HelicoDataSet/CrossValidation/Annotated/B22-123_0/00687.png,1,0.1753740906715393
B22-123,/fhome/maed/HelicoDataSet/CrossValidation/Annotated/B22-123_0/00993.png,0,0.0846145898103714
B22-123,/fhome/maed/HelicoDataSet/CrossValidation/Annotated/B22-123_0/00696_Aug1.png,1,0.1842292696237564
B22-123,/fhome/maed/HelicoDataSet/CrossValidation/Annotated/B22-123_0/00047.png,0,0.1659056395292282
B22-123,/fhome/maed/HelicoDataSet/CrossValidation/Annotated/B22-123_0/01063_Aug6.png,1,0.16766943037509918
B22-123,/fhome/maed/HelicoDataSet/CrossValidation/Annotated/B22-123_0/00687_Aug8.png,1,0.1712285578250885
B22-123,/fhome/maed/HelicoDataSet/CrossValidation/Annotated/B22-123_0/00696_Aug7.png,1,0.1955011785030365
B22-123,/fhome/maed/HelicoDataSet/CrossValidation/Annotated/B22-123_0/01063_Aug5.png,1,0.16674098372459412
B22-123,/fhome/maed/HelicoDataSet/CrossValidation/Annotated/B22-123_0/00696_Aug5.png,1,0.18729746341705322
B22-123,/fhome/maed/HelicoDataSet/CrossValidation/Annotated/B22-123_0/00696.png,1,0.17988614737987518
B22-123,/fhome/maed/HelicoDataSet/CrossValidation/Annotated/B22-123_0/01063_Aug3.png,1,0.16586339473724365
B22-123,/fhome/maed/HelicoDataSet/CrossValidation/Annotated/B22-123_0/00696_Aug8.png,1,0.1958674043416977
B22-123,/fhome/maed/HelicoDataSet/CrossValidation/Annotated/B22-123_0/00687_Aug4.png,1,0.1785707026720047
B22-123,/fhome/maed/HelicoDataSet/CrossValidation/Annotated/B22-123_0/00687_Aug7.png,1,0.17754891514778137
B22-123,/fhome/maed/HelicoDataSet/CrossValidation/Annotated/B22-123_0/01063_Aug1.png,1,0.16646279394626617
B22-123,/fhome/maed/HelicoDataSet/CrossValidation/Annotated/B22-123_0/00687_Aug5.png,1,0.17600564658641815
B22-123,/fhome/maed/HelicoDataSet/CrossValidation/Annotated/B22-123_0/00696_Aug6.png,1,0.18885201215744019
B22-123,/fhome/maed/HelicoDataSet/CrossValidation/Annotated/B22-123_0/00687_Aug3.png,1,0.17425130307674408
B22-123,/fhome/maed/HelicoDataSet/CrossValidation/Annotated/B22-123_0/00687_Aug1.png,1,0.1737988293170929
B22-123,/fhome/maed/HelicoDataSet/CrossValidation/Annotated/B22-123_0/01063.png,1,0.1818978190422058
B22-123,/fhome/maed/HelicoDataSet/CrossValidation/Annotated/B22-123_0/01063_Aug4.png,1,0.16930635273456573
B22-244,/fhome/maed/HelicoDataSet/CrossValidation/Annotated/B22-244_0/01327.png,0,0.011069869622588158
B22-244,/fhome/maed/HelicoDataSet/CrossValidation/Annotated/B22-244_0/01708.png,0,0.0069441525265574455
B22-244,/fhome/maed/HelicoDataSet/CrossValidation/Annotated/B22-244_0/01288.png,0,0.012478507123887539
B22-244,/fhome/maed/HelicoDataSet/CrossValidation/Annotated/B22-244_0/01711.png,0,0.06482332944869995
B22-214,/fhome/maed/HelicoDataSet/CrossValidation/Annotated/B22-214_0/01101.png,0,0.01082846149802208
B22-214,/fhome/maed/HelicoDataSet/CrossValidation/Annotated/B22-214_0/00949.png,0,0.01168984454125166
B22-188,/fhome/maed/HelicoDataSet/CrossValidation/Annotated/B22-188_0/00005.png,0,0.15858201682567596
B22-188,/fhome/maed/HelicoDataSet/CrossValidation/Annotated/B22-188_0/00254.png,0,0.009550812654197216
B22-188,/fhome/maed/HelicoDataSet/CrossValidation/Annotated/B22-188_0/00256.png,0,0.08483660221099854
B22-185,/fhome/maed/HelicoDataSet/CrossValidation/Annotated/B22-185_0/00821.png,0,0.033369045704603195
B22-175,/fhome/maed/HelicoDataSet/CrossValidation/Annotated/B22-175_1/00551.png,0,0.009298345074057579
B22-175,/fhome/maed/HelicoDataSet/CrossValidation/Annotated/B22-175_1/00683.png,0,0.010827518068253994
B22-175,/fhome/maed/HelicoDataSet/CrossValidation/Annotated/B22-175_1/00609.png,0,0.013078385032713413
B22-175,/fhome/maed/HelicoDataSet/CrossValidation/Annotated/B22-175_1/00467.png,0,0.016085803508758545
B22-175,/fhome/maed/HelicoDataSet/CrossValidation/Annotated/B22-175_1/00325.png,0,0.01183604821562767
B22-175,/fhome/maed/HelicoDataSet/CrossValidation/Annotated/B22-175_1/00624.png,0,0.012062722817063332
B22-175,/fhome/maed/HelicoDataSet/CrossValidation/Annotated/B22-175_1/00538.png,0,0.0047486876137554646
B22-175,/fhome/maed/HelicoDataSet/CrossValidation/Annotated/B22-175_1/00569.png,0,0.01733682118356228
B22-175,/fhome/maed/HelicoDataSet/CrossValidation/Annotated/B22-175_1/00500.png,0,0.004420354496687651
B22-152,/fhome/maed/HelicoDataSet/CrossValidation/Annotated/B22-152_1/00214.png,0,0.00703532574698329
B22-152,/fhome/maed/HelicoDataSet/CrossValidation/Annotated/B22-152_1/00556.png,0,0.02190394327044487
B22-152,/fhome/maed/HelicoDataSet/CrossValidation/Annotated/B22-152_1/00102.png,0,0.009835761971771717
B22-152,/fhome/maed/HelicoDataSet/CrossValidation/Annotated/B22-152_1/00416.png,0,0.004831101279705763
B22-157,/fhome/maed/HelicoDataSet/CrossValidation/Annotated/B22-157_0/00111.png,0,0.15253956615924835
B22-275,/fhome/maed/HelicoDataSet/CrossValidation/Annotated/B22-275_0/00119.png,1,0.17034216225147247
B22-275,/fhome/maed/HelicoDataSet/CrossValidation/Annotated/B22-275_0/00119_Aug5.png,1,0.16749334335327148
B22-275,/fhome/maed/HelicoDataSet/CrossValidation/Annotated/B22-275_0/00119_Aug6.png,1,0.16872407495975494
B22-275,/fhome/maed/HelicoDataSet/CrossValidation/Annotated/B22-275_0/00119_Aug8.png,1,0.17057567834854126
B22-275,/fhome/maed/HelicoDataSet/CrossValidation/Annotated/B22-275_0/00119_Aug2.png,1,0.16848868131637573
B22-275,/fhome/maed/HelicoDataSet/CrossValidation/Annotated/B22-275_0/00144_Aug6.png,1,0.1632552444934845
B22-275,/fhome/maed/HelicoDataSet/CrossValidation/Annotated/B22-275_0/00144_Aug8.png,1,0.1643713116645813
B22-275,/fhome/maed/HelicoDataSet/CrossValidation/Annotated/B22-275_0/00144_Aug5.png,1,0.16600725054740906
B22-275,/fhome/maed/HelicoDataSet/CrossValidation/Annotated/B22-275_0/00144_Aug3.png,1,0.16537131369113922
B22-275,/fhome/maed/HelicoDataSet/CrossValidation/Annotated/B22-275_0/00119_Aug7.png,1,0.16680355370044708
B22-275,/fhome/maed/HelicoDataSet/CrossValidation/Annotated/B22-275_0/00119_Aug4.png,1,0.16893824934959412
B22-275,/fhome/maed/HelicoDataSet/CrossValidation/Annotated/B22-275_0/00119_Aug1.png,1,0.16704270243644714
B22-275,/fhome/maed/HelicoDataSet/CrossValidation/Annotated/B22-275_0/00144_Aug1.png,1,0.1696956604719162
B22-275,/fhome/maed/HelicoDataSet/CrossValidation/Annotated/B22-275_0/00119_Aug3.png,1,0.16838659346103668
B22-275,/fhome/maed/HelicoDataSet/CrossValidation/Annotated/B22-275_0/00477.png,0,0.16391147673130035
B22-275,/fhome/maed/HelicoDataSet/CrossValidation/Annotated/B22-275_0/00144_Aug4.png,1,0.16281816363334656
B22-275,/fhome/maed/HelicoDataSet/CrossValidation/Annotated/B22-275_0/00144_Aug7.png,1,0.1674814075231552
B22-275,/fhome/maed/HelicoDataSet/CrossValidation/Annotated/B22-275_0/00144.png,1,0.16713236272335052
B22-275,/fhome/maed/HelicoDataSet/CrossValidation/Annotated/B22-275_0/00144_Aug2.png,1,0.16724224388599396
B22-298,/fhome/maed/HelicoDataSet/CrossValidation/Annotated/B22-298_0/01280.png,0,0.01644109934568405
B22-298,/fhome/maed/HelicoDataSet/CrossValidation/Annotated/B22-298_0/00338.png,0,0.032685764133930206
B22-35,/fhome/maed/HelicoDataSet/CrossValidation/Annotated/B22-35_0/00332.png,0,0.011098053306341171
B22-148,/fhome/maed/HelicoDataSet/CrossValidation/Annotated/B22-148_1/00035.png,0,0.010882320813834667
B22-148,/fhome/maed/HelicoDataSet/CrossValidation/Annotated/B22-148_1/00193.png,0,0.004936752375215292
B22-56,/fhome/maed/HelicoDataSet/CrossValidation/Annotated/B22-56_0/02617.png,0,0.08734332025051117
B22-56,/fhome/maed/HelicoDataSet/CrossValidation/Annotated/B22-56_0/00015.png,0,0.1636396199464798
B22-56,/fhome/maed/HelicoDataSet/CrossValidation/Annotated/B22-56_0/00021.png,0,0.06563245505094528
B22-56,/fhome/maed/HelicoDataSet/CrossValidation/Annotated/B22-56_0/00017.png,0,0.13865303993225098
B22-56,/fhome/maed/HelicoDataSet/CrossValidation/Annotated/B22-56_0/00519.png,0,0.06598982214927673
B22-56,/fhome/maed/HelicoDataSet/CrossValidation/Annotated/B22-56_0/00320.png,0,0.15330396592617035
B22-56,/fhome/maed/HelicoDataSet/CrossValidation/Annotated/B22-56_0/00316.png,0,0.0874239131808281
B22-56,/fhome/maed/HelicoDataSet/CrossValidation/Annotated/B22-56_0/00016.png,0,0.15051226317882538
B22-101,/fhome/maed/HelicoDataSet/CrossValidation/Annotated/B22-101_0/00201_Aug1.png,1,0.16415248811244965
B22-101,/fhome/maed/HelicoDataSet/CrossValidation/Annotated/B22-101_0/00201_Aug7.png,1,0.16857486963272095
B22-101,/fhome/maed/HelicoDataSet/CrossValidation/Annotated/B22-101_0/00201.png,1,0.1658526211977005
B22-101,/fhome/maed/HelicoDataSet/CrossValidation/Annotated/B22-101_0/00201_Aug6.png,1,0.16691704094409943
B22-101,/fhome/maed/HelicoDataSet/CrossValidation/Annotated/B22-101_0/00280.png,0,0.07725349068641663
B22-101,/fhome/maed/HelicoDataSet/CrossValidation/Annotated/B22-101_0/00415.png,0,0.008128584362566471
B22-101,/fhome/maed/HelicoDataSet/CrossValidation/Annotated/B22-101_0/00201_Aug3.png,1,0.16669756174087524
B22-101,/fhome/maed/HelicoDataSet/CrossValidation/Annotated/B22-101_0/00201_Aug5.png,1,0.169673353433609
B22-101,/fhome/maed/HelicoDataSet/CrossValidation/Annotated/B22-101_0/00180.png,0,0.09601995348930359
B22-101,/fhome/maed/HelicoDataSet/CrossValidation/Annotated/B22-101_0/00201_Aug2.png,1,0.16689938306808472
B22-101,/fhome/maed/HelicoDataSet/CrossValidation/Annotated/B22-101_0/00201_Aug8.png,1,0.1745728850364685
B22-101,/fhome/maed/HelicoDataSet/CrossValidation/Annotated/B22-101_0/00201_Aug4.png,1,0.16691946983337402
B22-193,/fhome/maed/HelicoDataSet/CrossValidation/Annotated/B22-193_0/00549.png,0,0.13350839912891388
B22-193,/fhome/maed/HelicoDataSet/CrossValidation/Annotated/B22-193_0/00598.png,0,0.1039104238152504
B22-104,/fhome/maed/HelicoDataSet/CrossValidation/Annotated/B22-104_0/00555.png,0,0.005246780347079039
B22-104,/fhome/maed/HelicoDataSet/CrossValidation/Annotated/B22-104_0/00557.png,0,0.005458536092191935
B22-104,/fhome/maed/HelicoDataSet/CrossValidation/Annotated/B22-104_0/00398.png,0,0.004462410230189562
B22-104,/fhome/maed/HelicoDataSet/CrossValidation/Annotated/B22-104_0/00553.png,0,0.005138281732797623
B22-104,/fhome/maed/HelicoDataSet/CrossValidation/Annotated/B22-104_0/00438.png,0,0.01134411059319973
B22-112,/fhome/maed/HelicoDataSet/CrossValidation/Annotated/B22-112_1/00279.png,0,0.011464722454547882
B22-112,/fhome/maed/HelicoDataSet/CrossValidation/Annotated/B22-112_1/00061.png,0,0.010533427819609642
B22-112,/fhome/maed/HelicoDataSet/CrossValidation/Annotated/B22-112_1/00341.png,0,0.14475740492343903
B22-112,/fhome/maed/HelicoDataSet/CrossValidation/Annotated/B22-112_1/00050.png,0,0.1516149789094925
B22-112,/fhome/maed/HelicoDataSet/CrossValidation/Annotated/B22-112_1/00237.png,0,0.012328444048762321
B22-112,/fhome/maed/HelicoDataSet/CrossValidation/Annotated/B22-112_1/00038.png,0,0.0039135366678237915
B22-112,/fhome/maed/HelicoDataSet/CrossValidation/Annotated/B22-112_1/00109.png,0,0.006651599891483784
B22-112,/fhome/maed/HelicoDataSet/CrossValidation/Annotated/B22-112_1/00245.png,0,0.011693580076098442
B22-300,/fhome/maed/HelicoDataSet/CrossValidation/Annotated/B22-300_0/01116.png,0,0.08549924939870834
B22-300,/fhome/maed/HelicoDataSet/CrossValidation/Annotated/B22-300_0/01062.png,0,0.15422971546649933
B22-300,/fhome/maed/HelicoDataSet/CrossValidation/Annotated/B22-300_0/00842.png,0,0.08327385783195496
B22-300,/fhome/maed/HelicoDataSet/CrossValidation/Annotated/B22-300_0/00148.png,0,0.14991939067840576
B22-165,/fhome/maed/HelicoDataSet/CrossValidation/Annotated/B22-165_0/00060.png,0,0.012181395664811134
B22-165,/fhome/maed/HelicoDataSet/CrossValidation/Annotated/B22-165_0/00061.png,0,0.010987878777086735
B22-51,/fhome/maed/HelicoDataSet/CrossValidation/Annotated/B22-51_0/00392_Aug8.png,1,0.17056290805339813
B22-51,/fhome/maed/HelicoDataSet/CrossValidation/Annotated/B22-51_0/00392_Aug5.png,1,0.1686529517173767
B22-51,/fhome/maed/HelicoDataSet/CrossValidation/Annotated/B22-51_0/00392_Aug1.png,1,0.16823582351207733
B22-51,/fhome/maed/HelicoDataSet/CrossValidation/Annotated/B22-51_0/00392_Aug6.png,1,0.16994066536426544
B22-51,/fhome/maed/HelicoDataSet/CrossValidation/Annotated/B22-51_0/00652.png,0,0.08234328776597977
B22-51,/fhome/maed/HelicoDataSet/CrossValidation/Annotated/B22-51_0/00226.png,0,0.13774529099464417
B22-51,/fhome/maed/HelicoDataSet/CrossValidation/Annotated/B22-51_0/00392.png,1,0.16910597681999207
B22-51,/fhome/maed/HelicoDataSet/CrossValidation/Annotated/B22-51_0/00392_Aug7.png,1,0.16816945374011993
B22-51,/fhome/maed/HelicoDataSet/CrossValidation/Annotated/B22-51_0/00392_Aug4.png,1,0.16852055490016937
B22-51,/fhome/maed/HelicoDataSet/CrossValidation/Annotated/B22-51_0/00392_Aug2.png,1,0.1693664789199829
B22-51,/fhome/maed/HelicoDataSet/CrossValidation/Annotated/B22-51_0/00392_Aug3.png,1,0.1688891500234604
B22-51,/fhome/maed/HelicoDataSet/CrossValidation/Annotated/B22-51_0/00242.png,0,0.16334784030914307
B22-51,/fhome/maed/HelicoDataSet/CrossValidation/Annotated/B22-51_0/00317.png,0,0.14661020040512085
B22-174,/fhome/maed/HelicoDataSet/CrossValidation/Annotated/B22-174_0/00249_Aug1.png,1,0.16335327923297882
B22-174,/fhome/maed/HelicoDataSet/CrossValidation/Annotated/B22-174_0/00249_Aug2.png,1,0.16573075950145721
B22-174,/fhome/maed/HelicoDataSet/CrossValidation/Annotated/B22-174_0/00249_Aug8.png,1,0.16637223958969116
B22-174,/fhome/maed/HelicoDataSet/CrossValidation/Annotated/B22-174_0/00167.png,0,0.10523812472820282
B22-174,/fhome/maed/HelicoDataSet/CrossValidation/Annotated/B22-174_0/00234.png,0,0.06770101934671402
B22-174,/fhome/maed/HelicoDataSet/CrossValidation/Annotated/B22-174_0/00249_Aug3.png,1,0.16286879777908325
B22-174,/fhome/maed/HelicoDataSet/CrossValidation/Annotated/B22-174_0/00159.png,0,0.011251874268054962
B22-174,/fhome/maed/HelicoDataSet/CrossValidation/Annotated/B22-174_0/00224_Aug4.png,1,0.16738036274909973
B22-174,/fhome/maed/HelicoDataSet/CrossValidation/Annotated/B22-174_0/00166.png,0,0.010814586654305458
B22-174,/fhome/maed/HelicoDataSet/CrossValidation/Annotated/B22-174_0/00288.png,0,0.06848741322755814
B22-174,/fhome/maed/HelicoDataSet/CrossValidation/Annotated/B22-174_0/00235.png,0,0.07518880814313889
B22-174,/fhome/maed/HelicoDataSet/CrossValidation/Annotated/B22-174_0/00155.png,0,0.008377178572118282
B22-174,/fhome/maed/HelicoDataSet/CrossValidation/Annotated/B22-174_0/00191.png,0,0.08895143121480942
B22-174,/fhome/maed/HelicoDataSet/CrossValidation/Annotated/B22-174_0/00224_Aug1.png,1,0.1712539941072464
B22-174,/fhome/maed/HelicoDataSet/CrossValidation/Annotated/B22-174_0/00201.png,0,0.010135364718735218
B22-174,/fhome/maed/HelicoDataSet/CrossValidation/Annotated/B22-174_0/00225_Aug6.png,1,0.17046868801116943
B22-174,/fhome/maed/HelicoDataSet/CrossValidation/Annotated/B22-174_0/00168.png,0,0.11884436756372452
B22-174,/fhome/maed/HelicoDataSet/CrossValidation/Annotated/B22-174_0/00216.png,0,0.011341536417603493
B22-174,/fhome/maed/HelicoDataSet/CrossValidation/Annotated/B22-174_0/00239.png,1,0.1739034205675125
B22-174,/fhome/maed/HelicoDataSet/CrossValidation/Annotated/B22-174_0/00170.png,0,0.09295587241649628
B22-174,/fhome/maed/HelicoDataSet/CrossValidation/Annotated/B22-174_0/00270.png,0,0.08160415291786194
B22-174,/fhome/maed/HelicoDataSet/CrossValidation/Annotated/B22-174_0/00224_Aug2.png,1,0.17093513906002045
B22-174,/fhome/maed/HelicoDataSet/CrossValidation/Annotated/B22-174_0/00215.png,0,0.009178456850349903
B22-174,/fhome/maed/HelicoDataSet/CrossValidation/Annotated/B22-174_0/00249_Aug6.png,1,0.16570965945720673
B22-174,/fhome/maed/HelicoDataSet/CrossValidation/Annotated/B22-174_0/00239_Aug4.png,1,0.1725820153951645
B22-174,/fhome/maed/HelicoDataSet/CrossValidation/Annotated/B22-174_0/00198.png,0,0.15739041566848755
B22-174,/fhome/maed/HelicoDataSet/CrossValidation/Annotated/B22-174_0/00183.png,0,0.005383077077567577
B22-174,/fhome/maed/HelicoDataSet/CrossValidation/Annotated/B22-174_0/00224_Aug6.png,1,0.13690611720085144
B22-174,/fhome/maed/HelicoDataSet/CrossValidation/Annotated/B22-174_0/00239_Aug1.png,1,0.1710738241672516
B22-174,/fhome/maed/HelicoDataSet/CrossValidation/Annotated/B22-174_0/00228.png,0,0.09875094890594482
B22-174,/fhome/maed/HelicoDataSet/CrossValidation/Annotated/B22-174_0/00272.png,0,0.015835285186767578
B22-174,/fhome/maed/HelicoDataSet/CrossValidation/Annotated/B22-174_0/00188.png,0,0.011324960738420486
B22-174,/fhome/maed/HelicoDataSet/CrossValidation/Annotated/B22-174_0/00243.png,0,0.080478236079216
B22-174,/fhome/maed/HelicoDataSet/CrossValidation/Annotated/B22-174_0/00249_Aug5.png,1,0.16930687427520752
B22-174,/fhome/maed/HelicoDataSet/CrossValidation/Annotated/B22-174_0/00238.png,0,0.08071504533290863
B22-174,/fhome/maed/HelicoDataSet/CrossValidation/Annotated/B22-174_0/00222.png,0,0.012212674133479595
B22-174,/fhome/maed/HelicoDataSet/CrossValidation/Annotated/B22-174_0/00239_Aug7.png,1,0.17302976548671722
B22-174,/fhome/maed/HelicoDataSet/CrossValidation/Annotated/B22-174_0/00214.png,0,0.01038919948041439
B22-174,/fhome/maed/HelicoDataSet/CrossValidation/Annotated/B22-174_0/00210.png,0,0.009428348392248154
B22-174,/fhome/maed/HelicoDataSet/CrossValidation/Annotated/B22-174_0/00249_Aug4.png,1,0.16417734324932098
B22-174,/fhome/maed/HelicoDataSet/CrossValidation/Annotated/B22-174_0/00224_Aug5.png,1,0.1506461352109909
B22-174,/fhome/maed/HelicoDataSet/CrossValidation/Annotated/B22-174_0/00267.png,0,0.01575976051390171
B22-174,/fhome/maed/HelicoDataSet/CrossValidation/Annotated/B22-174_0/00256.png,0,0.009250701405107975
B22-174,/fhome/maed/HelicoDataSet/CrossValidation/Annotated/B22-174_0/00768.png,0,0.027492811903357506
B22-174,/fhome/maed/HelicoDataSet/CrossValidation/Annotated/B22-174_0/00195.png,0,0.011731461621820927
B22-174,/fhome/maed/HelicoDataSet/CrossValidation/Annotated/B22-174_0/00226.png,0,0.012939231470227242
B22-174,/fhome/maed/HelicoDataSet/CrossValidation/Annotated/B22-174_0/00204.png,0,0.12151314318180084
B22-174,/fhome/maed/HelicoDataSet/CrossValidation/Annotated/B22-174_0/00239_Aug2.png,1,0.17068488895893097
B22-174,/fhome/maed/HelicoDataSet/CrossValidation/Annotated/B22-174_0/00232.png,0,0.07527066767215729
B22-174,/fhome/maed/HelicoDataSet/CrossValidation/Annotated/B22-174_0/00187.png,0,0.006857150234282017
B22-174,/fhome/maed/HelicoDataSet/CrossValidation/Annotated/B22-174_0/00190.png,0,0.11396776139736176
B22-174,/fhome/maed/HelicoDataSet/CrossValidation/Annotated/B22-174_0/00225_Aug1.png,1,0.16795414686203003
B22-174,/fhome/maed/HelicoDataSet/CrossValidation/Annotated/B22-174_0/00289.png,0,0.12823385000228882
B22-174,/fhome/maed/HelicoDataSet/CrossValidation/Annotated/B22-174_0/00172.png,0,0.011665195226669312
B22-174,/fhome/maed/HelicoDataSet/CrossValidation/Annotated/B22-174_0/00225_Aug5.png,1,0.171383336186409
B22-174,/fhome/maed/HelicoDataSet/CrossValidation/Annotated/B22-174_0/00284.png,0,0.011121116578578949
B22-174,/fhome/maed/HelicoDataSet/CrossValidation/Annotated/B22-174_0/00241.png,0,0.07458120584487915
B22-174,/fhome/maed/HelicoDataSet/CrossValidation/Annotated/B22-174_0/00161.png,0,0.09766501933336258
B22-174,/fhome/maed/HelicoDataSet/CrossValidation/Annotated/B22-174_0/00237.png,0,0.0721321776509285
B22-174,/fhome/maed/HelicoDataSet/CrossValidation/Annotated/B22-174_0/00224_Aug3.png,1,0.1696852594614029
B22-174,/fhome/maed/HelicoDataSet/CrossValidation/Annotated/B22-174_0/00225_Aug3.png,1,0.1664566695690155
B22-174,/fhome/maed/HelicoDataSet/CrossValidation/Annotated/B22-174_0/00182.png,0,0.006340905092656612
B22-174,/fhome/maed/HelicoDataSet/CrossValidation/Annotated/B22-174_0/00199.png,0,0.012995601631700993
B22-174,/fhome/maed/HelicoDataSet/CrossValidation/Annotated/B22-174_0/00196.png,0,0.0064300671219825745
B22-174,/fhome/maed/HelicoDataSet/CrossValidation/Annotated/B22-174_0/00211.png,0,0.12602904438972473
B22-174,/fhome/maed/HelicoDataSet/CrossValidation/Annotated/B22-174_0/00205.png,0,0.13875137269496918
B22-174,/fhome/maed/HelicoDataSet/CrossValidation/Annotated/B22-174_0/00225.png,1,0.16780813038349152
B22-174,/fhome/maed/HelicoDataSet/CrossValidation/Annotated/B22-174_0/00162.png,0,0.01221569161862135
B22-174,/fhome/maed/HelicoDataSet/CrossValidation/Annotated/B22-174_0/00180.png,0,0.005940200295299292
B22-174,/fhome/maed/HelicoDataSet/CrossValidation/Annotated/B22-174_0/00225_Aug2.png,1,0.16781309247016907
B22-174,/fhome/maed/HelicoDataSet/CrossValidation/Annotated/B22-174_0/00244.png,0,0.10815354436635971
B22-174,/fhome/maed/HelicoDataSet/CrossValidation/Annotated/B22-174_0/00224_Aug8.png,1,0.14873412251472473
B22-174,/fhome/maed/HelicoDataSet/CrossValidation/Annotated/B22-174_0/00197.png,0,0.08132371306419373
B22-174,/fhome/maed/HelicoDataSet/CrossValidation/Annotated/B22-174_0/00268.png,0,0.08473917096853256
B22-174,/fhome/maed/HelicoDataSet/CrossValidation/Annotated/B22-174_0/00192.png,0,0.0127635532990098
B22-174,/fhome/maed/HelicoDataSet/CrossValidation/Annotated/B22-174_0/00236.png,0,0.08370739966630936
B22-174,/fhome/maed/HelicoDataSet/CrossValidation/Annotated/B22-174_0/00156.png,0,0.012633997946977615
B22-174,/fhome/maed/HelicoDataSet/CrossValidation/Annotated/B22-174_0/00178.png,0,0.012510585598647594
B22-174,/fhome/maed/HelicoDataSet/CrossValidation/Annotated/B22-174_0/00175.png,0,0.010684291832149029
B22-174,/fhome/maed/HelicoDataSet/CrossValidation/Annotated/B22-174_0/00255.png,0,0.013420366682112217
B22-174,/fhome/maed/HelicoDataSet/CrossValidation/Annotated/B22-174_0/00240.png,0,0.03672501817345619
B22-174,/fhome/maed/HelicoDataSet/CrossValidation/Annotated/B22-174_0/00290.png,0,0.05541117489337921
B22-174,/fhome/maed/HelicoDataSet/CrossValidation/Annotated/B22-174_0/00246.png,0,0.035471536219120026
B22-174,/fhome/maed/HelicoDataSet/CrossValidation/Annotated/B22-174_0/00181.png,0,0.005808425601571798
B22-174,/fhome/maed/HelicoDataSet/CrossValidation/Annotated/B22-174_0/00208.png,0,0.010312046855688095
B22-174,/fhome/maed/HelicoDataSet/CrossValidation/Annotated/B22-174_0/00173.png,0,0.13575181365013123
B22-174,/fhome/maed/HelicoDataSet/CrossValidation/Annotated/B22-174_0/00174.png,0,0.011653349734842777
B22-174,/fhome/maed/HelicoDataSet/CrossValidation/Annotated/B22-174_0/00152.png,0,0.01264230441302061
B22-174,/fhome/maed/HelicoDataSet/CrossValidation/Annotated/B22-174_0/00262.png,0,0.006856669206172228
B22-174,/fhome/maed/HelicoDataSet/CrossValidation/Annotated/B22-174_0/00261.png,0,0.08444904536008835
B22-174,/fhome/maed/HelicoDataSet/CrossValidation/Annotated/B22-174_0/00242.png,0,0.06855762749910355
B22-174,/fhome/maed/HelicoDataSet/CrossValidation/Annotated/B22-174_0/00189.png,0,0.010537328198552132
B22-174,/fhome/maed/HelicoDataSet/CrossValidation/Annotated/B22-174_0/00283.png,0,0.08893763273954391
B22-174,/fhome/maed/HelicoDataSet/CrossValidation/Annotated/B22-174_0/00193.png,0,0.011787240393459797
B22-174,/fhome/maed/HelicoDataSet/CrossValidation/Annotated/B22-174_0/00186.png,0,0.006579228676855564
B22-174,/fhome/maed/HelicoDataSet/CrossValidation/Annotated/B22-174_0/00225_Aug4.png,1,0.1678011417388916
B22-174,/fhome/maed/HelicoDataSet/CrossValidation/Annotated/B22-174_0/00225_Aug8.png,1,0.166567862033844
B22-174,/fhome/maed/HelicoDataSet/CrossValidation/Annotated/B22-174_0/00207.png,0,0.11658254265785217
B22-174,/fhome/maed/HelicoDataSet/CrossValidation/Annotated/B22-174_0/00258.png,0,0.011364210397005081
B22-174,/fhome/maed/HelicoDataSet/CrossValidation/Annotated/B22-174_0/00249.png,1,0.16466061770915985
B22-174,/fhome/maed/HelicoDataSet/CrossValidation/Annotated/B22-174_0/00219.png,0,0.1118343323469162
B22-174,/fhome/maed/HelicoDataSet/CrossValidation/Annotated/B22-174_0/00224_Aug7.png,1,0.1481751948595047
B22-174,/fhome/maed/HelicoDataSet/CrossValidation/Annotated/B22-174_0/00239_Aug8.png,1,0.1733827441930771
B22-174,/fhome/maed/HelicoDataSet/CrossValidation/Annotated/B22-174_0/00154.png,0,0.007960914634168148
B22-174,/fhome/maed/HelicoDataSet/CrossValidation/Annotated/B22-174_0/00239_Aug6.png,1,0.17202551662921906
B22-174,/fhome/maed/HelicoDataSet/CrossValidation/Annotated/B22-174_0/00202.png,0,0.01159861870110035
B22-174,/fhome/maed/HelicoDataSet/CrossValidation/Annotated/B22-174_0/00227.png,0,0.07965023070573807
B22-174,/fhome/maed/HelicoDataSet/CrossValidation/Annotated/B22-174_0/00229.png,0,0.07820197194814682
B22-174,/fhome/maed/HelicoDataSet/CrossValidation/Annotated/B22-174_0/00217.png,0,0.010075658559799194
B22-174,/fhome/maed/HelicoDataSet/CrossValidation/Annotated/B22-174_0/00286.png,0,0.09593460708856583
B22-174,/fhome/maed/HelicoDataSet/CrossValidation/Annotated/B22-174_0/00194.png,0,0.004353970754891634
B22-174,/fhome/maed/HelicoDataSet/CrossValidation/Annotated/B22-174_0/00165.png,0,0.008722877129912376
B22-174,/fhome/maed/HelicoDataSet/CrossValidation/Annotated/B22-174_0/00184.png,0,0.004711376968771219
B22-174,/fhome/maed/HelicoDataSet/CrossValidation/Annotated/B22-174_0/00158.png,0,0.0802464708685875
B22-174,/fhome/maed/HelicoDataSet/CrossValidation/Annotated/B22-174_0/00239_Aug3.png,1,0.17400741577148438
B22-174,/fhome/maed/HelicoDataSet/CrossValidation/Annotated/B22-174_0/00177.png,0,0.039856184273958206
B22-174,/fhome/maed/HelicoDataSet/CrossValidation/Annotated/B22-174_0/00252.png,0,0.04696672409772873
B22-174,/fhome/maed/HelicoDataSet/CrossValidation/Annotated/B22-174_0/00233.png,0,0.08977792412042618
B22-174,/fhome/maed/HelicoDataSet/CrossValidation/Annotated/B22-174_0/00257.png,0,0.03943626582622528
B22-174,/fhome/maed/HelicoDataSet/CrossValidation/Annotated/B22-174_0/00275.png,0,0.02834036760032177
B22-174,/fhome/maed/HelicoDataSet/CrossValidation/Annotated/B22-174_0/00249_Aug7.png,1,0.1587735265493393
B22-174,/fhome/maed/HelicoDataSet/CrossValidation/Annotated/B22-174_0/00225_Aug7.png,1,0.17726299166679382
B22-174,/fhome/maed/HelicoDataSet/CrossValidation/Annotated/B22-174_0/00245.png,0,0.14391498267650604
B22-174,/fhome/maed/HelicoDataSet/CrossValidation/Annotated/B22-174_0/00631.png,0,0.13516733050346375
B22-174,/fhome/maed/HelicoDataSet/CrossValidation/Annotated/B22-174_0/00239_Aug5.png,1,0.17175517976284027
B22-174,/fhome/maed/HelicoDataSet/CrossValidation/Annotated/B22-174_0/00224.png,1,0.1680549681186676
B22-174,/fhome/maed/HelicoDataSet/CrossValidation/Annotated/B22-174_0/00157.png,0,0.08064261823892593
B22-308,/fhome/maed/HelicoDataSet/CrossValidation/Annotated/B22-308_0/00086.png,0,0.1494019478559494
B22-183,/fhome/maed/HelicoDataSet/CrossValidation/Annotated/B22-183_1/00817.png,0,0.06436043977737427
B22-183,/fhome/maed/HelicoDataSet/CrossValidation/Annotated/B22-183_1/00788.png,0,0.08480450510978699
B22-183,/fhome/maed/HelicoDataSet/CrossValidation/Annotated/B22-183_1/00704.png,0,0.08088695257902145
B22-183,/fhome/maed/HelicoDataSet/CrossValidation/Annotated/B22-183_1/00801.png,0,0.07831070572137833
B22-183,/fhome/maed/HelicoDataSet/CrossValidation/Annotated/B22-183_1/00472.png,0,0.14369890093803406
B22-59,/fhome/maed/HelicoDataSet/CrossValidation/Annotated/B22-59_1/00254.png,0,0.015372450463473797
B22-59,/fhome/maed/HelicoDataSet/CrossValidation/Annotated/B22-59_1/00198.png,0,0.07492528110742569
B22-59,/fhome/maed/HelicoDataSet/CrossValidation/Annotated/B22-59_1/00355.png,0,0.06822578608989716
B22-59,/fhome/maed/HelicoDataSet/CrossValidation/Annotated/B22-59_1/00137.png,0,0.09760686755180359
B22-158,/fhome/maed/HelicoDataSet/CrossValidation/Annotated/B22-158_0/01108_Aug4.png,1,0.1655069887638092
B22-158,/fhome/maed/HelicoDataSet/CrossValidation/Annotated/B22-158_0/00764_Aug6.png,1,0.16433262825012207
B22-158,/fhome/maed/HelicoDataSet/CrossValidation/Annotated/B22-158_0/00764_Aug5.png,1,0.1669282615184784
B22-158,/fhome/maed/HelicoDataSet/CrossValidation/Annotated/B22-158_0/00764_Aug1.png,1,0.16823607683181763
B22-158,/fhome/maed/HelicoDataSet/CrossValidation/Annotated/B22-158_0/00244_Aug3.png,1,0.16628971695899963
B22-158,/fhome/maed/HelicoDataSet/CrossValidation/Annotated/B22-158_0/00244_Aug2.png,1,0.17373362183570862
B22-158,/fhome/maed/HelicoDataSet/CrossValidation/Annotated/B22-158_0/00244_Aug5.png,1,0.16872605681419373
B22-158,/fhome/maed/HelicoDataSet/CrossValidation/Annotated/B22-158_0/01108_Aug8.png,1,0.16786053776741028
B22-158,/fhome/maed/HelicoDataSet/CrossValidation/Annotated/B22-158_0/01108_Aug2.png,1,0.16625820100307465
B22-158,/fhome/maed/HelicoDataSet/CrossValidation/Annotated/B22-158_0/01108_Aug5.png,1,0.169463112950325
B22-158,/fhome/maed/HelicoDataSet/CrossValidation/Annotated/B22-158_0/00244_Aug1.png,1,0.16903536021709442
B22-158,/fhome/maed/HelicoDataSet/CrossValidation/Annotated/B22-158_0/00764.png,1,0.16822785139083862
B22-158,/fhome/maed/HelicoDataSet/CrossValidation/Annotated/B22-158_0/01108.png,1,0.16550397872924805
B22-158,/fhome/maed/HelicoDataSet/CrossValidation/Annotated/B22-158_0/00764_Aug4.png,1,0.1650155782699585
B22-158,/fhome/maed/HelicoDataSet/CrossValidation/Annotated/B22-158_0/00764_Aug7.png,1,0.1650368720293045
B22-158,/fhome/maed/HelicoDataSet/CrossValidation/Annotated/B22-158_0/00764_Aug2.png,1,0.1659308224916458
B22-158,/fhome/maed/HelicoDataSet/CrossValidation/Annotated/B22-158_0/00244.png,1,0.16885624825954437
B22-158,/fhome/maed/HelicoDataSet/CrossValidation/Annotated/B22-158_0/00244_Aug8.png,1,0.16892370581626892
B22-158,/fhome/maed/HelicoDataSet/CrossValidation/Annotated/B22-158_0/01108_Aug1.png,1,0.16943874955177307
B22-158,/fhome/maed/HelicoDataSet/CrossValidation/Annotated/B22-158_0/01108_Aug3.png,1,0.16549775004386902
B22-158,/fhome/maed/HelicoDataSet/CrossValidation/Annotated/B22-158_0/00764_Aug3.png,1,0.16737298667430878
B22-158,/fhome/maed/HelicoDataSet/CrossValidation/Annotated/B22-158_0/01108_Aug6.png,1,0.16625258326530457
B22-158,/fhome/maed/HelicoDataSet/CrossValidation/Annotated/B22-158_0/00244_Aug6.png,1,0.16842269897460938
B22-158,/fhome/maed/HelicoDataSet/CrossValidation/Annotated/B22-158_0/00244_Aug7.png,1,0.16939043998718262
B22-158,/fhome/maed/HelicoDataSet/CrossValidation/Annotated/B22-158_0/00244_Aug4.png,1,0.17011459171772003
B22-158,/fhome/maed/HelicoDataSet/CrossValidation/Annotated/B22-158_0/00764_Aug8.png,1,0.1676107496023178
B22-158,/fhome/maed/HelicoDataSet/CrossValidation/Annotated/B22-158_0/00091.png,0,0.16388726234436035
B22-158,/fhome/maed/HelicoDataSet/CrossValidation/Annotated/B22-158_0/01108_Aug7.png,1,0.16766396164894104
B22-158,/fhome/maed/HelicoDataSet/CrossValidation/Annotated/B22-158_0/00969.png,0,0.09832767397165298
B22-251,/fhome/maed/HelicoDataSet/CrossValidation/Annotated/B22-251_0/01295.png,0,0.0651039332151413
B22-251,/fhome/maed/HelicoDataSet/CrossValidation/Annotated/B22-251_0/00210.png,0,0.07490141689777374
B22-251,/fhome/maed/HelicoDataSet/CrossValidation/Annotated/B22-251_0/01286.png,0,0.16190283000469208
B22-151,/fhome/maed/HelicoDataSet/CrossValidation/Annotated/B22-151_0/04625.png,0,0.07690716534852982
B22-151,/fhome/maed/HelicoDataSet/CrossValidation/Annotated/B22-151_0/00142.png,0,0.0790204182267189
B22-151,/fhome/maed/HelicoDataSet/CrossValidation/Annotated/B22-151_0/00678.png,0,0.1608450561761856
B22-151,/fhome/maed/HelicoDataSet/CrossValidation/Annotated/B22-151_0/07681.png,0,0.10924144089221954
B22-151,/fhome/maed/HelicoDataSet/CrossValidation/Annotated/B22-151_0/00458.png,0,0.16084791719913483
B22-151,/fhome/maed/HelicoDataSet/CrossValidation/Annotated/B22-151_0/00002.png,0,0.16651847958564758
B22-151,/fhome/maed/HelicoDataSet/CrossValidation/Annotated/B22-151_0/04353.png,0,0.014723622240126133
B22-151,/fhome/maed/HelicoDataSet/CrossValidation/Annotated/B22-151_0/00147.png,0,0.06914035975933075
B22-151,/fhome/maed/HelicoDataSet/CrossValidation/Annotated/B22-151_0/00146.png,0,0.018426256254315376
B22-151,/fhome/maed/HelicoDataSet/CrossValidation/Annotated/B22-151_0/07330.png,0,0.12057064473628998
B22-151,/fhome/maed/HelicoDataSet/CrossValidation/Annotated/B22-151_0/03310.png,0,0.09890749305486679
B22-151,/fhome/maed/HelicoDataSet/CrossValidation/Annotated/B22-151_0/00092.png,0,0.01163687277585268
B22-151,/fhome/maed/HelicoDataSet/CrossValidation/Annotated/B22-151_0/00100.png,0,0.1279677450656891
B22-151,/fhome/maed/HelicoDataSet/CrossValidation/Annotated/B22-151_0/00095.png,0,0.09085285663604736
B22-151,/fhome/maed/HelicoDataSet/CrossValidation/Annotated/B22-151_0/03312.png,0,0.16152861714363098
B22-151,/fhome/maed/HelicoDataSet/CrossValidation/Annotated/B22-151_0/05153.png,0,0.08285503089427948
B22-151,/fhome/maed/HelicoDataSet/CrossValidation/Annotated/B22-151_0/00677.png,0,0.12513640522956848
B22-151,/fhome/maed/HelicoDataSet/CrossValidation/Annotated/B22-151_0/00140.png,0,0.12627163529396057
B22-151,/fhome/maed/HelicoDataSet/CrossValidation/Annotated/B22-151_0/00676.png,0,0.11712640523910522
B22-151,/fhome/maed/HelicoDataSet/CrossValidation/Annotated/B22-151_0/00186.png,0,0.010230697691440582
B22-151,/fhome/maed/HelicoDataSet/CrossValidation/Annotated/B22-151_0/00148.png,0,0.06949889659881592
B22-151,/fhome/maed/HelicoDataSet/CrossValidation/Annotated/B22-151_0/07374.png,0,0.11925565451383591
B22-151,/fhome/maed/HelicoDataSet/CrossValidation/Annotated/B22-151_0/00093.png,0,0.00946942251175642
B22-151,/fhome/maed/HelicoDataSet/CrossValidation/Annotated/B22-151_0/06042.png,0,0.04066688194870949
B22-151,/fhome/maed/HelicoDataSet/CrossValidation/Annotated/B22-151_0/06132.png,0,0.15941409766674042
B22-151,/fhome/maed/HelicoDataSet/CrossValidation/Annotated/B22-151_0/06558.png,0,0.09837836027145386
B22-92,/fhome/maed/HelicoDataSet/CrossValidation/Annotated/B22-92_1/00586.png,0,0.004703156184405088
B22-92,/fhome/maed/HelicoDataSet/CrossValidation/Annotated/B22-92_1/00235.png,0,0.0048988210037350655
B22-92,/fhome/maed/HelicoDataSet/CrossValidation/Annotated/B22-92_1/00678.png,0,0.01044054888188839
B22-92,/fhome/maed/HelicoDataSet/CrossValidation/Annotated/B22-92_1/00346.png,0,0.010540039278566837
B22-92,/fhome/maed/HelicoDataSet/CrossValidation/Annotated/B22-92_1/00341.png,0,0.011458942666649818
B22-92,/fhome/maed/HelicoDataSet/CrossValidation/Annotated/B22-92_1/00485.png,0,0.008313980884850025
B22-92,/fhome/maed/HelicoDataSet/CrossValidation/Annotated/B22-92_1/00307.png,0,0.009990513324737549
B22-92,/fhome/maed/HelicoDataSet/CrossValidation/Annotated/B22-92_1/00517.png,0,0.018555831164121628
B22-92,/fhome/maed/HelicoDataSet/CrossValidation/Annotated/B22-92_1/00395.png,0,0.006464211270213127
B22-92,/fhome/maed/HelicoDataSet/CrossValidation/Annotated/B22-92_1/00676.png,0,0.08376297354698181
B22-92,/fhome/maed/HelicoDataSet/CrossValidation/Annotated/B22-92_1/00558.png,0,0.0849047377705574
B22-92,/fhome/maed/HelicoDataSet/CrossValidation/Annotated/B22-92_1/00619.png,0,0.008580549620091915
B22-92,/fhome/maed/HelicoDataSet/CrossValidation/Annotated/B22-92_1/00305.png,0,0.022302772849798203
B22-276,/fhome/maed/HelicoDataSet/CrossValidation/Annotated/B22-276_0/00776.png,0,0.1626039445400238
B22-276,/fhome/maed/HelicoDataSet/CrossValidation/Annotated/B22-276_0/01019.png,0,0.16552217304706573
B22-276,/fhome/maed/HelicoDataSet/CrossValidation/Annotated/B22-276_0/00162.png,0,0.1502738744020462
B22-276,/fhome/maed/HelicoDataSet/CrossValidation/Annotated/B22-276_0/01263.png,0,0.09947827458381653
B22-77,/fhome/maed/HelicoDataSet/CrossValidation/Annotated/B22-77_0/00442.png,0,0.12107500433921814
B22-77,/fhome/maed/HelicoDataSet/CrossValidation/Annotated/B22-77_0/01326.png,0,0.13393430411815643
B22-77,/fhome/maed/HelicoDataSet/CrossValidation/Annotated/B22-77_0/01657.png,0,0.009559502825140953
B22-77,/fhome/maed/HelicoDataSet/CrossValidation/Annotated/B22-77_0/01649.png,0,0.012168281711637974
B22-277,/fhome/maed/HelicoDataSet/CrossValidation/Annotated/B22-277_0/00601_Aug5.png,1,0.1827276051044464
B22-277,/fhome/maed/HelicoDataSet/CrossValidation/Annotated/B22-277_0/01139.png,0,0.011110604740679264
B22-277,/fhome/maed/HelicoDataSet/CrossValidation/Annotated/B22-277_0/00601_Aug4.png,1,0.18337467312812805
B22-277,/fhome/maed/HelicoDataSet/CrossValidation/Annotated/B22-277_0/00910.png,0,0.10452791303396225
B22-277,/fhome/maed/HelicoDataSet/CrossValidation/Annotated/B22-277_0/00601_Aug6.png,1,0.1830912083387375
B22-277,/fhome/maed/HelicoDataSet/CrossValidation/Annotated/B22-277_0/00212.png,0,0.1383981704711914
B22-277,/fhome/maed/HelicoDataSet/CrossValidation/Annotated/B22-277_0/00601_Aug2.png,1,0.1820535808801651
B22-277,/fhome/maed/HelicoDataSet/CrossValidation/Annotated/B22-277_0/01338.png,0,0.08629029989242554
B22-277,/fhome/maed/HelicoDataSet/CrossValidation/Annotated/B22-277_0/00601_Aug7.png,1,0.18454040586948395
B22-277,/fhome/maed/HelicoDataSet/CrossValidation/Annotated/B22-277_0/00601.png,1,0.18322071433067322
B22-277,/fhome/maed/HelicoDataSet/CrossValidation/Annotated/B22-277_0/00601_Aug3.png,1,0.18286822736263275
B22-277,/fhome/maed/HelicoDataSet/CrossValidation/Annotated/B22-277_0/00601_Aug1.png,1,0.18401430547237396
B22-277,/fhome/maed/HelicoDataSet/CrossValidation/Annotated/B22-277_0/00601_Aug8.png,1,0.1898106336593628
B22-192,/fhome/maed/HelicoDataSet/CrossValidation/Annotated/B22-192_1/00524.png,0,0.13074102997779846
B22-192,/fhome/maed/HelicoDataSet/CrossValidation/Annotated/B22-192_1/00520.png,0,0.16446252167224884
B22-192,/fhome/maed/HelicoDataSet/CrossValidation/Annotated/B22-192_1/00373.png,0,0.10561920702457428
B22-192,/fhome/maed/HelicoDataSet/CrossValidation/Annotated/B22-192_1/00203.png,0,0.005489849019795656
B22-192,/fhome/maed/HelicoDataSet/CrossValidation/Annotated/B22-192_1/00245.png,0,0.07031945884227753
B22-178,/fhome/maed/HelicoDataSet/CrossValidation/Annotated/B22-178_0/01111.png,0,0.010906488634645939
B22-248,/fhome/maed/HelicoDataSet/CrossValidation/Annotated/B22-248_0/01335.png,0,0.02703826315701008
B22-248,/fhome/maed/HelicoDataSet/CrossValidation/Annotated/B22-248_0/01337.png,0,0.004719290882349014
B22-248,/fhome/maed/HelicoDataSet/CrossValidation/Annotated/B22-248_0/01340.png,0,0.05092798173427582
B22-248,/fhome/maed/HelicoDataSet/CrossValidation/Annotated/B22-248_0/01338.png,0,0.0038152560591697693
B22-248,/fhome/maed/HelicoDataSet/CrossValidation/Annotated/B22-248_0/01336.png,0,0.011935769580304623
B22-248,/fhome/maed/HelicoDataSet/CrossValidation/Annotated/B22-248_0/01333.png,0,0.007491342723369598
B22-248,/fhome/maed/HelicoDataSet/CrossValidation/Annotated/B22-248_0/01332.png,0,0.009657640941441059
B22-248,/fhome/maed/HelicoDataSet/CrossValidation/Annotated/B22-248_0/01334.png,0,0.08104897290468216
B22-248,/fhome/maed/HelicoDataSet/CrossValidation/Annotated/B22-248_0/01339.png,0,0.050431426614522934
B22-181,/fhome/maed/HelicoDataSet/CrossValidation/Annotated/B22-181_1/01289.png,0,0.09359229356050491
B22-27,/fhome/maed/HelicoDataSet/CrossValidation/Annotated/B22-27_0/00200.png,0,0.1359594315290451
B22-27,/fhome/maed/HelicoDataSet/CrossValidation/Annotated/B22-27_0/02438.png,0,0.010767915286123753
B22-27,/fhome/maed/HelicoDataSet/CrossValidation/Annotated/B22-27_0/01419.png,0,0.08894527703523636
B22-27,/fhome/maed/HelicoDataSet/CrossValidation/Annotated/B22-27_0/01861.png,0,0.07548720389604568
B22-126,/fhome/maed/HelicoDataSet/CrossValidation/Annotated/B22-126_0/01535_Aug6.png,1,0.18174518644809723
B22-126,/fhome/maed/HelicoDataSet/CrossValidation/Annotated/B22-126_0/00664_Aug5.png,1,0.18897467851638794
B22-126,/fhome/maed/HelicoDataSet/CrossValidation/Annotated/B22-126_0/00667_Aug5.png,1,0.17401082813739777
B22-126,/fhome/maed/HelicoDataSet/CrossValidation/Annotated/B22-126_0/01535_Aug3.png,1,0.1873028576374054
B22-126,/fhome/maed/HelicoDataSet/CrossValidation/Annotated/B22-126_0/01176_Aug5.png,1,0.16332341730594635
B22-126,/fhome/maed/HelicoDataSet/CrossValidation/Annotated/B22-126_0/01144_Aug3.png,1,0.17414191365242004
B22-126,/fhome/maed/HelicoDataSet/CrossValidation/Annotated/B22-126_0/01239_Aug7.png,1,0.16846607625484467
B22-126,/fhome/maed/HelicoDataSet/CrossValidation/Annotated/B22-126_0/01537_Aug1.png,1,0.1772414892911911
B22-126,/fhome/maed/HelicoDataSet/CrossValidation/Annotated/B22-126_0/01387_Aug3.png,1,0.2443235218524933
B22-126,/fhome/maed/HelicoDataSet/CrossValidation/Annotated/B22-126_0/01176_Aug8.png,1,0.16459281742572784
B22-126,/fhome/maed/HelicoDataSet/CrossValidation/Annotated/B22-126_0/00664_Aug1.png,1,0.1887962520122528
B22-126,/fhome/maed/HelicoDataSet/CrossValidation/Annotated/B22-126_0/01728.png,1,0.16443778574466705
B22-126,/fhome/maed/HelicoDataSet/CrossValidation/Annotated/B22-126_0/01734_Aug5.png,1,0.16953496634960175
B22-126,/fhome/maed/HelicoDataSet/CrossValidation/Annotated/B22-126_0/01535_Aug2.png,1,0.19894839823246002
B22-126,/fhome/maed/HelicoDataSet/CrossValidation/Annotated/B22-126_0/01144_Aug8.png,1,0.17067928612232208
B22-126,/fhome/maed/HelicoDataSet/CrossValidation/Annotated/B22-126_0/01387_Aug1.png,1,0.7911161780357361
B22-126,/fhome/maed/HelicoDataSet/CrossValidation/Annotated/B22-126_0/01483_Aug8.png,1,0.16574673354625702
B22-126,/fhome/maed/HelicoDataSet/CrossValidation/Annotated/B22-126_0/00667_Aug1.png,1,0.18688374757766724
B22-126,/fhome/maed/HelicoDataSet/CrossValidation/Annotated/B22-126_0/01562_Aug8.png,1,0.1595381498336792
B22-126,/fhome/maed/HelicoDataSet/CrossValidation/Annotated/B22-126_0/01535_Aug4.png,1,0.2707509398460388
B22-126,/fhome/maed/HelicoDataSet/CrossValidation/Annotated/B22-126_0/00664_Aug4.png,1,0.2235984206199646
B22-126,/fhome/maed/HelicoDataSet/CrossValidation/Annotated/B22-126_0/01728_Aug1.png,1,0.16472582519054413
B22-126,/fhome/maed/HelicoDataSet/CrossValidation/Annotated/B22-126_0/01728_Aug5.png,1,0.16739921271800995
B22-126,/fhome/maed/HelicoDataSet/CrossValidation/Annotated/B22-126_0/03081_Aug6.png,1,0.18123966455459595
B22-126,/fhome/maed/HelicoDataSet/CrossValidation/Annotated/B22-126_0/01537_Aug7.png,1,0.17928647994995117
B22-126,/fhome/maed/HelicoDataSet/CrossValidation/Annotated/B22-126_0/01537_Aug2.png,1,0.1872166097164154
B22-126,/fhome/maed/HelicoDataSet/CrossValidation/Annotated/B22-126_0/01239_Aug5.png,1,0.16346317529678345
B22-126,/fhome/maed/HelicoDataSet/CrossValidation/Annotated/B22-126_0/01387_Aug6.png,1,0.1936074197292328
B22-126,/fhome/maed/HelicoDataSet/CrossValidation/Annotated/B22-126_0/02490.png,0,0.01965169422328472
B22-126,/fhome/maed/HelicoDataSet/CrossValidation/Annotated/B22-126_0/03081_Aug7.png,1,0.18231923878192902
B22-126,/fhome/maed/HelicoDataSet/CrossValidation/Annotated/B22-126_0/03081.png,1,0.1770920604467392
B22-126,/fhome/maed/HelicoDataSet/CrossValidation/Annotated/B22-126_0/01483_Aug6.png,1,0.1656670868396759
B22-126,/fhome/maed/HelicoDataSet/CrossValidation/Annotated/B22-126_0/01734_Aug8.png,1,0.17195051908493042
B22-126,/fhome/maed/HelicoDataSet/CrossValidation/Annotated/B22-126_0/03081_Aug3.png,1,0.17819665372371674
B22-126,/fhome/maed/HelicoDataSet/CrossValidation/Annotated/B22-126_0/01387_Aug7.png,1,0.1921217292547226
B22-126,/fhome/maed/HelicoDataSet/CrossValidation/Annotated/B22-126_0/01387_Aug5.png,1,0.19550788402557373
B22-126,/fhome/maed/HelicoDataSet/CrossValidation/Annotated/B22-126_0/01387_Aug8.png,1,0.1898404210805893
B22-126,/fhome/maed/HelicoDataSet/CrossValidation/Annotated/B22-126_0/01728_Aug2.png,1,0.16730591654777527
B22-126,/fhome/maed/HelicoDataSet/CrossValidation/Annotated/B22-126_0/03081_Aug5.png,1,0.18123970925807953
B22-126,/fhome/maed/HelicoDataSet/CrossValidation/Annotated/B22-126_0/01537_Aug3.png,1,0.1816006600856781
B22-126,/fhome/maed/HelicoDataSet/CrossValidation/Annotated/B22-126_0/03081_Aug4.png,1,0.17819665372371674
B22-126,/fhome/maed/HelicoDataSet/CrossValidation/Annotated/B22-126_0/01239_Aug4.png,1,0.1662069708108902
B22-126,/fhome/maed/HelicoDataSet/CrossValidation/Annotated/B22-126_0/00667_Aug3.png,1,0.17436407506465912
B22-126,/fhome/maed/HelicoDataSet/CrossValidation/Annotated/B22-126_0/01537_Aug5.png,1,0.26060646772384644
B22-126,/fhome/maed/HelicoDataSet/CrossValidation/Annotated/B22-126_0/01387_Aug4.png,1,0.2447081208229065
B22-126,/fhome/maed/HelicoDataSet/CrossValidation/Annotated/B22-126_0/00667_Aug2.png,1,0.18089322745800018
B22-126,/fhome/maed/HelicoDataSet/CrossValidation/Annotated/B22-126_0/01176_Aug7.png,1,0.16460658609867096
B22-126,/fhome/maed/HelicoDataSet/CrossValidation/Annotated/B22-126_0/01483_Aug1.png,1,0.16745996475219727
B22-126,/fhome/maed/HelicoDataSet/CrossValidation/Annotated/B22-126_0/00664_Aug2.png,1,0.1781732738018036
B22-126,/fhome/maed/HelicoDataSet/CrossValidation/Annotated/B22-126_0/01144_Aug1.png,1,0.17410780489444733
B22-126,/fhome/maed/HelicoDataSet/CrossValidation/Annotated/B22-126_0/00667.png,1,0.18017756938934326
B22-126,/fhome/maed/HelicoDataSet/CrossValidation/Annotated/B22-126_0/01535_Aug7.png,1,0.1864178478717804
B22-126,/fhome/maed/HelicoDataSet/CrossValidation/Annotated/B22-126_0/01535.png,1,0.20020192861557007
B22-126,/fhome/maed/HelicoDataSet/CrossValidation/Annotated/B22-126_0/01535_Aug5.png,1,0.18179385364055634
B22-126,/fhome/maed/HelicoDataSet/CrossValidation/Annotated/B22-126_0/01144_Aug6.png,1,0.16627955436706543
B22-126,/fhome/maed/HelicoDataSet/CrossValidation/Annotated/B22-126_0/01239_Aug3.png,1,0.16500990092754364
B22-126,/fhome/maed/HelicoDataSet/CrossValidation/Annotated/B22-126_0/01734.png,1,0.1616593450307846
B22-126,/fhome/maed/HelicoDataSet/CrossValidation/Annotated/B22-126_0/01176_Aug4.png,1,0.1632077544927597
B22-126,/fhome/maed/HelicoDataSet/CrossValidation/Annotated/B22-126_0/01176_Aug3.png,1,0.16322241723537445
B22-126,/fhome/maed/HelicoDataSet/CrossValidation/Annotated/B22-126_0/01144_Aug7.png,1,0.17350950837135315
B22-126,/fhome/maed/HelicoDataSet/CrossValidation/Annotated/B22-126_0/00664_Aug7.png,1,0.18643692135810852
B22-126,/fhome/maed/HelicoDataSet/CrossValidation/Annotated/B22-126_0/00664.png,1,0.18163558840751648
B22-126,/fhome/maed/HelicoDataSet/CrossValidation/Annotated/B22-126_0/01483_Aug2.png,1,0.16496208310127258
B22-126,/fhome/maed/HelicoDataSet/CrossValidation/Annotated/B22-126_0/00664_Aug8.png,1,0.18264853954315186
B22-126,/fhome/maed/HelicoDataSet/CrossValidation/Annotated/B22-126_0/00667_Aug4.png,1,0.16917970776557922
B22-126,/fhome/maed/HelicoDataSet/CrossValidation/Annotated/B22-126_0/01483_Aug4.png,1,0.1677435338497162
B22-126,/fhome/maed/HelicoDataSet/CrossValidation/Annotated/B22-126_0/00664_Aug6.png,1,0.17185404896736145
B22-126,/fhome/maed/HelicoDataSet/CrossValidation/Annotated/B22-126_0/00667_Aug7.png,1,0.18016238510608673
B22-126,/fhome/maed/HelicoDataSet/CrossValidation/Annotated/B22-126_0/01239_Aug1.png,1,0.16844391822814941
B22-126,/fhome/maed/HelicoDataSet/CrossValidation/Annotated/B22-126_0/01144_Aug2.png,1,0.18034406006336212
B22-126,/fhome/maed/HelicoDataSet/CrossValidation/Annotated/B22-126_0/01562_Aug6.png,1,0.17451328039169312
B22-126,/fhome/maed/HelicoDataSet/CrossValidation/Annotated/B22-126_0/03081_Aug8.png,1,0.18231913447380066
B22-126,/fhome/maed/HelicoDataSet/CrossValidation/Annotated/B22-126_0/01239_Aug2.png,1,0.16621455550193787
B22-126,/fhome/maed/HelicoDataSet/CrossValidation/Annotated/B22-126_0/01239_Aug8.png,1,0.1654549539089203
B22-126,/fhome/maed/HelicoDataSet/CrossValidation/Annotated/B22-126_0/01537.png,1,0.1728346049785614
B22-126,/fhome/maed/HelicoDataSet/CrossValidation/Annotated/B22-126_0/01734_Aug3.png,1,0.17061129212379456
B22-126,/fhome/maed/HelicoDataSet/CrossValidation/Annotated/B22-126_0/01728_Aug8.png,1,0.16726309061050415
B22-126,/fhome/maed/HelicoDataSet/CrossValidation/Annotated/B22-126_0/01176_Aug1.png,1,0.16303059458732605
B22-126,/fhome/maed/HelicoDataSet/CrossValidation/Annotated/B22-126_0/01483_Aug3.png,1,0.16981713473796844
B22-126,/fhome/maed/HelicoDataSet/CrossValidation/Annotated/B22-126_0/01728_Aug6.png,1,0.16727910935878754
B22-126,/fhome/maed/HelicoDataSet/CrossValidation/Annotated/B22-126_0/01387_Aug2.png,1,0.19222082197666168
B22-126,/fhome/maed/HelicoDataSet/CrossValidation/Annotated/B22-126_0/01562.png,1,0.19061896204948425
B22-126,/fhome/maed/HelicoDataSet/CrossValidation/Annotated/B22-126_0/01239_Aug6.png,1,0.1655672937631607
B22-126,/fhome/maed/HelicoDataSet/CrossValidation/Annotated/B22-126_0/01483.png,1,0.16469527781009674
B22-126,/fhome/maed/HelicoDataSet/CrossValidation/Annotated/B22-126_0/01535_Aug8.png,1,0.180850088596344
B22-126,/fhome/maed/HelicoDataSet/CrossValidation/Annotated/B22-126_0/01483_Aug5.png,1,0.16722415387630463
B22-126,/fhome/maed/HelicoDataSet/CrossValidation/Annotated/B22-126_0/01483_Aug7.png,1,0.16797804832458496
B22-126,/fhome/maed/HelicoDataSet/CrossValidation/Annotated/B22-126_0/01176_Aug2.png,1,0.16304738819599152
B22-126,/fhome/maed/HelicoDataSet/CrossValidation/Annotated/B22-126_0/01728_Aug3.png,1,0.16651910543441772
B22-126,/fhome/maed/HelicoDataSet/CrossValidation/Annotated/B22-126_0/01537_Aug6.png,1,0.17566344141960144
B22-126,/fhome/maed/HelicoDataSet/CrossValidation/Annotated/B22-126_0/01734_Aug2.png,1,0.17257897555828094
B22-126,/fhome/maed/HelicoDataSet/CrossValidation/Annotated/B22-126_0/01562_Aug4.png,1,0.1669454276561737
B22-126,/fhome/maed/HelicoDataSet/CrossValidation/Annotated/B22-126_0/00667_Aug6.png,1,0.17765966057777405
B22-126,/fhome/maed/HelicoDataSet/CrossValidation/Annotated/B22-126_0/01176.png,1,0.1636986881494522
B22-126,/fhome/maed/HelicoDataSet/CrossValidation/Annotated/B22-126_0/01239.png,1,0.1655411273241043
B22-126,/fhome/maed/HelicoDataSet/CrossValidation/Annotated/B22-126_0/01734_Aug7.png,1,0.16756169497966766
B22-126,/fhome/maed/HelicoDataSet/CrossValidation/Annotated/B22-126_0/03081_Aug2.png,1,0.17653442919254303
B22-126,/fhome/maed/HelicoDataSet/CrossValidation/Annotated/B22-126_0/01535_Aug1.png,1,0.1802307516336441
B22-126,/fhome/maed/HelicoDataSet/CrossValidation/Annotated/B22-126_0/00664_Aug3.png,1,0.18637175858020782
B22-126,/fhome/maed/HelicoDataSet/CrossValidation/Annotated/B22-126_0/01734_Aug4.png,1,0.1662079244852066
B22-126,/fhome/maed/HelicoDataSet/CrossValidation/Annotated/B22-126_0/01144.png,1,0.17423608899116516
B22-126,/fhome/maed/HelicoDataSet/CrossValidation/Annotated/B22-126_0/01176_Aug6.png,1,0.16692191362380981
B22-126,/fhome/maed/HelicoDataSet/CrossValidation/Annotated/B22-126_0/01734_Aug6.png,1,0.16525781154632568
B22-126,/fhome/maed/HelicoDataSet/CrossValidation/Annotated/B22-126_0/01728_Aug7.png,1,0.16548936069011688
B22-126,/fhome/maed/HelicoDataSet/CrossValidation/Annotated/B22-126_0/01387.png,1,0.25596851110458374
B22-126,/fhome/maed/HelicoDataSet/CrossValidation/Annotated/B22-126_0/01537_Aug4.png,1,0.1745283603668213
B22-126,/fhome/maed/HelicoDataSet/CrossValidation/Annotated/B22-126_0/01144_Aug4.png,1,0.17774845659732819
B22-126,/fhome/maed/HelicoDataSet/CrossValidation/Annotated/B22-126_0/01734_Aug1.png,1,0.16433607041835785
B22-126,/fhome/maed/HelicoDataSet/CrossValidation/Annotated/B22-126_0/01537_Aug8.png,1,0.17969053983688354
B22-126,/fhome/maed/HelicoDataSet/CrossValidation/Annotated/B22-126_0/00667_Aug8.png,1,0.17895232141017914
B22-126,/fhome/maed/HelicoDataSet/CrossValidation/Annotated/B22-126_0/01728_Aug4.png,1,0.16730158030986786
B22-126,/fhome/maed/HelicoDataSet/CrossValidation/Annotated/B22-126_0/01144_Aug5.png,1,0.17344318330287933
B22-126,/fhome/maed/HelicoDataSet/CrossValidation/Annotated/B22-126_0/01562_Aug2.png,1,0.18795780837535858
B22-126,/fhome/maed/HelicoDataSet/CrossValidation/Annotated/B22-126_0/03081_Aug1.png,1,0.17653441429138184
B22-187,/fhome/maed/HelicoDataSet/CrossValidation/Annotated/B22-187_0/00692.png,0,0.13851818442344666
B22-187,/fhome/maed/HelicoDataSet/CrossValidation/Annotated/B22-187_0/00588.png,0,0.07954496145248413
B22-187,/fhome/maed/HelicoDataSet/CrossValidation/Annotated/B22-187_0/00688.png,0,0.08559973537921906
B22-187,/fhome/maed/HelicoDataSet/CrossValidation/Annotated/B22-187_0/00591.png,0,0.070772185921669
B22-187,/fhome/maed/HelicoDataSet/CrossValidation/Annotated/B22-187_0/00726.png,0,0.07291136682033539
B22-187,/fhome/maed/HelicoDataSet/CrossValidation/Annotated/B22-187_0/00731.png,0,0.04596786946058273
B22-173,/fhome/maed/HelicoDataSet/CrossValidation/Annotated/B22-173_1/00375.png,0,0.009189803153276443
B22-173,/fhome/maed/HelicoDataSet/CrossValidation/Annotated/B22-173_1/00260.png,0,0.060362428426742554
B22-173,/fhome/maed/HelicoDataSet/CrossValidation/Annotated/B22-173_1/00207.png,0,0.1014242097735405
B22-173,/fhome/maed/HelicoDataSet/CrossValidation/Annotated/B22-173_1/00316.png,0,0.06909982860088348
B22-28,/fhome/maed/HelicoDataSet/CrossValidation/Annotated/B22-28_1/00131.png,0,0.021418781951069832
B22-28,/fhome/maed/HelicoDataSet/CrossValidation/Annotated/B22-28_1/00025.png,0,0.13310931622982025
B22-28,/fhome/maed/HelicoDataSet/CrossValidation/Annotated/B22-28_1/00349.png,0,0.023173008114099503
B22-28,/fhome/maed/HelicoDataSet/CrossValidation/Annotated/B22-28_1/00272.png,0,0.1517484188079834
B22-28,/fhome/maed/HelicoDataSet/CrossValidation/Annotated/B22-28_1/00095.png,0,0.08730309456586838
B22-28,/fhome/maed/HelicoDataSet/CrossValidation/Annotated/B22-28_1/00029.png,0,0.12282195687294006
B22-28,/fhome/maed/HelicoDataSet/CrossValidation/Annotated/B22-28_1/00249.png,0,0.09383299201726913
B22-110,/fhome/maed/HelicoDataSet/CrossValidation/Annotated/B22-110_1/00614.png,0,0.009064721874892712
B22-110,/fhome/maed/HelicoDataSet/CrossValidation/Annotated/B22-110_1/00045.png,0,0.009300489909946918
B22-110,/fhome/maed/HelicoDataSet/CrossValidation/Annotated/B22-110_1/00006.png,0,0.02230229601264
B22-249,/fhome/maed/HelicoDataSet/CrossValidation/Annotated/B22-249_0/00183_Aug5.png,1,0.17728330194950104
B22-249,/fhome/maed/HelicoDataSet/CrossValidation/Annotated/B22-249_0/01018.png,0,0.010104241780936718
B22-249,/fhome/maed/HelicoDataSet/CrossValidation/Annotated/B22-249_0/00929.png,0,0.13555583357810974
B22-249,/fhome/maed/HelicoDataSet/CrossValidation/Annotated/B22-249_0/01050.png,0,0.1599215865135193
B22-249,/fhome/maed/HelicoDataSet/CrossValidation/Annotated/B22-249_0/00892.png,0,0.013202880509197712
B22-249,/fhome/maed/HelicoDataSet/CrossValidation/Annotated/B22-249_0/00183_Aug6.png,1,0.1672956347465515
B22-249,/fhome/maed/HelicoDataSet/CrossValidation/Annotated/B22-249_0/00183_Aug2.png,1,0.17122483253479004
B22-249,/fhome/maed/HelicoDataSet/CrossValidation/Annotated/B22-249_0/00183.png,1,0.17550228536128998
B22-249,/fhome/maed/HelicoDataSet/CrossValidation/Annotated/B22-249_0/00183_Aug3.png,1,0.1675158441066742
B22-249,/fhome/maed/HelicoDataSet/CrossValidation/Annotated/B22-249_0/00183_Aug4.png,1,0.1711975634098053
B22-249,/fhome/maed/HelicoDataSet/CrossValidation/Annotated/B22-249_0/00183_Aug7.png,1,0.1982882022857666
B22-249,/fhome/maed/HelicoDataSet/CrossValidation/Annotated/B22-249_0/00162.png,0,0.011302798986434937
B22-249,/fhome/maed/HelicoDataSet/CrossValidation/Annotated/B22-249_0/00183_Aug1.png,1,0.1701229214668274
B22-249,/fhome/maed/HelicoDataSet/CrossValidation/Annotated/B22-249_0/00183_Aug8.png,1,0.1717185229063034
B22-249,/fhome/maed/HelicoDataSet/CrossValidation/Annotated/B22-249_0/01200.png,0,0.1319521814584732
B22-249,/fhome/maed/HelicoDataSet/CrossValidation/Annotated/B22-249_0/01053.png,0,0.157297745347023
B22-179,/fhome/maed/HelicoDataSet/CrossValidation/Annotated/B22-179_1/00315.png,0,0.018882550299167633
B22-25,/fhome/maed/HelicoDataSet/CrossValidation/Annotated/B22-25_0/02817.png,0,0.1269378364086151
B22-25,/fhome/maed/HelicoDataSet/CrossValidation/Annotated/B22-25_0/02816.png,0,0.05388805270195007
B22-108,/fhome/maed/HelicoDataSet/CrossValidation/Annotated/B22-108_0/00080.png,0,0.059691596776247025
B22-108,/fhome/maed/HelicoDataSet/CrossValidation/Annotated/B22-108_0/00022.png,0,0.012108709663152695
B22-108,/fhome/maed/HelicoDataSet/CrossValidation/Annotated/B22-108_0/00023.png,0,0.00868589710444212
B22-57,/fhome/maed/HelicoDataSet/CrossValidation/Annotated/B22-57_0/01142.png,0,0.10149510949850082
B22-57,/fhome/maed/HelicoDataSet/CrossValidation/Annotated/B22-57_0/01145.png,0,0.0547611229121685
B22-57,/fhome/maed/HelicoDataSet/CrossValidation/Annotated/B22-57_0/01144.png,0,0.05523604154586792
B22-57,/fhome/maed/HelicoDataSet/CrossValidation/Annotated/B22-57_0/00001.png,0,0.10184504836797714
B22-172,/fhome/maed/HelicoDataSet/CrossValidation/Annotated/B22-172_0/01401.png,0,0.07220807671546936
B22-172,/fhome/maed/HelicoDataSet/CrossValidation/Annotated/B22-172_0/00101.png,0,0.1610616147518158
B22-172,/fhome/maed/HelicoDataSet/CrossValidation/Annotated/B22-172_0/01205.png,0,0.019387569278478622
B22-172,/fhome/maed/HelicoDataSet/CrossValidation/Annotated/B22-172_0/00447.png,0,0.05539906024932861
B22-172,/fhome/maed/HelicoDataSet/CrossValidation/Annotated/B22-172_0/01230.png,0,0.16280420124530792
B22-172,/fhome/maed/HelicoDataSet/CrossValidation/Annotated/B22-172_0/01400.png,0,0.015158616006374359
B22-172,/fhome/maed/HelicoDataSet/CrossValidation/Annotated/B22-172_0/01207.png,0,0.1237659752368927
B22-172,/fhome/maed/HelicoDataSet/CrossValidation/Annotated/B22-172_0/01206.png,0,0.01127505861222744
B22-172,/fhome/maed/HelicoDataSet/CrossValidation/Annotated/B22-172_0/01229.png,0,0.010753855109214783
B22-142,/fhome/maed/HelicoDataSet/CrossValidation/Annotated/B22-142_0/00087.png,0,0.01057241391390562
B22-170,/fhome/maed/HelicoDataSet/CrossValidation/Annotated/B22-170_0/01015_Aug7.png,1,0.1680040806531906
B22-170,/fhome/maed/HelicoDataSet/CrossValidation/Annotated/B22-170_0/00949_Aug6.png,1,0.17048878967761993
B22-170,/fhome/maed/HelicoDataSet/CrossValidation/Annotated/B22-170_0/01094_Aug1.png,1,0.17292258143424988
B22-170,/fhome/maed/HelicoDataSet/CrossValidation/Annotated/B22-170_0/01094_Aug4.png,1,0.17292402684688568
B22-170,/fhome/maed/HelicoDataSet/CrossValidation/Annotated/B22-170_0/00949_Aug3.png,1,0.17252469062805176
B22-170,/fhome/maed/HelicoDataSet/CrossValidation/Annotated/B22-170_0/00949_Aug7.png,1,0.1723300814628601
B22-170,/fhome/maed/HelicoDataSet/CrossValidation/Annotated/B22-170_0/00949.png,1,0.17397552728652954
B22-170,/fhome/maed/HelicoDataSet/CrossValidation/Annotated/B22-170_0/00254.png,0,0.13422302901744843
B22-170,/fhome/maed/HelicoDataSet/CrossValidation/Annotated/B22-170_0/01094_Aug8.png,1,0.1795196682214737
B22-170,/fhome/maed/HelicoDataSet/CrossValidation/Annotated/B22-170_0/01015_Aug6.png,1,0.17279762029647827
B22-170,/fhome/maed/HelicoDataSet/CrossValidation/Annotated/B22-170_0/01094_Aug3.png,1,0.17780233919620514
B22-170,/fhome/maed/HelicoDataSet/CrossValidation/Annotated/B22-170_0/00793.png,0,0.10046204924583435
B22-170,/fhome/maed/HelicoDataSet/CrossValidation/Annotated/B22-170_0/01015_Aug3.png,1,0.17439159750938416
B22-170,/fhome/maed/HelicoDataSet/CrossValidation/Annotated/B22-170_0/01015_Aug8.png,1,0.17460767924785614
B22-170,/fhome/maed/HelicoDataSet/CrossValidation/Annotated/B22-170_0/01094_Aug7.png,1,0.18069660663604736
B22-170,/fhome/maed/HelicoDataSet/CrossValidation/Annotated/B22-170_0/01094.png,1,0.17342886328697205
B22-170,/fhome/maed/HelicoDataSet/CrossValidation/Annotated/B22-170_0/00949_Aug8.png,1,0.16859792172908783
B22-170,/fhome/maed/HelicoDataSet/CrossValidation/Annotated/B22-170_0/01015_Aug4.png,1,0.17281709611415863
B22-170,/fhome/maed/HelicoDataSet/CrossValidation/Annotated/B22-170_0/00949_Aug1.png,1,0.17234914004802704
B22-170,/fhome/maed/HelicoDataSet/CrossValidation/Annotated/B22-170_0/00949_Aug4.png,1,0.16394072771072388
B22-170,/fhome/maed/HelicoDataSet/CrossValidation/Annotated/B22-170_0/00949_Aug2.png,1,0.17247918248176575
B22-170,/fhome/maed/HelicoDataSet/CrossValidation/Annotated/B22-170_0/01095.png,0,0.021430883556604385
B22-170,/fhome/maed/HelicoDataSet/CrossValidation/Annotated/B22-170_0/01094_Aug6.png,1,0.17302602529525757
B22-170,/fhome/maed/HelicoDataSet/CrossValidation/Annotated/B22-170_0/01094_Aug5.png,1,0.17605139315128326
B22-170,/fhome/maed/HelicoDataSet/CrossValidation/Annotated/B22-170_0/00303.png,0,0.08127625286579132
B22-170,/fhome/maed/HelicoDataSet/CrossValidation/Annotated/B22-170_0/01015_Aug5.png,1,0.1685556024312973
B22-170,/fhome/maed/HelicoDataSet/CrossValidation/Annotated/B22-170_0/01015_Aug2.png,1,0.16801506280899048
B22-170,/fhome/maed/HelicoDataSet/CrossValidation/Annotated/B22-170_0/01094_Aug2.png,1,0.1778019368648529
B22-170,/fhome/maed/HelicoDataSet/CrossValidation/Annotated/B22-170_0/00055.png,0,0.003968648612499237
B22-170,/fhome/maed/HelicoDataSet/CrossValidation/Annotated/B22-170_0/00949_Aug5.png,1,0.16722331941127777
B22-170,/fhome/maed/HelicoDataSet/CrossValidation/Annotated/B22-170_0/01015.png,1,0.1689022034406662
B22-170,/fhome/maed/HelicoDataSet/CrossValidation/Annotated/B22-170_0/01015_Aug1.png,1,0.16889888048171997
B22-296,/fhome/maed/HelicoDataSet/CrossValidation/Annotated/B22-296_0/00307_Aug8.png,1,0.16391032934188843
B22-296,/fhome/maed/HelicoDataSet/CrossValidation/Annotated/B22-296_0/00307_Aug2.png,1,0.17016898095607758
B22-296,/fhome/maed/HelicoDataSet/CrossValidation/Annotated/B22-296_0/00307_Aug4.png,1,0.1718447208404541
B22-296,/fhome/maed/HelicoDataSet/CrossValidation/Annotated/B22-296_0/00307_Aug7.png,1,0.1742660254240036
B22-296,/fhome/maed/HelicoDataSet/CrossValidation/Annotated/B22-296_0/00307.png,1,0.17805194854736328
B22-296,/fhome/maed/HelicoDataSet/CrossValidation/Annotated/B22-296_0/00307_Aug3.png,1,0.17676928639411926
B22-296,/fhome/maed/HelicoDataSet/CrossValidation/Annotated/B22-296_0/00307_Aug6.png,1,0.17113932967185974
B22-296,/fhome/maed/HelicoDataSet/CrossValidation/Annotated/B22-296_0/00307_Aug5.png,1,0.17677441239356995
B22-296,/fhome/maed/HelicoDataSet/CrossValidation/Annotated/B22-296_0/00307_Aug1.png,1,0.17752043902873993
B22-109,/fhome/maed/HelicoDataSet/CrossValidation/Annotated/B22-109_0/00322.png,0,0.06521159410476685
B22-109,/fhome/maed/HelicoDataSet/CrossValidation/Annotated/B22-109_0/00323.png,0,0.07527067512273788
B22-109,/fhome/maed/HelicoDataSet/CrossValidation/Annotated/B22-109_0/00017.png,0,0.011393113993108273
B22-109,/fhome/maed/HelicoDataSet/CrossValidation/Annotated/B22-109_0/00320.png,0,0.07294385880231857
B22-303,/fhome/maed/HelicoDataSet/CrossValidation/Annotated/B22-303_0/00123_Aug6.png,1,0.16736508905887604
B22-303,/fhome/maed/HelicoDataSet/CrossValidation/Annotated/B22-303_0/00106_Aug7.png,1,0.1678418219089508
B22-303,/fhome/maed/HelicoDataSet/CrossValidation/Annotated/B22-303_0/00093_Aug2.png,1,0.16762039065361023
B22-303,/fhome/maed/HelicoDataSet/CrossValidation/Annotated/B22-303_0/00093_Aug3.png,1,0.1692175567150116
B22-303,/fhome/maed/HelicoDataSet/CrossValidation/Annotated/B22-303_0/00602_Aug8.png,1,0.17149201035499573
B22-303,/fhome/maed/HelicoDataSet/CrossValidation/Annotated/B22-303_0/00093_Aug8.png,1,0.1680396944284439
B22-303,/fhome/maed/HelicoDataSet/CrossValidation/Annotated/B22-303_0/00123_Aug4.png,1,0.16686701774597168
B22-303,/fhome/maed/HelicoDataSet/CrossValidation/Annotated/B22-303_0/00106.png,1,0.17400266230106354
B22-303,/fhome/maed/HelicoDataSet/CrossValidation/Annotated/B22-303_0/00602_Aug1.png,1,0.17010045051574707
B22-303,/fhome/maed/HelicoDataSet/CrossValidation/Annotated/B22-303_0/00106_Aug8.png,1,0.17561985552310944
B22-303,/fhome/maed/HelicoDataSet/CrossValidation/Annotated/B22-303_0/00106_Aug2.png,1,0.17038683593273163
B22-303,/fhome/maed/HelicoDataSet/CrossValidation/Annotated/B22-303_0/00106_Aug4.png,1,0.16819441318511963
B22-303,/fhome/maed/HelicoDataSet/CrossValidation/Annotated/B22-303_0/00106_Aug1.png,1,0.16885878145694733
B22-303,/fhome/maed/HelicoDataSet/CrossValidation/Annotated/B22-303_0/00093_Aug7.png,1,0.1706565022468567
B22-303,/fhome/maed/HelicoDataSet/CrossValidation/Annotated/B22-303_0/00106_Aug6.png,1,0.16840797662734985
B22-303,/fhome/maed/HelicoDataSet/CrossValidation/Annotated/B22-303_0/00602_Aug7.png,1,0.17819924652576447
B22-303,/fhome/maed/HelicoDataSet/CrossValidation/Annotated/B22-303_0/00093_Aug5.png,1,0.170660138130188
B22-303,/fhome/maed/HelicoDataSet/CrossValidation/Annotated/B22-303_0/00123.png,1,0.1653706580400467
B22-303,/fhome/maed/HelicoDataSet/CrossValidation/Annotated/B22-303_0/00123_Aug3.png,1,0.16822181642055511
B22-303,/fhome/maed/HelicoDataSet/CrossValidation/Annotated/B22-303_0/00106_Aug5.png,1,0.17392870783805847
B22-303,/fhome/maed/HelicoDataSet/CrossValidation/Annotated/B22-303_0/00123_Aug1.png,1,0.16678211092948914
B22-303,/fhome/maed/HelicoDataSet/CrossValidation/Annotated/B22-303_0/00123_Aug2.png,1,0.16864804923534393
B22-303,/fhome/maed/HelicoDataSet/CrossValidation/Annotated/B22-303_0/00093_Aug1.png,1,0.1676141619682312
B22-303,/fhome/maed/HelicoDataSet/CrossValidation/Annotated/B22-303_0/00602.png,1,0.16881458461284637
B22-303,/fhome/maed/HelicoDataSet/CrossValidation/Annotated/B22-303_0/00123_Aug5.png,1,0.16795207560062408
B22-303,/fhome/maed/HelicoDataSet/CrossValidation/Annotated/B22-303_0/00602_Aug5.png,1,0.17366087436676025
B22-303,/fhome/maed/HelicoDataSet/CrossValidation/Annotated/B22-303_0/00602_Aug6.png,1,0.1748262643814087
B22-303,/fhome/maed/HelicoDataSet/CrossValidation/Annotated/B22-303_0/00123_Aug7.png,1,0.17103877663612366
B22-303,/fhome/maed/HelicoDataSet/CrossValidation/Annotated/B22-303_0/00602_Aug4.png,1,0.17025978863239288
B22-303,/fhome/maed/HelicoDataSet/CrossValidation/Annotated/B22-303_0/00093_Aug4.png,1,0.1687089204788208
B22-303,/fhome/maed/HelicoDataSet/CrossValidation/Annotated/B22-303_0/00602_Aug2.png,1,0.16907335817813873
B22-303,/fhome/maed/HelicoDataSet/CrossValidation/Annotated/B22-303_0/00602_Aug3.png,1,0.17098870873451233
B22-303,/fhome/maed/HelicoDataSet/CrossValidation/Annotated/B22-303_0/00106_Aug3.png,1,0.17035728693008423
B22-303,/fhome/maed/HelicoDataSet/CrossValidation/Annotated/B22-303_0/00093.png,1,0.17328618466854095
B22-303,/fhome/maed/HelicoDataSet/CrossValidation/Annotated/B22-303_0/00093_Aug6.png,1,0.16878089308738708
B22-303,/fhome/maed/HelicoDataSet/CrossValidation/Annotated/B22-303_0/00123_Aug8.png,1,0.1631092131137848
B22-184,/fhome/maed/HelicoDataSet/CrossValidation/Annotated/B22-184_0/01180.png,0,0.1330774575471878
B22-184,/fhome/maed/HelicoDataSet/CrossValidation/Annotated/B22-184_0/01066.png,0,0.11227335035800934
B22-184,/fhome/maed/HelicoDataSet/CrossValidation/Annotated/B22-184_0/01179.png,0,0.018684960901737213
B22-184,/fhome/maed/HelicoDataSet/CrossValidation/Annotated/B22-184_0/01134.png,0,0.07130450010299683
B22-184,/fhome/maed/HelicoDataSet/CrossValidation/Annotated/B22-184_0/01178.png,0,0.008051885291934013
B22-184,/fhome/maed/HelicoDataSet/CrossValidation/Annotated/B22-184_0/01063.png,0,0.08493361622095108
B22-91,/fhome/maed/HelicoDataSet/CrossValidation/Annotated/B22-91_1/00087.png,0,0.0502440482378006
B22-91,/fhome/maed/HelicoDataSet/CrossValidation/Annotated/B22-91_1/00360.png,0,0.019025759771466255
B22-91,/fhome/maed/HelicoDataSet/CrossValidation/Annotated/B22-91_1/00165.png,0,0.011963731609284878
B22-91,/fhome/maed/HelicoDataSet/CrossValidation/Annotated/B22-91_1/00275.png,0,0.012705972418189049
B22-312,/fhome/maed/HelicoDataSet/CrossValidation/Annotated/B22-312_0/01780_Aug3.png,1,0.16860884428024292
B22-312,/fhome/maed/HelicoDataSet/CrossValidation/Annotated/B22-312_0/01154_Aug1.png,1,0.16772447526454926
B22-312,/fhome/maed/HelicoDataSet/CrossValidation/Annotated/B22-312_0/00010.png,0,0.012700327672064304
B22-312,/fhome/maed/HelicoDataSet/CrossValidation/Annotated/B22-312_0/00957.png,1,0.16814805567264557
B22-312,/fhome/maed/HelicoDataSet/CrossValidation/Annotated/B22-312_0/01780_Aug7.png,1,0.16786564886569977
B22-312,/fhome/maed/HelicoDataSet/CrossValidation/Annotated/B22-312_0/01780_Aug6.png,1,0.16628409922122955
B22-312,/fhome/maed/HelicoDataSet/CrossValidation/Annotated/B22-312_0/00957_Aug4.png,1,0.16814251244068146
B22-312,/fhome/maed/HelicoDataSet/CrossValidation/Annotated/B22-312_0/01764.png,0,0.05718256160616875
B22-312,/fhome/maed/HelicoDataSet/CrossValidation/Annotated/B22-312_0/00097.png,0,0.011489382945001125
B22-312,/fhome/maed/HelicoDataSet/CrossValidation/Annotated/B22-312_0/01461_Aug4.png,1,0.1582680642604828
B22-312,/fhome/maed/HelicoDataSet/CrossValidation/Annotated/B22-312_0/01780_Aug2.png,1,0.16632217168807983
B22-312,/fhome/maed/HelicoDataSet/CrossValidation/Annotated/B22-312_0/00235.png,0,0.01302232127636671
B22-312,/fhome/maed/HelicoDataSet/CrossValidation/Annotated/B22-312_0/01343.png,0,0.004392621107399464
B22-312,/fhome/maed/HelicoDataSet/CrossValidation/Annotated/B22-312_0/01154_Aug8.png,1,0.16966873407363892
B22-312,/fhome/maed/HelicoDataSet/CrossValidation/Annotated/B22-312_0/01461.png,1,0.1664884388446808
B22-312,/fhome/maed/HelicoDataSet/CrossValidation/Annotated/B22-312_0/01347.png,0,0.012322994880378246
B22-312,/fhome/maed/HelicoDataSet/CrossValidation/Annotated/B22-312_0/01679.png,0,0.05200866609811783
B22-312,/fhome/maed/HelicoDataSet/CrossValidation/Annotated/B22-312_0/00910.png,0,0.01917538233101368
B22-312,/fhome/maed/HelicoDataSet/CrossValidation/Annotated/B22-312_0/01763.png,0,0.07114160060882568
B22-312,/fhome/maed/HelicoDataSet/CrossValidation/Annotated/B22-312_0/01755.png,0,0.00488448329269886
B22-312,/fhome/maed/HelicoDataSet/CrossValidation/Annotated/B22-312_0/00957_Aug8.png,1,0.1682310253381729
B22-312,/fhome/maed/HelicoDataSet/CrossValidation/Annotated/B22-312_0/00308.png,0,0.05909622460603714
B22-312,/fhome/maed/HelicoDataSet/CrossValidation/Annotated/B22-312_0/01739.png,0,0.01660020649433136
B22-312,/fhome/maed/HelicoDataSet/CrossValidation/Annotated/B22-312_0/00957_Aug1.png,1,0.1680261641740799
B22-312,/fhome/maed/HelicoDataSet/CrossValidation/Annotated/B22-312_0/00957_Aug2.png,1,0.16791215538978577
B22-312,/fhome/maed/HelicoDataSet/CrossValidation/Annotated/B22-312_0/01154_Aug5.png,1,0.16726244986057281
B22-312,/fhome/maed/HelicoDataSet/CrossValidation/Annotated/B22-312_0/00957_Aug3.png,1,0.1706494241952896
B22-312,/fhome/maed/HelicoDataSet/CrossValidation/Annotated/B22-312_0/01154.png,1,0.1696702241897583
B22-312,/fhome/maed/HelicoDataSet/CrossValidation/Annotated/B22-312_0/01780_Aug4.png,1,0.16628603637218475
B22-312,/fhome/maed/HelicoDataSet/CrossValidation/Annotated/B22-312_0/01461_Aug8.png,1,0.1537213772535324
B22-312,/fhome/maed/HelicoDataSet/CrossValidation/Annotated/B22-312_0/01461_Aug5.png,1,0.16116294264793396
B22-312,/fhome/maed/HelicoDataSet/CrossValidation/Annotated/B22-312_0/01780_Aug5.png,1,0.16890674829483032
B22-312,/fhome/maed/HelicoDataSet/CrossValidation/Annotated/B22-312_0/01780_Aug8.png,1,0.16668851673603058
B22-312,/fhome/maed/HelicoDataSet/CrossValidation/Annotated/B22-312_0/01154_Aug6.png,1,0.1676182895898819
B22-312,/fhome/maed/HelicoDataSet/CrossValidation/Annotated/B22-312_0/01047.png,0,0.14862264692783356
B22-312,/fhome/maed/HelicoDataSet/CrossValidation/Annotated/B22-312_0/01461_Aug7.png,1,0.15170469880104065
B22-312,/fhome/maed/HelicoDataSet/CrossValidation/Annotated/B22-312_0/00957_Aug7.png,1,0.16932493448257446
B22-312,/fhome/maed/HelicoDataSet/CrossValidation/Annotated/B22-312_0/01468.png,0,0.02753407135605812
B22-312,/fhome/maed/HelicoDataSet/CrossValidation/Annotated/B22-312_0/01154_Aug4.png,1,0.16967083513736725
B22-312,/fhome/maed/HelicoDataSet/CrossValidation/Annotated/B22-312_0/01461_Aug3.png,1,0.15487883985042572
B22-312,/fhome/maed/HelicoDataSet/CrossValidation/Annotated/B22-312_0/00600.png,0,0.13800793886184692
B22-312,/fhome/maed/HelicoDataSet/CrossValidation/Annotated/B22-312_0/00891.png,0,0.016464434564113617
B22-312,/fhome/maed/HelicoDataSet/CrossValidation/Annotated/B22-312_0/01780_Aug1.png,1,0.16507811844348907
B22-312,/fhome/maed/HelicoDataSet/CrossValidation/Annotated/B22-312_0/00957_Aug5.png,1,0.1681264191865921
B22-312,/fhome/maed/HelicoDataSet/CrossValidation/Annotated/B22-312_0/01780.png,1,0.16874127089977264
B22-312,/fhome/maed/HelicoDataSet/CrossValidation/Annotated/B22-312_0/01461_Aug1.png,1,0.1554015576839447
B22-312,/fhome/maed/HelicoDataSet/CrossValidation/Annotated/B22-312_0/01461_Aug6.png,1,0.16643743216991425
B22-312,/fhome/maed/HelicoDataSet/CrossValidation/Annotated/B22-312_0/01154_Aug2.png,1,0.16761936247348785
B22-312,/fhome/maed/HelicoDataSet/CrossValidation/Annotated/B22-312_0/00000.png,0,0.16884492337703705
B22-312,/fhome/maed/HelicoDataSet/CrossValidation/Annotated/B22-312_0/01461_Aug2.png,1,0.164304718375206
B22-312,/fhome/maed/HelicoDataSet/CrossValidation/Annotated/B22-312_0/01154_Aug3.png,1,0.16763558983802795
B22-312,/fhome/maed/HelicoDataSet/CrossValidation/Annotated/B22-312_0/00957_Aug6.png,1,0.1670646369457245
B22-312,/fhome/maed/HelicoDataSet/CrossValidation/Annotated/B22-312_0/01758.png,0,0.05955004692077637
B22-312,/fhome/maed/HelicoDataSet/CrossValidation/Annotated/B22-312_0/00096.png,0,0.011655558831989765
B22-312,/fhome/maed/HelicoDataSet/CrossValidation/Annotated/B22-312_0/01154_Aug7.png,1,0.1670820415019989
B22-122,/fhome/maed/HelicoDataSet/CrossValidation/Annotated/B22-122_0/00368.png,0,0.06385131180286407
B22-122,/fhome/maed/HelicoDataSet/CrossValidation/Annotated/B22-122_0/00366.png,0,0.07365643978118896
B22-245,/fhome/maed/HelicoDataSet/CrossValidation/Annotated/B22-245_0/00266.png,0,0.00945768877863884
B22-245,/fhome/maed/HelicoDataSet/CrossValidation/Annotated/B22-245_0/00267.png,0,0.0752805769443512
B22-102,/fhome/maed/HelicoDataSet/CrossValidation/Annotated/B22-102_0/03685_Aug1.png,1,0.17212292551994324
B22-102,/fhome/maed/HelicoDataSet/CrossValidation/Annotated/B22-102_0/01468_Aug1.png,1,0.16212210059165955
B22-102,/fhome/maed/HelicoDataSet/CrossValidation/Annotated/B22-102_0/03685_Aug5.png,1,0.17234310507774353
B22-102,/fhome/maed/HelicoDataSet/CrossValidation/Annotated/B22-102_0/03685.png,1,0.17320971190929413
B22-102,/fhome/maed/HelicoDataSet/CrossValidation/Annotated/B22-102_0/01468_Aug2.png,1,0.15382075309753418
B22-102,/fhome/maed/HelicoDataSet/CrossValidation/Annotated/B22-102_0/03685_Aug8.png,1,0.16965442895889282
B22-102,/fhome/maed/HelicoDataSet/CrossValidation/Annotated/B22-102_0/03685_Aug4.png,1,0.17071327567100525
B22-102,/fhome/maed/HelicoDataSet/CrossValidation/Annotated/B22-102_0/01468_Aug7.png,1,0.008463501930236816
B22-102,/fhome/maed/HelicoDataSet/CrossValidation/Annotated/B22-102_0/03798.png,0,0.06869902461767197
B22-102,/fhome/maed/HelicoDataSet/CrossValidation/Annotated/B22-102_0/01468_Aug5.png,1,0.01361252460628748
B22-102,/fhome/maed/HelicoDataSet/CrossValidation/Annotated/B22-102_0/03685_Aug7.png,1,0.17249716818332672
B22-102,/fhome/maed/HelicoDataSet/CrossValidation/Annotated/B22-102_0/01468_Aug6.png,1,0.01018042303621769
B22-102,/fhome/maed/HelicoDataSet/CrossValidation/Annotated/B22-102_0/01468_Aug3.png,1,0.1573585867881775
B22-102,/fhome/maed/HelicoDataSet/CrossValidation/Annotated/B22-102_0/03685_Aug3.png,1,0.17346248030662537
B22-102,/fhome/maed/HelicoDataSet/CrossValidation/Annotated/B22-102_0/01468.png,1,0.16369393467903137
B22-102,/fhome/maed/HelicoDataSet/CrossValidation/Annotated/B22-102_0/01468_Aug8.png,1,0.008285504765808582
B22-102,/fhome/maed/HelicoDataSet/CrossValidation/Annotated/B22-102_0/03838.png,0,0.011676566675305367
B22-102,/fhome/maed/HelicoDataSet/CrossValidation/Annotated/B22-102_0/01468_Aug4.png,1,0.14994065463542938
B22-102,/fhome/maed/HelicoDataSet/CrossValidation/Annotated/B22-102_0/03685_Aug6.png,1,0.17639470100402832
B22-102,/fhome/maed/HelicoDataSet/CrossValidation/Annotated/B22-102_0/03685_Aug2.png,1,0.1707763522863388
B22-177,/fhome/maed/HelicoDataSet/CrossValidation/Annotated/B22-177_1/00298.png,0,0.08587523549795151
B22-177,/fhome/maed/HelicoDataSet/CrossValidation/Annotated/B22-177_1/00862.png,0,0.013003273867070675
B22-177,/fhome/maed/HelicoDataSet/CrossValidation/Annotated/B22-177_1/00469.png,0,0.009896117262542248
B22-177,/fhome/maed/HelicoDataSet/CrossValidation/Annotated/B22-177_1/01193.png,0,0.006485227029770613
B22-177,/fhome/maed/HelicoDataSet/CrossValidation/Annotated/B22-177_1/00962.png,0,0.014034387655556202
B22-177,/fhome/maed/HelicoDataSet/CrossValidation/Annotated/B22-177_1/01386.png,0,0.0410643070936203
B22-177,/fhome/maed/HelicoDataSet/CrossValidation/Annotated/B22-177_1/01836.png,0,0.08140780031681061
B22-156,/fhome/maed/HelicoDataSet/CrossValidation/Annotated/B22-156_0/00139_Aug7.png,1,0.16839386522769928
B22-156,/fhome/maed/HelicoDataSet/CrossValidation/Annotated/B22-156_0/00139_Aug2.png,1,0.16423946619033813
B22-156,/fhome/maed/HelicoDataSet/CrossValidation/Annotated/B22-156_0/00139_Aug4.png,1,0.1647418737411499
B22-156,/fhome/maed/HelicoDataSet/CrossValidation/Annotated/B22-156_0/00139_Aug5.png,1,0.16837942600250244
B22-156,/fhome/maed/HelicoDataSet/CrossValidation/Annotated/B22-156_0/00139_Aug6.png,1,0.1676321178674698
B22-156,/fhome/maed/HelicoDataSet/CrossValidation/Annotated/B22-156_0/00139_Aug1.png,1,0.16112734377384186
B22-156,/fhome/maed/HelicoDataSet/CrossValidation/Annotated/B22-156_0/00139_Aug3.png,1,0.16704308986663818
B22-156,/fhome/maed/HelicoDataSet/CrossValidation/Annotated/B22-156_0/00139_Aug8.png,1,0.16741590201854706
B22-156,/fhome/maed/HelicoDataSet/CrossValidation/Annotated/B22-156_0/00133.png,0,0.054106082767248154
B22-156,/fhome/maed/HelicoDataSet/CrossValidation/Annotated/B22-156_0/00139.png,1,0.17112286388874054
B22-74,/fhome/maed/HelicoDataSet/CrossValidation/Annotated/B22-74_0/00890_Aug7.png,1,0.16824690997600555
B22-74,/fhome/maed/HelicoDataSet/CrossValidation/Annotated/B22-74_0/00890_Aug8.png,1,0.16932232677936554
B22-74,/fhome/maed/HelicoDataSet/CrossValidation/Annotated/B22-74_0/00890_Aug2.png,1,0.1698092222213745
B22-74,/fhome/maed/HelicoDataSet/CrossValidation/Annotated/B22-74_0/00759.png,0,0.011300385929644108
B22-74,/fhome/maed/HelicoDataSet/CrossValidation/Annotated/B22-74_0/00890_Aug1.png,1,0.1749829351902008
B22-74,/fhome/maed/HelicoDataSet/CrossValidation/Annotated/B22-74_0/00415.png,0,0.15974192321300507
B22-74,/fhome/maed/HelicoDataSet/CrossValidation/Annotated/B22-74_0/00890.png,1,0.17255692183971405
B22-74,/fhome/maed/HelicoDataSet/CrossValidation/Annotated/B22-74_0/00890_Aug5.png,1,0.171029195189476
B22-74,/fhome/maed/HelicoDataSet/CrossValidation/Annotated/B22-74_0/00890_Aug6.png,1,0.1648000180721283
B22-74,/fhome/maed/HelicoDataSet/CrossValidation/Annotated/B22-74_0/00890_Aug4.png,1,0.16782845556735992
B22-74,/fhome/maed/HelicoDataSet/CrossValidation/Annotated/B22-74_0/00890_Aug3.png,1,0.16895201802253723
B22-74,/fhome/maed/HelicoDataSet/CrossValidation/Annotated/B22-74_0/00762.png,0,0.010305926203727722
B22-74,/fhome/maed/HelicoDataSet/CrossValidation/Annotated/B22-74_0/00420.png,0,0.16658926010131836
B22-74,/fhome/maed/HelicoDataSet/CrossValidation/Annotated/B22-74_0/00011.png,0,0.13218647241592407
B22-180,/fhome/maed/HelicoDataSet/CrossValidation/Annotated/B22-180_1/00629.png,0,0.010476574301719666
B22-180,/fhome/maed/HelicoDataSet/CrossValidation/Annotated/B22-180_1/00294.png,0,0.026853928342461586
B22-180,/fhome/maed/HelicoDataSet/CrossValidation/Annotated/B22-180_1/00658.png,0,0.01322279404848814
B22-180,/fhome/maed/HelicoDataSet/CrossValidation/Annotated/B22-180_1/00615.png,0,0.005241899285465479
B22-124,/fhome/maed/HelicoDataSet/CrossValidation/Annotated/B22-124_0/00759.png,0,0.011300385929644108
B22-124,/fhome/maed/HelicoDataSet/CrossValidation/Annotated/B22-124_0/00902_Aug8.png,1,0.16273577511310577
B22-124,/fhome/maed/HelicoDataSet/CrossValidation/Annotated/B22-124_0/00902_Aug7.png,1,0.16554658114910126
B22-124,/fhome/maed/HelicoDataSet/CrossValidation/Annotated/B22-124_0/00902_Aug1.png,1,0.16724176704883575
B22-124,/fhome/maed/HelicoDataSet/CrossValidation/Annotated/B22-124_0/00902.png,1,0.16526949405670166
B22-124,/fhome/maed/HelicoDataSet/CrossValidation/Annotated/B22-124_0/00902_Aug6.png,1,0.18243838846683502
B22-124,/fhome/maed/HelicoDataSet/CrossValidation/Annotated/B22-124_0/00902_Aug3.png,1,0.16474519670009613
B22-124,/fhome/maed/HelicoDataSet/CrossValidation/Annotated/B22-124_0/00902_Aug5.png,1,0.16530969738960266
B22-124,/fhome/maed/HelicoDataSet/CrossValidation/Annotated/B22-124_0/00762.png,0,0.010305926203727722
B22-124,/fhome/maed/HelicoDataSet/CrossValidation/Annotated/B22-124_0/00902_Aug4.png,1,0.16412276029586792
B22-124,/fhome/maed/HelicoDataSet/CrossValidation/Annotated/B22-124_0/01143.png,0,0.15101459622383118
B22-124,/fhome/maed/HelicoDataSet/CrossValidation/Annotated/B22-124_0/00902_Aug2.png,1,0.1654224395751953
B22-124,/fhome/maed/HelicoDataSet/CrossValidation/Annotated/B22-124_0/01419.png,0,0.008653239347040653
B22-124,/fhome/maed/HelicoDataSet/CrossValidation/Annotated/B22-124_0/00011.png,0,0.13218645751476288
B22-253,/fhome/maed/HelicoDataSet/CrossValidation/Annotated/B22-253_0/01723.png,0,0.05470409244298935
B22-253,/fhome/maed/HelicoDataSet/CrossValidation/Annotated/B22-253_0/02465.png,0,0.16595694422721863
B22-253,/fhome/maed/HelicoDataSet/CrossValidation/Annotated/B22-253_0/02440.png,0,0.1517973095178604
B22-253,/fhome/maed/HelicoDataSet/CrossValidation/Annotated/B22-253_0/01933.png,0,0.16192835569381714
B22-253,/fhome/maed/HelicoDataSet/CrossValidation/Annotated/B22-253_0/02317.png,0,0.16631250083446503
B22-253,/fhome/maed/HelicoDataSet/CrossValidation/Annotated/B22-253_0/01044.png,0,0.07197130471467972
B22-253,/fhome/maed/HelicoDataSet/CrossValidation/Annotated/B22-253_0/01036.png,0,0.14789476990699768
B22-253,/fhome/maed/HelicoDataSet/CrossValidation/Annotated/B22-253_0/01119.png,0,0.06884561479091644
B22-253,/fhome/maed/HelicoDataSet/CrossValidation/Annotated/B22-253_0/01219.png,0,0.16723695397377014
B22-253,/fhome/maed/HelicoDataSet/CrossValidation/Annotated/B22-253_0/00999.png,0,0.07427607476711273
B22-253,/fhome/maed/HelicoDataSet/CrossValidation/Annotated/B22-253_0/01115.png,0,0.0953197330236435
B22-253,/fhome/maed/HelicoDataSet/CrossValidation/Annotated/B22-253_0/02437.png,0,0.15877263247966766
B22-253,/fhome/maed/HelicoDataSet/CrossValidation/Annotated/B22-253_0/01016.png,0,0.1616736799478531
B22-253,/fhome/maed/HelicoDataSet/CrossValidation/Annotated/B22-253_0/01039.png,0,0.141558438539505
B22-253,/fhome/maed/HelicoDataSet/CrossValidation/Annotated/B22-253_0/02398.png,0,0.16124550998210907
B22-253,/fhome/maed/HelicoDataSet/CrossValidation/Annotated/B22-253_0/01937.png,0,0.16086818277835846
B22-253,/fhome/maed/HelicoDataSet/CrossValidation/Annotated/B22-253_0/01144.png,0,0.12855756282806396
B22-253,/fhome/maed/HelicoDataSet/CrossValidation/Annotated/B22-253_0/01143.png,0,0.07787314057350159
B22-253,/fhome/maed/HelicoDataSet/CrossValidation/Annotated/B22-253_0/02478.png,0,0.0697578713297844
B22-129,/fhome/maed/HelicoDataSet/CrossValidation/Annotated/B22-129_0/00659.png,0,0.02217237278819084
B22-240,/fhome/maed/HelicoDataSet/CrossValidation/Annotated/B22-240_0/00500_Aug5.png,1,0.16977833211421967
B22-240,/fhome/maed/HelicoDataSet/CrossValidation/Annotated/B22-240_0/00500_Aug3.png,1,0.1693994700908661
B22-240,/fhome/maed/HelicoDataSet/CrossValidation/Annotated/B22-240_0/00500_Aug1.png,1,0.16873644292354584
B22-240,/fhome/maed/HelicoDataSet/CrossValidation/Annotated/B22-240_0/00629_Aug3.png,1,0.16779343783855438
B22-240,/fhome/maed/HelicoDataSet/CrossValidation/Annotated/B22-240_0/00629_Aug7.png,1,0.1796470582485199
B22-240,/fhome/maed/HelicoDataSet/CrossValidation/Annotated/B22-240_0/00629.png,1,0.16509342193603516
B22-240,/fhome/maed/HelicoDataSet/CrossValidation/Annotated/B22-240_0/00629_Aug4.png,1,0.1749664843082428
B22-240,/fhome/maed/HelicoDataSet/CrossValidation/Annotated/B22-240_0/00500_Aug6.png,1,0.17444026470184326
B22-240,/fhome/maed/HelicoDataSet/CrossValidation/Annotated/B22-240_0/00500_Aug7.png,1,0.17354632914066315
B22-240,/fhome/maed/HelicoDataSet/CrossValidation/Annotated/B22-240_0/00500_Aug4.png,1,0.18163524568080902
B22-240,/fhome/maed/HelicoDataSet/CrossValidation/Annotated/B22-240_0/00629_Aug2.png,1,0.16463130712509155
B22-240,/fhome/maed/HelicoDataSet/CrossValidation/Annotated/B22-240_0/00740_Aug8.png,1,0.1644189953804016
B22-240,/fhome/maed/HelicoDataSet/CrossValidation/Annotated/B22-240_0/00740_Aug3.png,1,0.16170945763587952
B22-240,/fhome/maed/HelicoDataSet/CrossValidation/Annotated/B22-240_0/00740_Aug4.png,1,0.16761057078838348
B22-240,/fhome/maed/HelicoDataSet/CrossValidation/Annotated/B22-240_0/00740_Aug5.png,1,0.16217339038848877
B22-240,/fhome/maed/HelicoDataSet/CrossValidation/Annotated/B22-240_0/00807.png,0,0.1426927000284195
B22-240,/fhome/maed/HelicoDataSet/CrossValidation/Annotated/B22-240_0/00629_Aug8.png,1,0.1660003811120987
B22-240,/fhome/maed/HelicoDataSet/CrossValidation/Annotated/B22-240_0/00740_Aug6.png,1,0.16761699318885803
B22-240,/fhome/maed/HelicoDataSet/CrossValidation/Annotated/B22-240_0/00740_Aug1.png,1,0.16760483384132385
B22-240,/fhome/maed/HelicoDataSet/CrossValidation/Annotated/B22-240_0/00740.png,1,0.1616995632648468
B22-240,/fhome/maed/HelicoDataSet/CrossValidation/Annotated/B22-240_0/00740_Aug7.png,1,0.16577905416488647
B22-240,/fhome/maed/HelicoDataSet/CrossValidation/Annotated/B22-240_0/00629_Aug1.png,1,0.1752430498600006
B22-240,/fhome/maed/HelicoDataSet/CrossValidation/Annotated/B22-240_0/00629_Aug6.png,1,0.16949734091758728
B22-240,/fhome/maed/HelicoDataSet/CrossValidation/Annotated/B22-240_0/00500_Aug8.png,1,0.18396179378032684
B22-240,/fhome/maed/HelicoDataSet/CrossValidation/Annotated/B22-240_0/00039.png,0,0.14008520543575287
B22-240,/fhome/maed/HelicoDataSet/CrossValidation/Annotated/B22-240_0/00038.png,0,0.15343014895915985
B22-240,/fhome/maed/HelicoDataSet/CrossValidation/Annotated/B22-240_0/00500_Aug2.png,1,0.1706773042678833
B22-240,/fhome/maed/HelicoDataSet/CrossValidation/Annotated/B22-240_0/00814.png,0,0.1538633555173874
B22-240,/fhome/maed/HelicoDataSet/CrossValidation/Annotated/B22-240_0/00629_Aug5.png,1,0.16684077680110931
B22-240,/fhome/maed/HelicoDataSet/CrossValidation/Annotated/B22-240_0/00500.png,1,0.17158761620521545
B22-240,/fhome/maed/HelicoDataSet/CrossValidation/Annotated/B22-240_0/00740_Aug2.png,1,0.16739782691001892
B22-55,/fhome/maed/HelicoDataSet/CrossValidation/Annotated/B22-55_0/00314.png,0,0.006007628981024027
B22-106,/fhome/maed/HelicoDataSet/CrossValidation/Annotated/B22-106_1/00071.png,0,0.008486706763505936
B22-106,/fhome/maed/HelicoDataSet/CrossValidation/Annotated/B22-106_1/00079.png,0,0.10280682146549225
B22-106,/fhome/maed/HelicoDataSet/CrossValidation/Annotated/B22-106_1/00166.png,0,0.00996975228190422
B22-106,/fhome/maed/HelicoDataSet/CrossValidation/Annotated/B22-106_1/00281.png,0,0.011371872387826443
B22-106,/fhome/maed/HelicoDataSet/CrossValidation/Annotated/B22-106_1/00389.png,0,0.010561663657426834
B22-106,/fhome/maed/HelicoDataSet/CrossValidation/Annotated/B22-106_1/00125.png,0,0.007973934523761272
B22-106,/fhome/maed/HelicoDataSet/CrossValidation/Annotated/B22-106_1/00344.png,0,0.013987862505018711
B22-106,/fhome/maed/HelicoDataSet/CrossValidation/Annotated/B22-106_1/00469.png,0,0.011558138765394688
B22-106,/fhome/maed/HelicoDataSet/CrossValidation/Annotated/B22-106_1/00319.png,0,0.01404015626758337
B22-106,/fhome/maed/HelicoDataSet/CrossValidation/Annotated/B22-106_1/00128.png,0,0.010970594361424446
B22-106,/fhome/maed/HelicoDataSet/CrossValidation/Annotated/B22-106_1/00269.png,0,0.018810713663697243
B22-114,/fhome/maed/HelicoDataSet/CrossValidation/Annotated/B22-114_0/00112_Aug5.png,1,0.1895214170217514
B22-114,/fhome/maed/HelicoDataSet/CrossValidation/Annotated/B22-114_0/00080_Aug7.png,1,0.18401199579238892
B22-114,/fhome/maed/HelicoDataSet/CrossValidation/Annotated/B22-114_0/00112_Aug4.png,1,0.18341059982776642
B22-114,/fhome/maed/HelicoDataSet/CrossValidation/Annotated/B22-114_0/00054_Aug7.png,1,0.16675010323524475
B22-114,/fhome/maed/HelicoDataSet/CrossValidation/Annotated/B22-114_0/00238_Aug3.png,1,0.19429588317871094
B22-114,/fhome/maed/HelicoDataSet/CrossValidation/Annotated/B22-114_0/00054_Aug2.png,1,0.16688506305217743
B22-114,/fhome/maed/HelicoDataSet/CrossValidation/Annotated/B22-114_0/00080_Aug8.png,1,0.18285523355007172
B22-114,/fhome/maed/HelicoDataSet/CrossValidation/Annotated/B22-114_0/00112.png,1,0.18231917917728424
B22-114,/fhome/maed/HelicoDataSet/CrossValidation/Annotated/B22-114_0/00238_Aug1.png,1,0.18106482923030853
B22-114,/fhome/maed/HelicoDataSet/CrossValidation/Annotated/B22-114_0/00238_Aug5.png,1,0.18085835874080658
B22-114,/fhome/maed/HelicoDataSet/CrossValidation/Annotated/B22-114_0/00080_Aug3.png,1,0.24026307463645935
B22-114,/fhome/maed/HelicoDataSet/CrossValidation/Annotated/B22-114_0/00080.png,1,14.726911544799805
B22-114,/fhome/maed/HelicoDataSet/CrossValidation/Annotated/B22-114_0/00080_Aug5.png,1,0.18087826669216156
B22-114,/fhome/maed/HelicoDataSet/CrossValidation/Annotated/B22-114_0/00054_Aug8.png,1,0.16273115575313568
B22-114,/fhome/maed/HelicoDataSet/CrossValidation/Annotated/B22-114_0/00112_Aug7.png,1,0.1863623559474945
B22-114,/fhome/maed/HelicoDataSet/CrossValidation/Annotated/B22-114_0/00238.png,1,0.17937761545181274
B22-114,/fhome/maed/HelicoDataSet/CrossValidation/Annotated/B22-114_0/00238_Aug2.png,1,0.17878924310207367
B22-114,/fhome/maed/HelicoDataSet/CrossValidation/Annotated/B22-114_0/00054_Aug3.png,1,0.16775237023830414
B22-114,/fhome/maed/HelicoDataSet/CrossValidation/Annotated/B22-114_0/00112_Aug2.png,1,0.1905437707901001
B22-114,/fhome/maed/HelicoDataSet/CrossValidation/Annotated/B22-114_0/00080_Aug6.png,1,0.17210961878299713
B22-114,/fhome/maed/HelicoDataSet/CrossValidation/Annotated/B22-114_0/00112_Aug3.png,1,0.19148609042167664
B22-114,/fhome/maed/HelicoDataSet/CrossValidation/Annotated/B22-114_0/00080_Aug2.png,1,0.18176405131816864
B22-114,/fhome/maed/HelicoDataSet/CrossValidation/Annotated/B22-114_0/00112_Aug6.png,1,0.1942313015460968
B22-114,/fhome/maed/HelicoDataSet/CrossValidation/Annotated/B22-114_0/00054_Aug1.png,1,0.16676920652389526
B22-114,/fhome/maed/HelicoDataSet/CrossValidation/Annotated/B22-114_0/00238_Aug4.png,1,0.1746310144662857
B22-114,/fhome/maed/HelicoDataSet/CrossValidation/Annotated/B22-114_0/00080_Aug1.png,1,0.1832072138786316
B22-114,/fhome/maed/HelicoDataSet/CrossValidation/Annotated/B22-114_0/00112_Aug8.png,1,0.1805405616760254
B22-114,/fhome/maed/HelicoDataSet/CrossValidation/Annotated/B22-114_0/00238_Aug6.png,1,0.17986741662025452
B22-114,/fhome/maed/HelicoDataSet/CrossValidation/Annotated/B22-114_0/00080_Aug4.png,1,0.17291736602783203
B22-114,/fhome/maed/HelicoDataSet/CrossValidation/Annotated/B22-114_0/00054.png,1,0.16790100932121277
B22-114,/fhome/maed/HelicoDataSet/CrossValidation/Annotated/B22-114_0/00112_Aug1.png,1,0.18284054100513458
B22-114,/fhome/maed/HelicoDataSet/CrossValidation/Annotated/B22-114_0/00238_Aug8.png,1,0.1757650226354599
B22-114,/fhome/maed/HelicoDataSet/CrossValidation/Annotated/B22-114_0/00238_Aug7.png,1,0.1932307332754135
B22-114,/fhome/maed/HelicoDataSet/CrossValidation/Annotated/B22-114_0/00054_Aug4.png,1,0.16764533519744873
B22-114,/fhome/maed/HelicoDataSet/CrossValidation/Annotated/B22-114_0/00054_Aug5.png,1,0.16995200514793396
B22-114,/fhome/maed/HelicoDataSet/CrossValidation/Annotated/B22-114_0/00054_Aug6.png,1,0.16665153205394745
B22-114,/fhome/maed/HelicoDataSet/CrossValidation/Annotated/B22-114_0/00158.png,0,0.1620611995458603
B22-114,/fhome/maed/HelicoDataSet/CrossValidation/Annotated/B22-114_0/00012.png,0,0.10732875764369965
B22-234,/fhome/maed/HelicoDataSet/CrossValidation/Annotated/B22-234_0/02275.png,0,0.022639572620391846
B22-234,/fhome/maed/HelicoDataSet/CrossValidation/Annotated/B22-234_0/00003.png,0,0.1311800479888916
B22-115,/fhome/maed/HelicoDataSet/CrossValidation/Annotated/B22-115_0/00234.png,0,0.1642301082611084
B22-115,/fhome/maed/HelicoDataSet/CrossValidation/Annotated/B22-115_0/00122.png,0,0.07873521745204926
B22-306,/fhome/maed/HelicoDataSet/CrossValidation/Annotated/B22-306_0/01039.png,0,0.011751363053917885
B22-154,/fhome/maed/HelicoDataSet/CrossValidation/Annotated/B22-154_0/00166.png,0,0.14855603873729706
B22-154,/fhome/maed/HelicoDataSet/CrossValidation/Annotated/B22-154_0/00437.png,0,0.14922884106636047
B22-103,/fhome/maed/HelicoDataSet/CrossValidation/Annotated/B22-103_0/02245_Aug2.png,1,0.16758133471012115
B22-103,/fhome/maed/HelicoDataSet/CrossValidation/Annotated/B22-103_0/02201_Aug5.png,1,0.0046094139106571674
B22-103,/fhome/maed/HelicoDataSet/CrossValidation/Annotated/B22-103_0/02245_Aug7.png,1,0.16820551455020905
B22-103,/fhome/maed/HelicoDataSet/CrossValidation/Annotated/B22-103_0/02245_Aug5.png,1,0.16864803433418274
B22-103,/fhome/maed/HelicoDataSet/CrossValidation/Annotated/B22-103_0/02245_Aug1.png,1,0.16777552664279938
B22-103,/fhome/maed/HelicoDataSet/CrossValidation/Annotated/B22-103_0/02201_Aug4.png,1,0.15556280314922333
B22-103,/fhome/maed/HelicoDataSet/CrossValidation/Annotated/B22-103_0/02201_Aug7.png,1,0.004806234501302242
B22-103,/fhome/maed/HelicoDataSet/CrossValidation/Annotated/B22-103_0/02201_Aug1.png,1,0.15445071458816528
B22-103,/fhome/maed/HelicoDataSet/CrossValidation/Annotated/B22-103_0/02201_Aug3.png,1,0.00673590088263154
B22-103,/fhome/maed/HelicoDataSet/CrossValidation/Annotated/B22-103_0/02201.png,1,0.14540044963359833
B22-103,/fhome/maed/HelicoDataSet/CrossValidation/Annotated/B22-103_0/02245_Aug3.png,1,0.1682712584733963
B22-103,/fhome/maed/HelicoDataSet/CrossValidation/Annotated/B22-103_0/02201_Aug2.png,1,0.15157297253608704
B22-103,/fhome/maed/HelicoDataSet/CrossValidation/Annotated/B22-103_0/02245.png,1,0.16740065813064575
B22-103,/fhome/maed/HelicoDataSet/CrossValidation/Annotated/B22-103_0/02201_Aug6.png,1,0.14879359304904938
B22-103,/fhome/maed/HelicoDataSet/CrossValidation/Annotated/B22-103_0/02201_Aug8.png,1,0.16457979381084442
B22-103,/fhome/maed/HelicoDataSet/CrossValidation/Annotated/B22-103_0/02245_Aug4.png,1,0.16706350445747375
B22-103,/fhome/maed/HelicoDataSet/CrossValidation/Annotated/B22-103_0/02245_Aug8.png,1,0.16698546707630157
B22-103,/fhome/maed/HelicoDataSet/CrossValidation/Annotated/B22-103_0/02245_Aug6.png,1,0.1674611121416092
B22-103,/fhome/maed/HelicoDataSet/CrossValidation/Annotated/B22-103_0/02790.png,0,0.08942855149507523
B22-218,/fhome/maed/HelicoDataSet/CrossValidation/Annotated/B22-218_0/00901.png,0,0.16960087418556213
B22-218,/fhome/maed/HelicoDataSet/CrossValidation/Annotated/B22-218_0/00782.png,0,0.011084170080721378
B22-218,/fhome/maed/HelicoDataSet/CrossValidation/Annotated/B22-218_0/00771.png,0,0.08444254100322723
B22-218,/fhome/maed/HelicoDataSet/CrossValidation/Annotated/B22-218_0/00884.png,0,0.07108660042285919
B22-218,/fhome/maed/HelicoDataSet/CrossValidation/Annotated/B22-218_0/01755.png,0,0.02203085459768772
B22-218,/fhome/maed/HelicoDataSet/CrossValidation/Annotated/B22-218_0/00838.png,0,0.10102471709251404
B22-218,/fhome/maed/HelicoDataSet/CrossValidation/Annotated/B22-218_0/01400.png,0,0.0709318295121193
B22-218,/fhome/maed/HelicoDataSet/CrossValidation/Annotated/B22-218_0/00777.png,0,0.02534458599984646
B22-218,/fhome/maed/HelicoDataSet/CrossValidation/Annotated/B22-218_0/01753.png,0,0.061413295567035675
B22-218,/fhome/maed/HelicoDataSet/CrossValidation/Annotated/B22-218_0/00902.png,0,0.16357040405273438
B22-218,/fhome/maed/HelicoDataSet/CrossValidation/Annotated/B22-218_0/00875.png,0,0.11985094845294952
B22-218,/fhome/maed/HelicoDataSet/CrossValidation/Annotated/B22-218_0/00877.png,0,0.11539135873317719
B22-218,/fhome/maed/HelicoDataSet/CrossValidation/Annotated/B22-218_0/00882.png,0,0.1220928207039833
B22-218,/fhome/maed/HelicoDataSet/CrossValidation/Annotated/B22-218_0/00837.png,0,0.06614391505718231
B22-218,/fhome/maed/HelicoDataSet/CrossValidation/Annotated/B22-218_0/00779.png,0,0.06784408539533615
B22-218,/fhome/maed/HelicoDataSet/CrossValidation/Annotated/B22-218_0/01210.png,0,0.1675507128238678
B22-218,/fhome/maed/HelicoDataSet/CrossValidation/Annotated/B22-218_0/00900.png,0,0.1581866443157196
B22-218,/fhome/maed/HelicoDataSet/CrossValidation/Annotated/B22-218_0/01754.png,0,0.15867936611175537
B22-218,/fhome/maed/HelicoDataSet/CrossValidation/Annotated/B22-218_0/00772.png,0,0.07764396071434021
B22-218,/fhome/maed/HelicoDataSet/CrossValidation/Annotated/B22-218_0/00836.png,0,0.07995850592851639
B22-218,/fhome/maed/HelicoDataSet/CrossValidation/Annotated/B22-218_0/00778.png,0,0.07111504673957825
B22-30,/fhome/maed/HelicoDataSet/CrossValidation/Annotated/B22-30_0/00018.png,0,0.013920034281909466
B22-30,/fhome/maed/HelicoDataSet/CrossValidation/Annotated/B22-30_0/00629.png,0,0.11914559453725815
B22-30,/fhome/maed/HelicoDataSet/CrossValidation/Annotated/B22-30_0/00536.png,0,0.07968904078006744
B22-30,/fhome/maed/HelicoDataSet/CrossValidation/Annotated/B22-30_0/00178.png,0,0.08371522277593613
B22-30,/fhome/maed/HelicoDataSet/CrossValidation/Annotated/B22-30_0/00535.png,0,0.050397779792547226
B22-53,/fhome/maed/HelicoDataSet/CrossValidation/Annotated/B22-53_1/00141.png,0,0.01449648942798376
B22-53,/fhome/maed/HelicoDataSet/CrossValidation/Annotated/B22-53_1/00047.png,0,0.013945509679615498
B22-53,/fhome/maed/HelicoDataSet/CrossValidation/Annotated/B22-53_1/00100.png,0,0.010113641619682312
B22-53,/fhome/maed/HelicoDataSet/CrossValidation/Annotated/B22-53_1/00074.png,0,0.01348678395152092
B22-301,/fhome/maed/HelicoDataSet/CrossValidation/Annotated/B22-301_0/00254.png,0,0.13182589411735535
B22-301,/fhome/maed/HelicoDataSet/CrossValidation/Annotated/B22-301_0/00225.png,0,0.07106492668390274
B22-29,/fhome/maed/HelicoDataSet/CrossValidation/Annotated/B22-29_1/00084.png,0,0.10824329406023026
B22-29,/fhome/maed/HelicoDataSet/CrossValidation/Annotated/B22-29_1/00195.png,0,0.034995775669813156
B22-29,/fhome/maed/HelicoDataSet/CrossValidation/Annotated/B22-29_1/00187.png,0,0.0793084129691124
B22-29,/fhome/maed/HelicoDataSet/CrossValidation/Annotated/B22-29_1/00024.png,0,0.07834598422050476
B22-29,/fhome/maed/HelicoDataSet/CrossValidation/Annotated/B22-29_1/00180.png,0,0.1603938192129135
B22-29,/fhome/maed/HelicoDataSet/CrossValidation/Annotated/B22-29_1/00129.png,0,0.13655871152877808
B22-29,/fhome/maed/HelicoDataSet/CrossValidation/Annotated/B22-29_1/00242.png,0,0.026098761707544327
B22-29,/fhome/maed/HelicoDataSet/CrossValidation/Annotated/B22-29_1/00000.png,0,0.06775190681219101
B22-29,/fhome/maed/HelicoDataSet/CrossValidation/Annotated/B22-29_1/00154.png,0,0.1622585952281952
B22-29,/fhome/maed/HelicoDataSet/CrossValidation/Annotated/B22-29_1/00004.png,0,0.16346019506454468
B22-29,/fhome/maed/HelicoDataSet/CrossValidation/Annotated/B22-29_1/00012.png,0,0.007418535184115171
B22-29,/fhome/maed/HelicoDataSet/CrossValidation/Annotated/B22-29_1/00203.png,0,0.1261323094367981
B22-29,/fhome/maed/HelicoDataSet/CrossValidation/Annotated/B22-29_1/00245.png,0,0.08764433860778809
B22-186,/fhome/maed/HelicoDataSet/CrossValidation/Annotated/B22-186_0/02125.png,0,0.1357341706752777
B22-143,/fhome/maed/HelicoDataSet/CrossValidation/Annotated/B22-143_1/00448.png,0,0.00411980738863349
B22-143,/fhome/maed/HelicoDataSet/CrossValidation/Annotated/B22-143_1/00656.png,0,0.011647295206785202
B22-143,/fhome/maed/HelicoDataSet/CrossValidation/Annotated/B22-143_1/00412.png,0,0.00976122822612524
B22-143,/fhome/maed/HelicoDataSet/CrossValidation/Annotated/B22-143_1/00346.png,0,0.011315458454191685
B22-143,/fhome/maed/HelicoDataSet/CrossValidation/Annotated/B22-143_1/00064.png,0,0.010112260468304157
B22-143,/fhome/maed/HelicoDataSet/CrossValidation/Annotated/B22-143_1/00549.png,0,0.011675356887280941
B22-143,/fhome/maed/HelicoDataSet/CrossValidation/Annotated/B22-143_1/00116.png,0,0.006115416064858437
B22-143,/fhome/maed/HelicoDataSet/CrossValidation/Annotated/B22-143_1/00300.png,0,0.006016075145453215
B22-143,/fhome/maed/HelicoDataSet/CrossValidation/Annotated/B22-143_1/00585.png,0,0.006092617753893137
B22-143,/fhome/maed/HelicoDataSet/CrossValidation/Annotated/B22-143_1/00494.png,0,0.004260656423866749
B22-143,/fhome/maed/HelicoDataSet/CrossValidation/Annotated/B22-143_1/00430.png,0,0.013601710088551044
B22-143,/fhome/maed/HelicoDataSet/CrossValidation/Annotated/B22-143_1/00001.png,0,0.09458290785551071
B22-38,/fhome/maed/HelicoDataSet/CrossValidation/Annotated/B22-38_0/00283_Aug6.png,1,0.16900859773159027
B22-38,/fhome/maed/HelicoDataSet/CrossValidation/Annotated/B22-38_0/00283_Aug7.png,1,0.16594505310058594
B22-38,/fhome/maed/HelicoDataSet/CrossValidation/Annotated/B22-38_0/00341_Aug7.png,1,0.16831311583518982
B22-38,/fhome/maed/HelicoDataSet/CrossValidation/Annotated/B22-38_0/00283_Aug8.png,1,0.16610278189182281
B22-38,/fhome/maed/HelicoDataSet/CrossValidation/Annotated/B22-38_0/01284_Aug4.png,1,0.16115914285182953
B22-38,/fhome/maed/HelicoDataSet/CrossValidation/Annotated/B22-38_0/01525_Aug6.png,1,0.1712399572134018
B22-38,/fhome/maed/HelicoDataSet/CrossValidation/Annotated/B22-38_0/01855.png,0,0.007674173451960087
B22-38,/fhome/maed/HelicoDataSet/CrossValidation/Annotated/B22-38_0/01525_Aug7.png,1,0.17230446636676788
B22-38,/fhome/maed/HelicoDataSet/CrossValidation/Annotated/B22-38_0/00283_Aug2.png,1,0.17097096145153046
B22-38,/fhome/maed/HelicoDataSet/CrossValidation/Annotated/B22-38_0/01525_Aug8.png,1,0.18344101309776306
B22-38,/fhome/maed/HelicoDataSet/CrossValidation/Annotated/B22-38_0/01284_Aug3.png,1,0.16115295886993408
B22-38,/fhome/maed/HelicoDataSet/CrossValidation/Annotated/B22-38_0/01284_Aug5.png,1,0.1661301702260971
B22-38,/fhome/maed/HelicoDataSet/CrossValidation/Annotated/B22-38_0/00341_Aug5.png,1,0.16958095133304596
B22-38,/fhome/maed/HelicoDataSet/CrossValidation/Annotated/B22-38_0/00341.png,1,0.1654183715581894
B22-38,/fhome/maed/HelicoDataSet/CrossValidation/Annotated/B22-38_0/01525_Aug3.png,1,0.17116868495941162
B22-38,/fhome/maed/HelicoDataSet/CrossValidation/Annotated/B22-38_0/00283_Aug4.png,1,0.1726401001214981
B22-38,/fhome/maed/HelicoDataSet/CrossValidation/Annotated/B22-38_0/01525_Aug5.png,1,0.17013995349407196
B22-38,/fhome/maed/HelicoDataSet/CrossValidation/Annotated/B22-38_0/01284_Aug1.png,1,0.1661301702260971
B22-38,/fhome/maed/HelicoDataSet/CrossValidation/Annotated/B22-38_0/01525_Aug4.png,1,0.17131218314170837
B22-38,/fhome/maed/HelicoDataSet/CrossValidation/Annotated/B22-38_0/00341_Aug2.png,1,0.1702166348695755
B22-38,/fhome/maed/HelicoDataSet/CrossValidation/Annotated/B22-38_0/00283_Aug3.png,1,0.16622276604175568
B22-38,/fhome/maed/HelicoDataSet/CrossValidation/Annotated/B22-38_0/01284_Aug2.png,1,0.16613426804542542
B22-38,/fhome/maed/HelicoDataSet/CrossValidation/Annotated/B22-38_0/01284_Aug7.png,1,0.16115514934062958
B22-38,/fhome/maed/HelicoDataSet/CrossValidation/Annotated/B22-38_0/00341_Aug3.png,1,0.17500245571136475
B22-38,/fhome/maed/HelicoDataSet/CrossValidation/Annotated/B22-38_0/01525.png,1,0.1739116609096527
B22-38,/fhome/maed/HelicoDataSet/CrossValidation/Annotated/B22-38_0/00703.png,0,0.01268945075571537
B22-38,/fhome/maed/HelicoDataSet/CrossValidation/Annotated/B22-38_0/00283_Aug5.png,1,0.16678476333618164
B22-38,/fhome/maed/HelicoDataSet/CrossValidation/Annotated/B22-38_0/01525_Aug2.png,1,0.17312279343605042
B22-38,/fhome/maed/HelicoDataSet/CrossValidation/Annotated/B22-38_0/01284_Aug6.png,1,0.16614200174808502
B22-38,/fhome/maed/HelicoDataSet/CrossValidation/Annotated/B22-38_0/00341_Aug6.png,1,0.16689254343509674
B22-38,/fhome/maed/HelicoDataSet/CrossValidation/Annotated/B22-38_0/00283.png,1,0.17302286624908447
B22-38,/fhome/maed/HelicoDataSet/CrossValidation/Annotated/B22-38_0/00283_Aug1.png,1,0.16701389849185944
B22-38,/fhome/maed/HelicoDataSet/CrossValidation/Annotated/B22-38_0/00341_Aug8.png,1,0.17224138975143433
B22-38,/fhome/maed/HelicoDataSet/CrossValidation/Annotated/B22-38_0/01284.png,1,0.16575656831264496
B22-38,/fhome/maed/HelicoDataSet/CrossValidation/Annotated/B22-38_0/01525_Aug1.png,1,0.1716509461402893
B22-38,/fhome/maed/HelicoDataSet/CrossValidation/Annotated/B22-38_0/00341_Aug1.png,1,0.16701556742191315
B22-38,/fhome/maed/HelicoDataSet/CrossValidation/Annotated/B22-38_0/01409.png,0,0.12028823792934418
B22-38,/fhome/maed/HelicoDataSet/CrossValidation/Annotated/B22-38_0/01284_Aug8.png,1,0.16117165982723236
B22-38,/fhome/maed/HelicoDataSet/CrossValidation/Annotated/B22-38_0/00341_Aug4.png,1,0.171387180685997
B22-52,/fhome/maed/HelicoDataSet/CrossValidation/Annotated/B22-52_0/00760.png,0,0.06721058487892151
B22-83,/fhome/maed/HelicoDataSet/CrossValidation/Annotated/B22-83_0/01018.png,1,0.1739780306816101
B22-83,/fhome/maed/HelicoDataSet/CrossValidation/Annotated/B22-83_0/01018_Aug2.png,1,0.17310620844364166
B22-83,/fhome/maed/HelicoDataSet/CrossValidation/Annotated/B22-83_0/01018_Aug6.png,1,0.17257462441921234
B22-83,/fhome/maed/HelicoDataSet/CrossValidation/Annotated/B22-83_0/01018_Aug5.png,1,0.1691444367170334
B22-83,/fhome/maed/HelicoDataSet/CrossValidation/Annotated/B22-83_0/01018_Aug8.png,1,0.17285224795341492
B22-83,/fhome/maed/HelicoDataSet/CrossValidation/Annotated/B22-83_0/01018_Aug3.png,1,0.1760145127773285
B22-83,/fhome/maed/HelicoDataSet/CrossValidation/Annotated/B22-83_0/01018_Aug1.png,1,0.17798548936843872
B22-83,/fhome/maed/HelicoDataSet/CrossValidation/Annotated/B22-83_0/01061.png,0,0.013591335155069828
B22-83,/fhome/maed/HelicoDataSet/CrossValidation/Annotated/B22-83_0/01076.png,0,0.07547865808010101
B22-83,/fhome/maed/HelicoDataSet/CrossValidation/Annotated/B22-83_0/01018_Aug7.png,1,0.17721587419509888
B22-83,/fhome/maed/HelicoDataSet/CrossValidation/Annotated/B22-83_0/01063.png,0,0.07099516689777374
B22-83,/fhome/maed/HelicoDataSet/CrossValidation/Annotated/B22-83_0/01018_Aug4.png,1,0.17190760374069214
B22-138,/fhome/maed/HelicoDataSet/CrossValidation/Annotated/B22-138_0/01017.png,0,0.1200518012046814
B22-138,/fhome/maed/HelicoDataSet/CrossValidation/Annotated/B22-138_0/01330_Aug4.png,1,0.16925033926963806
B22-138,/fhome/maed/HelicoDataSet/CrossValidation/Annotated/B22-138_0/00200_Aug1.png,1,0.1640075445175171
B22-138,/fhome/maed/HelicoDataSet/CrossValidation/Annotated/B22-138_0/01018.png,0,0.11303634196519852
B22-138,/fhome/maed/HelicoDataSet/CrossValidation/Annotated/B22-138_0/01355_Aug5.png,1,0.17579962313175201
B22-138,/fhome/maed/HelicoDataSet/CrossValidation/Annotated/B22-138_0/01366_Aug4.png,1,0.15481944382190704
B22-138,/fhome/maed/HelicoDataSet/CrossValidation/Annotated/B22-138_0/01799.png,0,0.06584310531616211
B22-138,/fhome/maed/HelicoDataSet/CrossValidation/Annotated/B22-138_0/00555.png,0,0.09342809021472931
B22-138,/fhome/maed/HelicoDataSet/CrossValidation/Annotated/B22-138_0/01365_Aug1.png,1,0.16556617617607117
B22-138,/fhome/maed/HelicoDataSet/CrossValidation/Annotated/B22-138_0/00351_Aug8.png,1,0.16331245005130768
B22-138,/fhome/maed/HelicoDataSet/CrossValidation/Annotated/B22-138_0/01019.png,0,0.1051299050450325
B22-138,/fhome/maed/HelicoDataSet/CrossValidation/Annotated/B22-138_0/01401.png,0,0.14343617856502533
B22-138,/fhome/maed/HelicoDataSet/CrossValidation/Annotated/B22-138_0/01506.png,0,0.15006475150585175
B22-138,/fhome/maed/HelicoDataSet/CrossValidation/Annotated/B22-138_0/01500.png,1,0.16105911135673523
B22-138,/fhome/maed/HelicoDataSet/CrossValidation/Annotated/B22-138_0/01365_Aug7.png,1,0.16548432409763336
B22-138,/fhome/maed/HelicoDataSet/CrossValidation/Annotated/B22-138_0/01366_Aug1.png,1,0.16644294559955597
B22-138,/fhome/maed/HelicoDataSet/CrossValidation/Annotated/B22-138_0/00361_Aug3.png,1,0.1653047353029251
B22-138,/fhome/maed/HelicoDataSet/CrossValidation/Annotated/B22-138_0/01011.png,0,0.16367217898368835
B22-138,/fhome/maed/HelicoDataSet/CrossValidation/Annotated/B22-138_0/01366_Aug6.png,1,0.15857860445976257
B22-138,/fhome/maed/HelicoDataSet/CrossValidation/Annotated/B22-138_0/00607.png,0,0.0654977485537529
B22-138,/fhome/maed/HelicoDataSet/CrossValidation/Annotated/B22-138_0/00351_Aug2.png,1,0.16717205941677094
B22-138,/fhome/maed/HelicoDataSet/CrossValidation/Annotated/B22-138_0/01648_Aug3.png,1,0.17075708508491516
B22-138,/fhome/maed/HelicoDataSet/CrossValidation/Annotated/B22-138_0/00361_Aug4.png,1,0.16270650923252106
B22-138,/fhome/maed/HelicoDataSet/CrossValidation/Annotated/B22-138_0/00200_Aug6.png,1,0.1520218551158905
B22-138,/fhome/maed/HelicoDataSet/CrossValidation/Annotated/B22-138_0/00200_Aug4.png,1,0.14594797790050507
B22-138,/fhome/maed/HelicoDataSet/CrossValidation/Annotated/B22-138_0/00961.png,0,0.09040399640798569
B22-138,/fhome/maed/HelicoDataSet/CrossValidation/Annotated/B22-138_0/00879_Aug2.png,1,0.17194288969039917
B22-138,/fhome/maed/HelicoDataSet/CrossValidation/Annotated/B22-138_0/00699_Aug7.png,1,0.16616684198379517
B22-138,/fhome/maed/HelicoDataSet/CrossValidation/Annotated/B22-138_0/00892.png,1,0.16337212920188904
B22-138,/fhome/maed/HelicoDataSet/CrossValidation/Annotated/B22-138_0/00361_Aug6.png,1,0.16444149613380432
B22-138,/fhome/maed/HelicoDataSet/CrossValidation/Annotated/B22-138_0/01355_Aug2.png,1,0.17023217678070068
B22-138,/fhome/maed/HelicoDataSet/CrossValidation/Annotated/B22-138_0/00497_Aug4.png,1,0.17347030341625214
B22-138,/fhome/maed/HelicoDataSet/CrossValidation/Annotated/B22-138_0/00759.png,0,0.03432760760188103
B22-138,/fhome/maed/HelicoDataSet/CrossValidation/Annotated/B22-138_0/01500_Aug7.png,1,0.13398477435112
B22-138,/fhome/maed/HelicoDataSet/CrossValidation/Annotated/B22-138_0/00511.png,0,0.09555239975452423
B22-138,/fhome/maed/HelicoDataSet/CrossValidation/Annotated/B22-138_0/01538.png,0,0.15088023245334625
B22-138,/fhome/maed/HelicoDataSet/CrossValidation/Annotated/B22-138_0/01366_Aug2.png,1,0.1453692615032196
B22-138,/fhome/maed/HelicoDataSet/CrossValidation/Annotated/B22-138_0/00497_Aug3.png,1,0.1758468747138977
B22-138,/fhome/maed/HelicoDataSet/CrossValidation/Annotated/B22-138_0/01416.png,0,0.07972311973571777
B22-138,/fhome/maed/HelicoDataSet/CrossValidation/Annotated/B22-138_0/00699_Aug4.png,1,0.16260869801044464
B22-138,/fhome/maed/HelicoDataSet/CrossValidation/Annotated/B22-138_0/01679.png,0,0.0838080644607544
B22-138,/fhome/maed/HelicoDataSet/CrossValidation/Annotated/B22-138_0/01271.png,0,0.1469121128320694
B22-138,/fhome/maed/HelicoDataSet/CrossValidation/Annotated/B22-138_0/00379_Aug3.png,1,0.16414742171764374
B22-138,/fhome/maed/HelicoDataSet/CrossValidation/Annotated/B22-138_0/01649_Aug7.png,1,0.1753711700439453
B22-138,/fhome/maed/HelicoDataSet/CrossValidation/Annotated/B22-138_0/01646_Aug8.png,1,0.1675013154745102
B22-138,/fhome/maed/HelicoDataSet/CrossValidation/Annotated/B22-138_0/00879_Aug4.png,1,0.17137344181537628
B22-138,/fhome/maed/HelicoDataSet/CrossValidation/Annotated/B22-138_0/01330_Aug7.png,1,0.16638271510601044
B22-138,/fhome/maed/HelicoDataSet/CrossValidation/Annotated/B22-138_0/01366_Aug5.png,1,0.16653870046138763
B22-138,/fhome/maed/HelicoDataSet/CrossValidation/Annotated/B22-138_0/00699_Aug2.png,1,0.16402749717235565
B22-138,/fhome/maed/HelicoDataSet/CrossValidation/Annotated/B22-138_0/01598.png,0,0.007565950974822044
B22-138,/fhome/maed/HelicoDataSet/CrossValidation/Annotated/B22-138_0/01646.png,1,0.16714651882648468
B22-138,/fhome/maed/HelicoDataSet/CrossValidation/Annotated/B22-138_0/01649_Aug4.png,1,0.17177236080169678
B22-138,/fhome/maed/HelicoDataSet/CrossValidation/Annotated/B22-138_0/00198.png,0,0.10420837253332138
B22-138,/fhome/maed/HelicoDataSet/CrossValidation/Annotated/B22-138_0/01273.png,0,0.10291343927383423
B22-138,/fhome/maed/HelicoDataSet/CrossValidation/Annotated/B22-138_0/00200_Aug7.png,1,0.07687851041555405
B22-138,/fhome/maed/HelicoDataSet/CrossValidation/Annotated/B22-138_0/01735.png,0,0.08230439573526382
B22-138,/fhome/maed/HelicoDataSet/CrossValidation/Annotated/B22-138_0/01355.png,1,0.2239936888217926
B22-138,/fhome/maed/HelicoDataSet/CrossValidation/Annotated/B22-138_0/00200_Aug3.png,1,0.15311069786548615
B22-138,/fhome/maed/HelicoDataSet/CrossValidation/Annotated/B22-138_0/01649_Aug5.png,1,0.17518165707588196
B22-138,/fhome/maed/HelicoDataSet/CrossValidation/Annotated/B22-138_0/00525.png,0,0.07962988317012787
B22-138,/fhome/maed/HelicoDataSet/CrossValidation/Annotated/B22-138_0/00200_Aug5.png,1,0.08121880888938904
B22-138,/fhome/maed/HelicoDataSet/CrossValidation/Annotated/B22-138_0/01649_Aug6.png,1,0.17056801915168762
B22-138,/fhome/maed/HelicoDataSet/CrossValidation/Annotated/B22-138_0/00497_Aug6.png,1,0.17832031846046448
B22-138,/fhome/maed/HelicoDataSet/CrossValidation/Annotated/B22-138_0/00409.png,0,0.10666587948799133
B22-138,/fhome/maed/HelicoDataSet/CrossValidation/Annotated/B22-138_0/01727.png,0,0.09070834517478943
B22-138,/fhome/maed/HelicoDataSet/CrossValidation/Annotated/B22-138_0/01648_Aug8.png,1,0.16983550786972046
B22-138,/fhome/maed/HelicoDataSet/CrossValidation/Annotated/B22-138_0/01330_Aug3.png,1,0.16557353734970093
B22-138,/fhome/maed/HelicoDataSet/CrossValidation/Annotated/B22-138_0/01366_Aug3.png,1,0.16371554136276245
B22-138,/fhome/maed/HelicoDataSet/CrossValidation/Annotated/B22-138_0/01648_Aug6.png,1,0.17068442702293396
B22-138,/fhome/maed/HelicoDataSet/CrossValidation/Annotated/B22-138_0/00542.png,0,0.12016361951828003
B22-138,/fhome/maed/HelicoDataSet/CrossValidation/Annotated/B22-138_0/01366.png,1,0.1644720882177353
B22-138,/fhome/maed/HelicoDataSet/CrossValidation/Annotated/B22-138_0/00892_Aug5.png,1,0.1593351513147354
B22-138,/fhome/maed/HelicoDataSet/CrossValidation/Annotated/B22-138_0/00351_Aug3.png,1,0.16752195358276367
B22-138,/fhome/maed/HelicoDataSet/CrossValidation/Annotated/B22-138_0/00879_Aug3.png,1,0.16504360735416412
B22-138,/fhome/maed/HelicoDataSet/CrossValidation/Annotated/B22-138_0/00699_Aug3.png,1,0.16579104959964752
B22-138,/fhome/maed/HelicoDataSet/CrossValidation/Annotated/B22-138_0/00699_Aug6.png,1,0.165862575173378
B22-138,/fhome/maed/HelicoDataSet/CrossValidation/Annotated/B22-138_0/00442.png,0,0.039520055055618286
B22-138,/fhome/maed/HelicoDataSet/CrossValidation/Annotated/B22-138_0/00892_Aug2.png,1,0.16376253962516785
B22-138,/fhome/maed/HelicoDataSet/CrossValidation/Annotated/B22-138_0/01442.png,0,0.1530762016773224
B22-138,/fhome/maed/HelicoDataSet/CrossValidation/Annotated/B22-138_0/01330_Aug6.png,1,0.17047351598739624
B22-138,/fhome/maed/HelicoDataSet/CrossValidation/Annotated/B22-138_0/00378.png,0,0.011155064217746258
B22-138,/fhome/maed/HelicoDataSet/CrossValidation/Annotated/B22-138_0/00351_Aug4.png,1,0.16499076783657074
B22-138,/fhome/maed/HelicoDataSet/CrossValidation/Annotated/B22-138_0/01263_Aug3.png,1,0.1598980873823166
B22-138,/fhome/maed/HelicoDataSet/CrossValidation/Annotated/B22-138_0/01714.png,0,0.11757536977529526
B22-138,/fhome/maed/HelicoDataSet/CrossValidation/Annotated/B22-138_0/00879_Aug8.png,1,0.16964833438396454
B22-138,/fhome/maed/HelicoDataSet/CrossValidation/Annotated/B22-138_0/00351_Aug6.png,1,0.1645985096693039
B22-138,/fhome/maed/HelicoDataSet/CrossValidation/Annotated/B22-138_0/01648_Aug5.png,1,0.17028699815273285
B22-138,/fhome/maed/HelicoDataSet/CrossValidation/Annotated/B22-138_0/01500_Aug6.png,1,0.16308367252349854
B22-138,/fhome/maed/HelicoDataSet/CrossValidation/Annotated/B22-138_0/01813.png,0,0.09104538708925247
B22-138,/fhome/maed/HelicoDataSet/CrossValidation/Annotated/B22-138_0/01648_Aug1.png,1,0.1718551367521286
B22-138,/fhome/maed/HelicoDataSet/CrossValidation/Annotated/B22-138_0/01646_Aug6.png,1,0.16445142030715942
B22-138,/fhome/maed/HelicoDataSet/CrossValidation/Annotated/B22-138_0/01500_Aug3.png,1,0.1654205322265625
B22-138,/fhome/maed/HelicoDataSet/CrossValidation/Annotated/B22-138_0/00699.png,1,0.16073393821716309
B22-138,/fhome/maed/HelicoDataSet/CrossValidation/Annotated/B22-138_0/00361_Aug5.png,1,0.16542991995811462
B22-138,/fhome/maed/HelicoDataSet/CrossValidation/Annotated/B22-138_0/01330_Aug5.png,1,0.1654278039932251
B22-138,/fhome/maed/HelicoDataSet/CrossValidation/Annotated/B22-138_0/00879_Aug6.png,1,0.1726565659046173
B22-138,/fhome/maed/HelicoDataSet/CrossValidation/Annotated/B22-138_0/00567.png,0,0.07146239280700684
B22-138,/fhome/maed/HelicoDataSet/CrossValidation/Annotated/B22-138_0/01508.png,0,0.12222710251808167
B22-138,/fhome/maed/HelicoDataSet/CrossValidation/Annotated/B22-138_0/01263_Aug2.png,1,0.16234968602657318
B22-138,/fhome/maed/HelicoDataSet/CrossValidation/Annotated/B22-138_0/00497.png,1,0.1892702877521515
B22-138,/fhome/maed/HelicoDataSet/CrossValidation/Annotated/B22-138_0/01608.png,0,0.15255577862262726
B22-138,/fhome/maed/HelicoDataSet/CrossValidation/Annotated/B22-138_0/01380.png,0,0.09094996005296707
B22-138,/fhome/maed/HelicoDataSet/CrossValidation/Annotated/B22-138_0/01355_Aug3.png,1,0.3075057864189148
B22-138,/fhome/maed/HelicoDataSet/CrossValidation/Annotated/B22-138_0/00967.png,0,0.09125120937824249
B22-138,/fhome/maed/HelicoDataSet/CrossValidation/Annotated/B22-138_0/00892_Aug6.png,1,0.1620263159275055
B22-138,/fhome/maed/HelicoDataSet/CrossValidation/Annotated/B22-138_0/01649_Aug3.png,1,0.17445790767669678
B22-138,/fhome/maed/HelicoDataSet/CrossValidation/Annotated/B22-138_0/01330_Aug2.png,1,0.16856513917446136
B22-138,/fhome/maed/HelicoDataSet/CrossValidation/Annotated/B22-138_0/00699_Aug8.png,1,0.16234342753887177
B22-138,/fhome/maed/HelicoDataSet/CrossValidation/Annotated/B22-138_0/00221.png,0,0.033840641379356384
B22-138,/fhome/maed/HelicoDataSet/CrossValidation/Annotated/B22-138_0/00497_Aug5.png,1,0.17995594441890717
B22-138,/fhome/maed/HelicoDataSet/CrossValidation/Annotated/B22-138_0/00361_Aug1.png,1,0.16511394083499908
B22-138,/fhome/maed/HelicoDataSet/CrossValidation/Annotated/B22-138_0/00879_Aug5.png,1,0.16775557398796082
B22-138,/fhome/maed/HelicoDataSet/CrossValidation/Annotated/B22-138_0/00361.png,1,0.1644999235868454
B22-138,/fhome/maed/HelicoDataSet/CrossValidation/Annotated/B22-138_0/00361_Aug7.png,1,0.1647159457206726
B22-138,/fhome/maed/HelicoDataSet/CrossValidation/Annotated/B22-138_0/01396.png,0,0.1603139191865921
B22-138,/fhome/maed/HelicoDataSet/CrossValidation/Annotated/B22-138_0/00116.png,0,0.023486457765102386
B22-138,/fhome/maed/HelicoDataSet/CrossValidation/Annotated/B22-138_0/01500_Aug5.png,1,0.16064158082008362
B22-138,/fhome/maed/HelicoDataSet/CrossValidation/Annotated/B22-138_0/00497_Aug2.png,1,0.17629705369472504
B22-138,/fhome/maed/HelicoDataSet/CrossValidation/Annotated/B22-138_0/00879.png,1,0.17120322585105896
B22-138,/fhome/maed/HelicoDataSet/CrossValidation/Annotated/B22-138_0/00379_Aug5.png,1,0.1638731211423874
B22-138,/fhome/maed/HelicoDataSet/CrossValidation/Annotated/B22-138_0/00361_Aug8.png,1,0.16389724612236023
B22-138,/fhome/maed/HelicoDataSet/CrossValidation/Annotated/B22-138_0/01095.png,0,0.10593618452548981
B22-138,/fhome/maed/HelicoDataSet/CrossValidation/Annotated/B22-138_0/00056.png,0,0.1606949120759964
B22-138,/fhome/maed/HelicoDataSet/CrossValidation/Annotated/B22-138_0/01263_Aug8.png,1,0.15535104274749756
B22-138,/fhome/maed/HelicoDataSet/CrossValidation/Annotated/B22-138_0/00978.png,0,0.1697884500026703
B22-138,/fhome/maed/HelicoDataSet/CrossValidation/Annotated/B22-138_0/01365_Aug6.png,1,0.15796871483325958
B22-138,/fhome/maed/HelicoDataSet/CrossValidation/Annotated/B22-138_0/01263_Aug6.png,1,0.14987830817699432
B22-138,/fhome/maed/HelicoDataSet/CrossValidation/Annotated/B22-138_0/00361_Aug2.png,1,0.16237732768058777
B22-138,/fhome/maed/HelicoDataSet/CrossValidation/Annotated/B22-138_0/01263.png,1,0.1540743112564087
B22-138,/fhome/maed/HelicoDataSet/CrossValidation/Annotated/B22-138_0/01388.png,0,0.09174121916294098
B22-138,/fhome/maed/HelicoDataSet/CrossValidation/Annotated/B22-138_0/00200.png,1,0.1674651950597763
B22-138,/fhome/maed/HelicoDataSet/CrossValidation/Annotated/B22-138_0/00379_Aug4.png,1,0.16609540581703186
B22-138,/fhome/maed/HelicoDataSet/CrossValidation/Annotated/B22-138_0/01365_Aug3.png,1,0.15751568973064423
B22-138,/fhome/maed/HelicoDataSet/CrossValidation/Annotated/B22-138_0/01648_Aug2.png,1,0.17186440527439117
B22-138,/fhome/maed/HelicoDataSet/CrossValidation/Annotated/B22-138_0/00351_Aug5.png,1,0.16708135604858398
B22-138,/fhome/maed/HelicoDataSet/CrossValidation/Annotated/B22-138_0/00892_Aug8.png,1,0.16422604024410248
B22-138,/fhome/maed/HelicoDataSet/CrossValidation/Annotated/B22-138_0/01495.png,0,0.07372363656759262
B22-138,/fhome/maed/HelicoDataSet/CrossValidation/Annotated/B22-138_0/00497_Aug7.png,1,0.18813282251358032
B22-138,/fhome/maed/HelicoDataSet/CrossValidation/Annotated/B22-138_0/00351_Aug7.png,1,0.16422411799430847
B22-138,/fhome/maed/HelicoDataSet/CrossValidation/Annotated/B22-138_0/00733.png,0,0.011889105662703514
B22-138,/fhome/maed/HelicoDataSet/CrossValidation/Annotated/B22-138_0/00647.png,0,0.06552440673112869
B22-138,/fhome/maed/HelicoDataSet/CrossValidation/Annotated/B22-138_0/00892_Aug4.png,1,0.1644429713487625
B22-138,/fhome/maed/HelicoDataSet/CrossValidation/Annotated/B22-138_0/01263_Aug7.png,1,0.16548824310302734
B22-138,/fhome/maed/HelicoDataSet/CrossValidation/Annotated/B22-138_0/01713.png,0,0.08699756860733032
B22-138,/fhome/maed/HelicoDataSet/CrossValidation/Annotated/B22-138_0/00958.png,0,0.09626252204179764
B22-138,/fhome/maed/HelicoDataSet/CrossValidation/Annotated/B22-138_0/01355_Aug6.png,1,0.17592386901378632
B22-138,/fhome/maed/HelicoDataSet/CrossValidation/Annotated/B22-138_0/01355_Aug4.png,1,0.1759311854839325
B22-138,/fhome/maed/HelicoDataSet/CrossValidation/Annotated/B22-138_0/01646_Aug1.png,1,0.16783848404884338
B22-138,/fhome/maed/HelicoDataSet/CrossValidation/Annotated/B22-138_0/01355_Aug8.png,1,0.17800778150558472
B22-138,/fhome/maed/HelicoDataSet/CrossValidation/Annotated/B22-138_0/00497_Aug1.png,1,0.18811261653900146
B22-138,/fhome/maed/HelicoDataSet/CrossValidation/Annotated/B22-138_0/00550.png,0,0.08019823580980301
B22-138,/fhome/maed/HelicoDataSet/CrossValidation/Annotated/B22-138_0/00985.png,0,0.1368776261806488
B22-138,/fhome/maed/HelicoDataSet/CrossValidation/Annotated/B22-138_0/01363.png,0,0.14098647236824036
B22-138,/fhome/maed/HelicoDataSet/CrossValidation/Annotated/B22-138_0/01678.png,0,0.16297926008701324
B22-138,/fhome/maed/HelicoDataSet/CrossValidation/Annotated/B22-138_0/00561.png,0,0.15842565894126892
B22-138,/fhome/maed/HelicoDataSet/CrossValidation/Annotated/B22-138_0/01209.png,0,0.13682778179645538
B22-138,/fhome/maed/HelicoDataSet/CrossValidation/Annotated/B22-138_0/01646_Aug7.png,1,0.17013178765773773
B22-138,/fhome/maed/HelicoDataSet/CrossValidation/Annotated/B22-138_0/00379_Aug8.png,1,0.15901653468608856
B22-138,/fhome/maed/HelicoDataSet/CrossValidation/Annotated/B22-138_0/01263_Aug5.png,1,0.16533488035202026
B22-138,/fhome/maed/HelicoDataSet/CrossValidation/Annotated/B22-138_0/01366_Aug7.png,1,0.16758392751216888
B22-138,/fhome/maed/HelicoDataSet/CrossValidation/Annotated/B22-138_0/01648_Aug4.png,1,0.1711816042661667
B22-138,/fhome/maed/HelicoDataSet/CrossValidation/Annotated/B22-138_0/01330_Aug1.png,1,0.16773998737335205
B22-138,/fhome/maed/HelicoDataSet/CrossValidation/Annotated/B22-138_0/01504.png,0,0.09747780114412308
B22-138,/fhome/maed/HelicoDataSet/CrossValidation/Annotated/B22-138_0/01366_Aug8.png,1,0.08125512301921844
B22-138,/fhome/maed/HelicoDataSet/CrossValidation/Annotated/B22-138_0/01649_Aug8.png,1,0.16988062858581543
B22-138,/fhome/maed/HelicoDataSet/CrossValidation/Annotated/B22-138_0/00379_Aug7.png,1,0.16576844453811646
B22-138,/fhome/maed/HelicoDataSet/CrossValidation/Annotated/B22-138_0/00699_Aug5.png,1,0.16241374611854553
B22-138,/fhome/maed/HelicoDataSet/CrossValidation/Annotated/B22-138_0/01500_Aug8.png,1,0.1611270308494568
B22-138,/fhome/maed/HelicoDataSet/CrossValidation/Annotated/B22-138_0/00892_Aug1.png,1,0.16181086003780365
B22-138,/fhome/maed/HelicoDataSet/CrossValidation/Annotated/B22-138_0/01365_Aug5.png,1,0.16411392390727997
B22-138,/fhome/maed/HelicoDataSet/CrossValidation/Annotated/B22-138_0/01355_Aug7.png,1,0.3076271116733551
B22-138,/fhome/maed/HelicoDataSet/CrossValidation/Annotated/B22-138_0/01330_Aug8.png,1,0.1695803850889206
B22-138,/fhome/maed/HelicoDataSet/CrossValidation/Annotated/B22-138_0/00699_Aug1.png,1,0.1663798838853836
B22-138,/fhome/maed/HelicoDataSet/CrossValidation/Annotated/B22-138_0/01648_Aug7.png,1,0.16956311464309692
B22-138,/fhome/maed/HelicoDataSet/CrossValidation/Annotated/B22-138_0/01649_Aug2.png,1,0.17217697203159332
B22-138,/fhome/maed/HelicoDataSet/CrossValidation/Annotated/B22-138_0/00379.png,1,0.16367724537849426
B22-138,/fhome/maed/HelicoDataSet/CrossValidation/Annotated/B22-138_0/00351_Aug1.png,1,0.16828763484954834
B22-138,/fhome/maed/HelicoDataSet/CrossValidation/Annotated/B22-138_0/01424.png,0,0.11322861164808273
B22-138,/fhome/maed/HelicoDataSet/CrossValidation/Annotated/B22-138_0/01008.png,0,0.10783315449953079
B22-138,/fhome/maed/HelicoDataSet/CrossValidation/Annotated/B22-138_0/00527.png,0,0.11227916181087494
B22-138,/fhome/maed/HelicoDataSet/CrossValidation/Annotated/B22-138_0/01430.png,0,0.13447819650173187
B22-138,/fhome/maed/HelicoDataSet/CrossValidation/Annotated/B22-138_0/01200.png,0,0.08866319060325623
B22-138,/fhome/maed/HelicoDataSet/CrossValidation/Annotated/B22-138_0/01646_Aug5.png,1,0.16935405135154724
B22-138,/fhome/maed/HelicoDataSet/CrossValidation/Annotated/B22-138_0/01185.png,0,0.01630978472530842
B22-138,/fhome/maed/HelicoDataSet/CrossValidation/Annotated/B22-138_0/01731.png,0,0.15046365559101105
B22-138,/fhome/maed/HelicoDataSet/CrossValidation/Annotated/B22-138_0/01365.png,1,0.16347208619117737
B22-138,/fhome/maed/HelicoDataSet/CrossValidation/Annotated/B22-138_0/01210.png,0,0.10558462142944336
B22-138,/fhome/maed/HelicoDataSet/CrossValidation/Annotated/B22-138_0/01646_Aug4.png,1,0.16447286307811737
B22-138,/fhome/maed/HelicoDataSet/CrossValidation/Annotated/B22-138_0/01263_Aug1.png,1,0.16482609510421753
B22-138,/fhome/maed/HelicoDataSet/CrossValidation/Annotated/B22-138_0/01365_Aug2.png,1,0.16751830279827118
B22-138,/fhome/maed/HelicoDataSet/CrossValidation/Annotated/B22-138_0/01500_Aug1.png,1,0.16459953784942627
B22-138,/fhome/maed/HelicoDataSet/CrossValidation/Annotated/B22-138_0/01648.png,1,0.1751541644334793
B22-138,/fhome/maed/HelicoDataSet/CrossValidation/Annotated/B22-138_0/01263_Aug4.png,1,0.16104888916015625
B22-138,/fhome/maed/HelicoDataSet/CrossValidation/Annotated/B22-138_0/00892_Aug7.png,1,0.16097770631313324
B22-138,/fhome/maed/HelicoDataSet/CrossValidation/Annotated/B22-138_0/01500_Aug4.png,1,0.161036878824234
B22-138,/fhome/maed/HelicoDataSet/CrossValidation/Annotated/B22-138_0/00497_Aug8.png,1,0.19519419968128204
B22-138,/fhome/maed/HelicoDataSet/CrossValidation/Annotated/B22-138_0/01594.png,0,0.02792765013873577
B22-138,/fhome/maed/HelicoDataSet/CrossValidation/Annotated/B22-138_0/01646_Aug3.png,1,0.16907542943954468
B22-138,/fhome/maed/HelicoDataSet/CrossValidation/Annotated/B22-138_0/01365_Aug8.png,1,0.1561489850282669
B22-138,/fhome/maed/HelicoDataSet/CrossValidation/Annotated/B22-138_0/00959.png,0,0.09687704592943192
B22-138,/fhome/maed/HelicoDataSet/CrossValidation/Annotated/B22-138_0/01649_Aug1.png,1,0.1737978309392929
B22-138,/fhome/maed/HelicoDataSet/CrossValidation/Annotated/B22-138_0/01192.png,0,0.0741378664970398
B22-138,/fhome/maed/HelicoDataSet/CrossValidation/Annotated/B22-138_0/00200_Aug8.png,1,0.13354681432247162
B22-138,/fhome/maed/HelicoDataSet/CrossValidation/Annotated/B22-138_0/01355_Aug1.png,1,0.17564988136291504
B22-138,/fhome/maed/HelicoDataSet/CrossValidation/Annotated/B22-138_0/01264.png,0,0.1050170436501503
B22-138,/fhome/maed/HelicoDataSet/CrossValidation/Annotated/B22-138_0/00574.png,0,0.09400489926338196
B22-138,/fhome/maed/HelicoDataSet/CrossValidation/Annotated/B22-138_0/00351.png,1,0.16724659502506256
B22-138,/fhome/maed/HelicoDataSet/CrossValidation/Annotated/B22-138_0/00379_Aug2.png,1,0.16368161141872406
B22-138,/fhome/maed/HelicoDataSet/CrossValidation/Annotated/B22-138_0/00526.png,0,0.10701993107795715
B22-138,/fhome/maed/HelicoDataSet/CrossValidation/Annotated/B22-138_0/01262.png,0,0.08567333966493607
B22-138,/fhome/maed/HelicoDataSet/CrossValidation/Annotated/B22-138_0/01256.png,0,0.08568813651800156
B22-138,/fhome/maed/HelicoDataSet/CrossValidation/Annotated/B22-138_0/00879_Aug7.png,1,0.16879193484783173
B22-138,/fhome/maed/HelicoDataSet/CrossValidation/Annotated/B22-138_0/00200_Aug2.png,1,0.16307666897773743
B22-138,/fhome/maed/HelicoDataSet/CrossValidation/Annotated/B22-138_0/00379_Aug1.png,1,0.16323043406009674
B22-138,/fhome/maed/HelicoDataSet/CrossValidation/Annotated/B22-138_0/01365_Aug4.png,1,0.1562216728925705
B22-138,/fhome/maed/HelicoDataSet/CrossValidation/Annotated/B22-138_0/00892_Aug3.png,1,0.16485978662967682
B22-138,/fhome/maed/HelicoDataSet/CrossValidation/Annotated/B22-138_0/01649.png,1,0.17313453555107117
B22-138,/fhome/maed/HelicoDataSet/CrossValidation/Annotated/B22-138_0/00879_Aug1.png,1,0.17055568099021912
B22-138,/fhome/maed/HelicoDataSet/CrossValidation/Annotated/B22-138_0/01577.png,0,0.1023326888680458
B22-138,/fhome/maed/HelicoDataSet/CrossValidation/Annotated/B22-138_0/00379_Aug6.png,1,0.16209733486175537
B22-138,/fhome/maed/HelicoDataSet/CrossValidation/Annotated/B22-138_0/01646_Aug2.png,1,0.16754044592380524
B22-138,/fhome/maed/HelicoDataSet/CrossValidation/Annotated/B22-138_0/01500_Aug2.png,1,0.16310636699199677
B22-138,/fhome/maed/HelicoDataSet/CrossValidation/Annotated/B22-138_0/01330.png,1,0.16758956015110016
B22-141,/fhome/maed/HelicoDataSet/CrossValidation/Annotated/B22-141_0/00131.png,0,0.1652708202600479
B22-141,/fhome/maed/HelicoDataSet/CrossValidation/Annotated/B22-141_0/00141.png,0,0.12979410588741302
B22-141,/fhome/maed/HelicoDataSet/CrossValidation/Annotated/B22-141_0/00298.png,0,0.018727077171206474
B22-141,/fhome/maed/HelicoDataSet/CrossValidation/Annotated/B22-141_0/00315.png,0,0.03872763738036156
B22-141,/fhome/maed/HelicoDataSet/CrossValidation/Annotated/B22-141_0/00352.png,0,0.05972079187631607
B22-141,/fhome/maed/HelicoDataSet/CrossValidation/Annotated/B22-141_0/00290.png,0,0.09354744106531143
B22-93,/fhome/maed/HelicoDataSet/CrossValidation/Annotated/B22-93_0/00641.png,0,0.008442239835858345
B22-93,/fhome/maed/HelicoDataSet/CrossValidation/Annotated/B22-93_0/00678.png,0,0.08190092444419861
B22-93,/fhome/maed/HelicoDataSet/CrossValidation/Annotated/B22-93_0/00675.png,0,0.012241097167134285
B22-93,/fhome/maed/HelicoDataSet/CrossValidation/Annotated/B22-93_0/00639.png,0,0.01211593672633171
B22-93,/fhome/maed/HelicoDataSet/CrossValidation/Annotated/B22-93_0/00677.png,0,0.008776196278631687
B22-166,/fhome/maed/HelicoDataSet/CrossValidation/Annotated/B22-166_0/00118.png,0,0.010743469931185246
B22-258,/fhome/maed/HelicoDataSet/CrossValidation/Annotated/B22-258_0/00714.png,0,0.010159044526517391
B22-258,/fhome/maed/HelicoDataSet/CrossValidation/Annotated/B22-258_0/00733.png,0,0.09236131608486176
B22-258,/fhome/maed/HelicoDataSet/CrossValidation/Annotated/B22-258_0/01007.png,0,0.06393937766551971
B22-258,/fhome/maed/HelicoDataSet/CrossValidation/Annotated/B22-258_0/00747.png,0,0.14785662293434143
B22-258,/fhome/maed/HelicoDataSet/CrossValidation/Annotated/B22-258_0/00721.png,0,0.07755908370018005
B22-258,/fhome/maed/HelicoDataSet/CrossValidation/Annotated/B22-258_0/00745.png,0,0.16515597701072693
B22-127,/fhome/maed/HelicoDataSet/CrossValidation/Annotated/B22-127_0/00117.png,0,0.09123363345861435
B22-127,/fhome/maed/HelicoDataSet/CrossValidation/Annotated/B22-127_0/00754.png,0,0.08671830594539642
B22-127,/fhome/maed/HelicoDataSet/CrossValidation/Annotated/B22-127_0/00624.png,0,0.06908653676509857
B22-125,/fhome/maed/HelicoDataSet/CrossValidation/Annotated/B22-125_0/03857.png,0,0.11292990297079086
B22-125,/fhome/maed/HelicoDataSet/CrossValidation/Annotated/B22-125_0/03028.png,0,0.02364390902221203
B22-230,/fhome/maed/HelicoDataSet/CrossValidation/Annotated/B22-230_0/03934.png,0,0.010690850205719471
B22-302,/fhome/maed/HelicoDataSet/CrossValidation/Annotated/B22-302_0/00846_Aug7.png,1,0.1863219439983368
B22-302,/fhome/maed/HelicoDataSet/CrossValidation/Annotated/B22-302_0/00231_Aug7.png,1,0.20565590262413025
B22-302,/fhome/maed/HelicoDataSet/CrossValidation/Annotated/B22-302_0/00957.png,0,0.25369927287101746
B22-302,/fhome/maed/HelicoDataSet/CrossValidation/Annotated/B22-302_0/00175_Aug7.png,1,0.1637684553861618
B22-302,/fhome/maed/HelicoDataSet/CrossValidation/Annotated/B22-302_0/00776.png,0,0.18471771478652954
B22-302,/fhome/maed/HelicoDataSet/CrossValidation/Annotated/B22-302_0/00175_Aug5.png,1,0.16858449578285217
B22-302,/fhome/maed/HelicoDataSet/CrossValidation/Annotated/B22-302_0/00175_Aug3.png,1,0.16992977261543274
B22-302,/fhome/maed/HelicoDataSet/CrossValidation/Annotated/B22-302_0/01020.png,0,0.18001113831996918
B22-302,/fhome/maed/HelicoDataSet/CrossValidation/Annotated/B22-302_0/00168_Aug6.png,1,0.23087482154369354
B22-302,/fhome/maed/HelicoDataSet/CrossValidation/Annotated/B22-302_0/00154_Aug8.png,1,0.35514357686042786
B22-302,/fhome/maed/HelicoDataSet/CrossValidation/Annotated/B22-302_0/00846.png,1,0.1851654201745987
B22-302,/fhome/maed/HelicoDataSet/CrossValidation/Annotated/B22-302_0/00846_Aug3.png,1,0.18629324436187744
B22-302,/fhome/maed/HelicoDataSet/CrossValidation/Annotated/B22-302_0/00168_Aug1.png,1,0.1995786428451538
B22-302,/fhome/maed/HelicoDataSet/CrossValidation/Annotated/B22-302_0/01449.png,0,0.19170860946178436
B22-302,/fhome/maed/HelicoDataSet/CrossValidation/Annotated/B22-302_0/00168.png,1,664.851318359375
B22-302,/fhome/maed/HelicoDataSet/CrossValidation/Annotated/B22-302_0/00175_Aug1.png,1,0.16929106414318085
B22-302,/fhome/maed/HelicoDataSet/CrossValidation/Annotated/B22-302_0/00946.png,0,0.18350434303283691
B22-302,/fhome/maed/HelicoDataSet/CrossValidation/Annotated/B22-302_0/00846_Aug5.png,1,0.190276101231575
B22-302,/fhome/maed/HelicoDataSet/CrossValidation/Annotated/B22-302_0/00231_Aug8.png,1,0.07353361696004868
B22-302,/fhome/maed/HelicoDataSet/CrossValidation/Annotated/B22-302_0/00783.png,0,0.20713284611701965
B22-302,/fhome/maed/HelicoDataSet/CrossValidation/Annotated/B22-302_0/01292.png,0,0.20395147800445557
B22-302,/fhome/maed/HelicoDataSet/CrossValidation/Annotated/B22-302_0/00231_Aug1.png,1,0.18505436182022095
B22-302,/fhome/maed/HelicoDataSet/CrossValidation/Annotated/B22-302_0/00154_Aug6.png,1,3.893101692199707
B22-302,/fhome/maed/HelicoDataSet/CrossValidation/Annotated/B22-302_0/01140.png,0,0.18131256103515625
B22-302,/fhome/maed/HelicoDataSet/CrossValidation/Annotated/B22-302_0/00846_Aug8.png,1,0.25014710426330566
B22-302,/fhome/maed/HelicoDataSet/CrossValidation/Annotated/B22-302_0/00846_Aug2.png,1,0.187470942735672
B22-302,/fhome/maed/HelicoDataSet/CrossValidation/Annotated/B22-302_0/00168_Aug8.png,1,0.20694932341575623
B22-302,/fhome/maed/HelicoDataSet/CrossValidation/Annotated/B22-302_0/00168_Aug2.png,1,0.22855255007743835
B22-302,/fhome/maed/HelicoDataSet/CrossValidation/Annotated/B22-302_0/00175_Aug8.png,1,0.1637684553861618
B22-302,/fhome/maed/HelicoDataSet/CrossValidation/Annotated/B22-302_0/00168_Aug4.png,1,0.18292579054832458
B22-302,/fhome/maed/HelicoDataSet/CrossValidation/Annotated/B22-302_0/00485.png,0,0.1526603400707245
B22-302,/fhome/maed/HelicoDataSet/CrossValidation/Annotated/B22-302_0/00835.png,0,0.21376481652259827
B22-302,/fhome/maed/HelicoDataSet/CrossValidation/Annotated/B22-302_0/00154_Aug7.png,1,3535.89501953125
B22-302,/fhome/maed/HelicoDataSet/CrossValidation/Annotated/B22-302_0/00231_Aug4.png,1,0.1092253103852272
B22-302,/fhome/maed/HelicoDataSet/CrossValidation/Annotated/B22-302_0/01034.png,0,0.17839689552783966
B22-302,/fhome/maed/HelicoDataSet/CrossValidation/Annotated/B22-302_0/00168_Aug5.png,1,0.19090329110622406
B22-302,/fhome/maed/HelicoDataSet/CrossValidation/Annotated/B22-302_0/00583.png,0,0.16013750433921814
B22-302,/fhome/maed/HelicoDataSet/CrossValidation/Annotated/B22-302_0/00168_Aug7.png,1,0.20127415657043457
B22-302,/fhome/maed/HelicoDataSet/CrossValidation/Annotated/B22-302_0/01085.png,0,0.18679261207580566
B22-302,/fhome/maed/HelicoDataSet/CrossValidation/Annotated/B22-302_0/00175.png,1,0.17046532034873962
B22-302,/fhome/maed/HelicoDataSet/CrossValidation/Annotated/B22-302_0/00231.png,1,0.18315650522708893
B22-302,/fhome/maed/HelicoDataSet/CrossValidation/Annotated/B22-302_0/00731.png,0,0.18776802718639374
B22-302,/fhome/maed/HelicoDataSet/CrossValidation/Annotated/B22-302_0/00175_Aug6.png,1,0.16800297796726227
B22-302,/fhome/maed/HelicoDataSet/CrossValidation/Annotated/B22-302_0/00175_Aug2.png,1,0.16929113864898682
B22-302,/fhome/maed/HelicoDataSet/CrossValidation/Annotated/B22-302_0/00168_Aug3.png,1,0.2078850120306015
B22-302,/fhome/maed/HelicoDataSet/CrossValidation/Annotated/B22-302_0/00154_Aug2.png,1,27.113222122192383
B22-302,/fhome/maed/HelicoDataSet/CrossValidation/Annotated/B22-302_0/00231_Aug3.png,1,0.18024417757987976
B22-302,/fhome/maed/HelicoDataSet/CrossValidation/Annotated/B22-302_0/00154_Aug3.png,1,1.0653003454208374
B22-302,/fhome/maed/HelicoDataSet/CrossValidation/Annotated/B22-302_0/00231_Aug5.png,1,0.20436717569828033
B22-302,/fhome/maed/HelicoDataSet/CrossValidation/Annotated/B22-302_0/00231_Aug2.png,1,0.16701455414295197
B22-302,/fhome/maed/HelicoDataSet/CrossValidation/Annotated/B22-302_0/00436.png,0,0.15366360545158386
B22-302,/fhome/maed/HelicoDataSet/CrossValidation/Annotated/B22-302_0/00154.png,1,10880.68359375
B22-302,/fhome/maed/HelicoDataSet/CrossValidation/Annotated/B22-302_0/00154_Aug5.png,1,84.63578033447266
B22-302,/fhome/maed/HelicoDataSet/CrossValidation/Annotated/B22-302_0/00154_Aug1.png,1,1.2866967916488647
B22-302,/fhome/maed/HelicoDataSet/CrossValidation/Annotated/B22-302_0/00231_Aug6.png,1,0.09999397397041321
B22-302,/fhome/maed/HelicoDataSet/CrossValidation/Annotated/B22-302_0/00175_Aug4.png,1,0.16992977261543274
B22-302,/fhome/maed/HelicoDataSet/CrossValidation/Annotated/B22-302_0/00846_Aug1.png,1,0.18577902019023895
B22-302,/fhome/maed/HelicoDataSet/CrossValidation/Annotated/B22-302_0/00846_Aug4.png,1,0.19003286957740784
B22-302,/fhome/maed/HelicoDataSet/CrossValidation/Annotated/B22-302_0/00846_Aug6.png,1,0.2479172646999359
B22-302,/fhome/maed/HelicoDataSet/CrossValidation/Annotated/B22-302_0/00154_Aug4.png,1,1.0663766860961914
B22-302,/fhome/maed/HelicoDataSet/CrossValidation/Annotated/B22-302_0/01043.png,0,0.1750810444355011
B22-46,/fhome/maed/HelicoDataSet/CrossValidation/Annotated/B22-46_0/01039_Aug4.png,1,0.18828031420707703
B22-46,/fhome/maed/HelicoDataSet/CrossValidation/Annotated/B22-46_0/01039_Aug8.png,1,0.18658603727817535
B22-46,/fhome/maed/HelicoDataSet/CrossValidation/Annotated/B22-46_0/01039_Aug7.png,1,0.18390528857707977
B22-46,/fhome/maed/HelicoDataSet/CrossValidation/Annotated/B22-46_0/01039_Aug5.png,1,0.18502464890480042
B22-46,/fhome/maed/HelicoDataSet/CrossValidation/Annotated/B22-46_0/01547.png,0,0.1572507917881012
B22-46,/fhome/maed/HelicoDataSet/CrossValidation/Annotated/B22-46_0/01340_Aug8.png,1,0.16823206841945648
B22-46,/fhome/maed/HelicoDataSet/CrossValidation/Annotated/B22-46_0/01338_Aug7.png,1,0.1685560941696167
B22-46,/fhome/maed/HelicoDataSet/CrossValidation/Annotated/B22-46_0/01340_Aug3.png,1,0.17013044655323029
B22-46,/fhome/maed/HelicoDataSet/CrossValidation/Annotated/B22-46_0/01039_Aug1.png,1,0.21757446229457855
B22-46,/fhome/maed/HelicoDataSet/CrossValidation/Annotated/B22-46_0/01291_Aug7.png,1,0.1695433109998703
B22-46,/fhome/maed/HelicoDataSet/CrossValidation/Annotated/B22-46_0/01338_Aug1.png,1,0.16922688484191895
B22-46,/fhome/maed/HelicoDataSet/CrossValidation/Annotated/B22-46_0/01340_Aug4.png,1,0.16894277930259705
B22-46,/fhome/maed/HelicoDataSet/CrossValidation/Annotated/B22-46_0/02336.png,0,0.07426287978887558
B22-46,/fhome/maed/HelicoDataSet/CrossValidation/Annotated/B22-46_0/01340_Aug5.png,1,0.17051668465137482
B22-46,/fhome/maed/HelicoDataSet/CrossValidation/Annotated/B22-46_0/01852.png,0,0.09509166330099106
B22-46,/fhome/maed/HelicoDataSet/CrossValidation/Annotated/B22-46_0/01338_Aug8.png,1,0.1665942668914795
B22-46,/fhome/maed/HelicoDataSet/CrossValidation/Annotated/B22-46_0/01291_Aug4.png,1,0.16711878776550293
B22-46,/fhome/maed/HelicoDataSet/CrossValidation/Annotated/B22-46_0/01340.png,1,0.16991835832595825
B22-46,/fhome/maed/HelicoDataSet/CrossValidation/Annotated/B22-46_0/01338_Aug3.png,1,0.1675705760717392
B22-46,/fhome/maed/HelicoDataSet/CrossValidation/Annotated/B22-46_0/01340_Aug2.png,1,0.16903072595596313
B22-46,/fhome/maed/HelicoDataSet/CrossValidation/Annotated/B22-46_0/01039_Aug3.png,1,0.18330048024654388
B22-46,/fhome/maed/HelicoDataSet/CrossValidation/Annotated/B22-46_0/01338_Aug6.png,1,0.1672758162021637
B22-46,/fhome/maed/HelicoDataSet/CrossValidation/Annotated/B22-46_0/01338.png,1,0.16803032159805298
B22-46,/fhome/maed/HelicoDataSet/CrossValidation/Annotated/B22-46_0/02831.png,0,0.1379333734512329
B22-46,/fhome/maed/HelicoDataSet/CrossValidation/Annotated/B22-46_0/02771.png,0,0.16312912106513977
B22-46,/fhome/maed/HelicoDataSet/CrossValidation/Annotated/B22-46_0/02888.png,0,0.0677645280957222
B22-46,/fhome/maed/HelicoDataSet/CrossValidation/Annotated/B22-46_0/01338_Aug5.png,1,0.17204152047634125
B22-46,/fhome/maed/HelicoDataSet/CrossValidation/Annotated/B22-46_0/01340_Aug1.png,1,0.16908761858940125
B22-46,/fhome/maed/HelicoDataSet/CrossValidation/Annotated/B22-46_0/01291_Aug1.png,1,0.16926681995391846
B22-46,/fhome/maed/HelicoDataSet/CrossValidation/Annotated/B22-46_0/00182.png,0,0.10027255117893219
B22-46,/fhome/maed/HelicoDataSet/CrossValidation/Annotated/B22-46_0/00649.png,0,0.13466960191726685
B22-46,/fhome/maed/HelicoDataSet/CrossValidation/Annotated/B22-46_0/01291_Aug6.png,1,0.1650984287261963
B22-46,/fhome/maed/HelicoDataSet/CrossValidation/Annotated/B22-46_0/01340_Aug6.png,1,0.1691429167985916
B22-46,/fhome/maed/HelicoDataSet/CrossValidation/Annotated/B22-46_0/01039_Aug6.png,1,0.19014416635036469
B22-46,/fhome/maed/HelicoDataSet/CrossValidation/Annotated/B22-46_0/01291.png,1,0.1674233078956604
B22-46,/fhome/maed/HelicoDataSet/CrossValidation/Annotated/B22-46_0/03030.png,0,0.013644708320498466
B22-46,/fhome/maed/HelicoDataSet/CrossValidation/Annotated/B22-46_0/01338_Aug4.png,1,0.16515560448169708
B22-46,/fhome/maed/HelicoDataSet/CrossValidation/Annotated/B22-46_0/01039.png,1,0.18360397219657898
B22-46,/fhome/maed/HelicoDataSet/CrossValidation/Annotated/B22-46_0/01039_Aug2.png,1,0.21498368680477142
B22-46,/fhome/maed/HelicoDataSet/CrossValidation/Annotated/B22-46_0/01291_Aug2.png,1,0.16648346185684204
B22-46,/fhome/maed/HelicoDataSet/CrossValidation/Annotated/B22-46_0/01338_Aug2.png,1,0.1670292168855667
B22-46,/fhome/maed/HelicoDataSet/CrossValidation/Annotated/B22-46_0/01470.png,0,0.08509605377912521
B22-46,/fhome/maed/HelicoDataSet/CrossValidation/Annotated/B22-46_0/01340_Aug7.png,1,0.17098936438560486
B22-46,/fhome/maed/HelicoDataSet/CrossValidation/Annotated/B22-46_0/00943.png,0,0.15595291554927826
B22-46,/fhome/maed/HelicoDataSet/CrossValidation/Annotated/B22-46_0/01291_Aug5.png,1,0.1695878505706787
B22-46,/fhome/maed/HelicoDataSet/CrossValidation/Annotated/B22-46_0/01291_Aug8.png,1,0.16179297864437103
B22-46,/fhome/maed/HelicoDataSet/CrossValidation/Annotated/B22-46_0/01291_Aug3.png,1,0.17123602330684662
B22-117,/fhome/maed/HelicoDataSet/CrossValidation/Annotated/B22-117_0/01180.png,0,0.06614944338798523
B22-117,/fhome/maed/HelicoDataSet/CrossValidation/Annotated/B22-117_0/00952.png,0,0.08224897086620331
B22-117,/fhome/maed/HelicoDataSet/CrossValidation/Annotated/B22-117_0/01202.png,0,0.08511039614677429
B22-256,/fhome/maed/HelicoDataSet/CrossValidation/Annotated/B22-256_0/00216.png,0,0.13046833872795105
B22-256,/fhome/maed/HelicoDataSet/CrossValidation/Annotated/B22-256_0/00678.png,0,0.0998322144150734
B22-256,/fhome/maed/HelicoDataSet/CrossValidation/Annotated/B22-256_0/00258.png,0,0.15329469740390778
B22-71,/fhome/maed/HelicoDataSet/CrossValidation/Annotated/B22-71_0/00048_Aug6.png,1,0.18764960765838623
B22-71,/fhome/maed/HelicoDataSet/CrossValidation/Annotated/B22-71_0/00048_Aug8.png,1,0.17276455461978912
B22-71,/fhome/maed/HelicoDataSet/CrossValidation/Annotated/B22-71_0/00048_Aug2.png,1,0.18375636637210846
B22-71,/fhome/maed/HelicoDataSet/CrossValidation/Annotated/B22-71_0/00048_Aug4.png,1,0.17434987425804138
B22-71,/fhome/maed/HelicoDataSet/CrossValidation/Annotated/B22-71_0/00332.png,0,0.10401742905378342
B22-71,/fhome/maed/HelicoDataSet/CrossValidation/Annotated/B22-71_0/00048_Aug5.png,1,0.17529436945915222
B22-71,/fhome/maed/HelicoDataSet/CrossValidation/Annotated/B22-71_0/00048_Aug1.png,1,0.17528490722179413
B22-71,/fhome/maed/HelicoDataSet/CrossValidation/Annotated/B22-71_0/00048_Aug3.png,1,0.17413026094436646
B22-71,/fhome/maed/HelicoDataSet/CrossValidation/Annotated/B22-71_0/00048_Aug7.png,1,0.18133902549743652
B22-71,/fhome/maed/HelicoDataSet/CrossValidation/Annotated/B22-71_0/00048.png,1,0.17571057379245758
B22-60,/fhome/maed/HelicoDataSet/CrossValidation/Annotated/B22-60_0/01473.png,0,0.1654098778963089
B22-60,/fhome/maed/HelicoDataSet/CrossValidation/Annotated/B22-60_0/00339.png,0,0.16148409247398376
B22-60,/fhome/maed/HelicoDataSet/CrossValidation/Annotated/B22-60_0/00900.png,0,0.08614590764045715
B22-60,/fhome/maed/HelicoDataSet/CrossValidation/Annotated/B22-60_0/01474.png,0,0.1511625349521637
B22-60,/fhome/maed/HelicoDataSet/CrossValidation/Annotated/B22-60_0/00743.png,0,0.10343039780855179
B22-60,/fhome/maed/HelicoDataSet/CrossValidation/Annotated/B22-60_0/00636.png,0,0.11114735156297684
B22-26,/fhome/maed/HelicoDataSet/CrossValidation/Annotated/B22-26_0/01044.png,0,0.07250270992517471
B22-26,/fhome/maed/HelicoDataSet/CrossValidation/Annotated/B22-26_0/00000.png,0,0.10613054037094116
B22-94,/fhome/maed/HelicoDataSet/CrossValidation/Annotated/B22-94_1/00159.png,0,0.010240646079182625
B22-94,/fhome/maed/HelicoDataSet/CrossValidation/Annotated/B22-94_1/00164.png,0,0.004845248069614172
B22-94,/fhome/maed/HelicoDataSet/CrossValidation/Annotated/B22-94_1/00171.png,0,0.010005654767155647
B22-94,/fhome/maed/HelicoDataSet/CrossValidation/Annotated/B22-94_1/00068.png,0,0.006061304826289415
B22-280,/fhome/maed/HelicoDataSet/CrossValidation/Annotated/B22-280_0/00337_Aug3.png,1,0.18481066823005676
B22-280,/fhome/maed/HelicoDataSet/CrossValidation/Annotated/B22-280_0/00354_Aug8.png,1,0.17852336168289185
B22-280,/fhome/maed/HelicoDataSet/CrossValidation/Annotated/B22-280_0/00060.png,1,0.16906118392944336
B22-280,/fhome/maed/HelicoDataSet/CrossValidation/Annotated/B22-280_0/00162_Aug2.png,1,0.17183241248130798
B22-280,/fhome/maed/HelicoDataSet/CrossValidation/Annotated/B22-280_0/00771.png,1,0.17705008387565613
B22-280,/fhome/maed/HelicoDataSet/CrossValidation/Annotated/B22-280_0/00337_Aug8.png,1,0.24383513629436493
B22-280,/fhome/maed/HelicoDataSet/CrossValidation/Annotated/B22-280_0/00354_Aug2.png,1,0.18423894047737122
B22-280,/fhome/maed/HelicoDataSet/CrossValidation/Annotated/B22-280_0/00191.png,1,0.18034560978412628
B22-280,/fhome/maed/HelicoDataSet/CrossValidation/Annotated/B22-280_0/00162_Aug3.png,1,0.17210303246974945
B22-280,/fhome/maed/HelicoDataSet/CrossValidation/Annotated/B22-280_0/00771_Aug1.png,1,0.1723783016204834
B22-280,/fhome/maed/HelicoDataSet/CrossValidation/Annotated/B22-280_0/00162_Aug6.png,1,0.17173351347446442
B22-280,/fhome/maed/HelicoDataSet/CrossValidation/Annotated/B22-280_0/00162_Aug8.png,1,0.17136847972869873
B22-280,/fhome/maed/HelicoDataSet/CrossValidation/Annotated/B22-280_0/00060_Aug7.png,1,0.17155811190605164
B22-280,/fhome/maed/HelicoDataSet/CrossValidation/Annotated/B22-280_0/00162_Aug4.png,1,0.17171795666217804
B22-280,/fhome/maed/HelicoDataSet/CrossValidation/Annotated/B22-280_0/00191_Aug5.png,1,0.18192195892333984
B22-280,/fhome/maed/HelicoDataSet/CrossValidation/Annotated/B22-280_0/00162_Aug7.png,1,0.1721101850271225
B22-280,/fhome/maed/HelicoDataSet/CrossValidation/Annotated/B22-280_0/00337_Aug6.png,1,0.23669520020484924
B22-280,/fhome/maed/HelicoDataSet/CrossValidation/Annotated/B22-280_0/00060_Aug1.png,1,0.17210376262664795
B22-280,/fhome/maed/HelicoDataSet/CrossValidation/Annotated/B22-280_0/00060_Aug8.png,1,0.16945260763168335
B22-280,/fhome/maed/HelicoDataSet/CrossValidation/Annotated/B22-280_0/00354_Aug4.png,1,0.17961236834526062
B22-280,/fhome/maed/HelicoDataSet/CrossValidation/Annotated/B22-280_0/00354_Aug5.png,1,0.17794202268123627
B22-280,/fhome/maed/HelicoDataSet/CrossValidation/Annotated/B22-280_0/00354.png,1,0.17621907591819763
B22-280,/fhome/maed/HelicoDataSet/CrossValidation/Annotated/B22-280_0/00162_Aug5.png,1,0.1715799868106842
B22-280,/fhome/maed/HelicoDataSet/CrossValidation/Annotated/B22-280_0/00354_Aug7.png,1,0.17881935834884644
B22-280,/fhome/maed/HelicoDataSet/CrossValidation/Annotated/B22-280_0/00337.png,1,1.0283071994781494
B22-280,/fhome/maed/HelicoDataSet/CrossValidation/Annotated/B22-280_0/00191_Aug4.png,1,0.18488290905952454
B22-280,/fhome/maed/HelicoDataSet/CrossValidation/Annotated/B22-280_0/00337_Aug7.png,1,0.17750848829746246
B22-280,/fhome/maed/HelicoDataSet/CrossValidation/Annotated/B22-280_0/00191_Aug1.png,1,0.24355000257492065
B22-280,/fhome/maed/HelicoDataSet/CrossValidation/Annotated/B22-280_0/00337_Aug4.png,1,0.2887324094772339
B22-280,/fhome/maed/HelicoDataSet/CrossValidation/Annotated/B22-280_0/00771_Aug7.png,1,0.17117217183113098
B22-280,/fhome/maed/HelicoDataSet/CrossValidation/Annotated/B22-280_0/00060_Aug4.png,1,0.17134883999824524
B22-280,/fhome/maed/HelicoDataSet/CrossValidation/Annotated/B22-280_0/00162.png,1,0.17203916609287262
B22-280,/fhome/maed/HelicoDataSet/CrossValidation/Annotated/B22-280_0/00337_Aug1.png,1,0.18209613859653473
B22-280,/fhome/maed/HelicoDataSet/CrossValidation/Annotated/B22-280_0/00060_Aug3.png,1,0.17057521641254425
B22-280,/fhome/maed/HelicoDataSet/CrossValidation/Annotated/B22-280_0/00060_Aug5.png,1,0.17014504969120026
B22-280,/fhome/maed/HelicoDataSet/CrossValidation/Annotated/B22-280_0/00162_Aug1.png,1,0.1716158092021942
B22-280,/fhome/maed/HelicoDataSet/CrossValidation/Annotated/B22-280_0/00771_Aug2.png,1,0.170732781291008
B22-280,/fhome/maed/HelicoDataSet/CrossValidation/Annotated/B22-280_0/00771_Aug8.png,1,0.17265000939369202
B22-280,/fhome/maed/HelicoDataSet/CrossValidation/Annotated/B22-280_0/00354_Aug6.png,1,0.17568300664424896
B22-280,/fhome/maed/HelicoDataSet/CrossValidation/Annotated/B22-280_0/00337_Aug2.png,1,784.1959228515625
B22-280,/fhome/maed/HelicoDataSet/CrossValidation/Annotated/B22-280_0/00771_Aug3.png,1,0.17560601234436035
B22-280,/fhome/maed/HelicoDataSet/CrossValidation/Annotated/B22-280_0/00191_Aug2.png,1,0.18666084110736847
B22-280,/fhome/maed/HelicoDataSet/CrossValidation/Annotated/B22-280_0/00191_Aug7.png,1,0.1729256957769394
B22-280,/fhome/maed/HelicoDataSet/CrossValidation/Annotated/B22-280_0/00354_Aug1.png,1,0.17827816307544708
B22-280,/fhome/maed/HelicoDataSet/CrossValidation/Annotated/B22-280_0/00354_Aug3.png,1,0.17828096449375153
B22-280,/fhome/maed/HelicoDataSet/CrossValidation/Annotated/B22-280_0/00060_Aug6.png,1,0.17025722563266754
B22-280,/fhome/maed/HelicoDataSet/CrossValidation/Annotated/B22-280_0/00806.png,0,0.1617971956729889
B22-280,/fhome/maed/HelicoDataSet/CrossValidation/Annotated/B22-280_0/00771_Aug6.png,1,0.17188037931919098
B22-280,/fhome/maed/HelicoDataSet/CrossValidation/Annotated/B22-280_0/00191_Aug6.png,1,0.18376237154006958
B22-280,/fhome/maed/HelicoDataSet/CrossValidation/Annotated/B22-280_0/00771_Aug5.png,1,0.17273177206516266
B22-280,/fhome/maed/HelicoDataSet/CrossValidation/Annotated/B22-280_0/00191_Aug8.png,1,0.18669050931930542
B22-280,/fhome/maed/HelicoDataSet/CrossValidation/Annotated/B22-280_0/00191_Aug3.png,1,0.18014812469482422
B22-280,/fhome/maed/HelicoDataSet/CrossValidation/Annotated/B22-280_0/00060_Aug2.png,1,0.16958734393119812
B22-280,/fhome/maed/HelicoDataSet/CrossValidation/Annotated/B22-280_0/00337_Aug5.png,1,0.25674960017204285
B22-280,/fhome/maed/HelicoDataSet/CrossValidation/Annotated/B22-280_0/00397.png,0,0.020555544644594193
B22-280,/fhome/maed/HelicoDataSet/CrossValidation/Annotated/B22-280_0/00771_Aug4.png,1,0.1715376377105713
B22-99,/fhome/maed/HelicoDataSet/CrossValidation/Annotated/B22-99_0/00521.png,0,0.008549666032195091
B22-313,/fhome/maed/HelicoDataSet/CrossValidation/Annotated/B22-313_0/01364.png,0,0.017698947340250015
B22-313,/fhome/maed/HelicoDataSet/CrossValidation/Annotated/B22-313_0/00105_Aug5.png,1,0.17421719431877136
B22-313,/fhome/maed/HelicoDataSet/CrossValidation/Annotated/B22-313_0/01310.png,1,0.1799234002828598
B22-313,/fhome/maed/HelicoDataSet/CrossValidation/Annotated/B22-313_0/01552_Aug7.png,1,0.16650831699371338
B22-313,/fhome/maed/HelicoDataSet/CrossValidation/Annotated/B22-313_0/01552_Aug8.png,1,0.17342807352542877
B22-313,/fhome/maed/HelicoDataSet/CrossValidation/Annotated/B22-313_0/00105_Aug1.png,1,0.17809437215328217
B22-313,/fhome/maed/HelicoDataSet/CrossValidation/Annotated/B22-313_0/01310_Aug7.png,1,0.17978285253047943
B22-313,/fhome/maed/HelicoDataSet/CrossValidation/Annotated/B22-313_0/00105_Aug8.png,1,0.18561771512031555
B22-313,/fhome/maed/HelicoDataSet/CrossValidation/Annotated/B22-313_0/01310_Aug1.png,1,0.17905092239379883
B22-313,/fhome/maed/HelicoDataSet/CrossValidation/Annotated/B22-313_0/00105_Aug3.png,1,0.178901806473732
B22-313,/fhome/maed/HelicoDataSet/CrossValidation/Annotated/B22-313_0/01310_Aug4.png,1,0.17726154625415802
B22-313,/fhome/maed/HelicoDataSet/CrossValidation/Annotated/B22-313_0/00210.png,0,0.010790004394948483
B22-313,/fhome/maed/HelicoDataSet/CrossValidation/Annotated/B22-313_0/01310_Aug2.png,1,0.18077242374420166
B22-313,/fhome/maed/HelicoDataSet/CrossValidation/Annotated/B22-313_0/00105_Aug7.png,1,0.18041042983531952
B22-313,/fhome/maed/HelicoDataSet/CrossValidation/Annotated/B22-313_0/01310_Aug8.png,1,0.1723424643278122
B22-313,/fhome/maed/HelicoDataSet/CrossValidation/Annotated/B22-313_0/01552_Aug4.png,1,0.18416954576969147
B22-313,/fhome/maed/HelicoDataSet/CrossValidation/Annotated/B22-313_0/00105_Aug6.png,1,0.16950224339962006
B22-313,/fhome/maed/HelicoDataSet/CrossValidation/Annotated/B22-313_0/01552.png,1,0.1756441742181778
B22-313,/fhome/maed/HelicoDataSet/CrossValidation/Annotated/B22-313_0/00105_Aug2.png,1,0.1784208118915558
B22-313,/fhome/maed/HelicoDataSet/CrossValidation/Annotated/B22-313_0/00105_Aug4.png,1,0.17648884654045105
B22-313,/fhome/maed/HelicoDataSet/CrossValidation/Annotated/B22-313_0/01552_Aug3.png,1,0.16972385346889496
B22-313,/fhome/maed/HelicoDataSet/CrossValidation/Annotated/B22-313_0/01552_Aug1.png,1,0.17354582250118256
B22-313,/fhome/maed/HelicoDataSet/CrossValidation/Annotated/B22-313_0/01310_Aug3.png,1,0.18272234499454498
B22-313,/fhome/maed/HelicoDataSet/CrossValidation/Annotated/B22-313_0/00178.png,0,0.08191516250371933
B22-313,/fhome/maed/HelicoDataSet/CrossValidation/Annotated/B22-313_0/00200.png,0,0.011272809468209743
B22-313,/fhome/maed/HelicoDataSet/CrossValidation/Annotated/B22-313_0/01310_Aug6.png,1,0.1735459417104721
B22-313,/fhome/maed/HelicoDataSet/CrossValidation/Annotated/B22-313_0/01713.png,0,0.01625431329011917
B22-313,/fhome/maed/HelicoDataSet/CrossValidation/Annotated/B22-313_0/00105.png,1,0.17998631298542023
B22-313,/fhome/maed/HelicoDataSet/CrossValidation/Annotated/B22-313_0/01552_Aug5.png,1,0.16378647089004517
B22-313,/fhome/maed/HelicoDataSet/CrossValidation/Annotated/B22-313_0/01552_Aug6.png,1,0.18085196614265442
B22-313,/fhome/maed/HelicoDataSet/CrossValidation/Annotated/B22-313_0/00619.png,0,0.006345092318952084
B22-313,/fhome/maed/HelicoDataSet/CrossValidation/Annotated/B22-313_0/01647.png,0,0.010625174269080162
B22-313,/fhome/maed/HelicoDataSet/CrossValidation/Annotated/B22-313_0/01552_Aug2.png,1,0.1751149743795395
B22-313,/fhome/maed/HelicoDataSet/CrossValidation/Annotated/B22-313_0/01474.png,0,0.06696808338165283
B22-313,/fhome/maed/HelicoDataSet/CrossValidation/Annotated/B22-313_0/01310_Aug5.png,1,0.1808723658323288
B22-313,/fhome/maed/HelicoDataSet/CrossValidation/Annotated/B22-313_0/00245.png,0,0.02038435824215412
B22-87,/fhome/maed/HelicoDataSet/CrossValidation/Annotated/B22-87_1/00624.png,0,0.07283642143011093
B22-87,/fhome/maed/HelicoDataSet/CrossValidation/Annotated/B22-87_1/00152.png,0,0.16711892187595367
B22-87,/fhome/maed/HelicoDataSet/CrossValidation/Annotated/B22-87_1/00372.png,0,0.014503106474876404
B22-149,/fhome/maed/HelicoDataSet/CrossValidation/Annotated/B22-149_0/01277.png,0,0.10830020159482956
B22-149,/fhome/maed/HelicoDataSet/CrossValidation/Annotated/B22-149_0/03025.png,0,0.013926533982157707
B22-274,/fhome/maed/HelicoDataSet/CrossValidation/Annotated/B22-274_0/00906.png,0,0.011184372939169407
B22-274,/fhome/maed/HelicoDataSet/CrossValidation/Annotated/B22-274_0/01267.png,0,0.04516269266605377
B22-210,/fhome/maed/HelicoDataSet/CrossValidation/Annotated/B22-210_0/00025.png,0,0.011840786784887314
B22-111,/fhome/maed/HelicoDataSet/CrossValidation/Annotated/B22-111_1/00005.png,0,0.009892924688756466
B22-111,/fhome/maed/HelicoDataSet/CrossValidation/Annotated/B22-111_1/00138.png,0,0.01496821641921997
B22-111,/fhome/maed/HelicoDataSet/CrossValidation/Annotated/B22-111_1/00129.png,0,0.011352081783115864
B22-111,/fhome/maed/HelicoDataSet/CrossValidation/Annotated/B22-111_1/00207.png,0,0.010990113951265812
B22-111,/fhome/maed/HelicoDataSet/CrossValidation/Annotated/B22-111_1/00000.png,0,0.1169605478644371
B22-235,/fhome/maed/HelicoDataSet/CrossValidation/Annotated/B22-235_0/01248.png,0,0.16106201708316803
B22-235,/fhome/maed/HelicoDataSet/CrossValidation/Annotated/B22-235_0/01242.png,0,0.11744194477796555
B22-235,/fhome/maed/HelicoDataSet/CrossValidation/Annotated/B22-235_0/00014.png,0,0.0564039945602417
B22-235,/fhome/maed/HelicoDataSet/CrossValidation/Annotated/B22-235_0/01246.png,0,0.16327844560146332
B22-119,/fhome/maed/HelicoDataSet/CrossValidation/Annotated/B22-119_0/00975.png,0,0.09907452762126923
B22-119,/fhome/maed/HelicoDataSet/CrossValidation/Annotated/B22-119_0/01137.png,0,0.15073040127754211
B22-118,/fhome/maed/HelicoDataSet/CrossValidation/Annotated/B22-118_0/00106.png,0,0.06485551595687866
B22-118,/fhome/maed/HelicoDataSet/CrossValidation/Annotated/B22-118_0/00254.png,0,0.16742177307605743
B22-118,/fhome/maed/HelicoDataSet/CrossValidation/Annotated/B22-118_0/00650.png,0,0.13943170011043549
B22-118,/fhome/maed/HelicoDataSet/CrossValidation/Annotated/B22-118_0/00587.png,0,0.1106569916009903
B22-118,/fhome/maed/HelicoDataSet/CrossValidation/Annotated/B22-118_0/00405.png,0,0.1488741934299469
B22-118,/fhome/maed/HelicoDataSet/CrossValidation/Annotated/B22-118_0/00724.png,0,0.1441556215286255
B22-118,/fhome/maed/HelicoDataSet/CrossValidation/Annotated/B22-118_0/00232.png,0,0.06245387718081474
B22-118,/fhome/maed/HelicoDataSet/CrossValidation/Annotated/B22-118_0/00323.png,0,0.06882129609584808
B22-118,/fhome/maed/HelicoDataSet/CrossValidation/Annotated/B22-118_0/00890.png,0,0.09989520907402039
B22-118,/fhome/maed/HelicoDataSet/CrossValidation/Annotated/B22-118_0/00791.png,0,0.15718968212604523
B22-118,/fhome/maed/HelicoDataSet/CrossValidation/Annotated/B22-118_0/00313.png,0,0.08097033202648163
B22-118,/fhome/maed/HelicoDataSet/CrossValidation/Annotated/B22-118_0/00613.png,0,0.07424484193325043
B22-118,/fhome/maed/HelicoDataSet/CrossValidation/Annotated/B22-118_0/00134.png,0,0.09288931638002396
B22-118,/fhome/maed/HelicoDataSet/CrossValidation/Annotated/B22-118_0/03550.png,0,0.09352657198905945
B22-118,/fhome/maed/HelicoDataSet/CrossValidation/Annotated/B22-118_0/00631.png,0,0.08067299425601959
B22-95,/fhome/maed/HelicoDataSet/CrossValidation/Annotated/B22-95_1/00766.png,0,0.00950893759727478
B22-95,/fhome/maed/HelicoDataSet/CrossValidation/Annotated/B22-95_1/00361.png,0,0.004425773397088051
B22-95,/fhome/maed/HelicoDataSet/CrossValidation/Annotated/B22-95_1/00178.png,0,0.009713751263916492
B22-95,/fhome/maed/HelicoDataSet/CrossValidation/Annotated/B22-95_1/00255.png,0,0.1135483905673027
B22-95,/fhome/maed/HelicoDataSet/CrossValidation/Annotated/B22-95_1/01131.png,0,0.017137236893177032
B22-95,/fhome/maed/HelicoDataSet/CrossValidation/Annotated/B22-95_1/00781.png,0,0.08312009274959564
B22-95,/fhome/maed/HelicoDataSet/CrossValidation/Annotated/B22-95_1/00908.png,0,0.007160826586186886
B22-50,/fhome/maed/HelicoDataSet/CrossValidation/Annotated/B22-50_0/01342_Aug4.png,1,0.162399560213089
B22-50,/fhome/maed/HelicoDataSet/CrossValidation/Annotated/B22-50_0/00865.png,1,0.16073621809482574
B22-50,/fhome/maed/HelicoDataSet/CrossValidation/Annotated/B22-50_0/01090_Aug3.png,1,0.16716551780700684
B22-50,/fhome/maed/HelicoDataSet/CrossValidation/Annotated/B22-50_0/01090.png,1,0.16852883994579315
B22-50,/fhome/maed/HelicoDataSet/CrossValidation/Annotated/B22-50_0/01342_Aug5.png,1,0.16816477477550507
B22-50,/fhome/maed/HelicoDataSet/CrossValidation/Annotated/B22-50_0/01090_Aug5.png,1,0.1643807739019394
B22-50,/fhome/maed/HelicoDataSet/CrossValidation/Annotated/B22-50_0/01342.png,1,0.16507655382156372
B22-50,/fhome/maed/HelicoDataSet/CrossValidation/Annotated/B22-50_0/00429.png,0,0.14266689121723175
B22-50,/fhome/maed/HelicoDataSet/CrossValidation/Annotated/B22-50_0/01000.png,0,0.148603156208992
B22-50,/fhome/maed/HelicoDataSet/CrossValidation/Annotated/B22-50_0/01090_Aug1.png,1,0.16724583506584167
B22-50,/fhome/maed/HelicoDataSet/CrossValidation/Annotated/B22-50_0/01342_Aug1.png,1,0.16709239780902863
B22-50,/fhome/maed/HelicoDataSet/CrossValidation/Annotated/B22-50_0/01090_Aug2.png,1,0.1685258001089096
B22-50,/fhome/maed/HelicoDataSet/CrossValidation/Annotated/B22-50_0/00992.png,0,0.1062636598944664
B22-50,/fhome/maed/HelicoDataSet/CrossValidation/Annotated/B22-50_0/00865_Aug2.png,1,0.16588015854358673
B22-50,/fhome/maed/HelicoDataSet/CrossValidation/Annotated/B22-50_0/01342_Aug8.png,1,0.1663954108953476
B22-50,/fhome/maed/HelicoDataSet/CrossValidation/Annotated/B22-50_0/01090_Aug6.png,1,0.1643422245979309
B22-50,/fhome/maed/HelicoDataSet/CrossValidation/Annotated/B22-50_0/00865_Aug5.png,1,0.1663569211959839
B22-50,/fhome/maed/HelicoDataSet/CrossValidation/Annotated/B22-50_0/01342_Aug7.png,1,0.16787797212600708
B22-50,/fhome/maed/HelicoDataSet/CrossValidation/Annotated/B22-50_0/00865_Aug7.png,1,0.16590933501720428
B22-50,/fhome/maed/HelicoDataSet/CrossValidation/Annotated/B22-50_0/01342_Aug3.png,1,0.16792728006839752
B22-50,/fhome/maed/HelicoDataSet/CrossValidation/Annotated/B22-50_0/00865_Aug4.png,1,0.1651337742805481
B22-50,/fhome/maed/HelicoDataSet/CrossValidation/Annotated/B22-50_0/01090_Aug7.png,1,0.1658862978219986
B22-50,/fhome/maed/HelicoDataSet/CrossValidation/Annotated/B22-50_0/01342_Aug6.png,1,0.16050675511360168
B22-50,/fhome/maed/HelicoDataSet/CrossValidation/Annotated/B22-50_0/01090_Aug4.png,1,0.1684093177318573
B22-50,/fhome/maed/HelicoDataSet/CrossValidation/Annotated/B22-50_0/00990.png,0,0.10675325244665146
B22-50,/fhome/maed/HelicoDataSet/CrossValidation/Annotated/B22-50_0/00709.png,0,0.15681445598602295
B22-50,/fhome/maed/HelicoDataSet/CrossValidation/Annotated/B22-50_0/01342_Aug2.png,1,0.16516946256160736
B22-50,/fhome/maed/HelicoDataSet/CrossValidation/Annotated/B22-50_0/00865_Aug6.png,1,0.16346119344234467
B22-50,/fhome/maed/HelicoDataSet/CrossValidation/Annotated/B22-50_0/00865_Aug8.png,1,0.15976719558238983
B22-50,/fhome/maed/HelicoDataSet/CrossValidation/Annotated/B22-50_0/00865_Aug1.png,1,0.16622573137283325
B22-50,/fhome/maed/HelicoDataSet/CrossValidation/Annotated/B22-50_0/01090_Aug8.png,1,0.1643427014350891
B22-50,/fhome/maed/HelicoDataSet/CrossValidation/Annotated/B22-50_0/00865_Aug3.png,1,0.16345123946666718
B22-86,/fhome/maed/HelicoDataSet/CrossValidation/Annotated/B22-86_0/00266.png,0,0.01641249656677246
B22-155,/fhome/maed/HelicoDataSet/CrossValidation/Annotated/B22-155_0/01909_Aug4.png,1,0.16784420609474182
B22-155,/fhome/maed/HelicoDataSet/CrossValidation/Annotated/B22-155_0/00137_Aug8.png,1,0.21918131411075592
B22-155,/fhome/maed/HelicoDataSet/CrossValidation/Annotated/B22-155_0/04763_Aug3.png,1,0.17971181869506836
B22-155,/fhome/maed/HelicoDataSet/CrossValidation/Annotated/B22-155_0/00588_Aug3.png,1,0.19504383206367493
B22-155,/fhome/maed/HelicoDataSet/CrossValidation/Annotated/B22-155_0/00137_Aug4.png,1,0.2187613844871521
B22-155,/fhome/maed/HelicoDataSet/CrossValidation/Annotated/B22-155_0/01688_Aug8.png,1,0.12653523683547974
B22-155,/fhome/maed/HelicoDataSet/CrossValidation/Annotated/B22-155_0/00317_Aug5.png,1,0.1599431335926056
B22-155,/fhome/maed/HelicoDataSet/CrossValidation/Annotated/B22-155_0/02106_Aug2.png,1,0.17975738644599915
B22-155,/fhome/maed/HelicoDataSet/CrossValidation/Annotated/B22-155_0/00065_Aug6.png,1,0.1639164835214615
B22-155,/fhome/maed/HelicoDataSet/CrossValidation/Annotated/B22-155_0/04070_Aug3.png,1,0.20181697607040405
B22-155,/fhome/maed/HelicoDataSet/CrossValidation/Annotated/B22-155_0/02185_Aug2.png,1,0.17046499252319336
B22-155,/fhome/maed/HelicoDataSet/CrossValidation/Annotated/B22-155_0/04440_Aug3.png,1,0.16617940366268158
B22-155,/fhome/maed/HelicoDataSet/CrossValidation/Annotated/B22-155_0/03707_Aug5.png,1,0.1920112520456314
B22-155,/fhome/maed/HelicoDataSet/CrossValidation/Annotated/B22-155_0/03998_Aug4.png,1,0.16415922343730927
B22-155,/fhome/maed/HelicoDataSet/CrossValidation/Annotated/B22-155_0/03998_Aug5.png,1,0.1660129874944687
B22-155,/fhome/maed/HelicoDataSet/CrossValidation/Annotated/B22-155_0/03707_Aug6.png,1,0.1770181953907013
B22-155,/fhome/maed/HelicoDataSet/CrossValidation/Annotated/B22-155_0/00065_Aug8.png,1,0.16538859903812408
B22-155,/fhome/maed/HelicoDataSet/CrossValidation/Annotated/B22-155_0/00137_Aug7.png,1,0.20788398385047913
B22-155,/fhome/maed/HelicoDataSet/CrossValidation/Annotated/B22-155_0/01228.png,0,0.15861229598522186
B22-155,/fhome/maed/HelicoDataSet/CrossValidation/Annotated/B22-155_0/00137_Aug5.png,1,0.20805467665195465
B22-155,/fhome/maed/HelicoDataSet/CrossValidation/Annotated/B22-155_0/03707.png,1,0.18111923336982727
B22-155,/fhome/maed/HelicoDataSet/CrossValidation/Annotated/B22-155_0/00994_Aug5.png,1,0.1711394041776657
B22-155,/fhome/maed/HelicoDataSet/CrossValidation/Annotated/B22-155_0/04382_Aug7.png,1,0.16898679733276367
B22-155,/fhome/maed/HelicoDataSet/CrossValidation/Annotated/B22-155_0/01688_Aug3.png,1,0.17056135833263397
B22-155,/fhome/maed/HelicoDataSet/CrossValidation/Annotated/B22-155_0/01688_Aug4.png,1,0.1443016231060028
B22-155,/fhome/maed/HelicoDataSet/CrossValidation/Annotated/B22-155_0/01760.png,1,0.17232979834079742
B22-155,/fhome/maed/HelicoDataSet/CrossValidation/Annotated/B22-155_0/04382.png,1,0.16110309958457947
B22-155,/fhome/maed/HelicoDataSet/CrossValidation/Annotated/B22-155_0/02987_Aug3.png,1,0.16736452281475067
B22-155,/fhome/maed/HelicoDataSet/CrossValidation/Annotated/B22-155_0/04440_Aug4.png,1,0.16590294241905212
B22-155,/fhome/maed/HelicoDataSet/CrossValidation/Annotated/B22-155_0/04070_Aug7.png,1,0.21504025161266327
B22-155,/fhome/maed/HelicoDataSet/CrossValidation/Annotated/B22-155_0/02987_Aug2.png,1,0.16275127232074738
B22-155,/fhome/maed/HelicoDataSet/CrossValidation/Annotated/B22-155_0/00317_Aug6.png,1,0.1678558588027954
B22-155,/fhome/maed/HelicoDataSet/CrossValidation/Annotated/B22-155_0/02106_Aug4.png,1,0.17962704598903656
B22-155,/fhome/maed/HelicoDataSet/CrossValidation/Annotated/B22-155_0/04070.png,1,0.20098982751369476
B22-155,/fhome/maed/HelicoDataSet/CrossValidation/Annotated/B22-155_0/04440_Aug8.png,1,0.16712389886379242
B22-155,/fhome/maed/HelicoDataSet/CrossValidation/Annotated/B22-155_0/02989_Aug2.png,1,0.16497069597244263
B22-155,/fhome/maed/HelicoDataSet/CrossValidation/Annotated/B22-155_0/02125_Aug6.png,1,0.19471296668052673
B22-155,/fhome/maed/HelicoDataSet/CrossValidation/Annotated/B22-155_0/02987_Aug4.png,1,0.1639150083065033
B22-155,/fhome/maed/HelicoDataSet/CrossValidation/Annotated/B22-155_0/01688_Aug2.png,1,0.16676820814609528
B22-155,/fhome/maed/HelicoDataSet/CrossValidation/Annotated/B22-155_0/01909_Aug6.png,1,0.156869038939476
B22-155,/fhome/maed/HelicoDataSet/CrossValidation/Annotated/B22-155_0/02106_Aug8.png,1,0.1785142719745636
B22-155,/fhome/maed/HelicoDataSet/CrossValidation/Annotated/B22-155_0/02106_Aug5.png,1,0.18267130851745605
B22-155,/fhome/maed/HelicoDataSet/CrossValidation/Annotated/B22-155_0/03834.png,0,0.1660522222518921
B22-155,/fhome/maed/HelicoDataSet/CrossValidation/Annotated/B22-155_0/00065.png,1,0.1599101722240448
B22-155,/fhome/maed/HelicoDataSet/CrossValidation/Annotated/B22-155_0/02185_Aug1.png,1,0.17875148355960846
B22-155,/fhome/maed/HelicoDataSet/CrossValidation/Annotated/B22-155_0/04440_Aug1.png,1,0.16682852804660797
B22-155,/fhome/maed/HelicoDataSet/CrossValidation/Annotated/B22-155_0/00994_Aug3.png,1,0.17099729180335999
B22-155,/fhome/maed/HelicoDataSet/CrossValidation/Annotated/B22-155_0/02989_Aug4.png,1,0.16351041197776794
B22-155,/fhome/maed/HelicoDataSet/CrossValidation/Annotated/B22-155_0/04382_Aug8.png,1,0.16336776316165924
B22-155,/fhome/maed/HelicoDataSet/CrossValidation/Annotated/B22-155_0/00742.png,0,0.11910012364387512
B22-155,/fhome/maed/HelicoDataSet/CrossValidation/Annotated/B22-155_0/00065_Aug4.png,1,0.16362367570400238
B22-155,/fhome/maed/HelicoDataSet/CrossValidation/Annotated/B22-155_0/00317_Aug8.png,1,0.16958360373973846
B22-155,/fhome/maed/HelicoDataSet/CrossValidation/Annotated/B22-155_0/04763.png,1,0.17885522544384003
B22-155,/fhome/maed/HelicoDataSet/CrossValidation/Annotated/B22-155_0/00065_Aug7.png,1,0.15901072323322296
B22-155,/fhome/maed/HelicoDataSet/CrossValidation/Annotated/B22-155_0/02987_Aug8.png,1,0.16393712162971497
B22-155,/fhome/maed/HelicoDataSet/CrossValidation/Annotated/B22-155_0/01688_Aug1.png,1,0.16875122487545013
B22-155,/fhome/maed/HelicoDataSet/CrossValidation/Annotated/B22-155_0/01909_Aug5.png,1,0.16509567201137543
B22-155,/fhome/maed/HelicoDataSet/CrossValidation/Annotated/B22-155_0/00994.png,1,0.171895831823349
B22-155,/fhome/maed/HelicoDataSet/CrossValidation/Annotated/B22-155_0/02125_Aug4.png,1,0.19396620988845825
B22-155,/fhome/maed/HelicoDataSet/CrossValidation/Annotated/B22-155_0/00137_Aug2.png,1,0.21998560428619385
B22-155,/fhome/maed/HelicoDataSet/CrossValidation/Annotated/B22-155_0/02125.png,1,0.19606782495975494
B22-155,/fhome/maed/HelicoDataSet/CrossValidation/Annotated/B22-155_0/04440_Aug5.png,1,0.16978803277015686
B22-155,/fhome/maed/HelicoDataSet/CrossValidation/Annotated/B22-155_0/04070_Aug1.png,1,0.1990707665681839
B22-155,/fhome/maed/HelicoDataSet/CrossValidation/Annotated/B22-155_0/03998.png,1,0.16592484712600708
B22-155,/fhome/maed/HelicoDataSet/CrossValidation/Annotated/B22-155_0/00588_Aug6.png,1,0.19547219574451447
B22-155,/fhome/maed/HelicoDataSet/CrossValidation/Annotated/B22-155_0/00994_Aug8.png,1,0.17155961692333221
B22-155,/fhome/maed/HelicoDataSet/CrossValidation/Annotated/B22-155_0/01688_Aug5.png,1,0.17084012925624847
B22-155,/fhome/maed/HelicoDataSet/CrossValidation/Annotated/B22-155_0/02834.png,0,0.16180461645126343
B22-155,/fhome/maed/HelicoDataSet/CrossValidation/Annotated/B22-155_0/02989_Aug8.png,1,0.1685999482870102
B22-155,/fhome/maed/HelicoDataSet/CrossValidation/Annotated/B22-155_0/03707_Aug8.png,1,0.1957692801952362
B22-155,/fhome/maed/HelicoDataSet/CrossValidation/Annotated/B22-155_0/00588_Aug5.png,1,0.20129284262657166
B22-155,/fhome/maed/HelicoDataSet/CrossValidation/Annotated/B22-155_0/00317_Aug3.png,1,0.16502134501934052
B22-155,/fhome/maed/HelicoDataSet/CrossValidation/Annotated/B22-155_0/02338_Aug8.png,1,0.16922758519649506
B22-155,/fhome/maed/HelicoDataSet/CrossValidation/Annotated/B22-155_0/02989_Aug7.png,1,0.17110836505889893
B22-155,/fhome/maed/HelicoDataSet/CrossValidation/Annotated/B22-155_0/00317_Aug2.png,1,0.16736261546611786
B22-155,/fhome/maed/HelicoDataSet/CrossValidation/Annotated/B22-155_0/01760_Aug8.png,1,0.17202748358249664
B22-155,/fhome/maed/HelicoDataSet/CrossValidation/Annotated/B22-155_0/00065_Aug2.png,1,0.16000375151634216
B22-155,/fhome/maed/HelicoDataSet/CrossValidation/Annotated/B22-155_0/03707_Aug3.png,1,0.18315088748931885
B22-155,/fhome/maed/HelicoDataSet/CrossValidation/Annotated/B22-155_0/02125_Aug5.png,1,0.194085493683815
B22-155,/fhome/maed/HelicoDataSet/CrossValidation/Annotated/B22-155_0/04382_Aug4.png,1,0.16303111612796783
B22-155,/fhome/maed/HelicoDataSet/CrossValidation/Annotated/B22-155_0/01909_Aug3.png,1,0.16016748547554016
B22-155,/fhome/maed/HelicoDataSet/CrossValidation/Annotated/B22-155_0/04070_Aug4.png,1,0.20195205509662628
B22-155,/fhome/maed/HelicoDataSet/CrossValidation/Annotated/B22-155_0/00994_Aug1.png,1,0.17098292708396912
B22-155,/fhome/maed/HelicoDataSet/CrossValidation/Annotated/B22-155_0/00588_Aug1.png,1,0.19032379984855652
B22-155,/fhome/maed/HelicoDataSet/CrossValidation/Annotated/B22-155_0/03707_Aug7.png,1,0.18966688215732574
B22-155,/fhome/maed/HelicoDataSet/CrossValidation/Annotated/B22-155_0/02987_Aug7.png,1,0.16693821549415588
B22-155,/fhome/maed/HelicoDataSet/CrossValidation/Annotated/B22-155_0/00754.png,0,0.1546994000673294
B22-155,/fhome/maed/HelicoDataSet/CrossValidation/Annotated/B22-155_0/03998_Aug1.png,1,0.16121207177639008
B22-155,/fhome/maed/HelicoDataSet/CrossValidation/Annotated/B22-155_0/04382_Aug3.png,1,0.16771817207336426
B22-155,/fhome/maed/HelicoDataSet/CrossValidation/Annotated/B22-155_0/02338_Aug7.png,1,0.1707068234682083
B22-155,/fhome/maed/HelicoDataSet/CrossValidation/Annotated/B22-155_0/02106_Aug3.png,1,0.1826993227005005
B22-155,/fhome/maed/HelicoDataSet/CrossValidation/Annotated/B22-155_0/02989_Aug1.png,1,0.16815616190433502
B22-155,/fhome/maed/HelicoDataSet/CrossValidation/Annotated/B22-155_0/04382_Aug5.png,1,0.1648309975862503
B22-155,/fhome/maed/HelicoDataSet/CrossValidation/Annotated/B22-155_0/00994_Aug7.png,1,0.17012912034988403
B22-155,/fhome/maed/HelicoDataSet/CrossValidation/Annotated/B22-155_0/01395.png,0,0.15792495012283325
B22-155,/fhome/maed/HelicoDataSet/CrossValidation/Annotated/B22-155_0/01688.png,1,0.1684693843126297
B22-155,/fhome/maed/HelicoDataSet/CrossValidation/Annotated/B22-155_0/01760_Aug3.png,1,0.17035619914531708
B22-155,/fhome/maed/HelicoDataSet/CrossValidation/Annotated/B22-155_0/01760_Aug1.png,1,0.17100580036640167
B22-155,/fhome/maed/HelicoDataSet/CrossValidation/Annotated/B22-155_0/01518.png,0,0.1266804337501526
B22-155,/fhome/maed/HelicoDataSet/CrossValidation/Annotated/B22-155_0/02987.png,1,0.16151253879070282
B22-155,/fhome/maed/HelicoDataSet/CrossValidation/Annotated/B22-155_0/02185_Aug4.png,1,0.1703915297985077
B22-155,/fhome/maed/HelicoDataSet/CrossValidation/Annotated/B22-155_0/01782_Aug8.png,1,0.1720820963382721
B22-155,/fhome/maed/HelicoDataSet/CrossValidation/Annotated/B22-155_0/01760_Aug2.png,1,0.1720539778470993
B22-155,/fhome/maed/HelicoDataSet/CrossValidation/Annotated/B22-155_0/03236.png,0,0.1479782909154892
B22-155,/fhome/maed/HelicoDataSet/CrossValidation/Annotated/B22-155_0/00137_Aug6.png,1,0.23101076483726501
B22-155,/fhome/maed/HelicoDataSet/CrossValidation/Annotated/B22-155_0/04070_Aug5.png,1,0.24570001661777496
B22-155,/fhome/maed/HelicoDataSet/CrossValidation/Annotated/B22-155_0/01760_Aug4.png,1,0.17212112247943878
B22-155,/fhome/maed/HelicoDataSet/CrossValidation/Annotated/B22-155_0/03998_Aug2.png,1,0.16225659847259521
B22-155,/fhome/maed/HelicoDataSet/CrossValidation/Annotated/B22-155_0/01782_Aug4.png,1,0.1710088700056076
B22-155,/fhome/maed/HelicoDataSet/CrossValidation/Annotated/B22-155_0/01760_Aug6.png,1,0.1717686802148819
B22-155,/fhome/maed/HelicoDataSet/CrossValidation/Annotated/B22-155_0/01782.png,1,0.17031317949295044
B22-155,/fhome/maed/HelicoDataSet/CrossValidation/Annotated/B22-155_0/03707_Aug2.png,1,0.18744592368602753
B22-155,/fhome/maed/HelicoDataSet/CrossValidation/Annotated/B22-155_0/04382_Aug2.png,1,0.1598573923110962
B22-155,/fhome/maed/HelicoDataSet/CrossValidation/Annotated/B22-155_0/04763_Aug1.png,1,0.1799449622631073
B22-155,/fhome/maed/HelicoDataSet/CrossValidation/Annotated/B22-155_0/01909_Aug8.png,1,0.1572679877281189
B22-155,/fhome/maed/HelicoDataSet/CrossValidation/Annotated/B22-155_0/01782_Aug2.png,1,0.17266958951950073
B22-155,/fhome/maed/HelicoDataSet/CrossValidation/Annotated/B22-155_0/02106_Aug6.png,1,0.18376509845256805
B22-155,/fhome/maed/HelicoDataSet/CrossValidation/Annotated/B22-155_0/00588_Aug7.png,1,0.19000397622585297
B22-155,/fhome/maed/HelicoDataSet/CrossValidation/Annotated/B22-155_0/00588_Aug4.png,1,0.19691607356071472
B22-155,/fhome/maed/HelicoDataSet/CrossValidation/Annotated/B22-155_0/00588_Aug2.png,1,0.19294576346874237
B22-155,/fhome/maed/HelicoDataSet/CrossValidation/Annotated/B22-155_0/01909_Aug1.png,1,0.16117481887340546
B22-155,/fhome/maed/HelicoDataSet/CrossValidation/Annotated/B22-155_0/02106_Aug7.png,1,0.18136367201805115
B22-155,/fhome/maed/HelicoDataSet/CrossValidation/Annotated/B22-155_0/00994_Aug4.png,1,0.17125128209590912
B22-155,/fhome/maed/HelicoDataSet/CrossValidation/Annotated/B22-155_0/00588.png,1,0.1931586116552353
B22-155,/fhome/maed/HelicoDataSet/CrossValidation/Annotated/B22-155_0/02338_Aug2.png,1,0.16837377846240997
B22-155,/fhome/maed/HelicoDataSet/CrossValidation/Annotated/B22-155_0/03998_Aug7.png,1,0.1642543226480484
B22-155,/fhome/maed/HelicoDataSet/CrossValidation/Annotated/B22-155_0/02185_Aug6.png,1,0.17659713327884674
B22-155,/fhome/maed/HelicoDataSet/CrossValidation/Annotated/B22-155_0/00317_Aug7.png,1,0.16534855961799622
B22-155,/fhome/maed/HelicoDataSet/CrossValidation/Annotated/B22-155_0/01909.png,1,0.1627635806798935
B22-155,/fhome/maed/HelicoDataSet/CrossValidation/Annotated/B22-155_0/03707_Aug4.png,1,0.1775100827217102
B22-155,/fhome/maed/HelicoDataSet/CrossValidation/Annotated/B22-155_0/04440_Aug2.png,1,0.16585932672023773
B22-155,/fhome/maed/HelicoDataSet/CrossValidation/Annotated/B22-155_0/02338_Aug6.png,1,0.16929534077644348
B22-155,/fhome/maed/HelicoDataSet/CrossValidation/Annotated/B22-155_0/01688_Aug7.png,1,0.17163151502609253
B22-155,/fhome/maed/HelicoDataSet/CrossValidation/Annotated/B22-155_0/00065_Aug1.png,1,0.15887635946273804
B22-155,/fhome/maed/HelicoDataSet/CrossValidation/Annotated/B22-155_0/02106.png,1,0.18278759717941284
B22-155,/fhome/maed/HelicoDataSet/CrossValidation/Annotated/B22-155_0/02989.png,1,0.1666877269744873
B22-155,/fhome/maed/HelicoDataSet/CrossValidation/Annotated/B22-155_0/04070_Aug8.png,1,0.21232128143310547
B22-155,/fhome/maed/HelicoDataSet/CrossValidation/Annotated/B22-155_0/03707_Aug1.png,1,0.18502795696258545
B22-155,/fhome/maed/HelicoDataSet/CrossValidation/Annotated/B22-155_0/02185.png,1,0.17419004440307617
B22-155,/fhome/maed/HelicoDataSet/CrossValidation/Annotated/B22-155_0/02185_Aug7.png,1,0.1670171469449997
B22-155,/fhome/maed/HelicoDataSet/CrossValidation/Annotated/B22-155_0/02987_Aug5.png,1,0.16701607406139374
B22-155,/fhome/maed/HelicoDataSet/CrossValidation/Annotated/B22-155_0/02338_Aug4.png,1,0.16813349723815918
B22-155,/fhome/maed/HelicoDataSet/CrossValidation/Annotated/B22-155_0/02106_Aug1.png,1,0.1828562617301941
B22-155,/fhome/maed/HelicoDataSet/CrossValidation/Annotated/B22-155_0/02185_Aug8.png,1,0.17118847370147705
B22-155,/fhome/maed/HelicoDataSet/CrossValidation/Annotated/B22-155_0/02989_Aug6.png,1,0.166187584400177
B22-155,/fhome/maed/HelicoDataSet/CrossValidation/Annotated/B22-155_0/04440_Aug7.png,1,0.16700047254562378
B22-155,/fhome/maed/HelicoDataSet/CrossValidation/Annotated/B22-155_0/04763_Aug4.png,1,0.1790088266134262
B22-155,/fhome/maed/HelicoDataSet/CrossValidation/Annotated/B22-155_0/02338_Aug3.png,1,0.16917550563812256
B22-155,/fhome/maed/HelicoDataSet/CrossValidation/Annotated/B22-155_0/02125_Aug1.png,1,0.1921451985836029
B22-155,/fhome/maed/HelicoDataSet/CrossValidation/Annotated/B22-155_0/00588_Aug8.png,1,0.19638274610042572
B22-155,/fhome/maed/HelicoDataSet/CrossValidation/Annotated/B22-155_0/04070_Aug6.png,1,0.20759452879428864
B22-155,/fhome/maed/HelicoDataSet/CrossValidation/Annotated/B22-155_0/00317_Aug1.png,1,0.16303513944149017
B22-155,/fhome/maed/HelicoDataSet/CrossValidation/Annotated/B22-155_0/03998_Aug8.png,1,0.1546788215637207
B22-155,/fhome/maed/HelicoDataSet/CrossValidation/Annotated/B22-155_0/04763_Aug2.png,1,0.20573972165584564
B22-155,/fhome/maed/HelicoDataSet/CrossValidation/Annotated/B22-155_0/00065_Aug3.png,1,0.15683522820472717
B22-155,/fhome/maed/HelicoDataSet/CrossValidation/Annotated/B22-155_0/01688_Aug6.png,1,0.0857175886631012
B22-155,/fhome/maed/HelicoDataSet/CrossValidation/Annotated/B22-155_0/02989_Aug5.png,1,0.16806676983833313
B22-155,/fhome/maed/HelicoDataSet/CrossValidation/Annotated/B22-155_0/04763_Aug7.png,1,0.18208305537700653
B22-155,/fhome/maed/HelicoDataSet/CrossValidation/Annotated/B22-155_0/03998_Aug6.png,1,0.16290836036205292
B22-155,/fhome/maed/HelicoDataSet/CrossValidation/Annotated/B22-155_0/00317_Aug4.png,1,0.16672073304653168
B22-155,/fhome/maed/HelicoDataSet/CrossValidation/Annotated/B22-155_0/04070_Aug2.png,1,0.20365282893180847
B22-155,/fhome/maed/HelicoDataSet/CrossValidation/Annotated/B22-155_0/02989_Aug3.png,1,0.16481104493141174
B22-155,/fhome/maed/HelicoDataSet/CrossValidation/Annotated/B22-155_0/01782_Aug3.png,1,0.1702602654695511
B22-155,/fhome/maed/HelicoDataSet/CrossValidation/Annotated/B22-155_0/01909_Aug7.png,1,0.1595917046070099
B22-155,/fhome/maed/HelicoDataSet/CrossValidation/Annotated/B22-155_0/02987_Aug6.png,1,0.16273662447929382
B22-155,/fhome/maed/HelicoDataSet/CrossValidation/Annotated/B22-155_0/02338_Aug1.png,1,0.16861042380332947
B22-155,/fhome/maed/HelicoDataSet/CrossValidation/Annotated/B22-155_0/01424.png,0,0.08894255757331848
B22-155,/fhome/maed/HelicoDataSet/CrossValidation/Annotated/B22-155_0/02987_Aug1.png,1,0.16865910589694977
B22-155,/fhome/maed/HelicoDataSet/CrossValidation/Annotated/B22-155_0/00137.png,1,0.21613770723342896
B22-155,/fhome/maed/HelicoDataSet/CrossValidation/Annotated/B22-155_0/04440_Aug6.png,1,0.16713717579841614
B22-155,/fhome/maed/HelicoDataSet/CrossValidation/Annotated/B22-155_0/04763_Aug6.png,1,0.17889109253883362
B22-155,/fhome/maed/HelicoDataSet/CrossValidation/Annotated/B22-155_0/00137_Aug3.png,1,0.22010116279125214
B22-155,/fhome/maed/HelicoDataSet/CrossValidation/Annotated/B22-155_0/02125_Aug2.png,1,0.19153743982315063
B22-155,/fhome/maed/HelicoDataSet/CrossValidation/Annotated/B22-155_0/01760_Aug5.png,1,0.16999350488185883
B22-155,/fhome/maed/HelicoDataSet/CrossValidation/Annotated/B22-155_0/02125_Aug7.png,1,0.18959461152553558
B22-155,/fhome/maed/HelicoDataSet/CrossValidation/Annotated/B22-155_0/02185_Aug3.png,1,0.19992695748806
B22-155,/fhome/maed/HelicoDataSet/CrossValidation/Annotated/B22-155_0/01782_Aug5.png,1,0.17155832052230835
B22-155,/fhome/maed/HelicoDataSet/CrossValidation/Annotated/B22-155_0/00317.png,1,0.167377308011055
B22-155,/fhome/maed/HelicoDataSet/CrossValidation/Annotated/B22-155_0/04382_Aug6.png,1,0.16658662259578705
B22-155,/fhome/maed/HelicoDataSet/CrossValidation/Annotated/B22-155_0/02338.png,1,0.16829395294189453
B22-155,/fhome/maed/HelicoDataSet/CrossValidation/Annotated/B22-155_0/02338_Aug5.png,1,0.16915054619312286
B22-155,/fhome/maed/HelicoDataSet/CrossValidation/Annotated/B22-155_0/04763_Aug5.png,1,0.18433868885040283
B22-155,/fhome/maed/HelicoDataSet/CrossValidation/Annotated/B22-155_0/01909_Aug2.png,1,0.16110801696777344
B22-155,/fhome/maed/HelicoDataSet/CrossValidation/Annotated/B22-155_0/04440.png,1,0.16536204516887665
B22-155,/fhome/maed/HelicoDataSet/CrossValidation/Annotated/B22-155_0/01782_Aug1.png,1,0.1748223602771759
B22-155,/fhome/maed/HelicoDataSet/CrossValidation/Annotated/B22-155_0/02445.png,0,0.13203053176403046
B22-155,/fhome/maed/HelicoDataSet/CrossValidation/Annotated/B22-155_0/02125_Aug8.png,1,0.1882970631122589
B22-155,/fhome/maed/HelicoDataSet/CrossValidation/Annotated/B22-155_0/00994_Aug6.png,1,0.17069604992866516
B22-155,/fhome/maed/HelicoDataSet/CrossValidation/Annotated/B22-155_0/00994_Aug2.png,1,0.17177660763263702
B22-155,/fhome/maed/HelicoDataSet/CrossValidation/Annotated/B22-155_0/04382_Aug1.png,1,0.16603533923625946
B22-155,/fhome/maed/HelicoDataSet/CrossValidation/Annotated/B22-155_0/00137_Aug1.png,1,0.21232664585113525
B22-155,/fhome/maed/HelicoDataSet/CrossValidation/Annotated/B22-155_0/04763_Aug8.png,1,0.179013192653656
B22-155,/fhome/maed/HelicoDataSet/CrossValidation/Annotated/B22-155_0/02185_Aug5.png,1,0.17036208510398865
B22-155,/fhome/maed/HelicoDataSet/CrossValidation/Annotated/B22-155_0/00065_Aug5.png,1,0.15974465012550354
B22-155,/fhome/maed/HelicoDataSet/CrossValidation/Annotated/B22-155_0/01782_Aug7.png,1,0.17093819379806519
B22-155,/fhome/maed/HelicoDataSet/CrossValidation/Annotated/B22-155_0/01782_Aug6.png,1,0.16999274492263794
B22-155,/fhome/maed/HelicoDataSet/CrossValidation/Annotated/B22-155_0/01760_Aug7.png,1,0.16953007876873016
B22-155,/fhome/maed/HelicoDataSet/CrossValidation/Annotated/B22-155_0/03998_Aug3.png,1,0.16391120851039886
B22-155,/fhome/maed/HelicoDataSet/CrossValidation/Annotated/B22-155_0/02125_Aug3.png,1,0.1953020989894867
B22-305,/fhome/maed/HelicoDataSet/CrossValidation/Annotated/B22-305_0/00367.png,0,0.14867424964904785
B22-305,/fhome/maed/HelicoDataSet/CrossValidation/Annotated/B22-305_0/00365.png,0,0.1484973132610321
B22-305,/fhome/maed/HelicoDataSet/CrossValidation/Annotated/B22-305_0/00561.png,0,0.04087887704372406
B22-305,/fhome/maed/HelicoDataSet/CrossValidation/Annotated/B22-305_0/00252.png,0,0.08294796198606491
B22-68,/fhome/maed/HelicoDataSet/CrossValidation/Annotated/B22-68_0/00131.png,0,0.1652708202600479
B22-68,/fhome/maed/HelicoDataSet/CrossValidation/Annotated/B22-68_0/00141.png,0,0.12979410588741302
B22-68,/fhome/maed/HelicoDataSet/CrossValidation/Annotated/B22-68_0/00298.png,0,0.018727043643593788
B22-68,/fhome/maed/HelicoDataSet/CrossValidation/Annotated/B22-68_0/00315.png,0,0.03872763738036156
B22-68,/fhome/maed/HelicoDataSet/CrossValidation/Annotated/B22-68_0/00352.png,0,0.05972079932689667
B22-68,/fhome/maed/HelicoDataSet/CrossValidation/Annotated/B22-68_0/00290.png,0,0.09354642033576965
B22-197,/fhome/maed/HelicoDataSet/CrossValidation/Annotated/B22-197_0/00006.png,0,0.08701295405626297
B22-61,/fhome/maed/HelicoDataSet/CrossValidation/Annotated/B22-61_0/01100.png,0,0.007207111455500126
B22-297,/fhome/maed/HelicoDataSet/CrossValidation/Annotated/B22-297_0/00124.png,1,0.16967573761940002
B22-297,/fhome/maed/HelicoDataSet/CrossValidation/Annotated/B22-297_0/00124_Aug7.png,1,0.16760538518428802
B22-297,/fhome/maed/HelicoDataSet/CrossValidation/Annotated/B22-297_0/00124_Aug6.png,1,0.1701543778181076
B22-297,/fhome/maed/HelicoDataSet/CrossValidation/Annotated/B22-297_0/00124_Aug8.png,1,0.22714409232139587
B22-297,/fhome/maed/HelicoDataSet/CrossValidation/Annotated/B22-297_0/00124_Aug4.png,1,0.1699734777212143
B22-297,/fhome/maed/HelicoDataSet/CrossValidation/Annotated/B22-297_0/00124_Aug2.png,1,0.17053554952144623
B22-297,/fhome/maed/HelicoDataSet/CrossValidation/Annotated/B22-297_0/00124_Aug3.png,1,0.16960565745830536
B22-297,/fhome/maed/HelicoDataSet/CrossValidation/Annotated/B22-297_0/00124_Aug5.png,1,0.16942735016345978
B22-297,/fhome/maed/HelicoDataSet/CrossValidation/Annotated/B22-297_0/00124_Aug1.png,1,0.16994555294513702
B22-304,/fhome/maed/HelicoDataSet/CrossValidation/Annotated/B22-304_0/01044_Aug3.png,1,0.24663783609867096
B22-304,/fhome/maed/HelicoDataSet/CrossValidation/Annotated/B22-304_0/00318_Aug2.png,1,0.17790785431861877
B22-304,/fhome/maed/HelicoDataSet/CrossValidation/Annotated/B22-304_0/01658_Aug4.png,1,0.17401571571826935
B22-304,/fhome/maed/HelicoDataSet/CrossValidation/Annotated/B22-304_0/00973.png,1,0.17291726171970367
B22-304,/fhome/maed/HelicoDataSet/CrossValidation/Annotated/B22-304_0/01757_Aug8.png,1,0.1795617640018463
B22-304,/fhome/maed/HelicoDataSet/CrossValidation/Annotated/B22-304_0/00381_Aug6.png,1,0.17223098874092102
B22-304,/fhome/maed/HelicoDataSet/CrossValidation/Annotated/B22-304_0/00318_Aug1.png,1,0.17790788412094116
B22-304,/fhome/maed/HelicoDataSet/CrossValidation/Annotated/B22-304_0/00973_Aug6.png,1,0.18831749260425568
B22-304,/fhome/maed/HelicoDataSet/CrossValidation/Annotated/B22-304_0/00314_Aug8.png,1,0.18235842883586884
B22-304,/fhome/maed/HelicoDataSet/CrossValidation/Annotated/B22-304_0/01044_Aug5.png,1,0.19937355816364288
B22-304,/fhome/maed/HelicoDataSet/CrossValidation/Annotated/B22-304_0/01757_Aug7.png,1,0.17686498165130615
B22-304,/fhome/maed/HelicoDataSet/CrossValidation/Annotated/B22-304_0/00783_Aug4.png,1,0.18098250031471252
B22-304,/fhome/maed/HelicoDataSet/CrossValidation/Annotated/B22-304_0/01658_Aug1.png,1,0.17336641252040863
B22-304,/fhome/maed/HelicoDataSet/CrossValidation/Annotated/B22-304_0/00783_Aug5.png,1,0.1885659247636795
B22-304,/fhome/maed/HelicoDataSet/CrossValidation/Annotated/B22-304_0/01100_Aug5.png,1,0.16956591606140137
B22-304,/fhome/maed/HelicoDataSet/CrossValidation/Annotated/B22-304_0/00314_Aug7.png,1,0.1874658763408661
B22-304,/fhome/maed/HelicoDataSet/CrossValidation/Annotated/B22-304_0/00381_Aug2.png,1,0.274816632270813
B22-304,/fhome/maed/HelicoDataSet/CrossValidation/Annotated/B22-304_0/00783_Aug3.png,1,0.18607529997825623
B22-304,/fhome/maed/HelicoDataSet/CrossValidation/Annotated/B22-304_0/00783_Aug7.png,1,0.1866830587387085
B22-304,/fhome/maed/HelicoDataSet/CrossValidation/Annotated/B22-304_0/01100_Aug2.png,1,0.176754429936409
B22-304,/fhome/maed/HelicoDataSet/CrossValidation/Annotated/B22-304_0/01044_Aug7.png,1,0.20429551601409912
B22-304,/fhome/maed/HelicoDataSet/CrossValidation/Annotated/B22-304_0/01658_Aug2.png,1,0.17264339327812195
B22-304,/fhome/maed/HelicoDataSet/CrossValidation/Annotated/B22-304_0/00314_Aug1.png,1,0.17466147243976593
B22-304,/fhome/maed/HelicoDataSet/CrossValidation/Annotated/B22-304_0/01658_Aug5.png,1,0.1697777658700943
B22-304,/fhome/maed/HelicoDataSet/CrossValidation/Annotated/B22-304_0/00973_Aug1.png,1,0.17312608659267426
B22-304,/fhome/maed/HelicoDataSet/CrossValidation/Annotated/B22-304_0/00381_Aug7.png,1,0.18375414609909058
B22-304,/fhome/maed/HelicoDataSet/CrossValidation/Annotated/B22-304_0/01342.png,0,0.12829089164733887
B22-304,/fhome/maed/HelicoDataSet/CrossValidation/Annotated/B22-304_0/00314_Aug6.png,1,0.1912241131067276
B22-304,/fhome/maed/HelicoDataSet/CrossValidation/Annotated/B22-304_0/01757_Aug5.png,1,0.17501594126224518
B22-304,/fhome/maed/HelicoDataSet/CrossValidation/Annotated/B22-304_0/00783.png,1,0.18583036959171295
B22-304,/fhome/maed/HelicoDataSet/CrossValidation/Annotated/B22-304_0/00318_Aug4.png,1,0.17578941583633423
B22-304,/fhome/maed/HelicoDataSet/CrossValidation/Annotated/B22-304_0/01100.png,1,0.1700572967529297
B22-304,/fhome/maed/HelicoDataSet/CrossValidation/Annotated/B22-304_0/00783_Aug6.png,1,0.1924666166305542
B22-304,/fhome/maed/HelicoDataSet/CrossValidation/Annotated/B22-304_0/01658_Aug7.png,1,0.170420303940773
B22-304,/fhome/maed/HelicoDataSet/CrossValidation/Annotated/B22-304_0/00381_Aug1.png,1,0.1699766367673874
B22-304,/fhome/maed/HelicoDataSet/CrossValidation/Annotated/B22-304_0/00973_Aug2.png,1,0.18331453204154968
B22-304,/fhome/maed/HelicoDataSet/CrossValidation/Annotated/B22-304_0/01658_Aug6.png,1,0.17193011939525604
B22-304,/fhome/maed/HelicoDataSet/CrossValidation/Annotated/B22-304_0/00799.png,0,0.14874482154846191
B22-304,/fhome/maed/HelicoDataSet/CrossValidation/Annotated/B22-304_0/00318_Aug8.png,1,0.17940449714660645
B22-304,/fhome/maed/HelicoDataSet/CrossValidation/Annotated/B22-304_0/01100_Aug1.png,1,0.1759709268808365
B22-304,/fhome/maed/HelicoDataSet/CrossValidation/Annotated/B22-304_0/01757_Aug6.png,1,0.17947185039520264
B22-304,/fhome/maed/HelicoDataSet/CrossValidation/Annotated/B22-304_0/01757_Aug2.png,1,0.1685662865638733
B22-304,/fhome/maed/HelicoDataSet/CrossValidation/Annotated/B22-304_0/01658_Aug8.png,1,0.17024531960487366
B22-304,/fhome/maed/HelicoDataSet/CrossValidation/Annotated/B22-304_0/01100_Aug8.png,1,7.804055690765381
B22-304,/fhome/maed/HelicoDataSet/CrossValidation/Annotated/B22-304_0/00314_Aug5.png,1,0.17599892616271973
B22-304,/fhome/maed/HelicoDataSet/CrossValidation/Annotated/B22-304_0/00783_Aug1.png,1,0.1879817545413971
B22-304,/fhome/maed/HelicoDataSet/CrossValidation/Annotated/B22-304_0/00314.png,1,0.18093129992485046
B22-304,/fhome/maed/HelicoDataSet/CrossValidation/Annotated/B22-304_0/01044_Aug1.png,1,0.20895354449748993
B22-304,/fhome/maed/HelicoDataSet/CrossValidation/Annotated/B22-304_0/01100_Aug3.png,1,0.17025473713874817
B22-304,/fhome/maed/HelicoDataSet/CrossValidation/Annotated/B22-304_0/00318_Aug7.png,1,0.17940451204776764
B22-304,/fhome/maed/HelicoDataSet/CrossValidation/Annotated/B22-304_0/01100_Aug7.png,1,0.16824889183044434
B22-304,/fhome/maed/HelicoDataSet/CrossValidation/Annotated/B22-304_0/01757.png,1,0.1662062108516693
B22-304,/fhome/maed/HelicoDataSet/CrossValidation/Annotated/B22-304_0/01044_Aug4.png,1,0.2136750966310501
B22-304,/fhome/maed/HelicoDataSet/CrossValidation/Annotated/B22-304_0/00973_Aug5.png,1,0.17620478570461273
B22-304,/fhome/maed/HelicoDataSet/CrossValidation/Annotated/B22-304_0/01044.png,1,0.217848539352417
B22-304,/fhome/maed/HelicoDataSet/CrossValidation/Annotated/B22-304_0/01757_Aug1.png,1,0.1666349619626999
B22-304,/fhome/maed/HelicoDataSet/CrossValidation/Annotated/B22-304_0/00973_Aug8.png,1,0.18801580369472504
B22-304,/fhome/maed/HelicoDataSet/CrossValidation/Annotated/B22-304_0/00318_Aug6.png,1,0.17775388062000275
B22-304,/fhome/maed/HelicoDataSet/CrossValidation/Annotated/B22-304_0/00381_Aug4.png,1,0.17366300523281097
B22-304,/fhome/maed/HelicoDataSet/CrossValidation/Annotated/B22-304_0/00318_Aug3.png,1,0.17578941583633423
B22-304,/fhome/maed/HelicoDataSet/CrossValidation/Annotated/B22-304_0/00314_Aug3.png,1,0.17417863011360168
B22-304,/fhome/maed/HelicoDataSet/CrossValidation/Annotated/B22-304_0/00783_Aug2.png,1,0.18548449873924255
B22-304,/fhome/maed/HelicoDataSet/CrossValidation/Annotated/B22-304_0/01757_Aug3.png,1,0.1713239699602127
B22-304,/fhome/maed/HelicoDataSet/CrossValidation/Annotated/B22-304_0/00381_Aug3.png,1,0.16917943954467773
B22-304,/fhome/maed/HelicoDataSet/CrossValidation/Annotated/B22-304_0/00314_Aug2.png,1,0.18390372395515442
B22-304,/fhome/maed/HelicoDataSet/CrossValidation/Annotated/B22-304_0/00973_Aug4.png,1,0.17620617151260376
B22-304,/fhome/maed/HelicoDataSet/CrossValidation/Annotated/B22-304_0/01044_Aug6.png,1,0.20882591605186462
B22-304,/fhome/maed/HelicoDataSet/CrossValidation/Annotated/B22-304_0/01044_Aug8.png,1,0.20310747623443604
B22-304,/fhome/maed/HelicoDataSet/CrossValidation/Annotated/B22-304_0/00973_Aug3.png,1,0.17812088131904602
B22-304,/fhome/maed/HelicoDataSet/CrossValidation/Annotated/B22-304_0/01658.png,1,0.17032797634601593
B22-304,/fhome/maed/HelicoDataSet/CrossValidation/Annotated/B22-304_0/01100_Aug4.png,1,0.1784801334142685
B22-304,/fhome/maed/HelicoDataSet/CrossValidation/Annotated/B22-304_0/01658_Aug3.png,1,0.16791102290153503
B22-304,/fhome/maed/HelicoDataSet/CrossValidation/Annotated/B22-304_0/00283.png,0,0.15627683699131012
B22-304,/fhome/maed/HelicoDataSet/CrossValidation/Annotated/B22-304_0/00314_Aug4.png,1,0.1835334300994873
B22-304,/fhome/maed/HelicoDataSet/CrossValidation/Annotated/B22-304_0/00318_Aug5.png,1,0.17775386571884155
B22-304,/fhome/maed/HelicoDataSet/CrossValidation/Annotated/B22-304_0/00973_Aug7.png,1,0.178733691573143
B22-304,/fhome/maed/HelicoDataSet/CrossValidation/Annotated/B22-304_0/00318.png,1,0.19036276638507843
B22-304,/fhome/maed/HelicoDataSet/CrossValidation/Annotated/B22-304_0/00381.png,1,0.1716960072517395
B22-304,/fhome/maed/HelicoDataSet/CrossValidation/Annotated/B22-304_0/01044_Aug2.png,1,0.20982129871845245
B22-304,/fhome/maed/HelicoDataSet/CrossValidation/Annotated/B22-304_0/00381_Aug8.png,1,0.1697155088186264
B22-304,/fhome/maed/HelicoDataSet/CrossValidation/Annotated/B22-304_0/01100_Aug6.png,1,0.1789250373840332
B22-304,/fhome/maed/HelicoDataSet/CrossValidation/Annotated/B22-304_0/01757_Aug4.png,1,0.16861467063426971
B22-304,/fhome/maed/HelicoDataSet/CrossValidation/Annotated/B22-304_0/00783_Aug8.png,1,0.19074463844299316
B22-304,/fhome/maed/HelicoDataSet/CrossValidation/Annotated/B22-304_0/00716.png,0,0.12494353950023651
B22-304,/fhome/maed/HelicoDataSet/CrossValidation/Annotated/B22-304_0/00381_Aug5.png,1,0.17827263474464417
B22-164,/fhome/maed/HelicoDataSet/CrossValidation/Annotated/B22-164_0/00290.png,0,0.07499218732118607
B22-189,/fhome/maed/HelicoDataSet/CrossValidation/Annotated/B22-189_1/00355.png,0,0.16237269341945648
B22-189,/fhome/maed/HelicoDataSet/CrossValidation/Annotated/B22-189_1/00358.png,0,0.15230721235275269
B22-189,/fhome/maed/HelicoDataSet/CrossValidation/Annotated/B22-189_1/00093.png,0,0.06842166185379028
B22-189,/fhome/maed/HelicoDataSet/CrossValidation/Annotated/B22-189_1/00472.png,0,0.15815460681915283
B22-150,/fhome/maed/HelicoDataSet/CrossValidation/Annotated/B22-150_0/00363.png,0,0.009987887926399708
B22-150,/fhome/maed/HelicoDataSet/CrossValidation/Annotated/B22-150_0/00362.png,0,0.15656737983226776
B22-150,/fhome/maed/HelicoDataSet/CrossValidation/Annotated/B22-150_0/01315.png,0,0.010569080710411072
B22-150,/fhome/maed/HelicoDataSet/CrossValidation/Annotated/B22-150_0/00360.png,0,0.01164055336266756
B22-150,/fhome/maed/HelicoDataSet/CrossValidation/Annotated/B22-150_0/01864.png,0,0.05466749891638756
B22-150,/fhome/maed/HelicoDataSet/CrossValidation/Annotated/B22-150_0/00889.png,0,0.08244837820529938
B22-150,/fhome/maed/HelicoDataSet/CrossValidation/Annotated/B22-150_0/01314.png,0,0.012569847516715527
B22-279,/fhome/maed/HelicoDataSet/CrossValidation/Annotated/B22-279_0/01200.png,0,0.09668131172657013
B22-279,/fhome/maed/HelicoDataSet/CrossValidation/Annotated/B22-279_0/00762.png,0,0.06532343477010727
B22-279,/fhome/maed/HelicoDataSet/CrossValidation/Annotated/B22-279_0/00876.png,0,0.1492529958486557
B22-254,/fhome/maed/HelicoDataSet/CrossValidation/Annotated/B22-254_0/03773.png,0,0.1570678949356079
B22-254,/fhome/maed/HelicoDataSet/CrossValidation/Annotated/B22-254_0/00007.png,0,0.14141777157783508
B22-254,/fhome/maed/HelicoDataSet/CrossValidation/Annotated/B22-254_0/00011.png,0,0.13055814802646637
B22-116,/fhome/maed/HelicoDataSet/CrossValidation/Annotated/B22-116_0/00256_Aug1.png,1,0.16695167124271393
B22-116,/fhome/maed/HelicoDataSet/CrossValidation/Annotated/B22-116_0/00256_Aug4.png,1,0.16843447089195251
B22-116,/fhome/maed/HelicoDataSet/CrossValidation/Annotated/B22-116_0/00252_Aug5.png,1,0.16788190603256226
B22-116,/fhome/maed/HelicoDataSet/CrossValidation/Annotated/B22-116_0/00256_Aug7.png,1,0.1631074696779251
B22-116,/fhome/maed/HelicoDataSet/CrossValidation/Annotated/B22-116_0/00256_Aug5.png,1,0.1626858115196228
B22-116,/fhome/maed/HelicoDataSet/CrossValidation/Annotated/B22-116_0/00256_Aug8.png,1,0.16365289688110352
B22-116,/fhome/maed/HelicoDataSet/CrossValidation/Annotated/B22-116_0/00493.png,0,0.0985531285405159
B22-116,/fhome/maed/HelicoDataSet/CrossValidation/Annotated/B22-116_0/00437_Aug6.png,1,0.16984429955482483
B22-116,/fhome/maed/HelicoDataSet/CrossValidation/Annotated/B22-116_0/00252_Aug8.png,1,0.16270048916339874
B22-116,/fhome/maed/HelicoDataSet/CrossValidation/Annotated/B22-116_0/00256.png,1,0.16555367410182953
B22-116,/fhome/maed/HelicoDataSet/CrossValidation/Annotated/B22-116_0/00256_Aug2.png,1,0.16687333583831787
B22-116,/fhome/maed/HelicoDataSet/CrossValidation/Annotated/B22-116_0/00252_Aug7.png,1,0.17523019015789032
B22-116,/fhome/maed/HelicoDataSet/CrossValidation/Annotated/B22-116_0/00256_Aug3.png,1,0.15586890280246735
B22-116,/fhome/maed/HelicoDataSet/CrossValidation/Annotated/B22-116_0/00252_Aug3.png,1,0.16525627672672272
B22-116,/fhome/maed/HelicoDataSet/CrossValidation/Annotated/B22-116_0/00437_Aug8.png,1,0.17437440156936646
B22-116,/fhome/maed/HelicoDataSet/CrossValidation/Annotated/B22-116_0/00217.png,0,0.09493984282016754
B22-116,/fhome/maed/HelicoDataSet/CrossValidation/Annotated/B22-116_0/00437_Aug4.png,1,0.16840361058712006
B22-116,/fhome/maed/HelicoDataSet/CrossValidation/Annotated/B22-116_0/00252_Aug1.png,1,0.1678687483072281
B22-116,/fhome/maed/HelicoDataSet/CrossValidation/Annotated/B22-116_0/00437_Aug2.png,1,0.18877559900283813
B22-116,/fhome/maed/HelicoDataSet/CrossValidation/Annotated/B22-116_0/00252_Aug2.png,1,0.16815534234046936
B22-116,/fhome/maed/HelicoDataSet/CrossValidation/Annotated/B22-116_0/00252_Aug4.png,1,0.1649613380432129
B22-116,/fhome/maed/HelicoDataSet/CrossValidation/Annotated/B22-116_0/00437_Aug1.png,1,0.17322909832000732
B22-116,/fhome/maed/HelicoDataSet/CrossValidation/Annotated/B22-116_0/00256_Aug6.png,1,0.16596625745296478
B22-116,/fhome/maed/HelicoDataSet/CrossValidation/Annotated/B22-116_0/00252.png,1,0.16655996441841125
B22-116,/fhome/maed/HelicoDataSet/CrossValidation/Annotated/B22-116_0/00437.png,1,0.16766220331192017
B22-116,/fhome/maed/HelicoDataSet/CrossValidation/Annotated/B22-116_0/00252_Aug6.png,1,0.16883783042430878
B22-168,/fhome/maed/HelicoDataSet/CrossValidation/Annotated/B22-168_1/00407.png,0,0.04823659732937813
B22-168,/fhome/maed/HelicoDataSet/CrossValidation/Annotated/B22-168_1/00389.png,0,0.05539209395647049
B22-168,/fhome/maed/HelicoDataSet/CrossValidation/Annotated/B22-168_1/00343.png,0,0.11186816543340683
B22-168,/fhome/maed/HelicoDataSet/CrossValidation/Annotated/B22-168_1/00156.png,0,0.012485068291425705
B22-168,/fhome/maed/HelicoDataSet/CrossValidation/Annotated/B22-168_1/00379.png,0,0.11053410917520523
B22-168,/fhome/maed/HelicoDataSet/CrossValidation/Annotated/B22-168_1/00828.png,0,0.011433694511651993
B22-163,/fhome/maed/HelicoDataSet/CrossValidation/Annotated/B22-163_0/00387_Aug4.png,1,0.17363597452640533
B22-163,/fhome/maed/HelicoDataSet/CrossValidation/Annotated/B22-163_0/00657_Aug8.png,1,0.1792546659708023
B22-163,/fhome/maed/HelicoDataSet/CrossValidation/Annotated/B22-163_0/00413.png,0,0.1366167664527893
B22-163,/fhome/maed/HelicoDataSet/CrossValidation/Annotated/B22-163_0/00444_Aug8.png,1,0.1885138303041458
B22-163,/fhome/maed/HelicoDataSet/CrossValidation/Annotated/B22-163_0/00357.png,0,0.07457761466503143
B22-163,/fhome/maed/HelicoDataSet/CrossValidation/Annotated/B22-163_0/00298_Aug3.png,1,0.18778005242347717
B22-163,/fhome/maed/HelicoDataSet/CrossValidation/Annotated/B22-163_0/00491_Aug3.png,1,0.18617799878120422
B22-163,/fhome/maed/HelicoDataSet/CrossValidation/Annotated/B22-163_0/00387_Aug1.png,1,0.1824474185705185
B22-163,/fhome/maed/HelicoDataSet/CrossValidation/Annotated/B22-163_0/00298_Aug6.png,1,0.16930949687957764
B22-163,/fhome/maed/HelicoDataSet/CrossValidation/Annotated/B22-163_0/00657.png,1,0.1696728616952896
B22-163,/fhome/maed/HelicoDataSet/CrossValidation/Annotated/B22-163_0/00298_Aug4.png,1,0.16931195557117462
B22-163,/fhome/maed/HelicoDataSet/CrossValidation/Annotated/B22-163_0/00298.png,1,0.1717999279499054
B22-163,/fhome/maed/HelicoDataSet/CrossValidation/Annotated/B22-163_0/00643_Aug5.png,1,0.16939690709114075
B22-163,/fhome/maed/HelicoDataSet/CrossValidation/Annotated/B22-163_0/00657_Aug7.png,1,0.17934945225715637
B22-163,/fhome/maed/HelicoDataSet/CrossValidation/Annotated/B22-163_0/00452_Aug6.png,1,0.21017517149448395
B22-163,/fhome/maed/HelicoDataSet/CrossValidation/Annotated/B22-163_0/00657_Aug3.png,1,0.17943806946277618
B22-163,/fhome/maed/HelicoDataSet/CrossValidation/Annotated/B22-163_0/00387_Aug6.png,1,0.17758581042289734
B22-163,/fhome/maed/HelicoDataSet/CrossValidation/Annotated/B22-163_0/00452_Aug4.png,1,0.1876758337020874
B22-163,/fhome/maed/HelicoDataSet/CrossValidation/Annotated/B22-163_0/00387.png,1,0.1865738183259964
B22-163,/fhome/maed/HelicoDataSet/CrossValidation/Annotated/B22-163_0/00452_Aug5.png,1,0.18789373338222504
B22-163,/fhome/maed/HelicoDataSet/CrossValidation/Annotated/B22-163_0/00452_Aug2.png,1,0.19544954597949982
B22-163,/fhome/maed/HelicoDataSet/CrossValidation/Annotated/B22-163_0/00387_Aug2.png,1,0.17005692422389984
B22-163,/fhome/maed/HelicoDataSet/CrossValidation/Annotated/B22-163_0/00491_Aug2.png,1,0.18527823686599731
B22-163,/fhome/maed/HelicoDataSet/CrossValidation/Annotated/B22-163_0/00444_Aug4.png,1,0.18855874240398407
B22-163,/fhome/maed/HelicoDataSet/CrossValidation/Annotated/B22-163_0/00491_Aug4.png,1,0.18799105286598206
B22-163,/fhome/maed/HelicoDataSet/CrossValidation/Annotated/B22-163_0/00643_Aug6.png,1,0.174012690782547
B22-163,/fhome/maed/HelicoDataSet/CrossValidation/Annotated/B22-163_0/00298_Aug1.png,1,0.17248062789440155
B22-163,/fhome/maed/HelicoDataSet/CrossValidation/Annotated/B22-163_0/00444_Aug1.png,1,0.18621009588241577
B22-163,/fhome/maed/HelicoDataSet/CrossValidation/Annotated/B22-163_0/00452_Aug3.png,1,0.1855948567390442
B22-163,/fhome/maed/HelicoDataSet/CrossValidation/Annotated/B22-163_0/00491_Aug5.png,1,0.18940138816833496
B22-163,/fhome/maed/HelicoDataSet/CrossValidation/Annotated/B22-163_0/00387_Aug7.png,1,0.18677490949630737
B22-163,/fhome/maed/HelicoDataSet/CrossValidation/Annotated/B22-163_0/00298_Aug2.png,1,0.16925710439682007
B22-163,/fhome/maed/HelicoDataSet/CrossValidation/Annotated/B22-163_0/00387_Aug3.png,1,0.18175798654556274
B22-163,/fhome/maed/HelicoDataSet/CrossValidation/Annotated/B22-163_0/00643_Aug3.png,1,0.1753060519695282
B22-163,/fhome/maed/HelicoDataSet/CrossValidation/Annotated/B22-163_0/00444_Aug7.png,1,0.18557775020599365
B22-163,/fhome/maed/HelicoDataSet/CrossValidation/Annotated/B22-163_0/00444_Aug3.png,1,0.17935289442539215
B22-163,/fhome/maed/HelicoDataSet/CrossValidation/Annotated/B22-163_0/00196.png,0,0.15263588726520538
B22-163,/fhome/maed/HelicoDataSet/CrossValidation/Annotated/B22-163_0/00452_Aug7.png,1,0.21485689282417297
B22-163,/fhome/maed/HelicoDataSet/CrossValidation/Annotated/B22-163_0/00452_Aug1.png,1,0.18658001720905304
B22-163,/fhome/maed/HelicoDataSet/CrossValidation/Annotated/B22-163_0/00491_Aug6.png,1,0.18400290608406067
B22-163,/fhome/maed/HelicoDataSet/CrossValidation/Annotated/B22-163_0/00657_Aug1.png,1,0.17926862835884094
B22-163,/fhome/maed/HelicoDataSet/CrossValidation/Annotated/B22-163_0/00452_Aug8.png,1,0.19240117073059082
B22-163,/fhome/maed/HelicoDataSet/CrossValidation/Annotated/B22-163_0/00643_Aug2.png,1,0.17596027255058289
B22-163,/fhome/maed/HelicoDataSet/CrossValidation/Annotated/B22-163_0/00298_Aug8.png,1,0.17939944565296173
B22-163,/fhome/maed/HelicoDataSet/CrossValidation/Annotated/B22-163_0/00643_Aug4.png,1,0.17137004435062408
B22-163,/fhome/maed/HelicoDataSet/CrossValidation/Annotated/B22-163_0/00452.png,1,0.2213623970746994
B22-163,/fhome/maed/HelicoDataSet/CrossValidation/Annotated/B22-163_0/00444_Aug2.png,1,0.1763496994972229
B22-163,/fhome/maed/HelicoDataSet/CrossValidation/Annotated/B22-163_0/00657_Aug6.png,1,0.18090957403182983
B22-163,/fhome/maed/HelicoDataSet/CrossValidation/Annotated/B22-163_0/00657_Aug2.png,1,0.17923583090305328
B22-163,/fhome/maed/HelicoDataSet/CrossValidation/Annotated/B22-163_0/00298_Aug5.png,1,0.17461268603801727
B22-163,/fhome/maed/HelicoDataSet/CrossValidation/Annotated/B22-163_0/00298_Aug7.png,1,0.18025203049182892
B22-163,/fhome/maed/HelicoDataSet/CrossValidation/Annotated/B22-163_0/00657_Aug5.png,1,0.18099527060985565
B22-163,/fhome/maed/HelicoDataSet/CrossValidation/Annotated/B22-163_0/00491_Aug7.png,1,0.19624200463294983
B22-163,/fhome/maed/HelicoDataSet/CrossValidation/Annotated/B22-163_0/00444.png,1,0.1865285038948059
B22-163,/fhome/maed/HelicoDataSet/CrossValidation/Annotated/B22-163_0/00643_Aug7.png,1,0.1690550595521927
B22-163,/fhome/maed/HelicoDataSet/CrossValidation/Annotated/B22-163_0/00387_Aug5.png,1,0.18881666660308838
B22-163,/fhome/maed/HelicoDataSet/CrossValidation/Annotated/B22-163_0/00444_Aug5.png,1,0.17937836050987244
B22-163,/fhome/maed/HelicoDataSet/CrossValidation/Annotated/B22-163_0/00390.png,0,0.08653058111667633
B22-163,/fhome/maed/HelicoDataSet/CrossValidation/Annotated/B22-163_0/00491_Aug8.png,1,0.1965787261724472
B22-163,/fhome/maed/HelicoDataSet/CrossValidation/Annotated/B22-163_0/00491_Aug1.png,1,0.18604664504528046
B22-163,/fhome/maed/HelicoDataSet/CrossValidation/Annotated/B22-163_0/00387_Aug8.png,1,0.18572065234184265
B22-163,/fhome/maed/HelicoDataSet/CrossValidation/Annotated/B22-163_0/00643_Aug8.png,1,0.1735256463289261
B22-163,/fhome/maed/HelicoDataSet/CrossValidation/Annotated/B22-163_0/00657_Aug4.png,1,0.1701570302248001
B22-163,/fhome/maed/HelicoDataSet/CrossValidation/Annotated/B22-163_0/00417.png,0,0.16663114726543427
B22-163,/fhome/maed/HelicoDataSet/CrossValidation/Annotated/B22-163_0/00643.png,1,0.17101041972637177
B22-163,/fhome/maed/HelicoDataSet/CrossValidation/Annotated/B22-163_0/00491.png,1,0.18361841142177582
B22-163,/fhome/maed/HelicoDataSet/CrossValidation/Annotated/B22-163_0/00643_Aug1.png,1,0.17565296590328217
B22-163,/fhome/maed/HelicoDataSet/CrossValidation/Annotated/B22-163_0/00444_Aug6.png,1,0.22204209864139557
B22-241,/fhome/maed/HelicoDataSet/CrossValidation/Annotated/B22-241_0/01290.png,0,0.15719211101531982
B22-241,/fhome/maed/HelicoDataSet/CrossValidation/Annotated/B22-241_0/00498.png,0,0.165910542011261
B22-241,/fhome/maed/HelicoDataSet/CrossValidation/Annotated/B22-241_0/00536_Aug1.png,1,0.1767740547657013
B22-241,/fhome/maed/HelicoDataSet/CrossValidation/Annotated/B22-241_0/00536_Aug4.png,1,0.17921556532382965
B22-241,/fhome/maed/HelicoDataSet/CrossValidation/Annotated/B22-241_0/00239.png,0,0.18388183414936066
B22-241,/fhome/maed/HelicoDataSet/CrossValidation/Annotated/B22-241_0/00536_Aug2.png,1,0.1783989816904068
B22-241,/fhome/maed/HelicoDataSet/CrossValidation/Annotated/B22-241_0/00989.png,0,0.1390073597431183
B22-241,/fhome/maed/HelicoDataSet/CrossValidation/Annotated/B22-241_0/01342.png,0,0.12468765676021576
B22-241,/fhome/maed/HelicoDataSet/CrossValidation/Annotated/B22-241_0/00536_Aug6.png,1,0.22800378501415253
B22-241,/fhome/maed/HelicoDataSet/CrossValidation/Annotated/B22-241_0/00536_Aug3.png,1,0.1803595870733261
B22-241,/fhome/maed/HelicoDataSet/CrossValidation/Annotated/B22-241_0/01567.png,0,0.07366994023323059
B22-241,/fhome/maed/HelicoDataSet/CrossValidation/Annotated/B22-241_0/01564.png,0,0.16012464463710785
B22-241,/fhome/maed/HelicoDataSet/CrossValidation/Annotated/B22-241_0/00536_Aug7.png,1,0.17831604182720184
B22-241,/fhome/maed/HelicoDataSet/CrossValidation/Annotated/B22-241_0/00237.png,0,0.16899479925632477
B22-241,/fhome/maed/HelicoDataSet/CrossValidation/Annotated/B22-241_0/00536.png,1,0.182391956448555
B22-241,/fhome/maed/HelicoDataSet/CrossValidation/Annotated/B22-241_0/01587.png,0,0.16466954350471497
B22-241,/fhome/maed/HelicoDataSet/CrossValidation/Annotated/B22-241_0/01543.png,0,0.14784328639507294
B22-241,/fhome/maed/HelicoDataSet/CrossValidation/Annotated/B22-241_0/00881.png,0,0.14929501712322235
B22-241,/fhome/maed/HelicoDataSet/CrossValidation/Annotated/B22-241_0/01010.png,0,0.1585284322500229
B22-241,/fhome/maed/HelicoDataSet/CrossValidation/Annotated/B22-241_0/01106.png,0,0.1318795084953308
B22-241,/fhome/maed/HelicoDataSet/CrossValidation/Annotated/B22-241_0/00495.png,0,0.1516750305891037
B22-241,/fhome/maed/HelicoDataSet/CrossValidation/Annotated/B22-241_0/00536_Aug8.png,1,0.16411800682544708
B22-241,/fhome/maed/HelicoDataSet/CrossValidation/Annotated/B22-241_0/00536_Aug5.png,1,0.17433789372444153
B22-241,/fhome/maed/HelicoDataSet/CrossValidation/Annotated/B22-241_0/00883.png,0,0.0978013202548027
B22-241,/fhome/maed/HelicoDataSet/CrossValidation/Annotated/B22-241_0/01270.png,0,0.13410332798957825
B22-241,/fhome/maed/HelicoDataSet/CrossValidation/Annotated/B22-241_0/01039.png,0,0.10556218028068542
B22-241,/fhome/maed/HelicoDataSet/CrossValidation/Annotated/B22-241_0/01516.png,0,0.16349001228809357
B22-241,/fhome/maed/HelicoDataSet/CrossValidation/Annotated/B22-241_0/01489.png,0,0.1496695578098297
B22-241,/fhome/maed/HelicoDataSet/CrossValidation/Annotated/B22-241_0/01589.png,0,0.1659131795167923
B22-241,/fhome/maed/HelicoDataSet/CrossValidation/Annotated/B22-241_0/00876.png,0,0.14690613746643066
B22-241,/fhome/maed/HelicoDataSet/CrossValidation/Annotated/B22-241_0/01419.png,0,0.07829196006059647
B22-278,/fhome/maed/HelicoDataSet/CrossValidation/Annotated/B22-278_0/00234_Aug6.png,1,0.16671495139598846
B22-278,/fhome/maed/HelicoDataSet/CrossValidation/Annotated/B22-278_0/00240_Aug3.png,1,0.1733168065547943
B22-278,/fhome/maed/HelicoDataSet/CrossValidation/Annotated/B22-278_0/00234_Aug8.png,1,0.16624441742897034
B22-278,/fhome/maed/HelicoDataSet/CrossValidation/Annotated/B22-278_0/00022_Aug8.png,1,0.16981570422649384
B22-278,/fhome/maed/HelicoDataSet/CrossValidation/Annotated/B22-278_0/00022_Aug2.png,1,0.17591619491577148
B22-278,/fhome/maed/HelicoDataSet/CrossValidation/Annotated/B22-278_0/00234.png,1,0.1667536199092865
B22-278,/fhome/maed/HelicoDataSet/CrossValidation/Annotated/B22-278_0/00240_Aug7.png,1,0.16844356060028076
B22-278,/fhome/maed/HelicoDataSet/CrossValidation/Annotated/B22-278_0/00155.png,0,0.1442822366952896
B22-278,/fhome/maed/HelicoDataSet/CrossValidation/Annotated/B22-278_0/00022_Aug4.png,1,0.17041979730129242
B22-278,/fhome/maed/HelicoDataSet/CrossValidation/Annotated/B22-278_0/00234_Aug2.png,1,0.1661921739578247
B22-278,/fhome/maed/HelicoDataSet/CrossValidation/Annotated/B22-278_0/00234_Aug5.png,1,0.16542206704616547
B22-278,/fhome/maed/HelicoDataSet/CrossValidation/Annotated/B22-278_0/00701.png,0,0.0884823352098465
B22-278,/fhome/maed/HelicoDataSet/CrossValidation/Annotated/B22-278_0/00022.png,1,0.17250320315361023
B22-278,/fhome/maed/HelicoDataSet/CrossValidation/Annotated/B22-278_0/00240_Aug1.png,1,0.16842252016067505
B22-278,/fhome/maed/HelicoDataSet/CrossValidation/Annotated/B22-278_0/00240_Aug8.png,1,0.16923409700393677
B22-278,/fhome/maed/HelicoDataSet/CrossValidation/Annotated/B22-278_0/00240_Aug5.png,1,0.17064321041107178
B22-278,/fhome/maed/HelicoDataSet/CrossValidation/Annotated/B22-278_0/00234_Aug1.png,1,0.16309818625450134
B22-278,/fhome/maed/HelicoDataSet/CrossValidation/Annotated/B22-278_0/00022_Aug3.png,1,0.17036782205104828
B22-278,/fhome/maed/HelicoDataSet/CrossValidation/Annotated/B22-278_0/00234_Aug4.png,1,0.167963907122612
B22-278,/fhome/maed/HelicoDataSet/CrossValidation/Annotated/B22-278_0/00234_Aug7.png,1,0.16370739042758942
B22-278,/fhome/maed/HelicoDataSet/CrossValidation/Annotated/B22-278_0/00022_Aug1.png,1,0.17276476323604584
B22-278,/fhome/maed/HelicoDataSet/CrossValidation/Annotated/B22-278_0/00022_Aug6.png,1,0.17015162110328674
B22-278,/fhome/maed/HelicoDataSet/CrossValidation/Annotated/B22-278_0/00240.png,1,0.17066974937915802
B22-278,/fhome/maed/HelicoDataSet/CrossValidation/Annotated/B22-278_0/00022_Aug7.png,1,0.17027893662452698
B22-278,/fhome/maed/HelicoDataSet/CrossValidation/Annotated/B22-278_0/00240_Aug6.png,1,0.1703387349843979
B22-278,/fhome/maed/HelicoDataSet/CrossValidation/Annotated/B22-278_0/00240_Aug4.png,1,0.1720719337463379
B22-278,/fhome/maed/HelicoDataSet/CrossValidation/Annotated/B22-278_0/00022_Aug5.png,1,0.170591801404953
B22-278,/fhome/maed/HelicoDataSet/CrossValidation/Annotated/B22-278_0/00240_Aug2.png,1,0.17064961791038513
B22-278,/fhome/maed/HelicoDataSet/CrossValidation/Annotated/B22-278_0/00234_Aug3.png,1,0.1626949906349182
B22-264,/fhome/maed/HelicoDataSet/CrossValidation/Annotated/B22-264_0/01511.png,1,0.1684723198413849
B22-264,/fhome/maed/HelicoDataSet/CrossValidation/Annotated/B22-264_0/01644.png,0,0.15017621219158173
B22-264,/fhome/maed/HelicoDataSet/CrossValidation/Annotated/B22-264_0/01511_Aug2.png,1,0.16779859364032745
B22-264,/fhome/maed/HelicoDataSet/CrossValidation/Annotated/B22-264_0/01511_Aug5.png,1,0.1654033362865448
B22-264,/fhome/maed/HelicoDataSet/CrossValidation/Annotated/B22-264_0/01511_Aug4.png,1,0.16763582825660706
B22-264,/fhome/maed/HelicoDataSet/CrossValidation/Annotated/B22-264_0/01511_Aug1.png,1,0.16779857873916626
B22-264,/fhome/maed/HelicoDataSet/CrossValidation/Annotated/B22-264_0/00267.png,0,0.08540841192007065
B22-264,/fhome/maed/HelicoDataSet/CrossValidation/Annotated/B22-264_0/01511_Aug6.png,1,0.165403351187706
B22-264,/fhome/maed/HelicoDataSet/CrossValidation/Annotated/B22-264_0/01511_Aug8.png,1,0.1682409644126892
B22-264,/fhome/maed/HelicoDataSet/CrossValidation/Annotated/B22-264_0/01511_Aug3.png,1,0.16763582825660706
B22-264,/fhome/maed/HelicoDataSet/CrossValidation/Annotated/B22-264_0/01511_Aug7.png,1,0.1682409644126892
B22-299,/fhome/maed/HelicoDataSet/CrossValidation/Annotated/B22-299_0/00773_Aug7.png,1,0.17938190698623657
B22-299,/fhome/maed/HelicoDataSet/CrossValidation/Annotated/B22-299_0/00773.png,1,0.18038097023963928
B22-299,/fhome/maed/HelicoDataSet/CrossValidation/Annotated/B22-299_0/00576_Aug6.png,1,0.16847817599773407
B22-299,/fhome/maed/HelicoDataSet/CrossValidation/Annotated/B22-299_0/00081_Aug8.png,1,0.17645934224128723
B22-299,/fhome/maed/HelicoDataSet/CrossValidation/Annotated/B22-299_0/00081_Aug7.png,1,0.17451319098472595
B22-299,/fhome/maed/HelicoDataSet/CrossValidation/Annotated/B22-299_0/00773_Aug2.png,1,0.18850888311862946
B22-299,/fhome/maed/HelicoDataSet/CrossValidation/Annotated/B22-299_0/00081_Aug3.png,1,0.17384712398052216
B22-299,/fhome/maed/HelicoDataSet/CrossValidation/Annotated/B22-299_0/00880.png,0,0.14953754842281342
B22-299,/fhome/maed/HelicoDataSet/CrossValidation/Annotated/B22-299_0/00773_Aug4.png,1,0.20533493161201477
B22-299,/fhome/maed/HelicoDataSet/CrossValidation/Annotated/B22-299_0/00576_Aug2.png,1,0.16512204706668854
B22-299,/fhome/maed/HelicoDataSet/CrossValidation/Annotated/B22-299_0/00576_Aug3.png,1,0.16600510478019714
B22-299,/fhome/maed/HelicoDataSet/CrossValidation/Annotated/B22-299_0/00773_Aug3.png,1,0.17998771369457245
B22-299,/fhome/maed/HelicoDataSet/CrossValidation/Annotated/B22-299_0/00576_Aug8.png,1,0.1661471724510193
B22-299,/fhome/maed/HelicoDataSet/CrossValidation/Annotated/B22-299_0/00576_Aug5.png,1,0.16413646936416626
B22-299,/fhome/maed/HelicoDataSet/CrossValidation/Annotated/B22-299_0/00576_Aug1.png,1,0.1701425462961197
B22-299,/fhome/maed/HelicoDataSet/CrossValidation/Annotated/B22-299_0/00773_Aug8.png,1,0.18825504183769226
B22-299,/fhome/maed/HelicoDataSet/CrossValidation/Annotated/B22-299_0/00081.png,1,0.18281109631061554
B22-299,/fhome/maed/HelicoDataSet/CrossValidation/Annotated/B22-299_0/00576_Aug7.png,1,0.1722608208656311
B22-299,/fhome/maed/HelicoDataSet/CrossValidation/Annotated/B22-299_0/00576_Aug4.png,1,0.16116580367088318
B22-299,/fhome/maed/HelicoDataSet/CrossValidation/Annotated/B22-299_0/00576.png,1,0.1684892475605011
B22-299,/fhome/maed/HelicoDataSet/CrossValidation/Annotated/B22-299_0/00773_Aug5.png,1,0.17869842052459717
B22-299,/fhome/maed/HelicoDataSet/CrossValidation/Annotated/B22-299_0/00081_Aug5.png,1,0.17451967298984528
B22-299,/fhome/maed/HelicoDataSet/CrossValidation/Annotated/B22-299_0/00773_Aug6.png,1,0.18551616370677948
B22-299,/fhome/maed/HelicoDataSet/CrossValidation/Annotated/B22-299_0/00773_Aug1.png,1,0.1823948621749878
B22-299,/fhome/maed/HelicoDataSet/CrossValidation/Annotated/B22-299_0/00081_Aug6.png,1,0.1845017671585083
B22-299,/fhome/maed/HelicoDataSet/CrossValidation/Annotated/B22-299_0/00081_Aug1.png,1,0.17361795902252197
B22-299,/fhome/maed/HelicoDataSet/CrossValidation/Annotated/B22-299_0/00081_Aug4.png,1,0.17149540781974792
B22-299,/fhome/maed/HelicoDataSet/CrossValidation/Annotated/B22-299_0/00081_Aug2.png,1,0.1736639142036438
B22-265,/fhome/maed/HelicoDataSet/CrossValidation/Annotated/B22-265_0/01412.png,0,0.009853554889559746
B22-265,/fhome/maed/HelicoDataSet/CrossValidation/Annotated/B22-265_0/01410.png,0,0.07153952121734619
B22-265,/fhome/maed/HelicoDataSet/CrossValidation/Annotated/B22-265_0/01414.png,0,0.011096235364675522
B22-265,/fhome/maed/HelicoDataSet/CrossValidation/Annotated/B22-265_0/01413.png,0,0.013305116444826126
B22-265,/fhome/maed/HelicoDataSet/CrossValidation/Annotated/B22-265_0/01411.png,0,0.011358613148331642
B22-223,/fhome/maed/HelicoDataSet/CrossValidation/Annotated/B22-223_0/00405.png,0,0.1463201642036438
B22-223,/fhome/maed/HelicoDataSet/CrossValidation/Annotated/B22-223_0/00592.png,0,0.1548091471195221
B22-223,/fhome/maed/HelicoDataSet/CrossValidation/Annotated/B22-223_0/00107.png,0,0.15638244152069092
B22-223,/fhome/maed/HelicoDataSet/CrossValidation/Annotated/B22-223_0/00453.png,0,0.1483175903558731
B22-195,/fhome/maed/HelicoDataSet/CrossValidation/Annotated/B22-195_0/01355.png,0,0.004324289038777351
B22-195,/fhome/maed/HelicoDataSet/CrossValidation/Annotated/B22-195_0/01353.png,0,0.01034594140946865
B22-70,/fhome/maed/HelicoDataSet/CrossValidation/Annotated/B22-70_0/00154_Aug8.png,1,0.17144788801670074
B22-70,/fhome/maed/HelicoDataSet/CrossValidation/Annotated/B22-70_0/00042.png,0,0.09080494195222855
B22-70,/fhome/maed/HelicoDataSet/CrossValidation/Annotated/B22-70_0/00154_Aug6.png,1,0.1712161898612976
B22-70,/fhome/maed/HelicoDataSet/CrossValidation/Annotated/B22-70_0/00154_Aug7.png,1,0.17115524411201477
B22-70,/fhome/maed/HelicoDataSet/CrossValidation/Annotated/B22-70_0/00154_Aug2.png,1,0.17105981707572937
B22-70,/fhome/maed/HelicoDataSet/CrossValidation/Annotated/B22-70_0/00154_Aug3.png,1,0.1713728904724121
B22-70,/fhome/maed/HelicoDataSet/CrossValidation/Annotated/B22-70_0/00154.png,1,0.1712673157453537
B22-70,/fhome/maed/HelicoDataSet/CrossValidation/Annotated/B22-70_0/00154_Aug5.png,1,0.1714096963405609
B22-70,/fhome/maed/HelicoDataSet/CrossValidation/Annotated/B22-70_0/00154_Aug1.png,1,0.17141450941562653
B22-70,/fhome/maed/HelicoDataSet/CrossValidation/Annotated/B22-70_0/00038.png,0,0.0140187107026577
B22-70,/fhome/maed/HelicoDataSet/CrossValidation/Annotated/B22-70_0/00154_Aug4.png,1,0.17151391506195068
B22-37,/fhome/maed/HelicoDataSet/CrossValidation/Annotated/B22-37_0/00045_Aug2.png,1,0.16750848293304443
B22-37,/fhome/maed/HelicoDataSet/CrossValidation/Annotated/B22-37_0/00045_Aug4.png,1,0.1635284125804901
B22-37,/fhome/maed/HelicoDataSet/CrossValidation/Annotated/B22-37_0/00045_Aug8.png,1,0.16546981036663055
B22-37,/fhome/maed/HelicoDataSet/CrossValidation/Annotated/B22-37_0/00272_Aug8.png,1,0.16850575804710388
B22-37,/fhome/maed/HelicoDataSet/CrossValidation/Annotated/B22-37_0/00759.png,0,0.008958004415035248
B22-37,/fhome/maed/HelicoDataSet/CrossValidation/Annotated/B22-37_0/00604.png,0,0.004759389441460371
B22-37,/fhome/maed/HelicoDataSet/CrossValidation/Annotated/B22-37_0/00272_Aug4.png,1,0.1662958413362503
B22-37,/fhome/maed/HelicoDataSet/CrossValidation/Annotated/B22-37_0/00045_Aug3.png,1,0.16773097217082977
B22-37,/fhome/maed/HelicoDataSet/CrossValidation/Annotated/B22-37_0/00272.png,1,0.16497854888439178
B22-37,/fhome/maed/HelicoDataSet/CrossValidation/Annotated/B22-37_0/00272_Aug6.png,1,0.16607652604579926
B22-37,/fhome/maed/HelicoDataSet/CrossValidation/Annotated/B22-37_0/00919_Aug3.png,1,0.1650954782962799
B22-37,/fhome/maed/HelicoDataSet/CrossValidation/Annotated/B22-37_0/00272_Aug5.png,1,0.16607652604579926
B22-37,/fhome/maed/HelicoDataSet/CrossValidation/Annotated/B22-37_0/00919_Aug5.png,1,0.15834586322307587
B22-37,/fhome/maed/HelicoDataSet/CrossValidation/Annotated/B22-37_0/00045_Aug7.png,1,0.16539740562438965
B22-37,/fhome/maed/HelicoDataSet/CrossValidation/Annotated/B22-37_0/00045_Aug5.png,1,0.16689884662628174
B22-37,/fhome/maed/HelicoDataSet/CrossValidation/Annotated/B22-37_0/00919_Aug1.png,1,0.1629779040813446
B22-37,/fhome/maed/HelicoDataSet/CrossValidation/Annotated/B22-37_0/00919_Aug7.png,1,0.15834639966487885
B22-37,/fhome/maed/HelicoDataSet/CrossValidation/Annotated/B22-37_0/00919.png,1,0.1604500412940979
B22-37,/fhome/maed/HelicoDataSet/CrossValidation/Annotated/B22-37_0/00919_Aug2.png,1,0.16514265537261963
B22-37,/fhome/maed/HelicoDataSet/CrossValidation/Annotated/B22-37_0/00045_Aug6.png,1,0.16502198576927185
B22-37,/fhome/maed/HelicoDataSet/CrossValidation/Annotated/B22-37_0/00054.png,0,0.009491648524999619
B22-37,/fhome/maed/HelicoDataSet/CrossValidation/Annotated/B22-37_0/00272_Aug7.png,1,0.1670612394809723
B22-37,/fhome/maed/HelicoDataSet/CrossValidation/Annotated/B22-37_0/00045_Aug1.png,1,0.16631588339805603
B22-37,/fhome/maed/HelicoDataSet/CrossValidation/Annotated/B22-37_0/00272_Aug1.png,1,0.16588756442070007
B22-37,/fhome/maed/HelicoDataSet/CrossValidation/Annotated/B22-37_0/00045.png,1,0.16528454422950745
B22-37,/fhome/maed/HelicoDataSet/CrossValidation/Annotated/B22-37_0/00919_Aug8.png,1,0.16533921658992767
B22-37,/fhome/maed/HelicoDataSet/CrossValidation/Annotated/B22-37_0/00272_Aug2.png,1,0.16588756442070007
B22-37,/fhome/maed/HelicoDataSet/CrossValidation/Annotated/B22-37_0/00919_Aug6.png,1,0.15610601007938385
B22-37,/fhome/maed/HelicoDataSet/CrossValidation/Annotated/B22-37_0/00272_Aug3.png,1,0.1659832000732422
B22-37,/fhome/maed/HelicoDataSet/CrossValidation/Annotated/B22-37_0/00919_Aug4.png,1,0.1622612178325653
B22-107,/fhome/maed/HelicoDataSet/CrossValidation/Annotated/B22-107_1/00238.png,0,0.010079188272356987
B22-107,/fhome/maed/HelicoDataSet/CrossValidation/Annotated/B22-107_1/00290.png,0,0.10210715234279633
B22-107,/fhome/maed/HelicoDataSet/CrossValidation/Annotated/B22-107_1/00174.png,0,0.014553640969097614
B22-107,/fhome/maed/HelicoDataSet/CrossValidation/Annotated/B22-107_1/00320.png,0,0.10038185864686966
B22-107,/fhome/maed/HelicoDataSet/CrossValidation/Annotated/B22-107_1/00016.png,0,0.007680302951484919
B22-171,/fhome/maed/HelicoDataSet/CrossValidation/Annotated/B22-171_0/01708.png,0,0.07477611303329468
B22-171,/fhome/maed/HelicoDataSet/CrossValidation/Annotated/B22-171_0/01566.png,0,0.07593370974063873
B22-171,/fhome/maed/HelicoDataSet/CrossValidation/Annotated/B22-171_0/02819.png,0,0.011601343750953674
B22-171,/fhome/maed/HelicoDataSet/CrossValidation/Annotated/B22-171_0/01707.png,0,0.0060880184173583984
B22-219,/fhome/maed/HelicoDataSet/CrossValidation/Annotated/B22-219_0/00032_Aug5.png,1,0.17025348544120789
B22-219,/fhome/maed/HelicoDataSet/CrossValidation/Annotated/B22-219_0/00032_Aug8.png,1,0.17151658236980438
B22-219,/fhome/maed/HelicoDataSet/CrossValidation/Annotated/B22-219_0/00079.png,0,0.06461472809314728
B22-219,/fhome/maed/HelicoDataSet/CrossValidation/Annotated/B22-219_0/00032_Aug2.png,1,0.16724251210689545
B22-219,/fhome/maed/HelicoDataSet/CrossValidation/Annotated/B22-219_0/00032_Aug1.png,1,0.16838227212429047
B22-219,/fhome/maed/HelicoDataSet/CrossValidation/Annotated/B22-219_0/00861.png,0,0.057733867317438126
B22-219,/fhome/maed/HelicoDataSet/CrossValidation/Annotated/B22-219_0/00032_Aug6.png,1,0.1695248782634735
B22-219,/fhome/maed/HelicoDataSet/CrossValidation/Annotated/B22-219_0/00032_Aug7.png,1,0.17112615704536438
B22-219,/fhome/maed/HelicoDataSet/CrossValidation/Annotated/B22-219_0/00078.png,0,0.06353073567152023
B22-219,/fhome/maed/HelicoDataSet/CrossValidation/Annotated/B22-219_0/00032_Aug3.png,1,0.1672798991203308
B22-219,/fhome/maed/HelicoDataSet/CrossValidation/Annotated/B22-219_0/00032.png,1,0.1692984700202942
B22-219,/fhome/maed/HelicoDataSet/CrossValidation/Annotated/B22-219_0/00032_Aug4.png,1,0.16742241382598877
B22-260,/fhome/maed/HelicoDataSet/CrossValidation/Annotated/B22-260_0/00931.png,0,0.008303236216306686
B22-260,/fhome/maed/HelicoDataSet/CrossValidation/Annotated/B22-260_0/01113.png,0,0.07039230316877365
B22-250,/fhome/maed/HelicoDataSet/CrossValidation/Annotated/B22-250_0/01710.png,0,0.15530183911323547
B22-250,/fhome/maed/HelicoDataSet/CrossValidation/Annotated/B22-250_0/02947.png,0,0.07428278774023056
B22-250,/fhome/maed/HelicoDataSet/CrossValidation/Annotated/B22-250_0/02853.png,0,0.07006645202636719
B22-250,/fhome/maed/HelicoDataSet/CrossValidation/Annotated/B22-250_0/01638.png,0,0.06732727587223053
B22-250,/fhome/maed/HelicoDataSet/CrossValidation/Annotated/B22-250_0/02287.png,0,0.06978625804185867
B22-250,/fhome/maed/HelicoDataSet/CrossValidation/Annotated/B22-250_0/02916.png,0,0.10822300612926483
B22-250,/fhome/maed/HelicoDataSet/CrossValidation/Annotated/B22-250_0/02279.png,0,0.0845629870891571
B22-250,/fhome/maed/HelicoDataSet/CrossValidation/Annotated/B22-250_0/02254.png,0,0.14478687942028046
B22-250,/fhome/maed/HelicoDataSet/CrossValidation/Annotated/B22-250_0/01236.png,0,0.15248839557170868
B22-250,/fhome/maed/HelicoDataSet/CrossValidation/Annotated/B22-250_0/02952.png,0,0.1394105702638626
B22-250,/fhome/maed/HelicoDataSet/CrossValidation/Annotated/B22-250_0/01803.png,0,0.12683023512363434
B22-250,/fhome/maed/HelicoDataSet/CrossValidation/Annotated/B22-250_0/02851.png,0,0.08542505651712418
B22-250,/fhome/maed/HelicoDataSet/CrossValidation/Annotated/B22-250_0/02964.png,0,0.07633253186941147
B22-250,/fhome/maed/HelicoDataSet/CrossValidation/Annotated/B22-250_0/02280.png,0,0.08778122812509537
B22-250,/fhome/maed/HelicoDataSet/CrossValidation/Annotated/B22-250_0/01058.png,0,0.12015695869922638
B22-250,/fhome/maed/HelicoDataSet/CrossValidation/Annotated/B22-250_0/01607.png,0,0.0878780260682106
B22-250,/fhome/maed/HelicoDataSet/CrossValidation/Annotated/B22-250_0/01049.png,0,0.15693460404872894
B22-250,/fhome/maed/HelicoDataSet/CrossValidation/Annotated/B22-250_0/01717.png,0,0.06924047321081161
B22-250,/fhome/maed/HelicoDataSet/CrossValidation/Annotated/B22-250_0/01289.png,0,0.16478493809700012
B22-250,/fhome/maed/HelicoDataSet/CrossValidation/Annotated/B22-250_0/02253.png,0,0.10367251932621002
B22-250,/fhome/maed/HelicoDataSet/CrossValidation/Annotated/B22-250_0/02844.png,0,0.08063498139381409
B22-250,/fhome/maed/HelicoDataSet/CrossValidation/Annotated/B22-250_0/02288.png,0,0.05372287333011627
B22-250,/fhome/maed/HelicoDataSet/CrossValidation/Annotated/B22-250_0/02904.png,0,0.08120080083608627
B22-250,/fhome/maed/HelicoDataSet/CrossValidation/Annotated/B22-250_0/01799.png,0,0.1098797395825386
B22-250,/fhome/maed/HelicoDataSet/CrossValidation/Annotated/B22-250_0/02942.png,0,0.15260501205921173
B22-250,/fhome/maed/HelicoDataSet/CrossValidation/Annotated/B22-250_0/02835.png,0,0.08177433907985687
B22-250,/fhome/maed/HelicoDataSet/CrossValidation/Annotated/B22-250_0/01767.png,0,0.1186584010720253
B22-250,/fhome/maed/HelicoDataSet/CrossValidation/Annotated/B22-250_0/01609.png,0,0.14491240680217743
B22-250,/fhome/maed/HelicoDataSet/CrossValidation/Annotated/B22-250_0/01427.png,0,0.1570826917886734
B22-250,/fhome/maed/HelicoDataSet/CrossValidation/Annotated/B22-250_0/01610.png,0,0.007927392609417439
B22-250,/fhome/maed/HelicoDataSet/CrossValidation/Annotated/B22-250_0/02926.png,0,0.15050527453422546
B22-250,/fhome/maed/HelicoDataSet/CrossValidation/Annotated/B22-250_0/02892.png,0,0.08635446429252625
B22-250,/fhome/maed/HelicoDataSet/CrossValidation/Annotated/B22-250_0/02848.png,0,0.07193875312805176
B22-250,/fhome/maed/HelicoDataSet/CrossValidation/Annotated/B22-250_0/01231.png,0,0.13794532418251038
B22-250,/fhome/maed/HelicoDataSet/CrossValidation/Annotated/B22-250_0/02260.png,0,0.10084995627403259
B22-250,/fhome/maed/HelicoDataSet/CrossValidation/Annotated/B22-250_0/02849.png,0,0.034977637231349945
B22-250,/fhome/maed/HelicoDataSet/CrossValidation/Annotated/B22-250_0/01401.png,0,0.0856211856007576
B22-250,/fhome/maed/HelicoDataSet/CrossValidation/Annotated/B22-250_0/01125.png,0,0.14945557713508606
B22-250,/fhome/maed/HelicoDataSet/CrossValidation/Annotated/B22-250_0/01760.png,0,0.14793901145458221
B22-250,/fhome/maed/HelicoDataSet/CrossValidation/Annotated/B22-250_0/02854.png,0,0.06468239426612854
B22-250,/fhome/maed/HelicoDataSet/CrossValidation/Annotated/B22-250_0/01800.png,0,0.14058338105678558
B22-250,/fhome/maed/HelicoDataSet/CrossValidation/Annotated/B22-250_0/02915.png,0,0.06481431424617767
B22-250,/fhome/maed/HelicoDataSet/CrossValidation/Annotated/B22-250_0/02830.png,0,0.14119207859039307
B22-250,/fhome/maed/HelicoDataSet/CrossValidation/Annotated/B22-250_0/01046.png,0,0.08110009878873825
B22-250,/fhome/maed/HelicoDataSet/CrossValidation/Annotated/B22-250_0/01771.png,0,0.11473072320222855
B22-250,/fhome/maed/HelicoDataSet/CrossValidation/Annotated/B22-250_0/02941.png,0,0.10112018138170242
B22-250,/fhome/maed/HelicoDataSet/CrossValidation/Annotated/B22-250_0/01633.png,0,0.13402149081230164
B22-250,/fhome/maed/HelicoDataSet/CrossValidation/Annotated/B22-250_0/01050.png,0,0.09595049917697906
B22-250,/fhome/maed/HelicoDataSet/CrossValidation/Annotated/B22-250_0/01613.png,0,0.070928193628788
B22-250,/fhome/maed/HelicoDataSet/CrossValidation/Annotated/B22-250_0/01281.png,0,0.16704487800598145
B22-250,/fhome/maed/HelicoDataSet/CrossValidation/Annotated/B22-250_0/01406.png,0,0.07222451269626617
B22-250,/fhome/maed/HelicoDataSet/CrossValidation/Annotated/B22-250_0/02908.png,0,0.12034871429204941
B22-250,/fhome/maed/HelicoDataSet/CrossValidation/Annotated/B22-250_0/01238.png,0,0.1566305309534073
B22-250,/fhome/maed/HelicoDataSet/CrossValidation/Annotated/B22-250_0/01772.png,0,0.1667867749929428
B22-250,/fhome/maed/HelicoDataSet/CrossValidation/Annotated/B22-250_0/02303.png,0,0.14330799877643585
B22-250,/fhome/maed/HelicoDataSet/CrossValidation/Annotated/B22-250_0/01232.png,0,0.10394477099180222
B22-250,/fhome/maed/HelicoDataSet/CrossValidation/Annotated/B22-250_0/02850.png,0,0.059010349214076996
B22-250,/fhome/maed/HelicoDataSet/CrossValidation/Annotated/B22-250_0/01632.png,0,0.1148054227232933
B22-250,/fhome/maed/HelicoDataSet/CrossValidation/Annotated/B22-250_0/02928.png,0,0.13967634737491608
B22-250,/fhome/maed/HelicoDataSet/CrossValidation/Annotated/B22-250_0/01798.png,0,0.07802489399909973
B22-250,/fhome/maed/HelicoDataSet/CrossValidation/Annotated/B22-250_0/02874.png,0,0.12587329745292664
B22-250,/fhome/maed/HelicoDataSet/CrossValidation/Annotated/B22-250_0/02914.png,0,0.08036914467811584
B22-250,/fhome/maed/HelicoDataSet/CrossValidation/Annotated/B22-250_0/01112.png,0,0.14074531197547913
B22-250,/fhome/maed/HelicoDataSet/CrossValidation/Annotated/B22-250_0/01454.png,0,0.11396944522857666
B22-250,/fhome/maed/HelicoDataSet/CrossValidation/Annotated/B22-250_0/02842.png,0,0.031031383201479912
B22-250,/fhome/maed/HelicoDataSet/CrossValidation/Annotated/B22-250_0/02257.png,0,0.14466813206672668
B22-250,/fhome/maed/HelicoDataSet/CrossValidation/Annotated/B22-250_0/01773.png,0,0.1670573204755783
B22-250,/fhome/maed/HelicoDataSet/CrossValidation/Annotated/B22-250_0/02839.png,0,0.08425387740135193
B22-250,/fhome/maed/HelicoDataSet/CrossValidation/Annotated/B22-250_0/02883.png,0,0.10228268057107925
B22-250,/fhome/maed/HelicoDataSet/CrossValidation/Annotated/B22-250_0/01723.png,0,0.15279187262058258
B22-250,/fhome/maed/HelicoDataSet/CrossValidation/Annotated/B22-250_0/01611.png,0,0.007809150032699108
B22-250,/fhome/maed/HelicoDataSet/CrossValidation/Annotated/B22-250_0/01057.png,0,0.07956995815038681
B22-250,/fhome/maed/HelicoDataSet/CrossValidation/Annotated/B22-250_0/01425.png,0,0.0728411003947258
B22-250,/fhome/maed/HelicoDataSet/CrossValidation/Annotated/B22-250_0/01779.png,0,0.07419399172067642
B22-250,/fhome/maed/HelicoDataSet/CrossValidation/Annotated/B22-250_0/01748.png,0,0.08515971899032593
B22-250,/fhome/maed/HelicoDataSet/CrossValidation/Annotated/B22-250_0/01721.png,0,0.08451927453279495
B22-250,/fhome/maed/HelicoDataSet/CrossValidation/Annotated/B22-250_0/02906.png,0,0.10514406114816666
B22-250,/fhome/maed/HelicoDataSet/CrossValidation/Annotated/B22-250_0/01635.png,0,0.0697094053030014
B22-250,/fhome/maed/HelicoDataSet/CrossValidation/Annotated/B22-250_0/01449.png,0,0.14428478479385376
B22-250,/fhome/maed/HelicoDataSet/CrossValidation/Annotated/B22-250_0/01116.png,0,0.11837226897478104
B22-250,/fhome/maed/HelicoDataSet/CrossValidation/Annotated/B22-250_0/02958.png,0,0.09755677729845047
B22-250,/fhome/maed/HelicoDataSet/CrossValidation/Annotated/B22-250_0/01283.png,0,0.10998869687318802
B22-250,/fhome/maed/HelicoDataSet/CrossValidation/Annotated/B22-250_0/02950.png,0,0.11761301010847092
B22-250,/fhome/maed/HelicoDataSet/CrossValidation/Annotated/B22-250_0/01807.png,0,0.023541754111647606
B22-250,/fhome/maed/HelicoDataSet/CrossValidation/Annotated/B22-250_0/02295.png,0,0.1013842299580574
B22-250,/fhome/maed/HelicoDataSet/CrossValidation/Annotated/B22-250_0/02278.png,0,0.07538235187530518
B22-250,/fhome/maed/HelicoDataSet/CrossValidation/Annotated/B22-250_0/01709.png,0,0.07267700880765915
B22-250,/fhome/maed/HelicoDataSet/CrossValidation/Annotated/B22-250_0/02923.png,0,0.12639139592647552
B22-250,/fhome/maed/HelicoDataSet/CrossValidation/Annotated/B22-250_0/02953.png,0,0.14017736911773682
B22-250,/fhome/maed/HelicoDataSet/CrossValidation/Annotated/B22-250_0/01712.png,0,0.08642464876174927
B22-250,/fhome/maed/HelicoDataSet/CrossValidation/Annotated/B22-250_0/01278.png,0,0.14542827010154724
B22-250,/fhome/maed/HelicoDataSet/CrossValidation/Annotated/B22-250_0/01277.png,0,0.15200455486774445
B22-250,/fhome/maed/HelicoDataSet/CrossValidation/Annotated/B22-250_0/01749.png,0,0.08418433368206024
B22-250,/fhome/maed/HelicoDataSet/CrossValidation/Annotated/B22-250_0/01722.png,0,0.1058788076043129
B22-250,/fhome/maed/HelicoDataSet/CrossValidation/Annotated/B22-250_0/01614.png,0,0.05983345955610275
B22-250,/fhome/maed/HelicoDataSet/CrossValidation/Annotated/B22-250_0/01601.png,0,0.07404369115829468
B22-250,/fhome/maed/HelicoDataSet/CrossValidation/Annotated/B22-250_0/01602.png,0,0.07134024053812027
B22-250,/fhome/maed/HelicoDataSet/CrossValidation/Annotated/B22-250_0/02264.png,0,0.044459398835897446
B22-250,/fhome/maed/HelicoDataSet/CrossValidation/Annotated/B22-250_0/01755.png,0,0.09902512282133102
B22-250,/fhome/maed/HelicoDataSet/CrossValidation/Annotated/B22-250_0/01806.png,0,0.1396941840648651
B22-250,/fhome/maed/HelicoDataSet/CrossValidation/Annotated/B22-250_0/01802.png,0,0.13956137001514435
B22-250,/fhome/maed/HelicoDataSet/CrossValidation/Annotated/B22-250_0/01048.png,0,0.07913294434547424
B22-250,/fhome/maed/HelicoDataSet/CrossValidation/Annotated/B22-250_0/01603.png,0,0.0640268549323082
B22-250,/fhome/maed/HelicoDataSet/CrossValidation/Annotated/B22-250_0/02900.png,0,0.11023367196321487
B22-250,/fhome/maed/HelicoDataSet/CrossValidation/Annotated/B22-250_0/01751.png,0,0.07586966454982758
B22-250,/fhome/maed/HelicoDataSet/CrossValidation/Annotated/B22-250_0/01276.png,0,0.16166186332702637
B22-250,/fhome/maed/HelicoDataSet/CrossValidation/Annotated/B22-250_0/02891.png,0,0.1560782790184021
B22-250,/fhome/maed/HelicoDataSet/CrossValidation/Annotated/B22-250_0/01126.png,0,0.14565563201904297
B22-250,/fhome/maed/HelicoDataSet/CrossValidation/Annotated/B22-250_0/02887.png,0,0.13753622770309448
B22-250,/fhome/maed/HelicoDataSet/CrossValidation/Annotated/B22-250_0/02855.png,0,0.033880606293678284
B22-250,/fhome/maed/HelicoDataSet/CrossValidation/Annotated/B22-250_0/02282.png,0,0.09414153546094894
B22-250,/fhome/maed/HelicoDataSet/CrossValidation/Annotated/B22-250_0/02838.png,0,0.08127988874912262
B22-250,/fhome/maed/HelicoDataSet/CrossValidation/Annotated/B22-250_0/01280.png,0,0.15317265689373016
B22-250,/fhome/maed/HelicoDataSet/CrossValidation/Annotated/B22-250_0/02828.png,0,0.1338506042957306
B22-250,/fhome/maed/HelicoDataSet/CrossValidation/Annotated/B22-250_0/01026.png,0,0.08862307667732239
B22-250,/fhome/maed/HelicoDataSet/CrossValidation/Annotated/B22-250_0/01052.png,0,0.11154278367757797
B22-250,/fhome/maed/HelicoDataSet/CrossValidation/Annotated/B22-250_0/02277.png,0,0.07746044546365738
B22-250,/fhome/maed/HelicoDataSet/CrossValidation/Annotated/B22-250_0/02836.png,0,0.13718144595623016
B22-250,/fhome/maed/HelicoDataSet/CrossValidation/Annotated/B22-250_0/01447.png,0,0.1454487442970276
B22-250,/fhome/maed/HelicoDataSet/CrossValidation/Annotated/B22-250_0/01808.png,0,0.12290087342262268
B22-250,/fhome/maed/HelicoDataSet/CrossValidation/Annotated/B22-250_0/01114.png,0,0.15902943909168243
B22-250,/fhome/maed/HelicoDataSet/CrossValidation/Annotated/B22-250_0/01629.png,0,0.14390982687473297
B22-250,/fhome/maed/HelicoDataSet/CrossValidation/Annotated/B22-250_0/01451.png,0,0.1398555487394333
B22-250,/fhome/maed/HelicoDataSet/CrossValidation/Annotated/B22-250_0/02286.png,0,0.05880580097436905
B22-250,/fhome/maed/HelicoDataSet/CrossValidation/Annotated/B22-250_0/02912.png,0,0.11998535692691803
B22-250,/fhome/maed/HelicoDataSet/CrossValidation/Annotated/B22-250_0/01777.png,0,0.1482802778482437
B22-250,/fhome/maed/HelicoDataSet/CrossValidation/Annotated/B22-250_0/01027.png,0,0.1608644723892212
B22-250,/fhome/maed/HelicoDataSet/CrossValidation/Annotated/B22-250_0/01120.png,0,0.15724655985832214
B22-250,/fhome/maed/HelicoDataSet/CrossValidation/Annotated/B22-250_0/02774.png,0,0.06686335057020187
B22-250,/fhome/maed/HelicoDataSet/CrossValidation/Annotated/B22-250_0/02965.png,0,0.14795415103435516
B22-250,/fhome/maed/HelicoDataSet/CrossValidation/Annotated/B22-250_0/01282.png,0,0.14999136328697205
B22-250,/fhome/maed/HelicoDataSet/CrossValidation/Annotated/B22-250_0/01446.png,0,0.14518724381923676
B22-250,/fhome/maed/HelicoDataSet/CrossValidation/Annotated/B22-250_0/01810.png,0,0.11797503381967545
B22-250,/fhome/maed/HelicoDataSet/CrossValidation/Annotated/B22-250_0/02841.png,0,0.14777636528015137
B22-250,/fhome/maed/HelicoDataSet/CrossValidation/Annotated/B22-250_0/01405.png,0,0.07555244863033295
B22-250,/fhome/maed/HelicoDataSet/CrossValidation/Annotated/B22-250_0/02956.png,0,0.05129038542509079
B22-250,/fhome/maed/HelicoDataSet/CrossValidation/Annotated/B22-250_0/02884.png,0,0.11228816956281662
B22-250,/fhome/maed/HelicoDataSet/CrossValidation/Annotated/B22-250_0/02897.png,0,0.010041399858891964
B22-250,/fhome/maed/HelicoDataSet/CrossValidation/Annotated/B22-250_0/01054.png,0,0.08044582605361938
B22-250,/fhome/maed/HelicoDataSet/CrossValidation/Annotated/B22-250_0/02305.png,0,0.07187560945749283
B22-250,/fhome/maed/HelicoDataSet/CrossValidation/Annotated/B22-250_0/02902.png,0,0.08280204236507416
B22-250,/fhome/maed/HelicoDataSet/CrossValidation/Annotated/B22-250_0/01113.png,0,0.16661381721496582
B22-250,/fhome/maed/HelicoDataSet/CrossValidation/Annotated/B22-250_0/02306.png,0,0.024512961506843567
B22-250,/fhome/maed/HelicoDataSet/CrossValidation/Annotated/B22-250_0/01117.png,0,0.128423273563385
B22-250,/fhome/maed/HelicoDataSet/CrossValidation/Annotated/B22-250_0/02307.png,0,0.06185123696923256
B22-250,/fhome/maed/HelicoDataSet/CrossValidation/Annotated/B22-250_0/02885.png,0,0.13832725584506989
B22-250,/fhome/maed/HelicoDataSet/CrossValidation/Annotated/B22-250_0/01400.png,0,0.10377044230699539
B22-250,/fhome/maed/HelicoDataSet/CrossValidation/Annotated/B22-250_0/01288.png,0,0.09048061072826385
B22-250,/fhome/maed/HelicoDataSet/CrossValidation/Annotated/B22-250_0/02296.png,0,0.08619928359985352
B22-250,/fhome/maed/HelicoDataSet/CrossValidation/Annotated/B22-250_0/02829.png,0,0.07800048589706421
B22-250,/fhome/maed/HelicoDataSet/CrossValidation/Annotated/B22-250_0/01402.png,0,0.03933434933423996
B22-250,/fhome/maed/HelicoDataSet/CrossValidation/Annotated/B22-250_0/01714.png,0,0.03574291616678238
B22-250,/fhome/maed/HelicoDataSet/CrossValidation/Annotated/B22-250_0/01801.png,0,0.11824220418930054
B22-250,/fhome/maed/HelicoDataSet/CrossValidation/Annotated/B22-250_0/02880.png,0,0.00968204252421856
B22-250,/fhome/maed/HelicoDataSet/CrossValidation/Annotated/B22-250_0/02875.png,0,0.11987806111574173
B22-250,/fhome/maed/HelicoDataSet/CrossValidation/Annotated/B22-250_0/02899.png,0,0.13341322541236877
B22-250,/fhome/maed/HelicoDataSet/CrossValidation/Annotated/B22-250_0/02309.png,0,0.1379026174545288
B22-250,/fhome/maed/HelicoDataSet/CrossValidation/Annotated/B22-250_0/02896.png,0,0.1629447042942047
B22-250,/fhome/maed/HelicoDataSet/CrossValidation/Annotated/B22-250_0/02304.png,0,0.07695438712835312
B22-250,/fhome/maed/HelicoDataSet/CrossValidation/Annotated/B22-250_0/01407.png,0,0.08499977737665176
B22-250,/fhome/maed/HelicoDataSet/CrossValidation/Annotated/B22-250_0/02907.png,0,0.09248403459787369
B22-250,/fhome/maed/HelicoDataSet/CrossValidation/Annotated/B22-250_0/02281.png,0,0.08337990939617157
B22-250,/fhome/maed/HelicoDataSet/CrossValidation/Annotated/B22-250_0/02955.png,0,0.14016348123550415
B22-250,/fhome/maed/HelicoDataSet/CrossValidation/Annotated/B22-250_0/02960.png,0,0.16678664088249207
B22-250,/fhome/maed/HelicoDataSet/CrossValidation/Annotated/B22-250_0/02910.png,0,0.09502080827951431
B22-250,/fhome/maed/HelicoDataSet/CrossValidation/Annotated/B22-250_0/01747.png,0,0.08170784264802933
B22-250,/fhome/maed/HelicoDataSet/CrossValidation/Annotated/B22-250_0/02922.png,0,0.12534649670124054
B22-250,/fhome/maed/HelicoDataSet/CrossValidation/Annotated/B22-250_0/01711.png,0,0.08115754276514053
B22-250,/fhome/maed/HelicoDataSet/CrossValidation/Annotated/B22-250_0/02292.png,0,0.0568019337952137
B22-250,/fhome/maed/HelicoDataSet/CrossValidation/Annotated/B22-250_0/02873.png,0,0.12410973012447357
B22-250,/fhome/maed/HelicoDataSet/CrossValidation/Annotated/B22-250_0/02889.png,0,0.12678927183151245
B22-250,/fhome/maed/HelicoDataSet/CrossValidation/Annotated/B22-250_0/02294.png,0,0.019965216517448425
B22-250,/fhome/maed/HelicoDataSet/CrossValidation/Annotated/B22-250_0/02831.png,0,0.10724584758281708
B22-250,/fhome/maed/HelicoDataSet/CrossValidation/Annotated/B22-250_0/01797.png,0,0.11018126457929611
B22-250,/fhome/maed/HelicoDataSet/CrossValidation/Annotated/B22-250_0/02308.png,0,0.07391422241926193
B22-250,/fhome/maed/HelicoDataSet/CrossValidation/Annotated/B22-250_0/02888.png,0,0.10170938074588776
B22-250,/fhome/maed/HelicoDataSet/CrossValidation/Annotated/B22-250_0/02856.png,0,0.09986355155706406
B22-250,/fhome/maed/HelicoDataSet/CrossValidation/Annotated/B22-250_0/01452.png,0,0.08364985883235931
B22-250,/fhome/maed/HelicoDataSet/CrossValidation/Annotated/B22-250_0/02291.png,0,0.05467422679066658
B22-250,/fhome/maed/HelicoDataSet/CrossValidation/Annotated/B22-250_0/02298.png,0,0.019068973138928413
B22-250,/fhome/maed/HelicoDataSet/CrossValidation/Annotated/B22-250_0/01608.png,0,0.008991338312625885
B22-250,/fhome/maed/HelicoDataSet/CrossValidation/Annotated/B22-250_0/02944.png,0,0.15861950814723969
B22-250,/fhome/maed/HelicoDataSet/CrossValidation/Annotated/B22-250_0/01279.png,0,0.09744565188884735
B22-250,/fhome/maed/HelicoDataSet/CrossValidation/Annotated/B22-250_0/01123.png,0,0.15005436539649963
B22-250,/fhome/maed/HelicoDataSet/CrossValidation/Annotated/B22-250_0/02957.png,0,0.09683889895677567
B22-250,/fhome/maed/HelicoDataSet/CrossValidation/Annotated/B22-250_0/02909.png,0,0.11648751050233841
B22-250,/fhome/maed/HelicoDataSet/CrossValidation/Annotated/B22-250_0/01605.png,0,0.07166580855846405
B22-250,/fhome/maed/HelicoDataSet/CrossValidation/Annotated/B22-250_0/01757.png,0,0.1412232667207718
B22-250,/fhome/maed/HelicoDataSet/CrossValidation/Annotated/B22-250_0/02847.png,0,0.03136628866195679
B22-250,/fhome/maed/HelicoDataSet/CrossValidation/Annotated/B22-250_0/01724.png,0,0.012165097519755363
B22-250,/fhome/maed/HelicoDataSet/CrossValidation/Annotated/B22-250_0/01429.png,0,0.15710395574569702
B22-250,/fhome/maed/HelicoDataSet/CrossValidation/Annotated/B22-250_0/02255.png,0,0.14410442113876343
B22-250,/fhome/maed/HelicoDataSet/CrossValidation/Annotated/B22-250_0/02869.png,0,0.16023248434066772
B22-250,/fhome/maed/HelicoDataSet/CrossValidation/Annotated/B22-250_0/01640.png,0,0.10487187653779984
B22-250,/fhome/maed/HelicoDataSet/CrossValidation/Annotated/B22-250_0/01047.png,0,0.09815439581871033
B22-250,/fhome/maed/HelicoDataSet/CrossValidation/Annotated/B22-250_0/02846.png,0,0.08675763756036758
B22-250,/fhome/maed/HelicoDataSet/CrossValidation/Annotated/B22-250_0/02917.png,0,0.09263861924409866
B22-250,/fhome/maed/HelicoDataSet/CrossValidation/Annotated/B22-250_0/02925.png,0,0.09483137726783752
B22-250,/fhome/maed/HelicoDataSet/CrossValidation/Annotated/B22-250_0/02852.png,0,0.08437462151050568
B22-250,/fhome/maed/HelicoDataSet/CrossValidation/Annotated/B22-250_0/02954.png,0,0.14174556732177734
B22-250,/fhome/maed/HelicoDataSet/CrossValidation/Annotated/B22-250_0/01756.png,0,0.12460789829492569
B22-250,/fhome/maed/HelicoDataSet/CrossValidation/Annotated/B22-250_0/01450.png,0,0.15628880262374878
B22-250,/fhome/maed/HelicoDataSet/CrossValidation/Annotated/B22-250_0/01745.png,0,0.133061945438385
B22-250,/fhome/maed/HelicoDataSet/CrossValidation/Annotated/B22-250_0/01600.png,0,0.16339103877544403
B22-250,/fhome/maed/HelicoDataSet/CrossValidation/Annotated/B22-250_0/02299.png,0,0.152333065867424
B22-250,/fhome/maed/HelicoDataSet/CrossValidation/Annotated/B22-250_0/02894.png,0,0.16270771622657776
B22-250,/fhome/maed/HelicoDataSet/CrossValidation/Annotated/B22-250_0/01235.png,0,0.12360122799873352
B22-250,/fhome/maed/HelicoDataSet/CrossValidation/Annotated/B22-250_0/02901.png,0,0.07153976708650589
B22-250,/fhome/maed/HelicoDataSet/CrossValidation/Annotated/B22-250_0/01805.png,0,0.1607317179441452
B22-250,/fhome/maed/HelicoDataSet/CrossValidation/Annotated/B22-250_0/02876.png,0,0.009545411914587021
B22-250,/fhome/maed/HelicoDataSet/CrossValidation/Annotated/B22-250_0/01122.png,0,0.15138640999794006
B22-250,/fhome/maed/HelicoDataSet/CrossValidation/Annotated/B22-250_0/02289.png,0,0.020220227539539337
B22-250,/fhome/maed/HelicoDataSet/CrossValidation/Annotated/B22-250_0/01766.png,0,0.08464519679546356
B22-250,/fhome/maed/HelicoDataSet/CrossValidation/Annotated/B22-250_0/01634.png,0,0.08176611363887787
B22-250,/fhome/maed/HelicoDataSet/CrossValidation/Annotated/B22-250_0/02920.png,0,0.1536884307861328
B22-250,/fhome/maed/HelicoDataSet/CrossValidation/Annotated/B22-250_0/01055.png,0,0.0895557776093483
B22-250,/fhome/maed/HelicoDataSet/CrossValidation/Annotated/B22-250_0/01241.png,0,0.1340998411178589
B22-250,/fhome/maed/HelicoDataSet/CrossValidation/Annotated/B22-250_0/02262.png,0,0.13258148729801178
B22-250,/fhome/maed/HelicoDataSet/CrossValidation/Annotated/B22-250_0/01627.png,0,0.15027953684329987
B22-250,/fhome/maed/HelicoDataSet/CrossValidation/Annotated/B22-250_0/01240.png,0,0.1605762392282486
B22-250,/fhome/maed/HelicoDataSet/CrossValidation/Annotated/B22-250_0/01716.png,0,0.12090637534856796
B22-250,/fhome/maed/HelicoDataSet/CrossValidation/Annotated/B22-250_0/02918.png,0,0.11290621012449265
B22-250,/fhome/maed/HelicoDataSet/CrossValidation/Annotated/B22-250_0/02843.png,0,0.03491146117448807
B22-250,/fhome/maed/HelicoDataSet/CrossValidation/Annotated/B22-250_0/01119.png,0,0.14095976948738098
B22-250,/fhome/maed/HelicoDataSet/CrossValidation/Annotated/B22-250_0/01426.png,0,0.08620485663414001
B22-250,/fhome/maed/HelicoDataSet/CrossValidation/Annotated/B22-250_0/02927.png,0,0.0729827731847763
B22-250,/fhome/maed/HelicoDataSet/CrossValidation/Annotated/B22-250_0/02845.png,0,0.15993301570415497
B22-250,/fhome/maed/HelicoDataSet/CrossValidation/Annotated/B22-250_0/01713.png,0,0.06337278336286545
B22-250,/fhome/maed/HelicoDataSet/CrossValidation/Annotated/B22-250_0/01275.png,0,0.027295468375086784
B22-250,/fhome/maed/HelicoDataSet/CrossValidation/Annotated/B22-250_0/01115.png,0,0.10794248431921005
B22-250,/fhome/maed/HelicoDataSet/CrossValidation/Annotated/B22-250_0/01637.png,0,0.1163949966430664
B22-250,/fhome/maed/HelicoDataSet/CrossValidation/Annotated/B22-250_0/01615.png,0,0.08831365406513214
B22-250,/fhome/maed/HelicoDataSet/CrossValidation/Annotated/B22-250_0/02945.png,0,0.14694643020629883
B22-250,/fhome/maed/HelicoDataSet/CrossValidation/Annotated/B22-250_0/01124.png,0,0.15646828711032867
B22-250,/fhome/maed/HelicoDataSet/CrossValidation/Annotated/B22-250_0/02961.png,0,0.12917572259902954
B22-250,/fhome/maed/HelicoDataSet/CrossValidation/Annotated/B22-250_0/02261.png,0,0.12155406177043915
B22-250,/fhome/maed/HelicoDataSet/CrossValidation/Annotated/B22-250_0/01233.png,0,0.10426601022481918
B22-250,/fhome/maed/HelicoDataSet/CrossValidation/Annotated/B22-250_0/01630.png,0,0.15215860307216644
B22-250,/fhome/maed/HelicoDataSet/CrossValidation/Annotated/B22-250_0/02837.png,0,0.06999146193265915
B22-250,/fhome/maed/HelicoDataSet/CrossValidation/Annotated/B22-250_0/02895.png,0,0.1438535749912262
B22-250,/fhome/maed/HelicoDataSet/CrossValidation/Annotated/B22-250_0/02921.png,0,0.11901722848415375
B22-250,/fhome/maed/HelicoDataSet/CrossValidation/Annotated/B22-250_0/02871.png,0,0.12143313139677048
B22-250,/fhome/maed/HelicoDataSet/CrossValidation/Annotated/B22-250_0/01770.png,0,0.10392297059297562
B22-250,/fhome/maed/HelicoDataSet/CrossValidation/Annotated/B22-250_0/01056.png,0,0.08208173513412476
B22-250,/fhome/maed/HelicoDataSet/CrossValidation/Annotated/B22-250_0/01455.png,0,0.1354006677865982
B22-250,/fhome/maed/HelicoDataSet/CrossValidation/Annotated/B22-250_0/02872.png,0,0.09079986810684204
B22-250,/fhome/maed/HelicoDataSet/CrossValidation/Annotated/B22-250_0/02890.png,0,0.08437557518482208
B22-250,/fhome/maed/HelicoDataSet/CrossValidation/Annotated/B22-250_0/02905.png,0,0.08639658987522125
B22-250,/fhome/maed/HelicoDataSet/CrossValidation/Annotated/B22-250_0/01040.png,0,0.11058081686496735
B22-250,/fhome/maed/HelicoDataSet/CrossValidation/Annotated/B22-250_0/02258.png,0,0.14552409946918488
B22-250,/fhome/maed/HelicoDataSet/CrossValidation/Annotated/B22-250_0/02290.png,0,0.011681795120239258
B22-250,/fhome/maed/HelicoDataSet/CrossValidation/Annotated/B22-250_0/01715.png,0,0.14794139564037323
B22-250,/fhome/maed/HelicoDataSet/CrossValidation/Annotated/B22-250_0/02877.png,0,0.11905673146247864
B22-250,/fhome/maed/HelicoDataSet/CrossValidation/Annotated/B22-250_0/01604.png,0,0.08895891159772873
B22-250,/fhome/maed/HelicoDataSet/CrossValidation/Annotated/B22-250_0/02297.png,0,0.08376087248325348
B22-250,/fhome/maed/HelicoDataSet/CrossValidation/Annotated/B22-250_0/01809.png,0,0.11730984598398209
B22-250,/fhome/maed/HelicoDataSet/CrossValidation/Annotated/B22-250_0/01775.png,0,0.08155975490808487
B22-250,/fhome/maed/HelicoDataSet/CrossValidation/Annotated/B22-250_0/01718.png,0,0.07751081883907318
B22-250,/fhome/maed/HelicoDataSet/CrossValidation/Annotated/B22-250_0/02259.png,0,0.09968168288469315
B22-250,/fhome/maed/HelicoDataSet/CrossValidation/Annotated/B22-250_0/02924.png,0,0.0688292384147644
B22-250,/fhome/maed/HelicoDataSet/CrossValidation/Annotated/B22-250_0/01424.png,0,0.10804007202386856
B22-250,/fhome/maed/HelicoDataSet/CrossValidation/Annotated/B22-250_0/01776.png,0,0.15450423955917358
B22-250,/fhome/maed/HelicoDataSet/CrossValidation/Annotated/B22-250_0/02283.png,0,0.1220894530415535
B22-250,/fhome/maed/HelicoDataSet/CrossValidation/Annotated/B22-250_0/02881.png,0,0.09152708947658539
B22-250,/fhome/maed/HelicoDataSet/CrossValidation/Annotated/B22-250_0/01639.png,0,0.1627214252948761
B22-250,/fhome/maed/HelicoDataSet/CrossValidation/Annotated/B22-250_0/02966.png,0,0.06896072626113892
B22-250,/fhome/maed/HelicoDataSet/CrossValidation/Annotated/B22-250_0/02949.png,0,0.08482079207897186
B22-250,/fhome/maed/HelicoDataSet/CrossValidation/Annotated/B22-250_0/01039.png,0,0.07945243269205093
B22-250,/fhome/maed/HelicoDataSet/CrossValidation/Annotated/B22-250_0/01285.png,0,0.1110135018825531
B22-250,/fhome/maed/HelicoDataSet/CrossValidation/Annotated/B22-250_0/02870.png,0,0.07839468121528625
B22-250,/fhome/maed/HelicoDataSet/CrossValidation/Annotated/B22-250_0/01286.png,0,0.13187101483345032
B22-250,/fhome/maed/HelicoDataSet/CrossValidation/Annotated/B22-250_0/01720.png,0,0.022642891854047775
B22-250,/fhome/maed/HelicoDataSet/CrossValidation/Annotated/B22-250_0/01762.png,0,0.07025697082281113
B22-250,/fhome/maed/HelicoDataSet/CrossValidation/Annotated/B22-250_0/02943.png,0,0.09839984774589539
B22-250,/fhome/maed/HelicoDataSet/CrossValidation/Annotated/B22-250_0/02263.png,0,0.15911315381526947
B22-250,/fhome/maed/HelicoDataSet/CrossValidation/Annotated/B22-250_0/01453.png,0,0.02274356223642826
B22-250,/fhome/maed/HelicoDataSet/CrossValidation/Annotated/B22-250_0/02913.png,0,0.1224685087800026
B22-250,/fhome/maed/HelicoDataSet/CrossValidation/Annotated/B22-250_0/01284.png,0,0.129922553896904
B22-250,/fhome/maed/HelicoDataSet/CrossValidation/Annotated/B22-250_0/01448.png,0,0.15473611652851105
B22-250,/fhome/maed/HelicoDataSet/CrossValidation/Annotated/B22-250_0/02898.png,0,0.0906626358628273
B22-250,/fhome/maed/HelicoDataSet/CrossValidation/Annotated/B22-250_0/01612.png,0,0.021949701011180878
B22-250,/fhome/maed/HelicoDataSet/CrossValidation/Annotated/B22-250_0/01631.png,0,0.13226449489593506
B22-250,/fhome/maed/HelicoDataSet/CrossValidation/Annotated/B22-250_0/01399.png,0,0.08521024882793427
B22-250,/fhome/maed/HelicoDataSet/CrossValidation/Annotated/B22-250_0/02946.png,0,0.15208891034126282
B22-250,/fhome/maed/HelicoDataSet/CrossValidation/Annotated/B22-250_0/01239.png,0,0.06840413808822632
B22-250,/fhome/maed/HelicoDataSet/CrossValidation/Annotated/B22-250_0/01754.png,0,0.07634417712688446
B22-250,/fhome/maed/HelicoDataSet/CrossValidation/Annotated/B22-250_0/01111.png,0,0.04101386293768883
B22-250,/fhome/maed/HelicoDataSet/CrossValidation/Annotated/B22-250_0/01761.png,0,0.06757919490337372
B22-250,/fhome/maed/HelicoDataSet/CrossValidation/Annotated/B22-250_0/01744.png,0,0.14166048169136047
B22-250,/fhome/maed/HelicoDataSet/CrossValidation/Annotated/B22-250_0/01750.png,0,0.15847191214561462
B22-250,/fhome/maed/HelicoDataSet/CrossValidation/Annotated/B22-250_0/01237.png,0,0.16516350209712982
B22-250,/fhome/maed/HelicoDataSet/CrossValidation/Annotated/B22-250_0/01127.png,0,0.16295109689235687
B22-250,/fhome/maed/HelicoDataSet/CrossValidation/Annotated/B22-250_0/01051.png,0,0.11606138944625854
B22-250,/fhome/maed/HelicoDataSet/CrossValidation/Annotated/B22-250_0/01768.png,0,0.13030119240283966
B22-250,/fhome/maed/HelicoDataSet/CrossValidation/Annotated/B22-250_0/02879.png,0,0.14651954174041748
B22-250,/fhome/maed/HelicoDataSet/CrossValidation/Annotated/B22-250_0/01626.png,0,0.1604417860507965
B22-250,/fhome/maed/HelicoDataSet/CrossValidation/Annotated/B22-250_0/01774.png,0,0.06703902781009674
B22-250,/fhome/maed/HelicoDataSet/CrossValidation/Annotated/B22-250_0/02959.png,0,0.06819950044155121
B22-250,/fhome/maed/HelicoDataSet/CrossValidation/Annotated/B22-250_0/01769.png,0,0.09554074704647064
B22-250,/fhome/maed/HelicoDataSet/CrossValidation/Annotated/B22-250_0/02878.png,0,0.11575805395841599
B22-250,/fhome/maed/HelicoDataSet/CrossValidation/Annotated/B22-250_0/01234.png,0,0.13269242644309998
B22-250,/fhome/maed/HelicoDataSet/CrossValidation/Annotated/B22-250_0/02840.png,0,0.07890057563781738
B22-250,/fhome/maed/HelicoDataSet/CrossValidation/Annotated/B22-250_0/02256.png,0,0.145598366856575
B22-250,/fhome/maed/HelicoDataSet/CrossValidation/Annotated/B22-250_0/01212.png,0,0.08660321682691574
B22-250,/fhome/maed/HelicoDataSet/CrossValidation/Annotated/B22-250_0/01719.png,0,0.07299129664897919
B22-250,/fhome/maed/HelicoDataSet/CrossValidation/Annotated/B22-250_0/01804.png,0,0.1606561839580536
B22-250,/fhome/maed/HelicoDataSet/CrossValidation/Annotated/B22-250_0/01759.png,0,0.14833320677280426
B22-250,/fhome/maed/HelicoDataSet/CrossValidation/Annotated/B22-250_0/02758.png,0,0.10611028969287872
B22-250,/fhome/maed/HelicoDataSet/CrossValidation/Annotated/B22-250_0/01641.png,0,0.08904529362916946
B22-250,/fhome/maed/HelicoDataSet/CrossValidation/Annotated/B22-250_0/02919.png,0,0.13199788331985474
B22-250,/fhome/maed/HelicoDataSet/CrossValidation/Annotated/B22-250_0/01053.png,0,0.06345915794372559
B22-250,/fhome/maed/HelicoDataSet/CrossValidation/Annotated/B22-250_0/02284.png,0,0.10824448615312576
B22-250,/fhome/maed/HelicoDataSet/CrossValidation/Annotated/B22-250_0/01636.png,0,0.10644733905792236
B22-250,/fhome/maed/HelicoDataSet/CrossValidation/Annotated/B22-250_0/02293.png,0,0.010013348422944546
B22-250,/fhome/maed/HelicoDataSet/CrossValidation/Annotated/B22-250_0/02951.png,0,0.12567374110221863
B22-250,/fhome/maed/HelicoDataSet/CrossValidation/Annotated/B22-250_0/01038.png,0,0.09408972412347794
B22-250,/fhome/maed/HelicoDataSet/CrossValidation/Annotated/B22-250_0/01118.png,0,0.14936940371990204
B22-250,/fhome/maed/HelicoDataSet/CrossValidation/Annotated/B22-250_0/01778.png,0,0.15498973429203033
B22-250,/fhome/maed/HelicoDataSet/CrossValidation/Annotated/B22-250_0/01606.png,0,0.08164361119270325
B22-250,/fhome/maed/HelicoDataSet/CrossValidation/Annotated/B22-250_0/01428.png,0,0.07356897741556168
B22-250,/fhome/maed/HelicoDataSet/CrossValidation/Annotated/B22-250_0/01628.png,0,0.1410544216632843
B22-250,/fhome/maed/HelicoDataSet/CrossValidation/Annotated/B22-250_0/02285.png,0,0.02881401963531971
B22-250,/fhome/maed/HelicoDataSet/CrossValidation/Annotated/B22-250_0/02265.png,0,0.12367033958435059
B22-250,/fhome/maed/HelicoDataSet/CrossValidation/Annotated/B22-250_0/02911.png,0,0.09802074730396271
B22-250,/fhome/maed/HelicoDataSet/CrossValidation/Annotated/B22-250_0/01398.png,0,0.07359141111373901
B22-250,/fhome/maed/HelicoDataSet/CrossValidation/Annotated/B22-250_0/01742.png,0,0.07129883766174316
B22-250,/fhome/maed/HelicoDataSet/CrossValidation/Annotated/B22-250_0/02948.png,0,0.1310058832168579
B22-250,/fhome/maed/HelicoDataSet/CrossValidation/Annotated/B22-250_0/01765.png,0,0.0730009600520134
B22-250,/fhome/maed/HelicoDataSet/CrossValidation/Annotated/B22-250_0/01121.png,0,0.15622292459011078
B22-250,/fhome/maed/HelicoDataSet/CrossValidation/Annotated/B22-250_0/01752.png,0,0.05905351787805557
